<?xml version="1.0" encoding="UTF-8"?>
<gpx xmlns="http://www.topografix.com/GPX/1/1" xmlns:gpxtpx="http://www.garmin.com/xmlschemas/TrackPointExtension/v1" xmlns:xsi="http://www.w3.org/2001/XMLSchema-instance" xsi:schemaLocation="http://www.topografix.com/GPX/1/1 http://www.topografix.com/GPX/1/1/gpx.xsd" version="1.1" creator="gpx.py -- https://github.com/tkrajina/gpxpy">
  <trk>
    <name>run from tulipsport by Garmin FR255</name>
    <trkseg>
      <trkpt lat="32.0170218218" lon="120.898638228">
        <ele>8.2</ele>
        <time>2026-08-07T15:11:31+0800</time>
        <extensions>
          <gpxtpx:TrackPointExtension>
            <gpxtpx:hr>95</gpxtpx:hr>
            <gpxtpx:cad>60</gpxtpx:cad>
          </gpxtpx:TrackPointExtension>
        </extensions>
      </trkpt>
      <trkpt lat="32.0170038845" lon="120.898634791">
        <ele>8.2</ele>
        <time>2026-08-07T15:11:32+0800</time>
        <extensions>
          <gpxtpx:TrackPointExtension>
            <gpxtpx:hr>95</gpxtpx:hr>
            <gpxtpx:cad>60</gpxtpx:cad>
          </gpxtpx:TrackPointExtension>
        </extensions>
      </trkpt>
      <trkpt lat="32.0169849414" lon="120.8986363">
        <ele>8.2</ele>
        <time>2026-08-07T15:11:33+0800</time>
        <extensions>
          <gpxtpx:TrackPointExtension>
            <gpxtpx:hr>94</gpxtpx:hr>
            <gpxtpx:cad>62</gpxtpx:cad>
          </gpxtpx:TrackPointExtension>
        </extensions>
      </trkpt>
      <trkpt lat="32.0169578679" lon="120.898624146">
        <ele>8.0</ele>
        <time>2026-08-07T15:11:34+0800</time>
        <extensions>
          <gpxtpx:TrackPointExtension>
            <gpxtpx:hr>95</gpxtpx:hr>
            <gpxtpx:cad>64</gpxtpx:cad>
          </gpxtpx:TrackPointExtension>
        </extensions>
      </trkpt>
      <trkpt lat="32.0169677585" lon="120.898612244">
        <ele>8.0</ele>
        <time>2026-08-07T15:11:35+0800</time>
        <extensions>
          <gpxtpx:TrackPointExtension>
            <gpxtpx:hr>97</gpxtpx:hr>
            <gpxtpx:cad>68</gpxtpx:cad>
          </gpxtpx:TrackPointExtension>
        </extensions>
      </trkpt>
      <trkpt lat="32.0169411879" lon="120.898603695">
        <ele>8.0</ele>
        <time>2026-08-07T15:11:36+0800</time>
        <extensions>
          <gpxtpx:TrackPointExtension>
            <gpxtpx:hr>100</gpxtpx:hr>
            <gpxtpx:cad>73</gpxtpx:cad>
          </gpxtpx:TrackPointExtension>
        </extensions>
      </trkpt>
      <trkpt lat="32.0169167127" lon="120.898594642">
        <ele>7.8</ele>
        <time>2026-08-07T15:11:37+0800</time>
        <extensions>
          <gpxtpx:TrackPointExtension>
            <gpxtpx:hr>101</gpxtpx:hr>
            <gpxtpx:cad>76</gpxtpx:cad>
          </gpxtpx:TrackPointExtension>
        </extensions>
      </trkpt>
      <trkpt lat="32.0168872084" lon="120.898583913">
        <ele>7.8</ele>
        <time>2026-08-07T15:11:38+0800</time>
        <extensions>
          <gpxtpx:TrackPointExtension>
            <gpxtpx:hr>102</gpxtpx:hr>
            <gpxtpx:cad>82</gpxtpx:cad>
          </gpxtpx:TrackPointExtension>
        </extensions>
      </trkpt>
      <trkpt lat="32.0168560278" lon="120.898570837">
        <ele>7.8</ele>
        <time>2026-08-07T15:11:39+0800</time>
        <extensions>
          <gpxtpx:TrackPointExtension>
            <gpxtpx:hr>103</gpxtpx:hr>
            <gpxtpx:cad>85</gpxtpx:cad>
          </gpxtpx:TrackPointExtension>
        </extensions>
      </trkpt>
      <trkpt lat="32.0168254338" lon="120.898559438">
        <ele>7.6</ele>
        <time>2026-08-07T15:11:40+0800</time>
        <extensions>
          <gpxtpx:TrackPointExtension>
            <gpxtpx:hr>104</gpxtpx:hr>
            <gpxtpx:cad>90</gpxtpx:cad>
          </gpxtpx:TrackPointExtension>
        </extensions>
      </trkpt>
      <trkpt lat="32.0168029703" lon="120.8985529">
        <ele>7.6</ele>
        <time>2026-08-07T15:11:41+0800</time>
        <extensions>
          <gpxtpx:TrackPointExtension>
            <gpxtpx:hr>105</gpxtpx:hr>
            <gpxtpx:cad>90</gpxtpx:cad>
          </gpxtpx:TrackPointExtension>
        </extensions>
      </trkpt>
      <trkpt lat="32.0167777408" lon="120.898543848">
        <ele>7.6</ele>
        <time>2026-08-07T15:11:42+0800</time>
        <extensions>
          <gpxtpx:TrackPointExtension>
            <gpxtpx:hr>107</gpxtpx:hr>
            <gpxtpx:cad>91</gpxtpx:cad>
          </gpxtpx:TrackPointExtension>
        </extensions>
      </trkpt>
      <trkpt lat="32.0167564508" lon="120.898536053">
        <ele>7.6</ele>
        <time>2026-08-07T15:11:43+0800</time>
        <extensions>
          <gpxtpx:TrackPointExtension>
            <gpxtpx:hr>109</gpxtpx:hr>
            <gpxtpx:cad>91</gpxtpx:cad>
          </gpxtpx:TrackPointExtension>
        </extensions>
      </trkpt>
      <trkpt lat="32.0167201571" lon="120.898523061">
        <ele>7.6</ele>
        <time>2026-08-07T15:11:44+0800</time>
        <extensions>
          <gpxtpx:TrackPointExtension>
            <gpxtpx:hr>109</gpxtpx:hr>
            <gpxtpx:cad>91</gpxtpx:cad>
          </gpxtpx:TrackPointExtension>
        </extensions>
      </trkpt>
      <trkpt lat="32.0166964363" lon="120.898518618">
        <ele>7.4</ele>
        <time>2026-08-07T15:11:45+0800</time>
        <extensions>
          <gpxtpx:TrackPointExtension>
            <gpxtpx:hr>111</gpxtpx:hr>
            <gpxtpx:cad>91</gpxtpx:cad>
          </gpxtpx:TrackPointExtension>
        </extensions>
      </trkpt>
      <trkpt lat="32.0166599751" lon="120.898506381">
        <ele>7.4</ele>
        <time>2026-08-07T15:11:46+0800</time>
        <extensions>
          <gpxtpx:TrackPointExtension>
            <gpxtpx:hr>112</gpxtpx:hr>
            <gpxtpx:cad>91</gpxtpx:cad>
          </gpxtpx:TrackPointExtension>
        </extensions>
      </trkpt>
      <trkpt lat="32.016635919" lon="120.898502525">
        <ele>7.4</ele>
        <time>2026-08-07T15:11:47+0800</time>
        <extensions>
          <gpxtpx:TrackPointExtension>
            <gpxtpx:hr>114</gpxtpx:hr>
            <gpxtpx:cad>91</gpxtpx:cad>
          </gpxtpx:TrackPointExtension>
        </extensions>
      </trkpt>
      <trkpt lat="32.016600715" lon="120.898494059">
        <ele>7.4</ele>
        <time>2026-08-07T15:11:48+0800</time>
        <extensions>
          <gpxtpx:TrackPointExtension>
            <gpxtpx:hr>115</gpxtpx:hr>
            <gpxtpx:cad>90</gpxtpx:cad>
          </gpxtpx:TrackPointExtension>
        </extensions>
      </trkpt>
      <trkpt lat="32.0165768266" lon="120.898491796">
        <ele>7.4</ele>
        <time>2026-08-07T15:11:49+0800</time>
        <extensions>
          <gpxtpx:TrackPointExtension>
            <gpxtpx:hr>116</gpxtpx:hr>
            <gpxtpx:cad>91</gpxtpx:cad>
          </gpxtpx:TrackPointExtension>
        </extensions>
      </trkpt>
      <trkpt lat="32.0165426284" lon="120.898483917">
        <ele>7.4</ele>
        <time>2026-08-07T15:11:50+0800</time>
        <extensions>
          <gpxtpx:TrackPointExtension>
            <gpxtpx:hr>118</gpxtpx:hr>
            <gpxtpx:cad>90</gpxtpx:cad>
          </gpxtpx:TrackPointExtension>
        </extensions>
      </trkpt>
      <trkpt lat="32.016520584" lon="120.8984752">
        <ele>7.2</ele>
        <time>2026-08-07T15:11:51+0800</time>
        <extensions>
          <gpxtpx:TrackPointExtension>
            <gpxtpx:hr>118</gpxtpx:hr>
            <gpxtpx:cad>90</gpxtpx:cad>
          </gpxtpx:TrackPointExtension>
        </extensions>
      </trkpt>
      <trkpt lat="32.0164857153" lon="120.898465728">
        <ele>7.2</ele>
        <time>2026-08-07T15:11:52+0800</time>
        <extensions>
          <gpxtpx:TrackPointExtension>
            <gpxtpx:hr>119</gpxtpx:hr>
            <gpxtpx:cad>90</gpxtpx:cad>
          </gpxtpx:TrackPointExtension>
        </extensions>
      </trkpt>
      <trkpt lat="32.0164646767" lon="120.898459358">
        <ele>7.2</ele>
        <time>2026-08-07T15:11:53+0800</time>
        <extensions>
          <gpxtpx:TrackPointExtension>
            <gpxtpx:hr>120</gpxtpx:hr>
            <gpxtpx:cad>90</gpxtpx:cad>
          </gpxtpx:TrackPointExtension>
        </extensions>
      </trkpt>
      <trkpt lat="32.0164293051" lon="120.898450306">
        <ele>7.2</ele>
        <time>2026-08-07T15:11:54+0800</time>
        <extensions>
          <gpxtpx:TrackPointExtension>
            <gpxtpx:hr>121</gpxtpx:hr>
            <gpxtpx:cad>90</gpxtpx:cad>
          </gpxtpx:TrackPointExtension>
        </extensions>
      </trkpt>
      <trkpt lat="32.016405249" lon="120.898445528">
        <ele>7.2</ele>
        <time>2026-08-07T15:11:55+0800</time>
        <extensions>
          <gpxtpx:TrackPointExtension>
            <gpxtpx:hr>121</gpxtpx:hr>
            <gpxtpx:cad>90</gpxtpx:cad>
          </gpxtpx:TrackPointExtension>
        </extensions>
      </trkpt>
      <trkpt lat="32.0163704641" lon="120.89843371">
        <ele>7.2</ele>
        <time>2026-08-07T15:11:56+0800</time>
        <extensions>
          <gpxtpx:TrackPointExtension>
            <gpxtpx:hr>121</gpxtpx:hr>
            <gpxtpx:cad>90</gpxtpx:cad>
          </gpxtpx:TrackPointExtension>
        </extensions>
      </trkpt>
      <trkpt lat="32.0163459051" lon="120.898427842">
        <ele>7.2</ele>
        <time>2026-08-07T15:11:57+0800</time>
        <extensions>
          <gpxtpx:TrackPointExtension>
            <gpxtpx:hr>122</gpxtpx:hr>
            <gpxtpx:cad>90</gpxtpx:cad>
          </gpxtpx:TrackPointExtension>
        </extensions>
      </trkpt>
      <trkpt lat="32.0163125452" lon="120.898415605">
        <ele>7.2</ele>
        <time>2026-08-07T15:11:58+0800</time>
        <extensions>
          <gpxtpx:TrackPointExtension>
            <gpxtpx:hr>122</gpxtpx:hr>
            <gpxtpx:cad>90</gpxtpx:cad>
          </gpxtpx:TrackPointExtension>
        </extensions>
      </trkpt>
      <trkpt lat="32.0162896626" lon="120.898410743">
        <ele>7.2</ele>
        <time>2026-08-07T15:11:59+0800</time>
        <extensions>
          <gpxtpx:TrackPointExtension>
            <gpxtpx:hr>122</gpxtpx:hr>
            <gpxtpx:cad>90</gpxtpx:cad>
          </gpxtpx:TrackPointExtension>
        </extensions>
      </trkpt>
      <trkpt lat="32.0162557159" lon="120.898397332">
        <ele>7.2</ele>
        <time>2026-08-07T15:12:00+0800</time>
        <extensions>
          <gpxtpx:TrackPointExtension>
            <gpxtpx:hr>123</gpxtpx:hr>
            <gpxtpx:cad>90</gpxtpx:cad>
          </gpxtpx:TrackPointExtension>
        </extensions>
      </trkpt>
      <trkpt lat="32.0162319113" lon="120.898393979">
        <ele>7.2</ele>
        <time>2026-08-07T15:12:01+0800</time>
        <extensions>
          <gpxtpx:TrackPointExtension>
            <gpxtpx:hr>124</gpxtpx:hr>
            <gpxtpx:cad>90</gpxtpx:cad>
          </gpxtpx:TrackPointExtension>
        </extensions>
      </trkpt>
      <trkpt lat="32.0161993057" lon="120.898380904">
        <ele>7.2</ele>
        <time>2026-08-07T15:12:02+0800</time>
        <extensions>
          <gpxtpx:TrackPointExtension>
            <gpxtpx:hr>125</gpxtpx:hr>
            <gpxtpx:cad>90</gpxtpx:cad>
          </gpxtpx:TrackPointExtension>
        </extensions>
      </trkpt>
      <trkpt lat="32.0161767583" lon="120.898375958">
        <ele>7.2</ele>
        <time>2026-08-07T15:12:03+0800</time>
        <extensions>
          <gpxtpx:TrackPointExtension>
            <gpxtpx:hr>126</gpxtpx:hr>
            <gpxtpx:cad>90</gpxtpx:cad>
          </gpxtpx:TrackPointExtension>
        </extensions>
      </trkpt>
      <trkpt lat="32.0161433145" lon="120.898363804">
        <ele>7.2</ele>
        <time>2026-08-07T15:12:04+0800</time>
        <extensions>
          <gpxtpx:TrackPointExtension>
            <gpxtpx:hr>127</gpxtpx:hr>
            <gpxtpx:cad>90</gpxtpx:cad>
          </gpxtpx:TrackPointExtension>
        </extensions>
      </trkpt>
      <trkpt lat="32.016119929" lon="120.898358524">
        <ele>7.2</ele>
        <time>2026-08-07T15:12:05+0800</time>
        <extensions>
          <gpxtpx:TrackPointExtension>
            <gpxtpx:hr>127</gpxtpx:hr>
            <gpxtpx:cad>90</gpxtpx:cad>
          </gpxtpx:TrackPointExtension>
        </extensions>
      </trkpt>
      <trkpt lat="32.0160857309" lon="120.898345532">
        <ele>7.2</ele>
        <time>2026-08-07T15:12:06+0800</time>
        <extensions>
          <gpxtpx:TrackPointExtension>
            <gpxtpx:hr>129</gpxtpx:hr>
            <gpxtpx:cad>90</gpxtpx:cad>
          </gpxtpx:TrackPointExtension>
        </extensions>
      </trkpt>
      <trkpt lat="32.0160611719" lon="120.898342095">
        <ele>7.0</ele>
        <time>2026-08-07T15:12:07+0800</time>
        <extensions>
          <gpxtpx:TrackPointExtension>
            <gpxtpx:hr>130</gpxtpx:hr>
            <gpxtpx:cad>90</gpxtpx:cad>
          </gpxtpx:TrackPointExtension>
        </extensions>
      </trkpt>
      <trkpt lat="32.016026387" lon="120.898329103">
        <ele>7.0</ele>
        <time>2026-08-07T15:12:08+0800</time>
        <extensions>
          <gpxtpx:TrackPointExtension>
            <gpxtpx:hr>130</gpxtpx:hr>
            <gpxtpx:cad>90</gpxtpx:cad>
          </gpxtpx:TrackPointExtension>
        </extensions>
      </trkpt>
      <trkpt lat="32.0160031691" lon="120.898323823">
        <ele>7.0</ele>
        <time>2026-08-07T15:12:09+0800</time>
        <extensions>
          <gpxtpx:TrackPointExtension>
            <gpxtpx:hr>131</gpxtpx:hr>
            <gpxtpx:cad>90</gpxtpx:cad>
          </gpxtpx:TrackPointExtension>
        </extensions>
      </trkpt>
      <trkpt lat="32.015967546" lon="120.89831871">
        <ele>7.0</ele>
        <time>2026-08-07T15:12:10+0800</time>
        <extensions>
          <gpxtpx:TrackPointExtension>
            <gpxtpx:hr>131</gpxtpx:hr>
            <gpxtpx:cad>89</gpxtpx:cad>
          </gpxtpx:TrackPointExtension>
        </extensions>
      </trkpt>
      <trkpt lat="32.01594349" lon="120.898312172">
        <ele>7.0</ele>
        <time>2026-08-07T15:12:11+0800</time>
        <extensions>
          <gpxtpx:TrackPointExtension>
            <gpxtpx:hr>132</gpxtpx:hr>
            <gpxtpx:cad>89</gpxtpx:cad>
          </gpxtpx:TrackPointExtension>
        </extensions>
      </trkpt>
      <trkpt lat="32.0159114711" lon="120.898297839">
        <ele>7.0</ele>
        <time>2026-08-07T15:12:12+0800</time>
        <extensions>
          <gpxtpx:TrackPointExtension>
            <gpxtpx:hr>132</gpxtpx:hr>
            <gpxtpx:cad>89</gpxtpx:cad>
          </gpxtpx:TrackPointExtension>
        </extensions>
      </trkpt>
      <trkpt lat="32.0158921089" lon="120.898286439">
        <ele>7.0</ele>
        <time>2026-08-07T15:12:13+0800</time>
        <extensions>
          <gpxtpx:TrackPointExtension>
            <gpxtpx:hr>132</gpxtpx:hr>
            <gpxtpx:cad>89</gpxtpx:cad>
          </gpxtpx:TrackPointExtension>
        </extensions>
      </trkpt>
      <trkpt lat="32.0158620179" lon="120.898269927">
        <ele>7.0</ele>
        <time>2026-08-07T15:12:14+0800</time>
        <extensions>
          <gpxtpx:TrackPointExtension>
            <gpxtpx:hr>132</gpxtpx:hr>
            <gpxtpx:cad>89</gpxtpx:cad>
          </gpxtpx:TrackPointExtension>
        </extensions>
      </trkpt>
      <trkpt lat="32.0158439968" lon="120.898261126">
        <ele>7.0</ele>
        <time>2026-08-07T15:12:15+0800</time>
        <extensions>
          <gpxtpx:TrackPointExtension>
            <gpxtpx:hr>132</gpxtpx:hr>
            <gpxtpx:cad>89</gpxtpx:cad>
          </gpxtpx:TrackPointExtension>
        </extensions>
      </trkpt>
      <trkpt lat="32.0158118103" lon="120.898247128">
        <ele>7.0</ele>
        <time>2026-08-07T15:12:16+0800</time>
        <extensions>
          <gpxtpx:TrackPointExtension>
            <gpxtpx:hr>132</gpxtpx:hr>
            <gpxtpx:cad>89</gpxtpx:cad>
          </gpxtpx:TrackPointExtension>
        </extensions>
      </trkpt>
      <trkpt lat="32.0157897659" lon="120.898239166">
        <ele>7.0</ele>
        <time>2026-08-07T15:12:17+0800</time>
        <extensions>
          <gpxtpx:TrackPointExtension>
            <gpxtpx:hr>131</gpxtpx:hr>
            <gpxtpx:cad>89</gpxtpx:cad>
          </gpxtpx:TrackPointExtension>
        </extensions>
      </trkpt>
      <trkpt lat="32.0157536399" lon="120.898227599">
        <ele>7.0</ele>
        <time>2026-08-07T15:12:18+0800</time>
        <extensions>
          <gpxtpx:TrackPointExtension>
            <gpxtpx:hr>130</gpxtpx:hr>
            <gpxtpx:cad>90</gpxtpx:cad>
          </gpxtpx:TrackPointExtension>
        </extensions>
      </trkpt>
      <trkpt lat="32.0157310925" lon="120.898223575">
        <ele>7.0</ele>
        <time>2026-08-07T15:12:19+0800</time>
        <extensions>
          <gpxtpx:TrackPointExtension>
            <gpxtpx:hr>130</gpxtpx:hr>
            <gpxtpx:cad>90</gpxtpx:cad>
          </gpxtpx:TrackPointExtension>
        </extensions>
      </trkpt>
      <trkpt lat="32.0156993251" lon="120.898210751">
        <ele>7.0</ele>
        <time>2026-08-07T15:12:20+0800</time>
        <extensions>
          <gpxtpx:TrackPointExtension>
            <gpxtpx:hr>131</gpxtpx:hr>
            <gpxtpx:cad>90</gpxtpx:cad>
          </gpxtpx:TrackPointExtension>
        </extensions>
      </trkpt>
      <trkpt lat="32.0156773645" lon="120.89820371">
        <ele>7.0</ele>
        <time>2026-08-07T15:12:21+0800</time>
        <extensions>
          <gpxtpx:TrackPointExtension>
            <gpxtpx:hr>131</gpxtpx:hr>
            <gpxtpx:cad>90</gpxtpx:cad>
          </gpxtpx:TrackPointExtension>
        </extensions>
      </trkpt>
      <trkpt lat="32.0156437531" lon="120.898189461">
        <ele>7.2</ele>
        <time>2026-08-07T15:12:22+0800</time>
        <extensions>
          <gpxtpx:TrackPointExtension>
            <gpxtpx:hr>131</gpxtpx:hr>
            <gpxtpx:cad>90</gpxtpx:cad>
          </gpxtpx:TrackPointExtension>
        </extensions>
      </trkpt>
      <trkpt lat="32.0156196132" lon="120.898181666">
        <ele>7.2</ele>
        <time>2026-08-07T15:12:23+0800</time>
        <extensions>
          <gpxtpx:TrackPointExtension>
            <gpxtpx:hr>131</gpxtpx:hr>
            <gpxtpx:cad>90</gpxtpx:cad>
          </gpxtpx:TrackPointExtension>
        </extensions>
      </trkpt>
      <trkpt lat="32.0155891869" lon="120.8981732">
        <ele>7.2</ele>
        <time>2026-08-07T15:12:24+0800</time>
        <extensions>
          <gpxtpx:TrackPointExtension>
            <gpxtpx:hr>131</gpxtpx:hr>
            <gpxtpx:cad>89</gpxtpx:cad>
          </gpxtpx:TrackPointExtension>
        </extensions>
      </trkpt>
      <trkpt lat="32.0155715849" lon="120.898164231">
        <ele>7.2</ele>
        <time>2026-08-07T15:12:25+0800</time>
        <extensions>
          <gpxtpx:TrackPointExtension>
            <gpxtpx:hr>132</gpxtpx:hr>
            <gpxtpx:cad>89</gpxtpx:cad>
          </gpxtpx:TrackPointExtension>
        </extensions>
      </trkpt>
      <trkpt lat="32.0155435894" lon="120.898152497">
        <ele>7.2</ele>
        <time>2026-08-07T15:12:26+0800</time>
        <extensions>
          <gpxtpx:TrackPointExtension>
            <gpxtpx:hr>132</gpxtpx:hr>
            <gpxtpx:cad>89</gpxtpx:cad>
          </gpxtpx:TrackPointExtension>
        </extensions>
      </trkpt>
      <trkpt lat="32.0155234728" lon="120.898143779">
        <ele>7.2</ele>
        <time>2026-08-07T15:12:27+0800</time>
        <extensions>
          <gpxtpx:TrackPointExtension>
            <gpxtpx:hr>133</gpxtpx:hr>
            <gpxtpx:cad>89</gpxtpx:cad>
          </gpxtpx:TrackPointExtension>
        </extensions>
      </trkpt>
      <trkpt lat="32.0154929627" lon="120.898134811">
        <ele>7.2</ele>
        <time>2026-08-07T15:12:28+0800</time>
        <extensions>
          <gpxtpx:TrackPointExtension>
            <gpxtpx:hr>133</gpxtpx:hr>
            <gpxtpx:cad>89</gpxtpx:cad>
          </gpxtpx:TrackPointExtension>
        </extensions>
      </trkpt>
      <trkpt lat="32.0154685713" lon="120.898128944">
        <ele>7.2</ele>
        <time>2026-08-07T15:12:29+0800</time>
        <extensions>
          <gpxtpx:TrackPointExtension>
            <gpxtpx:hr>133</gpxtpx:hr>
            <gpxtpx:cad>89</gpxtpx:cad>
          </gpxtpx:TrackPointExtension>
        </extensions>
      </trkpt>
      <trkpt lat="32.0154346246" lon="120.898116706">
        <ele>7.2</ele>
        <time>2026-08-07T15:12:30+0800</time>
        <extensions>
          <gpxtpx:TrackPointExtension>
            <gpxtpx:hr>133</gpxtpx:hr>
            <gpxtpx:cad>89</gpxtpx:cad>
          </gpxtpx:TrackPointExtension>
        </extensions>
      </trkpt>
      <trkpt lat="32.0154102333" lon="120.898106899">
        <ele>7.2</ele>
        <time>2026-08-07T15:12:31+0800</time>
        <extensions>
          <gpxtpx:TrackPointExtension>
            <gpxtpx:hr>134</gpxtpx:hr>
            <gpxtpx:cad>89</gpxtpx:cad>
          </gpxtpx:TrackPointExtension>
        </extensions>
      </trkpt>
      <trkpt lat="32.0153808128" lon="120.898097092">
        <ele>7.2</ele>
        <time>2026-08-07T15:12:32+0800</time>
        <extensions>
          <gpxtpx:TrackPointExtension>
            <gpxtpx:hr>133</gpxtpx:hr>
            <gpxtpx:cad>89</gpxtpx:cad>
          </gpxtpx:TrackPointExtension>
        </extensions>
      </trkpt>
      <trkpt lat="32.0153544098" lon="120.898086699">
        <ele>7.2</ele>
        <time>2026-08-07T15:12:33+0800</time>
        <extensions>
          <gpxtpx:TrackPointExtension>
            <gpxtpx:hr>133</gpxtpx:hr>
            <gpxtpx:cad>89</gpxtpx:cad>
          </gpxtpx:TrackPointExtension>
        </extensions>
      </trkpt>
      <trkpt lat="32.0153293479" lon="120.898077311">
        <ele>7.2</ele>
        <time>2026-08-07T15:12:34+0800</time>
        <extensions>
          <gpxtpx:TrackPointExtension>
            <gpxtpx:hr>133</gpxtpx:hr>
            <gpxtpx:cad>90</gpxtpx:cad>
          </gpxtpx:TrackPointExtension>
        </extensions>
      </trkpt>
      <trkpt lat="32.0153037831" lon="120.898063648">
        <ele>7.2</ele>
        <time>2026-08-07T15:12:35+0800</time>
        <extensions>
          <gpxtpx:TrackPointExtension>
            <gpxtpx:hr>133</gpxtpx:hr>
            <gpxtpx:cad>89</gpxtpx:cad>
          </gpxtpx:TrackPointExtension>
        </extensions>
      </trkpt>
      <trkpt lat="32.0152781345" lon="120.898058703">
        <ele>7.2</ele>
        <time>2026-08-07T15:12:36+0800</time>
        <extensions>
          <gpxtpx:TrackPointExtension>
            <gpxtpx:hr>132</gpxtpx:hr>
            <gpxtpx:cad>89</gpxtpx:cad>
          </gpxtpx:TrackPointExtension>
        </extensions>
      </trkpt>
      <trkpt lat="32.015250558" lon="120.898046382">
        <ele>7.2</ele>
        <time>2026-08-07T15:12:37+0800</time>
        <extensions>
          <gpxtpx:TrackPointExtension>
            <gpxtpx:hr>132</gpxtpx:hr>
            <gpxtpx:cad>89</gpxtpx:cad>
          </gpxtpx:TrackPointExtension>
        </extensions>
      </trkpt>
      <trkpt lat="32.0152282622" lon="120.898037581">
        <ele>7.2</ele>
        <time>2026-08-07T15:12:38+0800</time>
        <extensions>
          <gpxtpx:TrackPointExtension>
            <gpxtpx:hr>132</gpxtpx:hr>
            <gpxtpx:cad>89</gpxtpx:cad>
          </gpxtpx:TrackPointExtension>
        </extensions>
      </trkpt>
      <trkpt lat="32.0152000152" lon="120.898019141">
        <ele>7.2</ele>
        <time>2026-08-07T15:12:39+0800</time>
        <extensions>
          <gpxtpx:TrackPointExtension>
            <gpxtpx:hr>132</gpxtpx:hr>
            <gpxtpx:cad>89</gpxtpx:cad>
          </gpxtpx:TrackPointExtension>
        </extensions>
      </trkpt>
      <trkpt lat="32.0151754562" lon="120.898014531">
        <ele>7.4</ele>
        <time>2026-08-07T15:12:40+0800</time>
        <extensions>
          <gpxtpx:TrackPointExtension>
            <gpxtpx:hr>131</gpxtpx:hr>
            <gpxtpx:cad>89</gpxtpx:cad>
          </gpxtpx:TrackPointExtension>
        </extensions>
      </trkpt>
      <trkpt lat="32.0151451975" lon="120.898000784">
        <ele>7.4</ele>
        <time>2026-08-07T15:12:41+0800</time>
        <extensions>
          <gpxtpx:TrackPointExtension>
            <gpxtpx:hr>132</gpxtpx:hr>
            <gpxtpx:cad>88</gpxtpx:cad>
          </gpxtpx:TrackPointExtension>
        </extensions>
      </trkpt>
      <trkpt lat="32.0151221473" lon="120.897993492">
        <ele>7.4</ele>
        <time>2026-08-07T15:12:42+0800</time>
        <extensions>
          <gpxtpx:TrackPointExtension>
            <gpxtpx:hr>131</gpxtpx:hr>
            <gpxtpx:cad>88</gpxtpx:cad>
          </gpxtpx:TrackPointExtension>
        </extensions>
      </trkpt>
      <trkpt lat="32.0150925592" lon="120.897978405">
        <ele>7.4</ele>
        <time>2026-08-07T15:12:43+0800</time>
        <extensions>
          <gpxtpx:TrackPointExtension>
            <gpxtpx:hr>132</gpxtpx:hr>
            <gpxtpx:cad>88</gpxtpx:cad>
          </gpxtpx:TrackPointExtension>
        </extensions>
      </trkpt>
      <trkpt lat="32.0150696766" lon="120.897974968">
        <ele>7.4</ele>
        <time>2026-08-07T15:12:44+0800</time>
        <extensions>
          <gpxtpx:TrackPointExtension>
            <gpxtpx:hr>132</gpxtpx:hr>
            <gpxtpx:cad>88</gpxtpx:cad>
          </gpxtpx:TrackPointExtension>
        </extensions>
      </trkpt>
      <trkpt lat="32.0150397532" lon="120.897963401">
        <ele>7.4</ele>
        <time>2026-08-07T15:12:45+0800</time>
        <extensions>
          <gpxtpx:TrackPointExtension>
            <gpxtpx:hr>132</gpxtpx:hr>
            <gpxtpx:cad>88</gpxtpx:cad>
          </gpxtpx:TrackPointExtension>
        </extensions>
      </trkpt>
      <trkpt lat="32.0150204748" lon="120.897956528">
        <ele>7.4</ele>
        <time>2026-08-07T15:12:46+0800</time>
        <extensions>
          <gpxtpx:TrackPointExtension>
            <gpxtpx:hr>132</gpxtpx:hr>
            <gpxtpx:cad>88</gpxtpx:cad>
          </gpxtpx:TrackPointExtension>
        </extensions>
      </trkpt>
      <trkpt lat="32.0149902999" lon="120.897946805">
        <ele>7.4</ele>
        <time>2026-08-07T15:12:47+0800</time>
        <extensions>
          <gpxtpx:TrackPointExtension>
            <gpxtpx:hr>132</gpxtpx:hr>
            <gpxtpx:cad>88</gpxtpx:cad>
          </gpxtpx:TrackPointExtension>
        </extensions>
      </trkpt>
      <trkpt lat="32.0149682555" lon="120.897942027">
        <ele>7.4</ele>
        <time>2026-08-07T15:12:48+0800</time>
        <extensions>
          <gpxtpx:TrackPointExtension>
            <gpxtpx:hr>133</gpxtpx:hr>
            <gpxtpx:cad>89</gpxtpx:cad>
          </gpxtpx:TrackPointExtension>
        </extensions>
      </trkpt>
      <trkpt lat="32.0149379969" lon="120.897935657">
        <ele>7.4</ele>
        <time>2026-08-07T15:12:49+0800</time>
        <extensions>
          <gpxtpx:TrackPointExtension>
            <gpxtpx:hr>133</gpxtpx:hr>
            <gpxtpx:cad>89</gpxtpx:cad>
          </gpxtpx:TrackPointExtension>
        </extensions>
      </trkpt>
      <trkpt lat="32.0149141923" lon="120.89793046">
        <ele>7.4</ele>
        <time>2026-08-07T15:12:50+0800</time>
        <extensions>
          <gpxtpx:TrackPointExtension>
            <gpxtpx:hr>134</gpxtpx:hr>
            <gpxtpx:cad>89</gpxtpx:cad>
          </gpxtpx:TrackPointExtension>
        </extensions>
      </trkpt>
      <trkpt lat="32.0148878731" lon="120.897923419">
        <ele>7.4</ele>
        <time>2026-08-07T15:12:51+0800</time>
        <extensions>
          <gpxtpx:TrackPointExtension>
            <gpxtpx:hr>135</gpxtpx:hr>
            <gpxtpx:cad>88</gpxtpx:cad>
          </gpxtpx:TrackPointExtension>
        </extensions>
      </trkpt>
      <trkpt lat="32.0148640685" lon="120.897915456">
        <ele>7.4</ele>
        <time>2026-08-07T15:12:52+0800</time>
        <extensions>
          <gpxtpx:TrackPointExtension>
            <gpxtpx:hr>135</gpxtpx:hr>
            <gpxtpx:cad>88</gpxtpx:cad>
          </gpxtpx:TrackPointExtension>
        </extensions>
      </trkpt>
      <trkpt lat="32.0148369111" lon="120.897911098">
        <ele>7.4</ele>
        <time>2026-08-07T15:12:53+0800</time>
        <extensions>
          <gpxtpx:TrackPointExtension>
            <gpxtpx:hr>135</gpxtpx:hr>
            <gpxtpx:cad>88</gpxtpx:cad>
          </gpxtpx:TrackPointExtension>
        </extensions>
      </trkpt>
      <trkpt lat="32.0148125198" lon="120.897904392">
        <ele>7.6</ele>
        <time>2026-08-07T15:12:54+0800</time>
        <extensions>
          <gpxtpx:TrackPointExtension>
            <gpxtpx:hr>135</gpxtpx:hr>
            <gpxtpx:cad>88</gpxtpx:cad>
          </gpxtpx:TrackPointExtension>
        </extensions>
      </trkpt>
      <trkpt lat="32.0147804171" lon="120.8978971">
        <ele>7.6</ele>
        <time>2026-08-07T15:12:55+0800</time>
        <extensions>
          <gpxtpx:TrackPointExtension>
            <gpxtpx:hr>134</gpxtpx:hr>
            <gpxtpx:cad>88</gpxtpx:cad>
          </gpxtpx:TrackPointExtension>
        </extensions>
      </trkpt>
      <trkpt lat="32.0147564448" lon="120.897888551">
        <ele>7.6</ele>
        <time>2026-08-07T15:12:56+0800</time>
        <extensions>
          <gpxtpx:TrackPointExtension>
            <gpxtpx:hr>134</gpxtpx:hr>
            <gpxtpx:cad>88</gpxtpx:cad>
          </gpxtpx:TrackPointExtension>
        </extensions>
      </trkpt>
      <trkpt lat="32.0147273596" lon="120.897881342">
        <ele>7.6</ele>
        <time>2026-08-07T15:12:57+0800</time>
        <extensions>
          <gpxtpx:TrackPointExtension>
            <gpxtpx:hr>133</gpxtpx:hr>
            <gpxtpx:cad>89</gpxtpx:cad>
          </gpxtpx:TrackPointExtension>
        </extensions>
      </trkpt>
      <trkpt lat="32.0146986935" lon="120.897869607">
        <ele>7.6</ele>
        <time>2026-08-07T15:12:58+0800</time>
        <extensions>
          <gpxtpx:TrackPointExtension>
            <gpxtpx:hr>133</gpxtpx:hr>
            <gpxtpx:cad>89</gpxtpx:cad>
          </gpxtpx:TrackPointExtension>
        </extensions>
      </trkpt>
      <trkpt lat="32.0146701112" lon="120.897862399">
        <ele>7.6</ele>
        <time>2026-08-07T15:12:59+0800</time>
        <extensions>
          <gpxtpx:TrackPointExtension>
            <gpxtpx:hr>133</gpxtpx:hr>
            <gpxtpx:cad>88</gpxtpx:cad>
          </gpxtpx:TrackPointExtension>
        </extensions>
      </trkpt>
      <trkpt lat="32.014644295" lon="120.897843791">
        <ele>7.6</ele>
        <time>2026-08-07T15:13:00+0800</time>
        <extensions>
          <gpxtpx:TrackPointExtension>
            <gpxtpx:hr>133</gpxtpx:hr>
            <gpxtpx:cad>89</gpxtpx:cad>
          </gpxtpx:TrackPointExtension>
        </extensions>
      </trkpt>
      <trkpt lat="32.01462158" lon="120.897832727">
        <ele>7.6</ele>
        <time>2026-08-07T15:13:01+0800</time>
        <extensions>
          <gpxtpx:TrackPointExtension>
            <gpxtpx:hr>133</gpxtpx:hr>
            <gpxtpx:cad>89</gpxtpx:cad>
          </gpxtpx:TrackPointExtension>
        </extensions>
      </trkpt>
      <trkpt lat="32.0145955961" lon="120.897804564">
        <ele>7.8</ele>
        <time>2026-08-07T15:13:02+0800</time>
        <extensions>
          <gpxtpx:TrackPointExtension>
            <gpxtpx:hr>133</gpxtpx:hr>
            <gpxtpx:cad>88</gpxtpx:cad>
          </gpxtpx:TrackPointExtension>
        </extensions>
      </trkpt>
      <trkpt lat="32.0145759825" lon="120.897795595">
        <ele>7.8</ele>
        <time>2026-08-07T15:13:03+0800</time>
        <extensions>
          <gpxtpx:TrackPointExtension>
            <gpxtpx:hr>134</gpxtpx:hr>
            <gpxtpx:cad>88</gpxtpx:cad>
          </gpxtpx:TrackPointExtension>
        </extensions>
      </trkpt>
      <trkpt lat="32.0145494957" lon="120.897770701">
        <ele>7.8</ele>
        <time>2026-08-07T15:13:04+0800</time>
        <extensions>
          <gpxtpx:TrackPointExtension>
            <gpxtpx:hr>135</gpxtpx:hr>
            <gpxtpx:cad>88</gpxtpx:cad>
          </gpxtpx:TrackPointExtension>
        </extensions>
      </trkpt>
      <trkpt lat="32.0145272836" lon="120.897754775">
        <ele>7.8</ele>
        <time>2026-08-07T15:13:05+0800</time>
        <extensions>
          <gpxtpx:TrackPointExtension>
            <gpxtpx:hr>135</gpxtpx:hr>
            <gpxtpx:cad>88</gpxtpx:cad>
          </gpxtpx:TrackPointExtension>
        </extensions>
      </trkpt>
      <trkpt lat="32.0145064965" lon="120.897730635">
        <ele>7.8</ele>
        <time>2026-08-07T15:13:06+0800</time>
        <extensions>
          <gpxtpx:TrackPointExtension>
            <gpxtpx:hr>135</gpxtpx:hr>
            <gpxtpx:cad>88</gpxtpx:cad>
          </gpxtpx:TrackPointExtension>
        </extensions>
      </trkpt>
      <trkpt lat="32.0144903194" lon="120.897702975">
        <ele>7.8</ele>
        <time>2026-08-07T15:13:07+0800</time>
        <extensions>
          <gpxtpx:TrackPointExtension>
            <gpxtpx:hr>136</gpxtpx:hr>
            <gpxtpx:cad>88</gpxtpx:cad>
          </gpxtpx:TrackPointExtension>
        </extensions>
      </trkpt>
      <trkpt lat="32.0144787524" lon="120.897672214">
        <ele>8.0</ele>
        <time>2026-08-07T15:13:08+0800</time>
        <extensions>
          <gpxtpx:TrackPointExtension>
            <gpxtpx:hr>136</gpxtpx:hr>
            <gpxtpx:cad>88</gpxtpx:cad>
          </gpxtpx:TrackPointExtension>
        </extensions>
      </trkpt>
      <trkpt lat="32.0144685265" lon="120.897643296">
        <ele>8.0</ele>
        <time>2026-08-07T15:13:09+0800</time>
        <extensions>
          <gpxtpx:TrackPointExtension>
            <gpxtpx:hr>137</gpxtpx:hr>
            <gpxtpx:cad>89</gpxtpx:cad>
          </gpxtpx:TrackPointExtension>
        </extensions>
      </trkpt>
      <trkpt lat="32.0144586358" lon="120.897601722">
        <ele>8.0</ele>
        <time>2026-08-07T15:13:10+0800</time>
        <extensions>
          <gpxtpx:TrackPointExtension>
            <gpxtpx:hr>139</gpxtpx:hr>
            <gpxtpx:cad>89</gpxtpx:cad>
          </gpxtpx:TrackPointExtension>
        </extensions>
      </trkpt>
      <trkpt lat="32.0144459791" lon="120.897585796">
        <ele>8.0</ele>
        <time>2026-08-07T15:13:11+0800</time>
        <extensions>
          <gpxtpx:TrackPointExtension>
            <gpxtpx:hr>139</gpxtpx:hr>
            <gpxtpx:cad>89</gpxtpx:cad>
          </gpxtpx:TrackPointExtension>
        </extensions>
      </trkpt>
      <trkpt lat="32.0144344959" lon="120.897548748">
        <ele>7.8</ele>
        <time>2026-08-07T15:13:12+0800</time>
        <extensions>
          <gpxtpx:TrackPointExtension>
            <gpxtpx:hr>141</gpxtpx:hr>
            <gpxtpx:cad>89</gpxtpx:cad>
          </gpxtpx:TrackPointExtension>
        </extensions>
      </trkpt>
      <trkpt lat="32.0144225936" lon="120.89753014">
        <ele>7.6</ele>
        <time>2026-08-07T15:13:13+0800</time>
        <extensions>
          <gpxtpx:TrackPointExtension>
            <gpxtpx:hr>141</gpxtpx:hr>
            <gpxtpx:cad>89</gpxtpx:cad>
          </gpxtpx:TrackPointExtension>
        </extensions>
      </trkpt>
      <trkpt lat="32.0144096017" lon="120.897492925">
        <ele>7.6</ele>
        <time>2026-08-07T15:13:14+0800</time>
        <extensions>
          <gpxtpx:TrackPointExtension>
            <gpxtpx:hr>141</gpxtpx:hr>
            <gpxtpx:cad>89</gpxtpx:cad>
          </gpxtpx:TrackPointExtension>
        </extensions>
      </trkpt>
      <trkpt lat="32.0143995434" lon="120.897468114">
        <ele>7.4</ele>
        <time>2026-08-07T15:13:15+0800</time>
        <extensions>
          <gpxtpx:TrackPointExtension>
            <gpxtpx:hr>142</gpxtpx:hr>
            <gpxtpx:cad>89</gpxtpx:cad>
          </gpxtpx:TrackPointExtension>
        </extensions>
      </trkpt>
      <trkpt lat="32.014388144" lon="120.897424696">
        <ele>7.4</ele>
        <time>2026-08-07T15:13:16+0800</time>
        <extensions>
          <gpxtpx:TrackPointExtension>
            <gpxtpx:hr>143</gpxtpx:hr>
            <gpxtpx:cad>89</gpxtpx:cad>
          </gpxtpx:TrackPointExtension>
        </extensions>
      </trkpt>
      <trkpt lat="32.0143772475" lon="120.897397706">
        <ele>7.4</ele>
        <time>2026-08-07T15:13:17+0800</time>
        <extensions>
          <gpxtpx:TrackPointExtension>
            <gpxtpx:hr>143</gpxtpx:hr>
            <gpxtpx:cad>89</gpxtpx:cad>
          </gpxtpx:TrackPointExtension>
        </extensions>
      </trkpt>
      <trkpt lat="32.0143638365" lon="120.897356132">
        <ele>7.4</ele>
        <time>2026-08-07T15:13:18+0800</time>
        <extensions>
          <gpxtpx:TrackPointExtension>
            <gpxtpx:hr>144</gpxtpx:hr>
            <gpxtpx:cad>89</gpxtpx:cad>
          </gpxtpx:TrackPointExtension>
        </extensions>
      </trkpt>
      <trkpt lat="32.0143513475" lon="120.89733744">
        <ele>7.4</ele>
        <time>2026-08-07T15:13:19+0800</time>
        <extensions>
          <gpxtpx:TrackPointExtension>
            <gpxtpx:hr>143</gpxtpx:hr>
            <gpxtpx:cad>89</gpxtpx:cad>
          </gpxtpx:TrackPointExtension>
        </extensions>
      </trkpt>
      <trkpt lat="32.0143383555" lon="120.897298213">
        <ele>7.4</ele>
        <time>2026-08-07T15:13:20+0800</time>
        <extensions>
          <gpxtpx:TrackPointExtension>
            <gpxtpx:hr>144</gpxtpx:hr>
            <gpxtpx:cad>89</gpxtpx:cad>
          </gpxtpx:TrackPointExtension>
        </extensions>
      </trkpt>
      <trkpt lat="32.0143254474" lon="120.897274157">
        <ele>7.4</ele>
        <time>2026-08-07T15:13:21+0800</time>
        <extensions>
          <gpxtpx:TrackPointExtension>
            <gpxtpx:hr>144</gpxtpx:hr>
            <gpxtpx:cad>89</gpxtpx:cad>
          </gpxtpx:TrackPointExtension>
        </extensions>
      </trkpt>
      <trkpt lat="32.0143120363" lon="120.897235684">
        <ele>7.2</ele>
        <time>2026-08-07T15:13:22+0800</time>
        <extensions>
          <gpxtpx:TrackPointExtension>
            <gpxtpx:hr>144</gpxtpx:hr>
            <gpxtpx:cad>89</gpxtpx:cad>
          </gpxtpx:TrackPointExtension>
        </extensions>
      </trkpt>
      <trkpt lat="32.0143003855" lon="120.897212969">
        <ele>7.2</ele>
        <time>2026-08-07T15:13:23+0800</time>
        <extensions>
          <gpxtpx:TrackPointExtension>
            <gpxtpx:hr>145</gpxtpx:hr>
            <gpxtpx:cad>89</gpxtpx:cad>
          </gpxtpx:TrackPointExtension>
        </extensions>
      </trkpt>
      <trkpt lat="32.0142866392" lon="120.897173323">
        <ele>7.2</ele>
        <time>2026-08-07T15:13:24+0800</time>
        <extensions>
          <gpxtpx:TrackPointExtension>
            <gpxtpx:hr>144</gpxtpx:hr>
            <gpxtpx:cad>89</gpxtpx:cad>
          </gpxtpx:TrackPointExtension>
        </extensions>
      </trkpt>
      <trkpt lat="32.0142815262" lon="120.897147506">
        <ele>7.2</ele>
        <time>2026-08-07T15:13:25+0800</time>
        <extensions>
          <gpxtpx:TrackPointExtension>
            <gpxtpx:hr>145</gpxtpx:hr>
            <gpxtpx:cad>89</gpxtpx:cad>
          </gpxtpx:TrackPointExtension>
        </extensions>
      </trkpt>
      <trkpt lat="32.014267277" lon="120.897119092">
        <ele>7.4</ele>
        <time>2026-08-07T15:13:26+0800</time>
        <extensions>
          <gpxtpx:TrackPointExtension>
            <gpxtpx:hr>144</gpxtpx:hr>
            <gpxtpx:cad>89</gpxtpx:cad>
          </gpxtpx:TrackPointExtension>
        </extensions>
      </trkpt>
      <trkpt lat="32.0142543688" lon="120.897089839">
        <ele>7.6</ele>
        <time>2026-08-07T15:13:27+0800</time>
        <extensions>
          <gpxtpx:TrackPointExtension>
            <gpxtpx:hr>145</gpxtpx:hr>
            <gpxtpx:cad>89</gpxtpx:cad>
          </gpxtpx:TrackPointExtension>
        </extensions>
      </trkpt>
      <trkpt lat="32.0142441429" lon="120.897057485">
        <ele>7.6</ele>
        <time>2026-08-07T15:13:28+0800</time>
        <extensions>
          <gpxtpx:TrackPointExtension>
            <gpxtpx:hr>144</gpxtpx:hr>
            <gpxtpx:cad>89</gpxtpx:cad>
          </gpxtpx:TrackPointExtension>
        </extensions>
      </trkpt>
      <trkpt lat="32.0142381918" lon="120.8970284">
        <ele>7.6</ele>
        <time>2026-08-07T15:13:29+0800</time>
        <extensions>
          <gpxtpx:TrackPointExtension>
            <gpxtpx:hr>144</gpxtpx:hr>
            <gpxtpx:cad>89</gpxtpx:cad>
          </gpxtpx:TrackPointExtension>
        </extensions>
      </trkpt>
      <trkpt lat="32.0142280497" lon="120.896991687">
        <ele>7.6</ele>
        <time>2026-08-07T15:13:30+0800</time>
        <extensions>
          <gpxtpx:TrackPointExtension>
            <gpxtpx:hr>144</gpxtpx:hr>
            <gpxtpx:cad>89</gpxtpx:cad>
          </gpxtpx:TrackPointExtension>
        </extensions>
      </trkpt>
      <trkpt lat="32.0142221823" lon="120.896963524">
        <ele>7.4</ele>
        <time>2026-08-07T15:13:31+0800</time>
        <extensions>
          <gpxtpx:TrackPointExtension>
            <gpxtpx:hr>144</gpxtpx:hr>
            <gpxtpx:cad>89</gpxtpx:cad>
          </gpxtpx:TrackPointExtension>
        </extensions>
      </trkpt>
      <trkpt lat="32.0142094418" lon="120.896932762">
        <ele>7.2</ele>
        <time>2026-08-07T15:13:32+0800</time>
        <extensions>
          <gpxtpx:TrackPointExtension>
            <gpxtpx:hr>145</gpxtpx:hr>
            <gpxtpx:cad>89</gpxtpx:cad>
          </gpxtpx:TrackPointExtension>
        </extensions>
      </trkpt>
      <trkpt lat="32.0142015629" lon="120.896898899">
        <ele>7.2</ele>
        <time>2026-08-07T15:13:33+0800</time>
        <extensions>
          <gpxtpx:TrackPointExtension>
            <gpxtpx:hr>144</gpxtpx:hr>
            <gpxtpx:cad>89</gpxtpx:cad>
          </gpxtpx:TrackPointExtension>
        </extensions>
      </trkpt>
      <trkpt lat="32.0141873136" lon="120.896870149">
        <ele>7.2</ele>
        <time>2026-08-07T15:13:34+0800</time>
        <extensions>
          <gpxtpx:TrackPointExtension>
            <gpxtpx:hr>145</gpxtpx:hr>
            <gpxtpx:cad>89</gpxtpx:cad>
          </gpxtpx:TrackPointExtension>
        </extensions>
      </trkpt>
      <trkpt lat="32.0141767524" lon="120.896839807">
        <ele>7.2</ele>
        <time>2026-08-07T15:13:35+0800</time>
        <extensions>
          <gpxtpx:TrackPointExtension>
            <gpxtpx:hr>145</gpxtpx:hr>
            <gpxtpx:cad>89</gpxtpx:cad>
          </gpxtpx:TrackPointExtension>
        </extensions>
      </trkpt>
      <trkpt lat="32.0141635928" lon="120.896813739">
        <ele>7.2</ele>
        <time>2026-08-07T15:13:36+0800</time>
        <extensions>
          <gpxtpx:TrackPointExtension>
            <gpxtpx:hr>145</gpxtpx:hr>
            <gpxtpx:cad>88</gpxtpx:cad>
          </gpxtpx:TrackPointExtension>
        </extensions>
      </trkpt>
      <trkpt lat="32.0141545404" lon="120.896778535">
        <ele>7.2</ele>
        <time>2026-08-07T15:13:37+0800</time>
        <extensions>
          <gpxtpx:TrackPointExtension>
            <gpxtpx:hr>145</gpxtpx:hr>
            <gpxtpx:cad>89</gpxtpx:cad>
          </gpxtpx:TrackPointExtension>
        </extensions>
      </trkpt>
      <trkpt lat="32.0141448174" lon="120.896758335">
        <ele>7.2</ele>
        <time>2026-08-07T15:13:38+0800</time>
        <extensions>
          <gpxtpx:TrackPointExtension>
            <gpxtpx:hr>147</gpxtpx:hr>
            <gpxtpx:cad>89</gpxtpx:cad>
          </gpxtpx:TrackPointExtension>
        </extensions>
      </trkpt>
      <trkpt lat="32.0141395368" lon="120.89672355">
        <ele>7.2</ele>
        <time>2026-08-07T15:13:39+0800</time>
        <extensions>
          <gpxtpx:TrackPointExtension>
            <gpxtpx:hr>147</gpxtpx:hr>
            <gpxtpx:cad>88</gpxtpx:cad>
          </gpxtpx:TrackPointExtension>
        </extensions>
      </trkpt>
      <trkpt lat="32.0141259581" lon="120.8967005">
        <ele>7.2</ele>
        <time>2026-08-07T15:13:40+0800</time>
        <extensions>
          <gpxtpx:TrackPointExtension>
            <gpxtpx:hr>147</gpxtpx:hr>
            <gpxtpx:cad>89</gpxtpx:cad>
          </gpxtpx:TrackPointExtension>
        </extensions>
      </trkpt>
      <trkpt lat="32.014121348" lon="120.896663284">
        <ele>7.2</ele>
        <time>2026-08-07T15:13:41+0800</time>
        <extensions>
          <gpxtpx:TrackPointExtension>
            <gpxtpx:hr>148</gpxtpx:hr>
            <gpxtpx:cad>89</gpxtpx:cad>
          </gpxtpx:TrackPointExtension>
        </extensions>
      </trkpt>
      <trkpt lat="32.0141094457" lon="120.896640904">
        <ele>7.2</ele>
        <time>2026-08-07T15:13:42+0800</time>
        <extensions>
          <gpxtpx:TrackPointExtension>
            <gpxtpx:hr>148</gpxtpx:hr>
            <gpxtpx:cad>89</gpxtpx:cad>
          </gpxtpx:TrackPointExtension>
        </extensions>
      </trkpt>
      <trkpt lat="32.0140996389" lon="120.896603018">
        <ele>7.2</ele>
        <time>2026-08-07T15:13:43+0800</time>
        <extensions>
          <gpxtpx:TrackPointExtension>
            <gpxtpx:hr>148</gpxtpx:hr>
            <gpxtpx:cad>88</gpxtpx:cad>
          </gpxtpx:TrackPointExtension>
        </extensions>
      </trkpt>
      <trkpt lat="32.0140883233" lon="120.896579968">
        <ele>7.2</ele>
        <time>2026-08-07T15:13:44+0800</time>
        <extensions>
          <gpxtpx:TrackPointExtension>
            <gpxtpx:hr>148</gpxtpx:hr>
            <gpxtpx:cad>88</gpxtpx:cad>
          </gpxtpx:TrackPointExtension>
        </extensions>
      </trkpt>
      <trkpt lat="32.0140786842" lon="120.896539232">
        <ele>7.2</ele>
        <time>2026-08-07T15:13:45+0800</time>
        <extensions>
          <gpxtpx:TrackPointExtension>
            <gpxtpx:hr>148</gpxtpx:hr>
            <gpxtpx:cad>89</gpxtpx:cad>
          </gpxtpx:TrackPointExtension>
        </extensions>
      </trkpt>
      <trkpt lat="32.0140682906" lon="120.896511571">
        <ele>7.2</ele>
        <time>2026-08-07T15:13:46+0800</time>
        <extensions>
          <gpxtpx:TrackPointExtension>
            <gpxtpx:hr>148</gpxtpx:hr>
            <gpxtpx:cad>88</gpxtpx:cad>
          </gpxtpx:TrackPointExtension>
        </extensions>
      </trkpt>
      <trkpt lat="32.0140592381" lon="120.896475948">
        <ele>7.2</ele>
        <time>2026-08-07T15:13:47+0800</time>
        <extensions>
          <gpxtpx:TrackPointExtension>
            <gpxtpx:hr>148</gpxtpx:hr>
            <gpxtpx:cad>88</gpxtpx:cad>
          </gpxtpx:TrackPointExtension>
        </extensions>
      </trkpt>
      <trkpt lat="32.0140466653" lon="120.896451389">
        <ele>7.2</ele>
        <time>2026-08-07T15:13:48+0800</time>
        <extensions>
          <gpxtpx:TrackPointExtension>
            <gpxtpx:hr>149</gpxtpx:hr>
            <gpxtpx:cad>88</gpxtpx:cad>
          </gpxtpx:TrackPointExtension>
        </extensions>
      </trkpt>
      <trkpt lat="32.0140350983" lon="120.896416437">
        <ele>7.2</ele>
        <time>2026-08-07T15:13:49+0800</time>
        <extensions>
          <gpxtpx:TrackPointExtension>
            <gpxtpx:hr>148</gpxtpx:hr>
            <gpxtpx:cad>89</gpxtpx:cad>
          </gpxtpx:TrackPointExtension>
        </extensions>
      </trkpt>
      <trkpt lat="32.014026884" lon="120.896392884">
        <ele>7.2</ele>
        <time>2026-08-07T15:13:50+0800</time>
        <extensions>
          <gpxtpx:TrackPointExtension>
            <gpxtpx:hr>149</gpxtpx:hr>
            <gpxtpx:cad>88</gpxtpx:cad>
          </gpxtpx:TrackPointExtension>
        </extensions>
      </trkpt>
      <trkpt lat="32.014014814" lon="120.896355668">
        <ele>7.2</ele>
        <time>2026-08-07T15:13:51+0800</time>
        <extensions>
          <gpxtpx:TrackPointExtension>
            <gpxtpx:hr>148</gpxtpx:hr>
            <gpxtpx:cad>88</gpxtpx:cad>
          </gpxtpx:TrackPointExtension>
        </extensions>
      </trkpt>
      <trkpt lat="32.0140076894" lon="120.896327589">
        <ele>7.2</ele>
        <time>2026-08-07T15:13:52+0800</time>
        <extensions>
          <gpxtpx:TrackPointExtension>
            <gpxtpx:hr>149</gpxtpx:hr>
            <gpxtpx:cad>88</gpxtpx:cad>
          </gpxtpx:TrackPointExtension>
        </extensions>
      </trkpt>
      <trkpt lat="32.0139974635" lon="120.89629096">
        <ele>7.4</ele>
        <time>2026-08-07T15:13:53+0800</time>
        <extensions>
          <gpxtpx:TrackPointExtension>
            <gpxtpx:hr>148</gpxtpx:hr>
            <gpxtpx:cad>88</gpxtpx:cad>
          </gpxtpx:TrackPointExtension>
        </extensions>
      </trkpt>
      <trkpt lat="32.0139893331" lon="120.896260114">
        <ele>7.4</ele>
        <time>2026-08-07T15:13:54+0800</time>
        <extensions>
          <gpxtpx:TrackPointExtension>
            <gpxtpx:hr>149</gpxtpx:hr>
            <gpxtpx:cad>88</gpxtpx:cad>
          </gpxtpx:TrackPointExtension>
        </extensions>
      </trkpt>
      <trkpt lat="32.0139734913" lon="120.896222983">
        <ele>7.6</ele>
        <time>2026-08-07T15:13:55+0800</time>
        <extensions>
          <gpxtpx:TrackPointExtension>
            <gpxtpx:hr>149</gpxtpx:hr>
            <gpxtpx:cad>88</gpxtpx:cad>
          </gpxtpx:TrackPointExtension>
        </extensions>
      </trkpt>
      <trkpt lat="32.0139616728" lon="120.896187192">
        <ele>7.6</ele>
        <time>2026-08-07T15:13:56+0800</time>
        <extensions>
          <gpxtpx:TrackPointExtension>
            <gpxtpx:hr>149</gpxtpx:hr>
            <gpxtpx:cad>88</gpxtpx:cad>
          </gpxtpx:TrackPointExtension>
        </extensions>
      </trkpt>
      <trkpt lat="32.0139498543" lon="120.89616322">
        <ele>7.6</ele>
        <time>2026-08-07T15:13:57+0800</time>
        <extensions>
          <gpxtpx:TrackPointExtension>
            <gpxtpx:hr>149</gpxtpx:hr>
            <gpxtpx:cad>88</gpxtpx:cad>
          </gpxtpx:TrackPointExtension>
        </extensions>
      </trkpt>
      <trkpt lat="32.0139429811" lon="120.896125501">
        <ele>7.6</ele>
        <time>2026-08-07T15:13:58+0800</time>
        <extensions>
          <gpxtpx:TrackPointExtension>
            <gpxtpx:hr>148</gpxtpx:hr>
            <gpxtpx:cad>88</gpxtpx:cad>
          </gpxtpx:TrackPointExtension>
        </extensions>
      </trkpt>
      <trkpt lat="32.0139325038" lon="120.896097841">
        <ele>7.6</ele>
        <time>2026-08-07T15:13:59+0800</time>
        <extensions>
          <gpxtpx:TrackPointExtension>
            <gpxtpx:hr>149</gpxtpx:hr>
            <gpxtpx:cad>88</gpxtpx:cad>
          </gpxtpx:TrackPointExtension>
        </extensions>
      </trkpt>
      <trkpt lat="32.0139250439" lon="120.896055177">
        <ele>7.6</ele>
        <time>2026-08-07T15:14:00+0800</time>
        <extensions>
          <gpxtpx:TrackPointExtension>
            <gpxtpx:hr>148</gpxtpx:hr>
            <gpxtpx:cad>88</gpxtpx:cad>
          </gpxtpx:TrackPointExtension>
        </extensions>
      </trkpt>
      <trkpt lat="32.0139082801" lon="120.896032546">
        <ele>7.6</ele>
        <time>2026-08-07T15:14:01+0800</time>
        <extensions>
          <gpxtpx:TrackPointExtension>
            <gpxtpx:hr>148</gpxtpx:hr>
            <gpxtpx:cad>88</gpxtpx:cad>
          </gpxtpx:TrackPointExtension>
        </extensions>
      </trkpt>
      <trkpt lat="32.0139010716" lon="120.895993151">
        <ele>7.6</ele>
        <time>2026-08-07T15:14:02+0800</time>
        <extensions>
          <gpxtpx:TrackPointExtension>
            <gpxtpx:hr>148</gpxtpx:hr>
            <gpxtpx:cad>88</gpxtpx:cad>
          </gpxtpx:TrackPointExtension>
        </extensions>
      </trkpt>
      <trkpt lat="32.013891181" lon="120.895969933">
        <ele>7.6</ele>
        <time>2026-08-07T15:14:03+0800</time>
        <extensions>
          <gpxtpx:TrackPointExtension>
            <gpxtpx:hr>148</gpxtpx:hr>
            <gpxtpx:cad>88</gpxtpx:cad>
          </gpxtpx:TrackPointExtension>
        </extensions>
      </trkpt>
      <trkpt lat="32.01388238" lon="120.895928107">
        <ele>7.8</ele>
        <time>2026-08-07T15:14:04+0800</time>
        <extensions>
          <gpxtpx:TrackPointExtension>
            <gpxtpx:hr>148</gpxtpx:hr>
            <gpxtpx:cad>88</gpxtpx:cad>
          </gpxtpx:TrackPointExtension>
        </extensions>
      </trkpt>
      <trkpt lat="32.0138715673" lon="120.895906063">
        <ele>7.8</ele>
        <time>2026-08-07T15:14:05+0800</time>
        <extensions>
          <gpxtpx:TrackPointExtension>
            <gpxtpx:hr>149</gpxtpx:hr>
            <gpxtpx:cad>88</gpxtpx:cad>
          </gpxtpx:TrackPointExtension>
        </extensions>
      </trkpt>
      <trkpt lat="32.0138585754" lon="120.895865494">
        <ele>7.8</ele>
        <time>2026-08-07T15:14:06+0800</time>
        <extensions>
          <gpxtpx:TrackPointExtension>
            <gpxtpx:hr>149</gpxtpx:hr>
            <gpxtpx:cad>88</gpxtpx:cad>
          </gpxtpx:TrackPointExtension>
        </extensions>
      </trkpt>
      <trkpt lat="32.0138502773" lon="120.895838421">
        <ele>7.8</ele>
        <time>2026-08-07T15:14:07+0800</time>
        <extensions>
          <gpxtpx:TrackPointExtension>
            <gpxtpx:hr>149</gpxtpx:hr>
            <gpxtpx:cad>88</gpxtpx:cad>
          </gpxtpx:TrackPointExtension>
        </extensions>
      </trkpt>
      <trkpt lat="32.013839297" lon="120.89580372">
        <ele>7.8</ele>
        <time>2026-08-07T15:14:08+0800</time>
        <extensions>
          <gpxtpx:TrackPointExtension>
            <gpxtpx:hr>149</gpxtpx:hr>
            <gpxtpx:cad>88</gpxtpx:cad>
          </gpxtpx:TrackPointExtension>
        </extensions>
      </trkpt>
      <trkpt lat="32.0138302445" lon="120.895777065">
        <ele>7.8</ele>
        <time>2026-08-07T15:14:09+0800</time>
        <extensions>
          <gpxtpx:TrackPointExtension>
            <gpxtpx:hr>149</gpxtpx:hr>
            <gpxtpx:cad>88</gpxtpx:cad>
          </gpxtpx:TrackPointExtension>
        </extensions>
      </trkpt>
      <trkpt lat="32.0138168335" lon="120.895747561">
        <ele>7.8</ele>
        <time>2026-08-07T15:14:10+0800</time>
        <extensions>
          <gpxtpx:TrackPointExtension>
            <gpxtpx:hr>149</gpxtpx:hr>
            <gpxtpx:cad>88</gpxtpx:cad>
          </gpxtpx:TrackPointExtension>
        </extensions>
      </trkpt>
      <trkpt lat="32.0138089545" lon="120.895715123">
        <ele>7.8</ele>
        <time>2026-08-07T15:14:11+0800</time>
        <extensions>
          <gpxtpx:TrackPointExtension>
            <gpxtpx:hr>149</gpxtpx:hr>
            <gpxtpx:cad>88</gpxtpx:cad>
          </gpxtpx:TrackPointExtension>
        </extensions>
      </trkpt>
      <trkpt lat="32.0137954596" lon="120.895691067">
        <ele>7.8</ele>
        <time>2026-08-07T15:14:12+0800</time>
        <extensions>
          <gpxtpx:TrackPointExtension>
            <gpxtpx:hr>149</gpxtpx:hr>
            <gpxtpx:cad>88</gpxtpx:cad>
          </gpxtpx:TrackPointExtension>
        </extensions>
      </trkpt>
      <trkpt lat="32.013788335" lon="120.895654606">
        <ele>7.8</ele>
        <time>2026-08-07T15:14:13+0800</time>
        <extensions>
          <gpxtpx:TrackPointExtension>
            <gpxtpx:hr>150</gpxtpx:hr>
            <gpxtpx:cad>88</gpxtpx:cad>
          </gpxtpx:TrackPointExtension>
        </extensions>
      </trkpt>
      <trkpt lat="32.0137774386" lon="120.895635579">
        <ele>7.8</ele>
        <time>2026-08-07T15:14:14+0800</time>
        <extensions>
          <gpxtpx:TrackPointExtension>
            <gpxtpx:hr>150</gpxtpx:hr>
            <gpxtpx:cad>88</gpxtpx:cad>
          </gpxtpx:TrackPointExtension>
        </extensions>
      </trkpt>
      <trkpt lat="32.0137719065" lon="120.895597441">
        <ele>7.8</ele>
        <time>2026-08-07T15:14:15+0800</time>
        <extensions>
          <gpxtpx:TrackPointExtension>
            <gpxtpx:hr>150</gpxtpx:hr>
            <gpxtpx:cad>88</gpxtpx:cad>
          </gpxtpx:TrackPointExtension>
        </extensions>
      </trkpt>
      <trkpt lat="32.0137656201" lon="120.895574978">
        <ele>7.8</ele>
        <time>2026-08-07T15:14:16+0800</time>
        <extensions>
          <gpxtpx:TrackPointExtension>
            <gpxtpx:hr>151</gpxtpx:hr>
            <gpxtpx:cad>88</gpxtpx:cad>
          </gpxtpx:TrackPointExtension>
        </extensions>
      </trkpt>
      <trkpt lat="32.013759166" lon="120.895531559">
        <ele>7.8</ele>
        <time>2026-08-07T15:14:17+0800</time>
        <extensions>
          <gpxtpx:TrackPointExtension>
            <gpxtpx:hr>151</gpxtpx:hr>
            <gpxtpx:cad>87</gpxtpx:cad>
          </gpxtpx:TrackPointExtension>
        </extensions>
      </trkpt>
      <trkpt lat="32.0137470961" lon="120.895509515">
        <ele>7.8</ele>
        <time>2026-08-07T15:14:18+0800</time>
        <extensions>
          <gpxtpx:TrackPointExtension>
            <gpxtpx:hr>151</gpxtpx:hr>
            <gpxtpx:cad>87</gpxtpx:cad>
          </gpxtpx:TrackPointExtension>
        </extensions>
      </trkpt>
      <trkpt lat="32.0137367863" lon="120.895470371">
        <ele>7.8</ele>
        <time>2026-08-07T15:14:19+0800</time>
        <extensions>
          <gpxtpx:TrackPointExtension>
            <gpxtpx:hr>150</gpxtpx:hr>
            <gpxtpx:cad>87</gpxtpx:cad>
          </gpxtpx:TrackPointExtension>
        </extensions>
      </trkpt>
      <trkpt lat="32.013730919" lon="120.895443633">
        <ele>7.8</ele>
        <time>2026-08-07T15:14:20+0800</time>
        <extensions>
          <gpxtpx:TrackPointExtension>
            <gpxtpx:hr>150</gpxtpx:hr>
            <gpxtpx:cad>87</gpxtpx:cad>
          </gpxtpx:TrackPointExtension>
        </extensions>
      </trkpt>
      <trkpt lat="32.0137194358" lon="120.895404909">
        <ele>7.8</ele>
        <time>2026-08-07T15:14:21+0800</time>
        <extensions>
          <gpxtpx:TrackPointExtension>
            <gpxtpx:hr>150</gpxtpx:hr>
            <gpxtpx:cad>87</gpxtpx:cad>
          </gpxtpx:TrackPointExtension>
        </extensions>
      </trkpt>
      <trkpt lat="32.0137113053" lon="120.895374902">
        <ele>7.8</ele>
        <time>2026-08-07T15:14:22+0800</time>
        <extensions>
          <gpxtpx:TrackPointExtension>
            <gpxtpx:hr>150</gpxtpx:hr>
            <gpxtpx:cad>87</gpxtpx:cad>
          </gpxtpx:TrackPointExtension>
        </extensions>
      </trkpt>
      <trkpt lat="32.0136959665" lon="120.895340787">
        <ele>7.8</ele>
        <time>2026-08-07T15:14:23+0800</time>
        <extensions>
          <gpxtpx:TrackPointExtension>
            <gpxtpx:hr>150</gpxtpx:hr>
            <gpxtpx:cad>87</gpxtpx:cad>
          </gpxtpx:TrackPointExtension>
        </extensions>
      </trkpt>
      <trkpt lat="32.0136861596" lon="120.895309355">
        <ele>7.8</ele>
        <time>2026-08-07T15:14:24+0800</time>
        <extensions>
          <gpxtpx:TrackPointExtension>
            <gpxtpx:hr>150</gpxtpx:hr>
            <gpxtpx:cad>88</gpxtpx:cad>
          </gpxtpx:TrackPointExtension>
        </extensions>
      </trkpt>
      <trkpt lat="32.0136727486" lon="120.895282449">
        <ele>7.8</ele>
        <time>2026-08-07T15:14:25+0800</time>
        <extensions>
          <gpxtpx:TrackPointExtension>
            <gpxtpx:hr>149</gpxtpx:hr>
            <gpxtpx:cad>87</gpxtpx:cad>
          </gpxtpx:TrackPointExtension>
        </extensions>
      </trkpt>
      <trkpt lat="32.0136646181" lon="120.89524515">
        <ele>7.8</ele>
        <time>2026-08-07T15:14:26+0800</time>
        <extensions>
          <gpxtpx:TrackPointExtension>
            <gpxtpx:hr>150</gpxtpx:hr>
            <gpxtpx:cad>87</gpxtpx:cad>
          </gpxtpx:TrackPointExtension>
        </extensions>
      </trkpt>
      <trkpt lat="32.0136495307" lon="120.89522168">
        <ele>7.8</ele>
        <time>2026-08-07T15:14:27+0800</time>
        <extensions>
          <gpxtpx:TrackPointExtension>
            <gpxtpx:hr>150</gpxtpx:hr>
            <gpxtpx:cad>87</gpxtpx:cad>
          </gpxtpx:TrackPointExtension>
        </extensions>
      </trkpt>
      <trkpt lat="32.0136400592" lon="120.895179017">
        <ele>7.8</ele>
        <time>2026-08-07T15:14:28+0800</time>
        <extensions>
          <gpxtpx:TrackPointExtension>
            <gpxtpx:hr>150</gpxtpx:hr>
            <gpxtpx:cad>87</gpxtpx:cad>
          </gpxtpx:TrackPointExtension>
        </extensions>
      </trkpt>
      <trkpt lat="32.0136269834" lon="120.895155799">
        <ele>8.0</ele>
        <time>2026-08-07T15:14:29+0800</time>
        <extensions>
          <gpxtpx:TrackPointExtension>
            <gpxtpx:hr>150</gpxtpx:hr>
            <gpxtpx:cad>87</gpxtpx:cad>
          </gpxtpx:TrackPointExtension>
        </extensions>
      </trkpt>
      <trkpt lat="32.0136147458" lon="120.895114224">
        <ele>8.0</ele>
        <time>2026-08-07T15:14:30+0800</time>
        <extensions>
          <gpxtpx:TrackPointExtension>
            <gpxtpx:hr>150</gpxtpx:hr>
            <gpxtpx:cad>87</gpxtpx:cad>
          </gpxtpx:TrackPointExtension>
        </extensions>
      </trkpt>
      <trkpt lat="32.0136100519" lon="120.895086983">
        <ele>8.0</ele>
        <time>2026-08-07T15:14:31+0800</time>
        <extensions>
          <gpxtpx:TrackPointExtension>
            <gpxtpx:hr>150</gpxtpx:hr>
            <gpxtpx:cad>87</gpxtpx:cad>
          </gpxtpx:TrackPointExtension>
        </extensions>
      </trkpt>
      <trkpt lat="32.0136062801" lon="120.895048426">
        <ele>8.0</ele>
        <time>2026-08-07T15:14:32+0800</time>
        <extensions>
          <gpxtpx:TrackPointExtension>
            <gpxtpx:hr>150</gpxtpx:hr>
            <gpxtpx:cad>86</gpxtpx:cad>
          </gpxtpx:TrackPointExtension>
        </extensions>
      </trkpt>
      <trkpt lat="32.0136258937" lon="120.895016408">
        <ele>7.8</ele>
        <time>2026-08-07T15:14:33+0800</time>
        <extensions>
          <gpxtpx:TrackPointExtension>
            <gpxtpx:hr>151</gpxtpx:hr>
            <gpxtpx:cad>86</gpxtpx:cad>
          </gpxtpx:TrackPointExtension>
        </extensions>
      </trkpt>
      <trkpt lat="32.0136422385" lon="120.894991849">
        <ele>7.8</ele>
        <time>2026-08-07T15:14:34+0800</time>
        <extensions>
          <gpxtpx:TrackPointExtension>
            <gpxtpx:hr>150</gpxtpx:hr>
            <gpxtpx:cad>86</gpxtpx:cad>
          </gpxtpx:TrackPointExtension>
        </extensions>
      </trkpt>
      <trkpt lat="32.0136749279" lon="120.894987574">
        <ele>7.8</ele>
        <time>2026-08-07T15:14:35+0800</time>
        <extensions>
          <gpxtpx:TrackPointExtension>
            <gpxtpx:hr>151</gpxtpx:hr>
            <gpxtpx:cad>86</gpxtpx:cad>
          </gpxtpx:TrackPointExtension>
        </extensions>
      </trkpt>
      <trkpt lat="32.0137023367" lon="120.894984892">
        <ele>7.8</ele>
        <time>2026-08-07T15:14:36+0800</time>
        <extensions>
          <gpxtpx:TrackPointExtension>
            <gpxtpx:hr>151</gpxtpx:hr>
            <gpxtpx:cad>86</gpxtpx:cad>
          </gpxtpx:TrackPointExtension>
        </extensions>
      </trkpt>
      <trkpt lat="32.0137354452" lon="120.894992016">
        <ele>7.8</ele>
        <time>2026-08-07T15:14:37+0800</time>
        <extensions>
          <gpxtpx:TrackPointExtension>
            <gpxtpx:hr>151</gpxtpx:hr>
            <gpxtpx:cad>86</gpxtpx:cad>
          </gpxtpx:TrackPointExtension>
        </extensions>
      </trkpt>
      <trkpt lat="32.0137640275" lon="120.894996878">
        <ele>7.8</ele>
        <time>2026-08-07T15:14:38+0800</time>
        <extensions>
          <gpxtpx:TrackPointExtension>
            <gpxtpx:hr>151</gpxtpx:hr>
            <gpxtpx:cad>86</gpxtpx:cad>
          </gpxtpx:TrackPointExtension>
        </extensions>
      </trkpt>
      <trkpt lat="32.0137968846" lon="120.895008948">
        <ele>7.8</ele>
        <time>2026-08-07T15:14:39+0800</time>
        <extensions>
          <gpxtpx:TrackPointExtension>
            <gpxtpx:hr>151</gpxtpx:hr>
            <gpxtpx:cad>86</gpxtpx:cad>
          </gpxtpx:TrackPointExtension>
        </extensions>
      </trkpt>
      <trkpt lat="32.0138204377" lon="120.895018252">
        <ele>7.8</ele>
        <time>2026-08-07T15:14:40+0800</time>
        <extensions>
          <gpxtpx:TrackPointExtension>
            <gpxtpx:hr>152</gpxtpx:hr>
            <gpxtpx:cad>86</gpxtpx:cad>
          </gpxtpx:TrackPointExtension>
        </extensions>
      </trkpt>
      <trkpt lat="32.0138474274" lon="120.895025879">
        <ele>7.8</ele>
        <time>2026-08-07T15:14:41+0800</time>
        <extensions>
          <gpxtpx:TrackPointExtension>
            <gpxtpx:hr>152</gpxtpx:hr>
            <gpxtpx:cad>87</gpxtpx:cad>
          </gpxtpx:TrackPointExtension>
        </extensions>
      </trkpt>
      <trkpt lat="32.0138758421" lon="120.895037195">
        <ele>7.6</ele>
        <time>2026-08-07T15:14:42+0800</time>
        <extensions>
          <gpxtpx:TrackPointExtension>
            <gpxtpx:hr>151</gpxtpx:hr>
            <gpxtpx:cad>87</gpxtpx:cad>
          </gpxtpx:TrackPointExtension>
        </extensions>
      </trkpt>
      <trkpt lat="32.0139006525" lon="120.89503929">
        <ele>7.6</ele>
        <time>2026-08-07T15:14:43+0800</time>
        <extensions>
          <gpxtpx:TrackPointExtension>
            <gpxtpx:hr>152</gpxtpx:hr>
            <gpxtpx:cad>87</gpxtpx:cad>
          </gpxtpx:TrackPointExtension>
        </extensions>
      </trkpt>
      <trkpt lat="32.0139348507" lon="120.895050103">
        <ele>7.6</ele>
        <time>2026-08-07T15:14:44+0800</time>
        <extensions>
          <gpxtpx:TrackPointExtension>
            <gpxtpx:hr>152</gpxtpx:hr>
            <gpxtpx:cad>87</gpxtpx:cad>
          </gpxtpx:TrackPointExtension>
        </extensions>
      </trkpt>
      <trkpt lat="32.0139598288" lon="120.895051612">
        <ele>7.6</ele>
        <time>2026-08-07T15:14:45+0800</time>
        <extensions>
          <gpxtpx:TrackPointExtension>
            <gpxtpx:hr>151</gpxtpx:hr>
            <gpxtpx:cad>86</gpxtpx:cad>
          </gpxtpx:TrackPointExtension>
        </extensions>
      </trkpt>
      <trkpt lat="32.0139962062" lon="120.895060832">
        <ele>7.4</ele>
        <time>2026-08-07T15:14:46+0800</time>
        <extensions>
          <gpxtpx:TrackPointExtension>
            <gpxtpx:hr>152</gpxtpx:hr>
            <gpxtpx:cad>86</gpxtpx:cad>
          </gpxtpx:TrackPointExtension>
        </extensions>
      </trkpt>
      <trkpt lat="32.0140195917" lon="120.895067118">
        <ele>7.6</ele>
        <time>2026-08-07T15:14:47+0800</time>
        <extensions>
          <gpxtpx:TrackPointExtension>
            <gpxtpx:hr>152</gpxtpx:hr>
            <gpxtpx:cad>86</gpxtpx:cad>
          </gpxtpx:TrackPointExtension>
        </extensions>
      </trkpt>
      <trkpt lat="32.0140516944" lon="120.895077512">
        <ele>7.4</ele>
        <time>2026-08-07T15:14:48+0800</time>
        <extensions>
          <gpxtpx:TrackPointExtension>
            <gpxtpx:hr>151</gpxtpx:hr>
            <gpxtpx:cad>86</gpxtpx:cad>
          </gpxtpx:TrackPointExtension>
        </extensions>
      </trkpt>
      <trkpt lat="32.0140767563" lon="120.895083714">
        <ele>7.4</ele>
        <time>2026-08-07T15:14:49+0800</time>
        <extensions>
          <gpxtpx:TrackPointExtension>
            <gpxtpx:hr>152</gpxtpx:hr>
            <gpxtpx:cad>86</gpxtpx:cad>
          </gpxtpx:TrackPointExtension>
        </extensions>
      </trkpt>
      <trkpt lat="32.0141086075" lon="120.895090504">
        <ele>7.4</ele>
        <time>2026-08-07T15:14:50+0800</time>
        <extensions>
          <gpxtpx:TrackPointExtension>
            <gpxtpx:hr>151</gpxtpx:hr>
            <gpxtpx:cad>87</gpxtpx:cad>
          </gpxtpx:TrackPointExtension>
        </extensions>
      </trkpt>
      <trkpt lat="32.0141366031" lon="120.895099053">
        <ele>7.4</ele>
        <time>2026-08-07T15:14:51+0800</time>
        <extensions>
          <gpxtpx:TrackPointExtension>
            <gpxtpx:hr>151</gpxtpx:hr>
            <gpxtpx:cad>87</gpxtpx:cad>
          </gpxtpx:TrackPointExtension>
        </extensions>
      </trkpt>
      <trkpt lat="32.0141589828" lon="120.8951071">
        <ele>7.4</ele>
        <time>2026-08-07T15:14:52+0800</time>
        <extensions>
          <gpxtpx:TrackPointExtension>
            <gpxtpx:hr>152</gpxtpx:hr>
            <gpxtpx:cad>87</gpxtpx:cad>
          </gpxtpx:TrackPointExtension>
        </extensions>
      </trkpt>
      <trkpt lat="32.0141869783" lon="120.895123696">
        <ele>7.4</ele>
        <time>2026-08-07T15:14:53+0800</time>
        <extensions>
          <gpxtpx:TrackPointExtension>
            <gpxtpx:hr>152</gpxtpx:hr>
            <gpxtpx:cad>87</gpxtpx:cad>
          </gpxtpx:TrackPointExtension>
        </extensions>
      </trkpt>
      <trkpt lat="32.0142048318" lon="120.895130401">
        <ele>7.4</ele>
        <time>2026-08-07T15:14:54+0800</time>
        <extensions>
          <gpxtpx:TrackPointExtension>
            <gpxtpx:hr>152</gpxtpx:hr>
            <gpxtpx:cad>87</gpxtpx:cad>
          </gpxtpx:TrackPointExtension>
        </extensions>
      </trkpt>
      <trkpt lat="32.0142298099" lon="120.895139286">
        <ele>7.6</ele>
        <time>2026-08-07T15:14:55+0800</time>
        <extensions>
          <gpxtpx:TrackPointExtension>
            <gpxtpx:hr>152</gpxtpx:hr>
            <gpxtpx:cad>87</gpxtpx:cad>
          </gpxtpx:TrackPointExtension>
        </extensions>
      </trkpt>
      <trkpt lat="32.0142531116" lon="120.895135179">
        <ele>7.6</ele>
        <time>2026-08-07T15:14:56+0800</time>
        <extensions>
          <gpxtpx:TrackPointExtension>
            <gpxtpx:hr>151</gpxtpx:hr>
            <gpxtpx:cad>87</gpxtpx:cad>
          </gpxtpx:TrackPointExtension>
        </extensions>
      </trkpt>
      <trkpt lat="32.0142898243" lon="120.895150937">
        <ele>7.6</ele>
        <time>2026-08-07T15:14:57+0800</time>
        <extensions>
          <gpxtpx:TrackPointExtension>
            <gpxtpx:hr>150</gpxtpx:hr>
            <gpxtpx:cad>87</gpxtpx:cad>
          </gpxtpx:TrackPointExtension>
        </extensions>
      </trkpt>
      <trkpt lat="32.0143167302" lon="120.895155547">
        <ele>7.6</ele>
        <time>2026-08-07T15:14:58+0800</time>
        <extensions>
          <gpxtpx:TrackPointExtension>
            <gpxtpx:hr>150</gpxtpx:hr>
            <gpxtpx:cad>87</gpxtpx:cad>
          </gpxtpx:TrackPointExtension>
        </extensions>
      </trkpt>
      <trkpt lat="32.0143514313" lon="120.895160912">
        <ele>7.6</ele>
        <time>2026-08-07T15:14:59+0800</time>
        <extensions>
          <gpxtpx:TrackPointExtension>
            <gpxtpx:hr>150</gpxtpx:hr>
            <gpxtpx:cad>87</gpxtpx:cad>
          </gpxtpx:TrackPointExtension>
        </extensions>
      </trkpt>
      <trkpt lat="32.0143795945" lon="120.895166611">
        <ele>7.6</ele>
        <time>2026-08-07T15:15:00+0800</time>
        <extensions>
          <gpxtpx:TrackPointExtension>
            <gpxtpx:hr>150</gpxtpx:hr>
            <gpxtpx:cad>88</gpxtpx:cad>
          </gpxtpx:TrackPointExtension>
        </extensions>
      </trkpt>
      <trkpt lat="32.0144061651" lon="120.895172311">
        <ele>7.6</ele>
        <time>2026-08-07T15:15:01+0800</time>
        <extensions>
          <gpxtpx:TrackPointExtension>
            <gpxtpx:hr>150</gpxtpx:hr>
            <gpxtpx:cad>87</gpxtpx:cad>
          </gpxtpx:TrackPointExtension>
        </extensions>
      </trkpt>
      <trkpt lat="32.0144327357" lon="120.895179184">
        <ele>7.6</ele>
        <time>2026-08-07T15:15:02+0800</time>
        <extensions>
          <gpxtpx:TrackPointExtension>
            <gpxtpx:hr>150</gpxtpx:hr>
            <gpxtpx:cad>87</gpxtpx:cad>
          </gpxtpx:TrackPointExtension>
        </extensions>
      </trkpt>
      <trkpt lat="32.0144574624" lon="120.895183124">
        <ele>7.6</ele>
        <time>2026-08-07T15:15:03+0800</time>
        <extensions>
          <gpxtpx:TrackPointExtension>
            <gpxtpx:hr>150</gpxtpx:hr>
            <gpxtpx:cad>87</gpxtpx:cad>
          </gpxtpx:TrackPointExtension>
        </extensions>
      </trkpt>
      <trkpt lat="32.0144862123" lon="120.895200726">
        <ele>7.8</ele>
        <time>2026-08-07T15:15:04+0800</time>
        <extensions>
          <gpxtpx:TrackPointExtension>
            <gpxtpx:hr>150</gpxtpx:hr>
            <gpxtpx:cad>87</gpxtpx:cad>
          </gpxtpx:TrackPointExtension>
        </extensions>
      </trkpt>
      <trkpt lat="32.0145123638" lon="120.89520542">
        <ele>7.8</ele>
        <time>2026-08-07T15:15:05+0800</time>
        <extensions>
          <gpxtpx:TrackPointExtension>
            <gpxtpx:hr>150</gpxtpx:hr>
            <gpxtpx:cad>87</gpxtpx:cad>
          </gpxtpx:TrackPointExtension>
        </extensions>
      </trkpt>
      <trkpt lat="32.0145444665" lon="120.895216987">
        <ele>7.8</ele>
        <time>2026-08-07T15:15:06+0800</time>
        <extensions>
          <gpxtpx:TrackPointExtension>
            <gpxtpx:hr>150</gpxtpx:hr>
            <gpxtpx:cad>87</gpxtpx:cad>
          </gpxtpx:TrackPointExtension>
        </extensions>
      </trkpt>
      <trkpt lat="32.0145633258" lon="120.895217573">
        <ele>7.8</ele>
        <time>2026-08-07T15:15:07+0800</time>
        <extensions>
          <gpxtpx:TrackPointExtension>
            <gpxtpx:hr>150</gpxtpx:hr>
            <gpxtpx:cad>87</gpxtpx:cad>
          </gpxtpx:TrackPointExtension>
        </extensions>
      </trkpt>
      <trkpt lat="32.0145978592" lon="120.895233583">
        <ele>7.8</ele>
        <time>2026-08-07T15:15:08+0800</time>
        <extensions>
          <gpxtpx:TrackPointExtension>
            <gpxtpx:hr>150</gpxtpx:hr>
            <gpxtpx:cad>87</gpxtpx:cad>
          </gpxtpx:TrackPointExtension>
        </extensions>
      </trkpt>
      <trkpt lat="32.014622502" lon="120.895236097">
        <ele>7.8</ele>
        <time>2026-08-07T15:15:09+0800</time>
        <extensions>
          <gpxtpx:TrackPointExtension>
            <gpxtpx:hr>150</gpxtpx:hr>
            <gpxtpx:cad>87</gpxtpx:cad>
          </gpxtpx:TrackPointExtension>
        </extensions>
      </trkpt>
      <trkpt lat="32.014658628" lon="120.89524758">
        <ele>7.6</ele>
        <time>2026-08-07T15:15:10+0800</time>
        <extensions>
          <gpxtpx:TrackPointExtension>
            <gpxtpx:hr>150</gpxtpx:hr>
            <gpxtpx:cad>87</gpxtpx:cad>
          </gpxtpx:TrackPointExtension>
        </extensions>
      </trkpt>
      <trkpt lat="32.0146857854" lon="120.895252023">
        <ele>7.6</ele>
        <time>2026-08-07T15:15:11+0800</time>
        <extensions>
          <gpxtpx:TrackPointExtension>
            <gpxtpx:hr>150</gpxtpx:hr>
            <gpxtpx:cad>87</gpxtpx:cad>
          </gpxtpx:TrackPointExtension>
        </extensions>
      </trkpt>
      <trkpt lat="32.0147143677" lon="120.895258812">
        <ele>7.6</ele>
        <time>2026-08-07T15:15:12+0800</time>
        <extensions>
          <gpxtpx:TrackPointExtension>
            <gpxtpx:hr>150</gpxtpx:hr>
            <gpxtpx:cad>87</gpxtpx:cad>
          </gpxtpx:TrackPointExtension>
        </extensions>
      </trkpt>
      <trkpt lat="32.0147456322" lon="120.895270463">
        <ele>7.6</ele>
        <time>2026-08-07T15:15:13+0800</time>
        <extensions>
          <gpxtpx:TrackPointExtension>
            <gpxtpx:hr>150</gpxtpx:hr>
            <gpxtpx:cad>87</gpxtpx:cad>
          </gpxtpx:TrackPointExtension>
        </extensions>
      </trkpt>
      <trkpt lat="32.0147766452" lon="120.895275911">
        <ele>7.6</ele>
        <time>2026-08-07T15:15:14+0800</time>
        <extensions>
          <gpxtpx:TrackPointExtension>
            <gpxtpx:hr>148</gpxtpx:hr>
            <gpxtpx:cad>87</gpxtpx:cad>
          </gpxtpx:TrackPointExtension>
        </extensions>
      </trkpt>
      <trkpt lat="32.0148057304" lon="120.89528664">
        <ele>7.6</ele>
        <time>2026-08-07T15:15:15+0800</time>
        <extensions>
          <gpxtpx:TrackPointExtension>
            <gpxtpx:hr>148</gpxtpx:hr>
            <gpxtpx:cad>88</gpxtpx:cad>
          </gpxtpx:TrackPointExtension>
        </extensions>
      </trkpt>
      <trkpt lat="32.0148342289" lon="120.895293178">
        <ele>7.6</ele>
        <time>2026-08-07T15:15:16+0800</time>
        <extensions>
          <gpxtpx:TrackPointExtension>
            <gpxtpx:hr>147</gpxtpx:hr>
            <gpxtpx:cad>88</gpxtpx:cad>
          </gpxtpx:TrackPointExtension>
        </extensions>
      </trkpt>
      <trkpt lat="32.0148639847" lon="120.895300806">
        <ele>7.6</ele>
        <time>2026-08-07T15:15:17+0800</time>
        <extensions>
          <gpxtpx:TrackPointExtension>
            <gpxtpx:hr>147</gpxtpx:hr>
            <gpxtpx:cad>88</gpxtpx:cad>
          </gpxtpx:TrackPointExtension>
        </extensions>
      </trkpt>
      <trkpt lat="32.0148900524" lon="120.89530617">
        <ele>7.6</ele>
        <time>2026-08-07T15:15:18+0800</time>
        <extensions>
          <gpxtpx:TrackPointExtension>
            <gpxtpx:hr>146</gpxtpx:hr>
            <gpxtpx:cad>88</gpxtpx:cad>
          </gpxtpx:TrackPointExtension>
        </extensions>
      </trkpt>
      <trkpt lat="32.0149234124" lon="120.89532285">
        <ele>7.6</ele>
        <time>2026-08-07T15:15:19+0800</time>
        <extensions>
          <gpxtpx:TrackPointExtension>
            <gpxtpx:hr>147</gpxtpx:hr>
            <gpxtpx:cad>89</gpxtpx:cad>
          </gpxtpx:TrackPointExtension>
        </extensions>
      </trkpt>
      <trkpt lat="32.0149437804" lon="120.895318324">
        <ele>7.6</ele>
        <time>2026-08-07T15:15:20+0800</time>
        <extensions>
          <gpxtpx:TrackPointExtension>
            <gpxtpx:hr>147</gpxtpx:hr>
            <gpxtpx:cad>89</gpxtpx:cad>
          </gpxtpx:TrackPointExtension>
        </extensions>
      </trkpt>
      <trkpt lat="32.0149776433" lon="120.895333244">
        <ele>7.6</ele>
        <time>2026-08-07T15:15:21+0800</time>
        <extensions>
          <gpxtpx:TrackPointExtension>
            <gpxtpx:hr>147</gpxtpx:hr>
            <gpxtpx:cad>88</gpxtpx:cad>
          </gpxtpx:TrackPointExtension>
        </extensions>
      </trkpt>
      <trkpt lat="32.0150020346" lon="120.895332824">
        <ele>7.8</ele>
        <time>2026-08-07T15:15:22+0800</time>
        <extensions>
          <gpxtpx:TrackPointExtension>
            <gpxtpx:hr>147</gpxtpx:hr>
            <gpxtpx:cad>88</gpxtpx:cad>
          </gpxtpx:TrackPointExtension>
        </extensions>
      </trkpt>
      <trkpt lat="32.0150409266" lon="120.895346403">
        <ele>7.8</ele>
        <time>2026-08-07T15:15:23+0800</time>
        <extensions>
          <gpxtpx:TrackPointExtension>
            <gpxtpx:hr>148</gpxtpx:hr>
            <gpxtpx:cad>88</gpxtpx:cad>
          </gpxtpx:TrackPointExtension>
        </extensions>
      </trkpt>
      <trkpt lat="32.0150626358" lon="120.895343637">
        <ele>8.0</ele>
        <time>2026-08-07T15:15:24+0800</time>
        <extensions>
          <gpxtpx:TrackPointExtension>
            <gpxtpx:hr>147</gpxtpx:hr>
            <gpxtpx:cad>88</gpxtpx:cad>
          </gpxtpx:TrackPointExtension>
        </extensions>
      </trkpt>
      <trkpt lat="32.0150914695" lon="120.895347744">
        <ele>8.0</ele>
        <time>2026-08-07T15:15:25+0800</time>
        <extensions>
          <gpxtpx:TrackPointExtension>
            <gpxtpx:hr>148</gpxtpx:hr>
            <gpxtpx:cad>88</gpxtpx:cad>
          </gpxtpx:TrackPointExtension>
        </extensions>
      </trkpt>
      <trkpt lat="32.0151152741" lon="120.89535621">
        <ele>8.0</ele>
        <time>2026-08-07T15:15:26+0800</time>
        <extensions>
          <gpxtpx:TrackPointExtension>
            <gpxtpx:hr>149</gpxtpx:hr>
            <gpxtpx:cad>88</gpxtpx:cad>
          </gpxtpx:TrackPointExtension>
        </extensions>
      </trkpt>
      <trkpt lat="32.0151466224" lon="120.895362915">
        <ele>8.0</ele>
        <time>2026-08-07T15:15:27+0800</time>
        <extensions>
          <gpxtpx:TrackPointExtension>
            <gpxtpx:hr>150</gpxtpx:hr>
            <gpxtpx:cad>88</gpxtpx:cad>
          </gpxtpx:TrackPointExtension>
        </extensions>
      </trkpt>
      <trkpt lat="32.0151680801" lon="120.895372722">
        <ele>7.8</ele>
        <time>2026-08-07T15:15:28+0800</time>
        <extensions>
          <gpxtpx:TrackPointExtension>
            <gpxtpx:hr>150</gpxtpx:hr>
            <gpxtpx:cad>88</gpxtpx:cad>
          </gpxtpx:TrackPointExtension>
        </extensions>
      </trkpt>
      <trkpt lat="32.0152006019" lon="120.89538848">
        <ele>7.8</ele>
        <time>2026-08-07T15:15:29+0800</time>
        <extensions>
          <gpxtpx:TrackPointExtension>
            <gpxtpx:hr>151</gpxtpx:hr>
            <gpxtpx:cad>88</gpxtpx:cad>
          </gpxtpx:TrackPointExtension>
        </extensions>
      </trkpt>
      <trkpt lat="32.0152265858" lon="120.895396192">
        <ele>7.8</ele>
        <time>2026-08-07T15:15:30+0800</time>
        <extensions>
          <gpxtpx:TrackPointExtension>
            <gpxtpx:hr>151</gpxtpx:hr>
            <gpxtpx:cad>88</gpxtpx:cad>
          </gpxtpx:TrackPointExtension>
        </extensions>
      </trkpt>
      <trkpt lat="32.0152580179" lon="120.895403735">
        <ele>7.8</ele>
        <time>2026-08-07T15:15:31+0800</time>
        <extensions>
          <gpxtpx:TrackPointExtension>
            <gpxtpx:hr>151</gpxtpx:hr>
            <gpxtpx:cad>88</gpxtpx:cad>
          </gpxtpx:TrackPointExtension>
        </extensions>
      </trkpt>
      <trkpt lat="32.0152869355" lon="120.895411782">
        <ele>7.8</ele>
        <time>2026-08-07T15:15:32+0800</time>
        <extensions>
          <gpxtpx:TrackPointExtension>
            <gpxtpx:hr>151</gpxtpx:hr>
            <gpxtpx:cad>88</gpxtpx:cad>
          </gpxtpx:TrackPointExtension>
        </extensions>
      </trkpt>
      <trkpt lat="32.0153153501" lon="120.895416392">
        <ele>7.8</ele>
        <time>2026-08-07T15:15:33+0800</time>
        <extensions>
          <gpxtpx:TrackPointExtension>
            <gpxtpx:hr>152</gpxtpx:hr>
            <gpxtpx:cad>88</gpxtpx:cad>
          </gpxtpx:TrackPointExtension>
        </extensions>
      </trkpt>
      <trkpt lat="32.0153399091" lon="120.895427959">
        <ele>7.8</ele>
        <time>2026-08-07T15:15:34+0800</time>
        <extensions>
          <gpxtpx:TrackPointExtension>
            <gpxtpx:hr>153</gpxtpx:hr>
            <gpxtpx:cad>88</gpxtpx:cad>
          </gpxtpx:TrackPointExtension>
        </extensions>
      </trkpt>
      <trkpt lat="32.0153604448" lon="120.895428294">
        <ele>7.8</ele>
        <time>2026-08-07T15:15:35+0800</time>
        <extensions>
          <gpxtpx:TrackPointExtension>
            <gpxtpx:hr>153</gpxtpx:hr>
            <gpxtpx:cad>88</gpxtpx:cad>
          </gpxtpx:TrackPointExtension>
        </extensions>
      </trkpt>
      <trkpt lat="32.0153857581" lon="120.895440867">
        <ele>7.8</ele>
        <time>2026-08-07T15:15:36+0800</time>
        <extensions>
          <gpxtpx:TrackPointExtension>
            <gpxtpx:hr>153</gpxtpx:hr>
            <gpxtpx:cad>88</gpxtpx:cad>
          </gpxtpx:TrackPointExtension>
        </extensions>
      </trkpt>
      <trkpt lat="32.0154095627" lon="120.895445393">
        <ele>7.8</ele>
        <time>2026-08-07T15:15:37+0800</time>
        <extensions>
          <gpxtpx:TrackPointExtension>
            <gpxtpx:hr>154</gpxtpx:hr>
            <gpxtpx:cad>88</gpxtpx:cad>
          </gpxtpx:TrackPointExtension>
        </extensions>
      </trkpt>
      <trkpt lat="32.0154376421" lon="120.895454194">
        <ele>7.8</ele>
        <time>2026-08-07T15:15:38+0800</time>
        <extensions>
          <gpxtpx:TrackPointExtension>
            <gpxtpx:hr>154</gpxtpx:hr>
            <gpxtpx:cad>88</gpxtpx:cad>
          </gpxtpx:TrackPointExtension>
        </extensions>
      </trkpt>
      <trkpt lat="32.0154601894" lon="120.895456625">
        <ele>8.0</ele>
        <time>2026-08-07T15:15:39+0800</time>
        <extensions>
          <gpxtpx:TrackPointExtension>
            <gpxtpx:hr>154</gpxtpx:hr>
            <gpxtpx:cad>88</gpxtpx:cad>
          </gpxtpx:TrackPointExtension>
        </extensions>
      </trkpt>
      <trkpt lat="32.0154904481" lon="120.8954666">
        <ele>8.0</ele>
        <time>2026-08-07T15:15:40+0800</time>
        <extensions>
          <gpxtpx:TrackPointExtension>
            <gpxtpx:hr>154</gpxtpx:hr>
            <gpxtpx:cad>88</gpxtpx:cad>
          </gpxtpx:TrackPointExtension>
        </extensions>
      </trkpt>
      <trkpt lat="32.0155151747" lon="120.895469449">
        <ele>8.0</ele>
        <time>2026-08-07T15:15:41+0800</time>
        <extensions>
          <gpxtpx:TrackPointExtension>
            <gpxtpx:hr>154</gpxtpx:hr>
            <gpxtpx:cad>88</gpxtpx:cad>
          </gpxtpx:TrackPointExtension>
        </extensions>
      </trkpt>
      <trkpt lat="32.0155471936" lon="120.895481687">
        <ele>8.2</ele>
        <time>2026-08-07T15:15:42+0800</time>
        <extensions>
          <gpxtpx:TrackPointExtension>
            <gpxtpx:hr>153</gpxtpx:hr>
            <gpxtpx:cad>87</gpxtpx:cad>
          </gpxtpx:TrackPointExtension>
        </extensions>
      </trkpt>
      <trkpt lat="32.0155766141" lon="120.895488476">
        <ele>8.2</ele>
        <time>2026-08-07T15:15:43+0800</time>
        <extensions>
          <gpxtpx:TrackPointExtension>
            <gpxtpx:hr>154</gpxtpx:hr>
            <gpxtpx:cad>87</gpxtpx:cad>
          </gpxtpx:TrackPointExtension>
        </extensions>
      </trkpt>
      <trkpt lat="32.0156094711" lon="120.895497948">
        <ele>8.2</ele>
        <time>2026-08-07T15:15:44+0800</time>
        <extensions>
          <gpxtpx:TrackPointExtension>
            <gpxtpx:hr>154</gpxtpx:hr>
            <gpxtpx:cad>87</gpxtpx:cad>
          </gpxtpx:TrackPointExtension>
        </extensions>
      </trkpt>
      <trkpt lat="32.0156340301" lon="120.895509264">
        <ele>8.2</ele>
        <time>2026-08-07T15:15:45+0800</time>
        <extensions>
          <gpxtpx:TrackPointExtension>
            <gpxtpx:hr>154</gpxtpx:hr>
            <gpxtpx:cad>87</gpxtpx:cad>
          </gpxtpx:TrackPointExtension>
        </extensions>
      </trkpt>
      <trkpt lat="32.0156673901" lon="120.895518064">
        <ele>8.0</ele>
        <time>2026-08-07T15:15:46+0800</time>
        <extensions>
          <gpxtpx:TrackPointExtension>
            <gpxtpx:hr>155</gpxtpx:hr>
            <gpxtpx:cad>88</gpxtpx:cad>
          </gpxtpx:TrackPointExtension>
        </extensions>
      </trkpt>
      <trkpt lat="32.0156980678" lon="120.895527452">
        <ele>8.0</ele>
        <time>2026-08-07T15:15:47+0800</time>
        <extensions>
          <gpxtpx:TrackPointExtension>
            <gpxtpx:hr>155</gpxtpx:hr>
            <gpxtpx:cad>88</gpxtpx:cad>
          </gpxtpx:TrackPointExtension>
        </extensions>
      </trkpt>
      <trkpt lat="32.0157318469" lon="120.895529129">
        <ele>7.8</ele>
        <time>2026-08-07T15:15:48+0800</time>
        <extensions>
          <gpxtpx:TrackPointExtension>
            <gpxtpx:hr>154</gpxtpx:hr>
            <gpxtpx:cad>88</gpxtpx:cad>
          </gpxtpx:TrackPointExtension>
        </extensions>
      </trkpt>
      <trkpt lat="32.0157631114" lon="120.895540025">
        <ele>7.8</ele>
        <time>2026-08-07T15:15:49+0800</time>
        <extensions>
          <gpxtpx:TrackPointExtension>
            <gpxtpx:hr>155</gpxtpx:hr>
            <gpxtpx:cad>88</gpxtpx:cad>
          </gpxtpx:TrackPointExtension>
        </extensions>
      </trkpt>
      <trkpt lat="32.0157937054" lon="120.89554145">
        <ele>7.8</ele>
        <time>2026-08-07T15:15:50+0800</time>
        <extensions>
          <gpxtpx:TrackPointExtension>
            <gpxtpx:hr>155</gpxtpx:hr>
            <gpxtpx:cad>88</gpxtpx:cad>
          </gpxtpx:TrackPointExtension>
        </extensions>
      </trkpt>
      <trkpt lat="32.0158274006" lon="120.895552095">
        <ele>7.6</ele>
        <time>2026-08-07T15:15:51+0800</time>
        <extensions>
          <gpxtpx:TrackPointExtension>
            <gpxtpx:hr>156</gpxtpx:hr>
            <gpxtpx:cad>88</gpxtpx:cad>
          </gpxtpx:TrackPointExtension>
        </extensions>
      </trkpt>
      <trkpt lat="32.0158552285" lon="120.895551676">
        <ele>7.6</ele>
        <time>2026-08-07T15:15:52+0800</time>
        <extensions>
          <gpxtpx:TrackPointExtension>
            <gpxtpx:hr>157</gpxtpx:hr>
            <gpxtpx:cad>88</gpxtpx:cad>
          </gpxtpx:TrackPointExtension>
        </extensions>
      </trkpt>
      <trkpt lat="32.0158873312" lon="120.895562572">
        <ele>7.6</ele>
        <time>2026-08-07T15:15:53+0800</time>
        <extensions>
          <gpxtpx:TrackPointExtension>
            <gpxtpx:hr>157</gpxtpx:hr>
            <gpxtpx:cad>88</gpxtpx:cad>
          </gpxtpx:TrackPointExtension>
        </extensions>
      </trkpt>
      <trkpt lat="32.0159057714" lon="120.895558633">
        <ele>7.6</ele>
        <time>2026-08-07T15:15:54+0800</time>
        <extensions>
          <gpxtpx:TrackPointExtension>
            <gpxtpx:hr>156</gpxtpx:hr>
            <gpxtpx:cad>88</gpxtpx:cad>
          </gpxtpx:TrackPointExtension>
        </extensions>
      </trkpt>
      <trkpt lat="32.0159343537" lon="120.89556668">
        <ele>7.6</ele>
        <time>2026-08-07T15:15:55+0800</time>
        <extensions>
          <gpxtpx:TrackPointExtension>
            <gpxtpx:hr>157</gpxtpx:hr>
            <gpxtpx:cad>88</gpxtpx:cad>
          </gpxtpx:TrackPointExtension>
        </extensions>
      </trkpt>
      <trkpt lat="32.0159589127" lon="120.895572631">
        <ele>7.4</ele>
        <time>2026-08-07T15:15:56+0800</time>
        <extensions>
          <gpxtpx:TrackPointExtension>
            <gpxtpx:hr>156</gpxtpx:hr>
            <gpxtpx:cad>88</gpxtpx:cad>
          </gpxtpx:TrackPointExtension>
        </extensions>
      </trkpt>
      <trkpt lat="32.0159978885" lon="120.895588305">
        <ele>7.4</ele>
        <time>2026-08-07T15:15:57+0800</time>
        <extensions>
          <gpxtpx:TrackPointExtension>
            <gpxtpx:hr>155</gpxtpx:hr>
            <gpxtpx:cad>88</gpxtpx:cad>
          </gpxtpx:TrackPointExtension>
        </extensions>
      </trkpt>
      <trkpt lat="32.0160271414" lon="120.895598698">
        <ele>7.4</ele>
        <time>2026-08-07T15:15:58+0800</time>
        <extensions>
          <gpxtpx:TrackPointExtension>
            <gpxtpx:hr>155</gpxtpx:hr>
            <gpxtpx:cad>88</gpxtpx:cad>
          </gpxtpx:TrackPointExtension>
        </extensions>
      </trkpt>
      <trkpt lat="32.0160641056" lon="120.895610936">
        <ele>7.4</ele>
        <time>2026-08-07T15:15:59+0800</time>
        <extensions>
          <gpxtpx:TrackPointExtension>
            <gpxtpx:hr>155</gpxtpx:hr>
            <gpxtpx:cad>88</gpxtpx:cad>
          </gpxtpx:TrackPointExtension>
        </extensions>
      </trkpt>
      <trkpt lat="32.0160906762" lon="120.895617306">
        <ele>7.4</ele>
        <time>2026-08-07T15:16:00+0800</time>
        <extensions>
          <gpxtpx:TrackPointExtension>
            <gpxtpx:hr>155</gpxtpx:hr>
            <gpxtpx:cad>88</gpxtpx:cad>
          </gpxtpx:TrackPointExtension>
        </extensions>
      </trkpt>
      <trkpt lat="32.0161205158" lon="120.895626694">
        <ele>7.4</ele>
        <time>2026-08-07T15:16:01+0800</time>
        <extensions>
          <gpxtpx:TrackPointExtension>
            <gpxtpx:hr>155</gpxtpx:hr>
            <gpxtpx:cad>88</gpxtpx:cad>
          </gpxtpx:TrackPointExtension>
        </extensions>
      </trkpt>
      <trkpt lat="32.0161449071" lon="120.895639099">
        <ele>7.4</ele>
        <time>2026-08-07T15:16:02+0800</time>
        <extensions>
          <gpxtpx:TrackPointExtension>
            <gpxtpx:hr>153</gpxtpx:hr>
            <gpxtpx:cad>88</gpxtpx:cad>
          </gpxtpx:TrackPointExtension>
        </extensions>
      </trkpt>
      <trkpt lat="32.0161777642" lon="120.895647649">
        <ele>7.6</ele>
        <time>2026-08-07T15:16:03+0800</time>
        <extensions>
          <gpxtpx:TrackPointExtension>
            <gpxtpx:hr>152</gpxtpx:hr>
            <gpxtpx:cad>88</gpxtpx:cad>
          </gpxtpx:TrackPointExtension>
        </extensions>
      </trkpt>
      <trkpt lat="32.0162082743" lon="120.895659886">
        <ele>7.6</ele>
        <time>2026-08-07T15:16:04+0800</time>
        <extensions>
          <gpxtpx:TrackPointExtension>
            <gpxtpx:hr>151</gpxtpx:hr>
            <gpxtpx:cad>88</gpxtpx:cad>
          </gpxtpx:TrackPointExtension>
        </extensions>
      </trkpt>
      <trkpt lat="32.016240377" lon="120.895666759">
        <ele>7.6</ele>
        <time>2026-08-07T15:16:05+0800</time>
        <extensions>
          <gpxtpx:TrackPointExtension>
            <gpxtpx:hr>151</gpxtpx:hr>
            <gpxtpx:cad>88</gpxtpx:cad>
          </gpxtpx:TrackPointExtension>
        </extensions>
      </trkpt>
      <trkpt lat="32.0162753295" lon="120.895676734">
        <ele>7.6</ele>
        <time>2026-08-07T15:16:06+0800</time>
        <extensions>
          <gpxtpx:TrackPointExtension>
            <gpxtpx:hr>151</gpxtpx:hr>
            <gpxtpx:cad>88</gpxtpx:cad>
          </gpxtpx:TrackPointExtension>
        </extensions>
      </trkpt>
      <trkpt lat="32.0162990503" lon="120.895678997">
        <ele>7.6</ele>
        <time>2026-08-07T15:16:07+0800</time>
        <extensions>
          <gpxtpx:TrackPointExtension>
            <gpxtpx:hr>151</gpxtpx:hr>
            <gpxtpx:cad>88</gpxtpx:cad>
          </gpxtpx:TrackPointExtension>
        </extensions>
      </trkpt>
      <trkpt lat="32.0163363498" lon="120.895688804">
        <ele>7.6</ele>
        <time>2026-08-07T15:16:08+0800</time>
        <extensions>
          <gpxtpx:TrackPointExtension>
            <gpxtpx:hr>151</gpxtpx:hr>
            <gpxtpx:cad>88</gpxtpx:cad>
          </gpxtpx:TrackPointExtension>
        </extensions>
      </trkpt>
      <trkpt lat="32.0163628366" lon="120.895698778">
        <ele>7.6</ele>
        <time>2026-08-07T15:16:09+0800</time>
        <extensions>
          <gpxtpx:TrackPointExtension>
            <gpxtpx:hr>150</gpxtpx:hr>
            <gpxtpx:cad>88</gpxtpx:cad>
          </gpxtpx:TrackPointExtension>
        </extensions>
      </trkpt>
      <trkpt lat="32.0163958613" lon="120.895709842">
        <ele>7.6</ele>
        <time>2026-08-07T15:16:10+0800</time>
        <extensions>
          <gpxtpx:TrackPointExtension>
            <gpxtpx:hr>151</gpxtpx:hr>
            <gpxtpx:cad>88</gpxtpx:cad>
          </gpxtpx:TrackPointExtension>
        </extensions>
      </trkpt>
      <trkpt lat="32.0164155588" lon="120.895710513">
        <ele>7.6</ele>
        <time>2026-08-07T15:16:11+0800</time>
        <extensions>
          <gpxtpx:TrackPointExtension>
            <gpxtpx:hr>151</gpxtpx:hr>
            <gpxtpx:cad>88</gpxtpx:cad>
          </gpxtpx:TrackPointExtension>
        </extensions>
      </trkpt>
      <trkpt lat="32.0164427999" lon="120.895720739">
        <ele>7.6</ele>
        <time>2026-08-07T15:16:12+0800</time>
        <extensions>
          <gpxtpx:TrackPointExtension>
            <gpxtpx:hr>151</gpxtpx:hr>
            <gpxtpx:cad>88</gpxtpx:cad>
          </gpxtpx:TrackPointExtension>
        </extensions>
      </trkpt>
      <trkpt lat="32.0164698735" lon="120.895729875">
        <ele>7.8</ele>
        <time>2026-08-07T15:16:13+0800</time>
        <extensions>
          <gpxtpx:TrackPointExtension>
            <gpxtpx:hr>152</gpxtpx:hr>
            <gpxtpx:cad>88</gpxtpx:cad>
          </gpxtpx:TrackPointExtension>
        </extensions>
      </trkpt>
      <trkpt lat="32.0165002998" lon="120.895740353">
        <ele>7.8</ele>
        <time>2026-08-07T15:16:14+0800</time>
        <extensions>
          <gpxtpx:TrackPointExtension>
            <gpxtpx:hr>152</gpxtpx:hr>
            <gpxtpx:cad>88</gpxtpx:cad>
          </gpxtpx:TrackPointExtension>
        </extensions>
      </trkpt>
      <trkpt lat="32.0165227633" lon="120.89574907">
        <ele>7.8</ele>
        <time>2026-08-07T15:16:15+0800</time>
        <extensions>
          <gpxtpx:TrackPointExtension>
            <gpxtpx:hr>153</gpxtpx:hr>
            <gpxtpx:cad>88</gpxtpx:cad>
          </gpxtpx:TrackPointExtension>
        </extensions>
      </trkpt>
      <trkpt lat="32.0165536087" lon="120.895763151">
        <ele>7.8</ele>
        <time>2026-08-07T15:16:16+0800</time>
        <extensions>
          <gpxtpx:TrackPointExtension>
            <gpxtpx:hr>153</gpxtpx:hr>
            <gpxtpx:cad>88</gpxtpx:cad>
          </gpxtpx:TrackPointExtension>
        </extensions>
      </trkpt>
      <trkpt lat="32.0165804308" lon="120.895775976">
        <ele>7.8</ele>
        <time>2026-08-07T15:16:17+0800</time>
        <extensions>
          <gpxtpx:TrackPointExtension>
            <gpxtpx:hr>153</gpxtpx:hr>
            <gpxtpx:cad>88</gpxtpx:cad>
          </gpxtpx:TrackPointExtension>
        </extensions>
      </trkpt>
      <trkpt lat="32.0166074205" lon="120.895788129">
        <ele>7.6</ele>
        <time>2026-08-07T15:16:18+0800</time>
        <extensions>
          <gpxtpx:TrackPointExtension>
            <gpxtpx:hr>155</gpxtpx:hr>
            <gpxtpx:cad>88</gpxtpx:cad>
          </gpxtpx:TrackPointExtension>
        </extensions>
      </trkpt>
      <trkpt lat="32.0166342426" lon="120.895803468">
        <ele>7.6</ele>
        <time>2026-08-07T15:16:19+0800</time>
        <extensions>
          <gpxtpx:TrackPointExtension>
            <gpxtpx:hr>155</gpxtpx:hr>
            <gpxtpx:cad>88</gpxtpx:cad>
          </gpxtpx:TrackPointExtension>
        </extensions>
      </trkpt>
      <trkpt lat="32.016659556" lon="120.895811263">
        <ele>7.6</ele>
        <time>2026-08-07T15:16:20+0800</time>
        <extensions>
          <gpxtpx:TrackPointExtension>
            <gpxtpx:hr>155</gpxtpx:hr>
            <gpxtpx:cad>88</gpxtpx:cad>
          </gpxtpx:TrackPointExtension>
        </extensions>
      </trkpt>
      <trkpt lat="32.0166908205" lon="120.895823836">
        <ele>7.6</ele>
        <time>2026-08-07T15:16:21+0800</time>
        <extensions>
          <gpxtpx:TrackPointExtension>
            <gpxtpx:hr>157</gpxtpx:hr>
            <gpxtpx:cad>88</gpxtpx:cad>
          </gpxtpx:TrackPointExtension>
        </extensions>
      </trkpt>
      <trkpt lat="32.0167168882" lon="120.895824591">
        <ele>7.6</ele>
        <time>2026-08-07T15:16:22+0800</time>
        <extensions>
          <gpxtpx:TrackPointExtension>
            <gpxtpx:hr>158</gpxtpx:hr>
            <gpxtpx:cad>87</gpxtpx:cad>
          </gpxtpx:TrackPointExtension>
        </extensions>
      </trkpt>
      <trkpt lat="32.0167496614" lon="120.895836828">
        <ele>7.6</ele>
        <time>2026-08-07T15:16:23+0800</time>
        <extensions>
          <gpxtpx:TrackPointExtension>
            <gpxtpx:hr>157</gpxtpx:hr>
            <gpxtpx:cad>87</gpxtpx:cad>
          </gpxtpx:TrackPointExtension>
        </extensions>
      </trkpt>
      <trkpt lat="32.0167738851" lon="120.895836661">
        <ele>7.6</ele>
        <time>2026-08-07T15:16:24+0800</time>
        <extensions>
          <gpxtpx:TrackPointExtension>
            <gpxtpx:hr>159</gpxtpx:hr>
            <gpxtpx:cad>87</gpxtpx:cad>
          </gpxtpx:TrackPointExtension>
        </extensions>
      </trkpt>
      <trkpt lat="32.0168078318" lon="120.895853089">
        <ele>7.6</ele>
        <time>2026-08-07T15:16:25+0800</time>
        <extensions>
          <gpxtpx:TrackPointExtension>
            <gpxtpx:hr>160</gpxtpx:hr>
            <gpxtpx:cad>87</gpxtpx:cad>
          </gpxtpx:TrackPointExtension>
        </extensions>
      </trkpt>
      <trkpt lat="32.0168297086" lon="120.895857029">
        <ele>7.6</ele>
        <time>2026-08-07T15:16:26+0800</time>
        <extensions>
          <gpxtpx:TrackPointExtension>
            <gpxtpx:hr>158</gpxtpx:hr>
            <gpxtpx:cad>88</gpxtpx:cad>
          </gpxtpx:TrackPointExtension>
        </extensions>
      </trkpt>
      <trkpt lat="32.0168657508" lon="120.895865159">
        <ele>7.6</ele>
        <time>2026-08-07T15:16:27+0800</time>
        <extensions>
          <gpxtpx:TrackPointExtension>
            <gpxtpx:hr>158</gpxtpx:hr>
            <gpxtpx:cad>88</gpxtpx:cad>
          </gpxtpx:TrackPointExtension>
        </extensions>
      </trkpt>
      <trkpt lat="32.0168885496" lon="120.895871697">
        <ele>7.6</ele>
        <time>2026-08-07T15:16:28+0800</time>
        <extensions>
          <gpxtpx:TrackPointExtension>
            <gpxtpx:hr>160</gpxtpx:hr>
            <gpxtpx:cad>88</gpxtpx:cad>
          </gpxtpx:TrackPointExtension>
        </extensions>
      </trkpt>
      <trkpt lat="32.0169226639" lon="120.895879827">
        <ele>7.6</ele>
        <time>2026-08-07T15:16:29+0800</time>
        <extensions>
          <gpxtpx:TrackPointExtension>
            <gpxtpx:hr>160</gpxtpx:hr>
            <gpxtpx:cad>87</gpxtpx:cad>
          </gpxtpx:TrackPointExtension>
        </extensions>
      </trkpt>
      <trkpt lat="32.01695133" lon="120.895891646">
        <ele>7.4</ele>
        <time>2026-08-07T15:16:30+0800</time>
        <extensions>
          <gpxtpx:TrackPointExtension>
            <gpxtpx:hr>158</gpxtpx:hr>
            <gpxtpx:cad>87</gpxtpx:cad>
          </gpxtpx:TrackPointExtension>
        </extensions>
      </trkpt>
      <trkpt lat="32.0169820078" lon="120.895899273">
        <ele>7.6</ele>
        <time>2026-08-07T15:16:31+0800</time>
        <extensions>
          <gpxtpx:TrackPointExtension>
            <gpxtpx:hr>158</gpxtpx:hr>
            <gpxtpx:cad>87</gpxtpx:cad>
          </gpxtpx:TrackPointExtension>
        </extensions>
      </trkpt>
      <trkpt lat="32.0170105901" lon="120.895909164">
        <ele>7.6</ele>
        <time>2026-08-07T15:16:32+0800</time>
        <extensions>
          <gpxtpx:TrackPointExtension>
            <gpxtpx:hr>159</gpxtpx:hr>
            <gpxtpx:cad>87</gpxtpx:cad>
          </gpxtpx:TrackPointExtension>
        </extensions>
      </trkpt>
      <trkpt lat="32.0170409326" lon="120.89591587">
        <ele>7.4</ele>
        <time>2026-08-07T15:16:33+0800</time>
        <extensions>
          <gpxtpx:TrackPointExtension>
            <gpxtpx:hr>158</gpxtpx:hr>
            <gpxtpx:cad>87</gpxtpx:cad>
          </gpxtpx:TrackPointExtension>
        </extensions>
      </trkpt>
      <trkpt lat="32.0170768071" lon="120.895926012">
        <ele>7.4</ele>
        <time>2026-08-07T15:16:34+0800</time>
        <extensions>
          <gpxtpx:TrackPointExtension>
            <gpxtpx:hr>157</gpxtpx:hr>
            <gpxtpx:cad>87</gpxtpx:cad>
          </gpxtpx:TrackPointExtension>
        </extensions>
      </trkpt>
      <trkpt lat="32.0170996059" lon="120.8959297">
        <ele>7.6</ele>
        <time>2026-08-07T15:16:35+0800</time>
        <extensions>
          <gpxtpx:TrackPointExtension>
            <gpxtpx:hr>157</gpxtpx:hr>
            <gpxtpx:cad>87</gpxtpx:cad>
          </gpxtpx:TrackPointExtension>
        </extensions>
      </trkpt>
      <trkpt lat="32.0171348099" lon="120.895941518">
        <ele>7.6</ele>
        <time>2026-08-07T15:16:36+0800</time>
        <extensions>
          <gpxtpx:TrackPointExtension>
            <gpxtpx:hr>157</gpxtpx:hr>
            <gpxtpx:cad>87</gpxtpx:cad>
          </gpxtpx:TrackPointExtension>
        </extensions>
      </trkpt>
      <trkpt lat="32.0171614643" lon="120.895946044">
        <ele>7.4</ele>
        <time>2026-08-07T15:16:37+0800</time>
        <extensions>
          <gpxtpx:TrackPointExtension>
            <gpxtpx:hr>156</gpxtpx:hr>
            <gpxtpx:cad>87</gpxtpx:cad>
          </gpxtpx:TrackPointExtension>
        </extensions>
      </trkpt>
      <trkpt lat="32.0172018651" lon="120.895960797">
        <ele>7.4</ele>
        <time>2026-08-07T15:16:38+0800</time>
        <extensions>
          <gpxtpx:TrackPointExtension>
            <gpxtpx:hr>157</gpxtpx:hr>
            <gpxtpx:cad>87</gpxtpx:cad>
          </gpxtpx:TrackPointExtension>
        </extensions>
      </trkpt>
      <trkpt lat="32.0172271784" lon="120.895966412">
        <ele>7.4</ele>
        <time>2026-08-07T15:16:39+0800</time>
        <extensions>
          <gpxtpx:TrackPointExtension>
            <gpxtpx:hr>157</gpxtpx:hr>
            <gpxtpx:cad>87</gpxtpx:cad>
          </gpxtpx:TrackPointExtension>
        </extensions>
      </trkpt>
      <trkpt lat="32.0172659028" lon="120.895980494">
        <ele>7.4</ele>
        <time>2026-08-07T15:16:40+0800</time>
        <extensions>
          <gpxtpx:TrackPointExtension>
            <gpxtpx:hr>156</gpxtpx:hr>
            <gpxtpx:cad>87</gpxtpx:cad>
          </gpxtpx:TrackPointExtension>
        </extensions>
      </trkpt>
      <trkpt lat="32.0172956586" lon="120.895988038">
        <ele>7.4</ele>
        <time>2026-08-07T15:16:41+0800</time>
        <extensions>
          <gpxtpx:TrackPointExtension>
            <gpxtpx:hr>156</gpxtpx:hr>
            <gpxtpx:cad>87</gpxtpx:cad>
          </gpxtpx:TrackPointExtension>
        </extensions>
      </trkpt>
      <trkpt lat="32.0173307788" lon="120.895998599">
        <ele>7.4</ele>
        <time>2026-08-07T15:16:42+0800</time>
        <extensions>
          <gpxtpx:TrackPointExtension>
            <gpxtpx:hr>157</gpxtpx:hr>
            <gpxtpx:cad>87</gpxtpx:cad>
          </gpxtpx:TrackPointExtension>
        </extensions>
      </trkpt>
      <trkpt lat="32.0173593611" lon="120.896007987">
        <ele>7.6</ele>
        <time>2026-08-07T15:16:43+0800</time>
        <extensions>
          <gpxtpx:TrackPointExtension>
            <gpxtpx:hr>156</gpxtpx:hr>
            <gpxtpx:cad>87</gpxtpx:cad>
          </gpxtpx:TrackPointExtension>
        </extensions>
      </trkpt>
      <trkpt lat="32.0173898712" lon="120.896014944">
        <ele>7.6</ele>
        <time>2026-08-07T15:16:44+0800</time>
        <extensions>
          <gpxtpx:TrackPointExtension>
            <gpxtpx:hr>156</gpxtpx:hr>
            <gpxtpx:cad>87</gpxtpx:cad>
          </gpxtpx:TrackPointExtension>
        </extensions>
      </trkpt>
      <trkpt lat="32.0174184535" lon="120.896021733">
        <ele>7.8</ele>
        <time>2026-08-07T15:16:45+0800</time>
        <extensions>
          <gpxtpx:TrackPointExtension>
            <gpxtpx:hr>157</gpxtpx:hr>
            <gpxtpx:cad>88</gpxtpx:cad>
          </gpxtpx:TrackPointExtension>
        </extensions>
      </trkpt>
      <trkpt lat="32.0174467005" lon="120.896027852">
        <ele>7.8</ele>
        <time>2026-08-07T15:16:46+0800</time>
        <extensions>
          <gpxtpx:TrackPointExtension>
            <gpxtpx:hr>156</gpxtpx:hr>
            <gpxtpx:cad>88</gpxtpx:cad>
          </gpxtpx:TrackPointExtension>
        </extensions>
      </trkpt>
      <trkpt lat="32.0174751151" lon="120.896036569">
        <ele>8.0</ele>
        <time>2026-08-07T15:16:47+0800</time>
        <extensions>
          <gpxtpx:TrackPointExtension>
            <gpxtpx:hr>156</gpxtpx:hr>
            <gpxtpx:cad>88</gpxtpx:cad>
          </gpxtpx:TrackPointExtension>
        </extensions>
      </trkpt>
      <trkpt lat="32.0175024401" lon="120.896040257">
        <ele>7.8</ele>
        <time>2026-08-07T15:16:48+0800</time>
        <extensions>
          <gpxtpx:TrackPointExtension>
            <gpxtpx:hr>156</gpxtpx:hr>
            <gpxtpx:cad>88</gpxtpx:cad>
          </gpxtpx:TrackPointExtension>
        </extensions>
      </trkpt>
      <trkpt lat="32.0175323635" lon="120.896054422">
        <ele>7.8</ele>
        <time>2026-08-07T15:16:49+0800</time>
        <extensions>
          <gpxtpx:TrackPointExtension>
            <gpxtpx:hr>156</gpxtpx:hr>
            <gpxtpx:cad>88</gpxtpx:cad>
          </gpxtpx:TrackPointExtension>
        </extensions>
      </trkpt>
      <trkpt lat="32.0175591018" lon="120.896058697">
        <ele>7.6</ele>
        <time>2026-08-07T15:16:50+0800</time>
        <extensions>
          <gpxtpx:TrackPointExtension>
            <gpxtpx:hr>156</gpxtpx:hr>
            <gpxtpx:cad>88</gpxtpx:cad>
          </gpxtpx:TrackPointExtension>
        </extensions>
      </trkpt>
      <trkpt lat="32.0175932162" lon="120.896072779">
        <ele>7.4</ele>
        <time>2026-08-07T15:16:51+0800</time>
        <extensions>
          <gpxtpx:TrackPointExtension>
            <gpxtpx:hr>157</gpxtpx:hr>
            <gpxtpx:cad>89</gpxtpx:cad>
          </gpxtpx:TrackPointExtension>
        </extensions>
      </trkpt>
      <trkpt lat="32.0176208764" lon="120.896073785">
        <ele>7.4</ele>
        <time>2026-08-07T15:16:52+0800</time>
        <extensions>
          <gpxtpx:TrackPointExtension>
            <gpxtpx:hr>157</gpxtpx:hr>
            <gpxtpx:cad>89</gpxtpx:cad>
          </gpxtpx:TrackPointExtension>
        </extensions>
      </trkpt>
      <trkpt lat="32.0176572539" lon="120.896079736">
        <ele>7.4</ele>
        <time>2026-08-07T15:16:53+0800</time>
        <extensions>
          <gpxtpx:TrackPointExtension>
            <gpxtpx:hr>158</gpxtpx:hr>
            <gpxtpx:cad>89</gpxtpx:cad>
          </gpxtpx:TrackPointExtension>
        </extensions>
      </trkpt>
      <trkpt lat="32.0176874287" lon="120.896080909">
        <ele>7.6</ele>
        <time>2026-08-07T15:16:54+0800</time>
        <extensions>
          <gpxtpx:TrackPointExtension>
            <gpxtpx:hr>160</gpxtpx:hr>
            <gpxtpx:cad>89</gpxtpx:cad>
          </gpxtpx:TrackPointExtension>
        </extensions>
      </trkpt>
      <trkpt lat="32.0177235547" lon="120.896099098">
        <ele>7.4</ele>
        <time>2026-08-07T15:16:55+0800</time>
        <extensions>
          <gpxtpx:TrackPointExtension>
            <gpxtpx:hr>159</gpxtpx:hr>
            <gpxtpx:cad>89</gpxtpx:cad>
          </gpxtpx:TrackPointExtension>
        </extensions>
      </trkpt>
      <trkpt lat="32.0177470241" lon="120.896112425">
        <ele>7.6</ele>
        <time>2026-08-07T15:16:56+0800</time>
        <extensions>
          <gpxtpx:TrackPointExtension>
            <gpxtpx:hr>160</gpxtpx:hr>
            <gpxtpx:cad>89</gpxtpx:cad>
          </gpxtpx:TrackPointExtension>
        </extensions>
      </trkpt>
      <trkpt lat="32.0177723374" lon="120.89614151">
        <ele>7.4</ele>
        <time>2026-08-07T15:16:57+0800</time>
        <extensions>
          <gpxtpx:TrackPointExtension>
            <gpxtpx:hr>161</gpxtpx:hr>
            <gpxtpx:cad>90</gpxtpx:cad>
          </gpxtpx:TrackPointExtension>
        </extensions>
      </trkpt>
      <trkpt lat="32.0177950524" lon="120.89616674">
        <ele>7.4</ele>
        <time>2026-08-07T15:16:58+0800</time>
        <extensions>
          <gpxtpx:TrackPointExtension>
            <gpxtpx:hr>160</gpxtpx:hr>
            <gpxtpx:cad>90</gpxtpx:cad>
          </gpxtpx:TrackPointExtension>
        </extensions>
      </trkpt>
      <trkpt lat="32.0178007521" lon="120.896202531">
        <ele>7.4</ele>
        <time>2026-08-07T15:16:59+0800</time>
        <extensions>
          <gpxtpx:TrackPointExtension>
            <gpxtpx:hr>162</gpxtpx:hr>
            <gpxtpx:cad>90</gpxtpx:cad>
          </gpxtpx:TrackPointExtension>
        </extensions>
      </trkpt>
      <trkpt lat="32.0178033505" lon="120.89624444">
        <ele>7.4</ele>
        <time>2026-08-07T15:17:00+0800</time>
        <extensions>
          <gpxtpx:TrackPointExtension>
            <gpxtpx:hr>162</gpxtpx:hr>
            <gpxtpx:cad>90</gpxtpx:cad>
          </gpxtpx:TrackPointExtension>
        </extensions>
      </trkpt>
      <trkpt lat="32.0177955553" lon="120.89628417">
        <ele>7.4</ele>
        <time>2026-08-07T15:17:01+0800</time>
        <extensions>
          <gpxtpx:TrackPointExtension>
            <gpxtpx:hr>162</gpxtpx:hr>
            <gpxtpx:cad>90</gpxtpx:cad>
          </gpxtpx:TrackPointExtension>
        </extensions>
      </trkpt>
      <trkpt lat="32.0177896041" lon="120.896328678">
        <ele>7.4</ele>
        <time>2026-08-07T15:17:02+0800</time>
        <extensions>
          <gpxtpx:TrackPointExtension>
            <gpxtpx:hr>162</gpxtpx:hr>
            <gpxtpx:cad>90</gpxtpx:cad>
          </gpxtpx:TrackPointExtension>
        </extensions>
      </trkpt>
      <trkpt lat="32.01777854" lon="120.896368325">
        <ele>7.6</ele>
        <time>2026-08-07T15:17:03+0800</time>
        <extensions>
          <gpxtpx:TrackPointExtension>
            <gpxtpx:hr>163</gpxtpx:hr>
            <gpxtpx:cad>90</gpxtpx:cad>
          </gpxtpx:TrackPointExtension>
        </extensions>
      </trkpt>
      <trkpt lat="32.0177714154" lon="120.896409983">
        <ele>7.6</ele>
        <time>2026-08-07T15:17:04+0800</time>
        <extensions>
          <gpxtpx:TrackPointExtension>
            <gpxtpx:hr>163</gpxtpx:hr>
            <gpxtpx:cad>90</gpxtpx:cad>
          </gpxtpx:TrackPointExtension>
        </extensions>
      </trkpt>
      <trkpt lat="32.0177607704" lon="120.896446612">
        <ele>7.6</ele>
        <time>2026-08-07T15:17:05+0800</time>
        <extensions>
          <gpxtpx:TrackPointExtension>
            <gpxtpx:hr>163</gpxtpx:hr>
            <gpxtpx:cad>90</gpxtpx:cad>
          </gpxtpx:TrackPointExtension>
        </extensions>
      </trkpt>
      <trkpt lat="32.0177523885" lon="120.896487348">
        <ele>7.6</ele>
        <time>2026-08-07T15:17:06+0800</time>
        <extensions>
          <gpxtpx:TrackPointExtension>
            <gpxtpx:hr>164</gpxtpx:hr>
            <gpxtpx:cad>90</gpxtpx:cad>
          </gpxtpx:TrackPointExtension>
        </extensions>
      </trkpt>
      <trkpt lat="32.017741492" lon="120.896522133">
        <ele>7.8</ele>
        <time>2026-08-07T15:17:07+0800</time>
        <extensions>
          <gpxtpx:TrackPointExtension>
            <gpxtpx:hr>164</gpxtpx:hr>
            <gpxtpx:cad>90</gpxtpx:cad>
          </gpxtpx:TrackPointExtension>
        </extensions>
      </trkpt>
      <trkpt lat="32.0177335292" lon="120.896562366">
        <ele>7.8</ele>
        <time>2026-08-07T15:17:08+0800</time>
        <extensions>
          <gpxtpx:TrackPointExtension>
            <gpxtpx:hr>163</gpxtpx:hr>
            <gpxtpx:cad>90</gpxtpx:cad>
          </gpxtpx:TrackPointExtension>
        </extensions>
      </trkpt>
      <trkpt lat="32.0177208725" lon="120.896598408">
        <ele>7.6</ele>
        <time>2026-08-07T15:17:09+0800</time>
        <extensions>
          <gpxtpx:TrackPointExtension>
            <gpxtpx:hr>164</gpxtpx:hr>
            <gpxtpx:cad>90</gpxtpx:cad>
          </gpxtpx:TrackPointExtension>
        </extensions>
      </trkpt>
      <trkpt lat="32.0177182741" lon="120.896633193">
        <ele>7.6</ele>
        <time>2026-08-07T15:17:10+0800</time>
        <extensions>
          <gpxtpx:TrackPointExtension>
            <gpxtpx:hr>165</gpxtpx:hr>
            <gpxtpx:cad>90</gpxtpx:cad>
          </gpxtpx:TrackPointExtension>
        </extensions>
      </trkpt>
      <trkpt lat="32.017711401" lon="120.896665882">
        <ele>7.6</ele>
        <time>2026-08-07T15:17:11+0800</time>
        <extensions>
          <gpxtpx:TrackPointExtension>
            <gpxtpx:hr>164</gpxtpx:hr>
            <gpxtpx:cad>90</gpxtpx:cad>
          </gpxtpx:TrackPointExtension>
        </extensions>
      </trkpt>
      <trkpt lat="32.0177058689" lon="120.896701422">
        <ele>7.8</ele>
        <time>2026-08-07T15:17:12+0800</time>
        <extensions>
          <gpxtpx:TrackPointExtension>
            <gpxtpx:hr>164</gpxtpx:hr>
            <gpxtpx:cad>90</gpxtpx:cad>
          </gpxtpx:TrackPointExtension>
        </extensions>
      </trkpt>
      <trkpt lat="32.0176945534" lon="120.896731094">
        <ele>7.8</ele>
        <time>2026-08-07T15:17:13+0800</time>
        <extensions>
          <gpxtpx:TrackPointExtension>
            <gpxtpx:hr>165</gpxtpx:hr>
            <gpxtpx:cad>90</gpxtpx:cad>
          </gpxtpx:TrackPointExtension>
        </extensions>
      </trkpt>
      <trkpt lat="32.0176900271" lon="120.896766717">
        <ele>8.0</ele>
        <time>2026-08-07T15:17:14+0800</time>
        <extensions>
          <gpxtpx:TrackPointExtension>
            <gpxtpx:hr>166</gpxtpx:hr>
            <gpxtpx:cad>90</gpxtpx:cad>
          </gpxtpx:TrackPointExtension>
        </extensions>
      </trkpt>
      <trkpt lat="32.0176779572" lon="120.896797143">
        <ele>8.0</ele>
        <time>2026-08-07T15:17:15+0800</time>
        <extensions>
          <gpxtpx:TrackPointExtension>
            <gpxtpx:hr>165</gpxtpx:hr>
            <gpxtpx:cad>90</gpxtpx:cad>
          </gpxtpx:TrackPointExtension>
        </extensions>
      </trkpt>
      <trkpt lat="32.0176686533" lon="120.896837208">
        <ele>8.0</ele>
        <time>2026-08-07T15:17:16+0800</time>
        <extensions>
          <gpxtpx:TrackPointExtension>
            <gpxtpx:hr>165</gpxtpx:hr>
            <gpxtpx:cad>90</gpxtpx:cad>
          </gpxtpx:TrackPointExtension>
        </extensions>
      </trkpt>
      <trkpt lat="32.0176557451" lon="120.896868892">
        <ele>8.0</ele>
        <time>2026-08-07T15:17:17+0800</time>
        <extensions>
          <gpxtpx:TrackPointExtension>
            <gpxtpx:hr>166</gpxtpx:hr>
            <gpxtpx:cad>90</gpxtpx:cad>
          </gpxtpx:TrackPointExtension>
        </extensions>
      </trkpt>
      <trkpt lat="32.0176492073" lon="120.896906443">
        <ele>8.0</ele>
        <time>2026-08-07T15:17:18+0800</time>
        <extensions>
          <gpxtpx:TrackPointExtension>
            <gpxtpx:hr>167</gpxtpx:hr>
            <gpxtpx:cad>90</gpxtpx:cad>
          </gpxtpx:TrackPointExtension>
        </extensions>
      </trkpt>
      <trkpt lat="32.0176407415" lon="120.896941647">
        <ele>8.0</ele>
        <time>2026-08-07T15:17:19+0800</time>
        <extensions>
          <gpxtpx:TrackPointExtension>
            <gpxtpx:hr>166</gpxtpx:hr>
            <gpxtpx:cad>90</gpxtpx:cad>
          </gpxtpx:TrackPointExtension>
        </extensions>
      </trkpt>
      <trkpt lat="32.0176356286" lon="120.896978946">
        <ele>8.0</ele>
        <time>2026-08-07T15:17:20+0800</time>
        <extensions>
          <gpxtpx:TrackPointExtension>
            <gpxtpx:hr>165</gpxtpx:hr>
            <gpxtpx:cad>89</gpxtpx:cad>
          </gpxtpx:TrackPointExtension>
        </extensions>
      </trkpt>
      <trkpt lat="32.0176254027" lon="120.897014318">
        <ele>8.0</ele>
        <time>2026-08-07T15:17:21+0800</time>
        <extensions>
          <gpxtpx:TrackPointExtension>
            <gpxtpx:hr>165</gpxtpx:hr>
            <gpxtpx:cad>89</gpxtpx:cad>
          </gpxtpx:TrackPointExtension>
        </extensions>
      </trkpt>
      <trkpt lat="32.0176227205" lon="120.897049773">
        <ele>8.0</ele>
        <time>2026-08-07T15:17:22+0800</time>
        <extensions>
          <gpxtpx:TrackPointExtension>
            <gpxtpx:hr>166</gpxtpx:hr>
            <gpxtpx:cad>89</gpxtpx:cad>
          </gpxtpx:TrackPointExtension>
        </extensions>
      </trkpt>
      <trkpt lat="32.0176142547" lon="120.897085648">
        <ele>8.0</ele>
        <time>2026-08-07T15:17:23+0800</time>
        <extensions>
          <gpxtpx:TrackPointExtension>
            <gpxtpx:hr>166</gpxtpx:hr>
            <gpxtpx:cad>89</gpxtpx:cad>
          </gpxtpx:TrackPointExtension>
        </extensions>
      </trkpt>
      <trkpt lat="32.017609477" lon="120.897123031">
        <ele>8.0</ele>
        <time>2026-08-07T15:17:24+0800</time>
        <extensions>
          <gpxtpx:TrackPointExtension>
            <gpxtpx:hr>165</gpxtpx:hr>
            <gpxtpx:cad>89</gpxtpx:cad>
          </gpxtpx:TrackPointExtension>
        </extensions>
      </trkpt>
      <trkpt lat="32.0176021848" lon="120.897158235">
        <ele>8.2</ele>
        <time>2026-08-07T15:17:25+0800</time>
        <extensions>
          <gpxtpx:TrackPointExtension>
            <gpxtpx:hr>165</gpxtpx:hr>
            <gpxtpx:cad>89</gpxtpx:cad>
          </gpxtpx:TrackPointExtension>
        </extensions>
      </trkpt>
      <trkpt lat="32.0175958984" lon="120.897190338">
        <ele>8.2</ele>
        <time>2026-08-07T15:17:26+0800</time>
        <extensions>
          <gpxtpx:TrackPointExtension>
            <gpxtpx:hr>166</gpxtpx:hr>
            <gpxtpx:cad>89</gpxtpx:cad>
          </gpxtpx:TrackPointExtension>
        </extensions>
      </trkpt>
      <trkpt lat="32.0175865106" lon="120.897224955">
        <ele>8.2</ele>
        <time>2026-08-07T15:17:27+0800</time>
        <extensions>
          <gpxtpx:TrackPointExtension>
            <gpxtpx:hr>166</gpxtpx:hr>
            <gpxtpx:cad>89</gpxtpx:cad>
          </gpxtpx:TrackPointExtension>
        </extensions>
      </trkpt>
      <trkpt lat="32.0175808109" lon="120.897255633">
        <ele>8.2</ele>
        <time>2026-08-07T15:17:28+0800</time>
        <extensions>
          <gpxtpx:TrackPointExtension>
            <gpxtpx:hr>165</gpxtpx:hr>
            <gpxtpx:cad>90</gpxtpx:cad>
          </gpxtpx:TrackPointExtension>
        </extensions>
      </trkpt>
      <trkpt lat="32.0175723452" lon="120.897288993">
        <ele>8.0</ele>
        <time>2026-08-07T15:17:29+0800</time>
        <extensions>
          <gpxtpx:TrackPointExtension>
            <gpxtpx:hr>165</gpxtpx:hr>
            <gpxtpx:cad>90</gpxtpx:cad>
          </gpxtpx:TrackPointExtension>
        </extensions>
      </trkpt>
      <trkpt lat="32.0175682381" lon="120.897325035">
        <ele>8.0</ele>
        <time>2026-08-07T15:17:30+0800</time>
        <extensions>
          <gpxtpx:TrackPointExtension>
            <gpxtpx:hr>165</gpxtpx:hr>
            <gpxtpx:cad>90</gpxtpx:cad>
          </gpxtpx:TrackPointExtension>
        </extensions>
      </trkpt>
      <trkpt lat="32.0175579283" lon="120.897361161">
        <ele>7.8</ele>
        <time>2026-08-07T15:17:31+0800</time>
        <extensions>
          <gpxtpx:TrackPointExtension>
            <gpxtpx:hr>166</gpxtpx:hr>
            <gpxtpx:cad>90</gpxtpx:cad>
          </gpxtpx:TrackPointExtension>
        </extensions>
      </trkpt>
      <trkpt lat="32.0175545756" lon="120.897396617">
        <ele>7.8</ele>
        <time>2026-08-07T15:17:32+0800</time>
        <extensions>
          <gpxtpx:TrackPointExtension>
            <gpxtpx:hr>165</gpxtpx:hr>
            <gpxtpx:cad>90</gpxtpx:cad>
          </gpxtpx:TrackPointExtension>
        </extensions>
      </trkpt>
      <trkpt lat="32.0175417513" lon="120.897433916">
        <ele>7.8</ele>
        <time>2026-08-07T15:17:33+0800</time>
        <extensions>
          <gpxtpx:TrackPointExtension>
            <gpxtpx:hr>164</gpxtpx:hr>
            <gpxtpx:cad>90</gpxtpx:cad>
          </gpxtpx:TrackPointExtension>
        </extensions>
      </trkpt>
      <trkpt lat="32.0175379794" lon="120.897470796">
        <ele>7.8</ele>
        <time>2026-08-07T15:17:34+0800</time>
        <extensions>
          <gpxtpx:TrackPointExtension>
            <gpxtpx:hr>164</gpxtpx:hr>
            <gpxtpx:cad>90</gpxtpx:cad>
          </gpxtpx:TrackPointExtension>
        </extensions>
      </trkpt>
      <trkpt lat="32.0175280888" lon="120.897509353">
        <ele>7.6</ele>
        <time>2026-08-07T15:17:35+0800</time>
        <extensions>
          <gpxtpx:TrackPointExtension>
            <gpxtpx:hr>165</gpxtpx:hr>
            <gpxtpx:cad>90</gpxtpx:cad>
          </gpxtpx:TrackPointExtension>
        </extensions>
      </trkpt>
      <trkpt lat="32.0175245684" lon="120.89754506">
        <ele>7.6</ele>
        <time>2026-08-07T15:17:36+0800</time>
        <extensions>
          <gpxtpx:TrackPointExtension>
            <gpxtpx:hr>163</gpxtpx:hr>
            <gpxtpx:cad>90</gpxtpx:cad>
          </gpxtpx:TrackPointExtension>
        </extensions>
      </trkpt>
      <trkpt lat="32.0175149292" lon="120.897583868">
        <ele>7.6</ele>
        <time>2026-08-07T15:17:37+0800</time>
        <extensions>
          <gpxtpx:TrackPointExtension>
            <gpxtpx:hr>162</gpxtpx:hr>
            <gpxtpx:cad>89</gpxtpx:cad>
          </gpxtpx:TrackPointExtension>
        </extensions>
      </trkpt>
      <trkpt lat="32.0175117441" lon="120.897616474">
        <ele>7.6</ele>
        <time>2026-08-07T15:17:38+0800</time>
        <extensions>
          <gpxtpx:TrackPointExtension>
            <gpxtpx:hr>163</gpxtpx:hr>
            <gpxtpx:cad>89</gpxtpx:cad>
          </gpxtpx:TrackPointExtension>
        </extensions>
      </trkpt>
      <trkpt lat="32.0175023563" lon="120.897654109">
        <ele>7.6</ele>
        <time>2026-08-07T15:17:39+0800</time>
        <extensions>
          <gpxtpx:TrackPointExtension>
            <gpxtpx:hr>163</gpxtpx:hr>
            <gpxtpx:cad>89</gpxtpx:cad>
          </gpxtpx:TrackPointExtension>
        </extensions>
      </trkpt>
      <trkpt lat="32.0174995065" lon="120.897684367">
        <ele>7.6</ele>
        <time>2026-08-07T15:17:40+0800</time>
        <extensions>
          <gpxtpx:TrackPointExtension>
            <gpxtpx:hr>162</gpxtpx:hr>
            <gpxtpx:cad>89</gpxtpx:cad>
          </gpxtpx:TrackPointExtension>
        </extensions>
      </trkpt>
      <trkpt lat="32.0174896158" lon="120.897723427">
        <ele>7.6</ele>
        <time>2026-08-07T15:17:41+0800</time>
        <extensions>
          <gpxtpx:TrackPointExtension>
            <gpxtpx:hr>161</gpxtpx:hr>
            <gpxtpx:cad>89</gpxtpx:cad>
          </gpxtpx:TrackPointExtension>
        </extensions>
      </trkpt>
      <trkpt lat="32.017492298" lon="120.897756284">
        <ele>7.6</ele>
        <time>2026-08-07T15:17:42+0800</time>
        <extensions>
          <gpxtpx:TrackPointExtension>
            <gpxtpx:hr>162</gpxtpx:hr>
            <gpxtpx:cad>89</gpxtpx:cad>
          </gpxtpx:TrackPointExtension>
        </extensions>
      </trkpt>
      <trkpt lat="32.0174835809" lon="120.897797523">
        <ele>7.6</ele>
        <time>2026-08-07T15:17:43+0800</time>
        <extensions>
          <gpxtpx:TrackPointExtension>
            <gpxtpx:hr>161</gpxtpx:hr>
            <gpxtpx:cad>89</gpxtpx:cad>
          </gpxtpx:TrackPointExtension>
        </extensions>
      </trkpt>
      <trkpt lat="32.0174778812" lon="120.897828788">
        <ele>7.6</ele>
        <time>2026-08-07T15:17:44+0800</time>
        <extensions>
          <gpxtpx:TrackPointExtension>
            <gpxtpx:hr>160</gpxtpx:hr>
            <gpxtpx:cad>89</gpxtpx:cad>
          </gpxtpx:TrackPointExtension>
        </extensions>
      </trkpt>
      <trkpt lat="32.0174679905" lon="120.897866087">
        <ele>7.8</ele>
        <time>2026-08-07T15:17:45+0800</time>
        <extensions>
          <gpxtpx:TrackPointExtension>
            <gpxtpx:hr>161</gpxtpx:hr>
            <gpxtpx:cad>89</gpxtpx:cad>
          </gpxtpx:TrackPointExtension>
        </extensions>
      </trkpt>
      <trkpt lat="32.0174601115" lon="120.897903135">
        <ele>7.8</ele>
        <time>2026-08-07T15:17:46+0800</time>
        <extensions>
          <gpxtpx:TrackPointExtension>
            <gpxtpx:hr>162</gpxtpx:hr>
            <gpxtpx:cad>89</gpxtpx:cad>
          </gpxtpx:TrackPointExtension>
        </extensions>
      </trkpt>
      <trkpt lat="32.0174485445" lon="120.89793792">
        <ele>8.0</ele>
        <time>2026-08-07T15:17:47+0800</time>
        <extensions>
          <gpxtpx:TrackPointExtension>
            <gpxtpx:hr>160</gpxtpx:hr>
            <gpxtpx:cad>89</gpxtpx:cad>
          </gpxtpx:TrackPointExtension>
        </extensions>
      </trkpt>
      <trkpt lat="32.0174441859" lon="120.897972789">
        <ele>8.0</ele>
        <time>2026-08-07T15:17:48+0800</time>
        <extensions>
          <gpxtpx:TrackPointExtension>
            <gpxtpx:hr>160</gpxtpx:hr>
            <gpxtpx:cad>89</gpxtpx:cad>
          </gpxtpx:TrackPointExtension>
        </extensions>
      </trkpt>
      <trkpt lat="32.0174360555" lon="120.898006652">
        <ele>8.2</ele>
        <time>2026-08-07T15:17:49+0800</time>
        <extensions>
          <gpxtpx:TrackPointExtension>
            <gpxtpx:hr>162</gpxtpx:hr>
            <gpxtpx:cad>89</gpxtpx:cad>
          </gpxtpx:TrackPointExtension>
        </extensions>
      </trkpt>
      <trkpt lat="32.0174347982" lon="120.898031127">
        <ele>8.0</ele>
        <time>2026-08-07T15:17:50+0800</time>
        <extensions>
          <gpxtpx:TrackPointExtension>
            <gpxtpx:hr>162</gpxtpx:hr>
            <gpxtpx:cad>89</gpxtpx:cad>
          </gpxtpx:TrackPointExtension>
        </extensions>
      </trkpt>
      <trkpt lat="32.0174249075" lon="120.89807027">
        <ele>8.0</ele>
        <time>2026-08-07T15:17:51+0800</time>
        <extensions>
          <gpxtpx:TrackPointExtension>
            <gpxtpx:hr>161</gpxtpx:hr>
            <gpxtpx:cad>89</gpxtpx:cad>
          </gpxtpx:TrackPointExtension>
        </extensions>
      </trkpt>
      <trkpt lat="32.0174166095" lon="120.898091057">
        <ele>7.8</ele>
        <time>2026-08-07T15:17:52+0800</time>
        <extensions>
          <gpxtpx:TrackPointExtension>
            <gpxtpx:hr>162</gpxtpx:hr>
            <gpxtpx:cad>89</gpxtpx:cad>
          </gpxtpx:TrackPointExtension>
        </extensions>
      </trkpt>
      <trkpt lat="32.0174047071" lon="120.898129363">
        <ele>7.8</ele>
        <time>2026-08-07T15:17:53+0800</time>
        <extensions>
          <gpxtpx:TrackPointExtension>
            <gpxtpx:hr>163</gpxtpx:hr>
            <gpxtpx:cad>89</gpxtpx:cad>
          </gpxtpx:TrackPointExtension>
        </extensions>
      </trkpt>
      <trkpt lat="32.0173930563" lon="120.898153754">
        <ele>7.8</ele>
        <time>2026-08-07T15:17:54+0800</time>
        <extensions>
          <gpxtpx:TrackPointExtension>
            <gpxtpx:hr>162</gpxtpx:hr>
            <gpxtpx:cad>89</gpxtpx:cad>
          </gpxtpx:TrackPointExtension>
        </extensions>
      </trkpt>
      <trkpt lat="32.0173812378" lon="120.898186611">
        <ele>7.8</ele>
        <time>2026-08-07T15:17:55+0800</time>
        <extensions>
          <gpxtpx:TrackPointExtension>
            <gpxtpx:hr>161</gpxtpx:hr>
            <gpxtpx:cad>88</gpxtpx:cad>
          </gpxtpx:TrackPointExtension>
        </extensions>
      </trkpt>
      <trkpt lat="32.0173662342" lon="120.898210332">
        <ele>7.8</ele>
        <time>2026-08-07T15:17:56+0800</time>
        <extensions>
          <gpxtpx:TrackPointExtension>
            <gpxtpx:hr>162</gpxtpx:hr>
            <gpxtpx:cad>88</gpxtpx:cad>
          </gpxtpx:TrackPointExtension>
        </extensions>
      </trkpt>
      <trkpt lat="32.0173564274" lon="120.898243524">
        <ele>8.0</ele>
        <time>2026-08-07T15:17:57+0800</time>
        <extensions>
          <gpxtpx:TrackPointExtension>
            <gpxtpx:hr>162</gpxtpx:hr>
            <gpxtpx:cad>88</gpxtpx:cad>
          </gpxtpx:TrackPointExtension>
        </extensions>
      </trkpt>
      <trkpt lat="32.0173464529" lon="120.898273364">
        <ele>8.0</ele>
        <time>2026-08-07T15:17:58+0800</time>
        <extensions>
          <gpxtpx:TrackPointExtension>
            <gpxtpx:hr>162</gpxtpx:hr>
            <gpxtpx:cad>88</gpxtpx:cad>
          </gpxtpx:TrackPointExtension>
        </extensions>
      </trkpt>
      <trkpt lat="32.0173409209" lon="120.898304544">
        <ele>8.0</ele>
        <time>2026-08-07T15:17:59+0800</time>
        <extensions>
          <gpxtpx:TrackPointExtension>
            <gpxtpx:hr>162</gpxtpx:hr>
            <gpxtpx:cad>88</gpxtpx:cad>
          </gpxtpx:TrackPointExtension>
        </extensions>
      </trkpt>
      <trkpt lat="32.0173342153" lon="120.898339581">
        <ele>8.0</ele>
        <time>2026-08-07T15:18:00+0800</time>
        <extensions>
          <gpxtpx:TrackPointExtension>
            <gpxtpx:hr>161</gpxtpx:hr>
            <gpxtpx:cad>88</gpxtpx:cad>
          </gpxtpx:TrackPointExtension>
        </extensions>
      </trkpt>
      <trkpt lat="32.0173363108" lon="120.898371683">
        <ele>8.0</ele>
        <time>2026-08-07T15:18:01+0800</time>
        <extensions>
          <gpxtpx:TrackPointExtension>
            <gpxtpx:hr>162</gpxtpx:hr>
            <gpxtpx:cad>88</gpxtpx:cad>
          </gpxtpx:TrackPointExtension>
        </extensions>
      </trkpt>
      <trkpt lat="32.0173347183" lon="120.89840563">
        <ele>8.2</ele>
        <time>2026-08-07T15:18:02+0800</time>
        <extensions>
          <gpxtpx:TrackPointExtension>
            <gpxtpx:hr>162</gpxtpx:hr>
            <gpxtpx:cad>88</gpxtpx:cad>
          </gpxtpx:TrackPointExtension>
        </extensions>
      </trkpt>
      <trkpt lat="32.0173388254" lon="120.89843329">
        <ele>8.2</ele>
        <time>2026-08-07T15:18:03+0800</time>
        <extensions>
          <gpxtpx:TrackPointExtension>
            <gpxtpx:hr>161</gpxtpx:hr>
            <gpxtpx:cad>88</gpxtpx:cad>
          </gpxtpx:TrackPointExtension>
        </extensions>
      </trkpt>
      <trkpt lat="32.0173319522" lon="120.898464723">
        <ele>8.2</ele>
        <time>2026-08-07T15:18:04+0800</time>
        <extensions>
          <gpxtpx:TrackPointExtension>
            <gpxtpx:hr>161</gpxtpx:hr>
            <gpxtpx:cad>88</gpxtpx:cad>
          </gpxtpx:TrackPointExtension>
        </extensions>
      </trkpt>
      <trkpt lat="32.0173339639" lon="120.89849188">
        <ele>8.4</ele>
        <time>2026-08-07T15:18:05+0800</time>
        <extensions>
          <gpxtpx:TrackPointExtension>
            <gpxtpx:hr>162</gpxtpx:hr>
            <gpxtpx:cad>89</gpxtpx:cad>
          </gpxtpx:TrackPointExtension>
        </extensions>
      </trkpt>
      <trkpt lat="32.0173280966" lon="120.898522977">
        <ele>8.4</ele>
        <time>2026-08-07T15:18:06+0800</time>
        <extensions>
          <gpxtpx:TrackPointExtension>
            <gpxtpx:hr>161</gpxtpx:hr>
            <gpxtpx:cad>89</gpxtpx:cad>
          </gpxtpx:TrackPointExtension>
        </extensions>
      </trkpt>
      <trkpt lat="32.0173242409" lon="120.898544351">
        <ele>8.4</ele>
        <time>2026-08-07T15:18:07+0800</time>
        <extensions>
          <gpxtpx:TrackPointExtension>
            <gpxtpx:hr>160</gpxtpx:hr>
            <gpxtpx:cad>89</gpxtpx:cad>
          </gpxtpx:TrackPointExtension>
        </extensions>
      </trkpt>
      <trkpt lat="32.0173134282" lon="120.898577375">
        <ele>8.4</ele>
        <time>2026-08-07T15:18:08+0800</time>
        <extensions>
          <gpxtpx:TrackPointExtension>
            <gpxtpx:hr>161</gpxtpx:hr>
            <gpxtpx:cad>89</gpxtpx:cad>
          </gpxtpx:TrackPointExtension>
        </extensions>
      </trkpt>
      <trkpt lat="32.0173055492" lon="120.898598917">
        <ele>8.4</ele>
        <time>2026-08-07T15:18:09+0800</time>
        <extensions>
          <gpxtpx:TrackPointExtension>
            <gpxtpx:hr>162</gpxtpx:hr>
            <gpxtpx:cad>89</gpxtpx:cad>
          </gpxtpx:TrackPointExtension>
        </extensions>
      </trkpt>
      <trkpt lat="32.0172884502" lon="120.898629846">
        <ele>8.2</ele>
        <time>2026-08-07T15:18:10+0800</time>
        <extensions>
          <gpxtpx:TrackPointExtension>
            <gpxtpx:hr>162</gpxtpx:hr>
            <gpxtpx:cad>88</gpxtpx:cad>
          </gpxtpx:TrackPointExtension>
        </extensions>
      </trkpt>
      <trkpt lat="32.01727462" lon="120.898647029">
        <ele>8.2</ele>
        <time>2026-08-07T15:18:11+0800</time>
        <extensions>
          <gpxtpx:TrackPointExtension>
            <gpxtpx:hr>161</gpxtpx:hr>
            <gpxtpx:cad>88</gpxtpx:cad>
          </gpxtpx:TrackPointExtension>
        </extensions>
      </trkpt>
      <trkpt lat="32.017249139" lon="120.898670834">
        <ele>8.2</ele>
        <time>2026-08-07T15:18:12+0800</time>
        <extensions>
          <gpxtpx:TrackPointExtension>
            <gpxtpx:hr>161</gpxtpx:hr>
            <gpxtpx:cad>88</gpxtpx:cad>
          </gpxtpx:TrackPointExtension>
        </extensions>
      </trkpt>
      <trkpt lat="32.0172325429" lon="120.898686256">
        <ele>8.4</ele>
        <time>2026-08-07T15:18:13+0800</time>
        <extensions>
          <gpxtpx:TrackPointExtension>
            <gpxtpx:hr>161</gpxtpx:hr>
            <gpxtpx:cad>88</gpxtpx:cad>
          </gpxtpx:TrackPointExtension>
        </extensions>
      </trkpt>
      <trkpt lat="32.0172032062" lon="120.898695644">
        <ele>8.4</ele>
        <time>2026-08-07T15:18:14+0800</time>
        <extensions>
          <gpxtpx:TrackPointExtension>
            <gpxtpx:hr>161</gpxtpx:hr>
            <gpxtpx:cad>87</gpxtpx:cad>
          </gpxtpx:TrackPointExtension>
        </extensions>
      </trkpt>
      <trkpt lat="32.0171783958" lon="120.898692627">
        <ele>8.4</ele>
        <time>2026-08-07T15:18:15+0800</time>
        <extensions>
          <gpxtpx:TrackPointExtension>
            <gpxtpx:hr>160</gpxtpx:hr>
            <gpxtpx:cad>88</gpxtpx:cad>
          </gpxtpx:TrackPointExtension>
        </extensions>
      </trkpt>
      <trkpt lat="32.0171515737" lon="120.898694219">
        <ele>8.4</ele>
        <time>2026-08-07T15:18:16+0800</time>
        <extensions>
          <gpxtpx:TrackPointExtension>
            <gpxtpx:hr>160</gpxtpx:hr>
            <gpxtpx:cad>87</gpxtpx:cad>
          </gpxtpx:TrackPointExtension>
        </extensions>
      </trkpt>
      <trkpt lat="32.0171241648" lon="120.898686005">
        <ele>8.4</ele>
        <time>2026-08-07T15:18:17+0800</time>
        <extensions>
          <gpxtpx:TrackPointExtension>
            <gpxtpx:hr>161</gpxtpx:hr>
            <gpxtpx:cad>88</gpxtpx:cad>
          </gpxtpx:TrackPointExtension>
        </extensions>
      </trkpt>
      <trkpt lat="32.0170991868" lon="120.898683071">
        <ele>8.4</ele>
        <time>2026-08-07T15:18:18+0800</time>
        <extensions>
          <gpxtpx:TrackPointExtension>
            <gpxtpx:hr>160</gpxtpx:hr>
            <gpxtpx:cad>88</gpxtpx:cad>
          </gpxtpx:TrackPointExtension>
        </extensions>
      </trkpt>
      <trkpt lat="32.0170709398" lon="120.898670331">
        <ele>8.4</ele>
        <time>2026-08-07T15:18:19+0800</time>
        <extensions>
          <gpxtpx:TrackPointExtension>
            <gpxtpx:hr>159</gpxtpx:hr>
            <gpxtpx:cad>88</gpxtpx:cad>
          </gpxtpx:TrackPointExtension>
        </extensions>
      </trkpt>
      <trkpt lat="32.0170507394" lon="120.898663038">
        <ele>8.4</ele>
        <time>2026-08-07T15:18:20+0800</time>
        <extensions>
          <gpxtpx:TrackPointExtension>
            <gpxtpx:hr>160</gpxtpx:hr>
            <gpxtpx:cad>88</gpxtpx:cad>
          </gpxtpx:TrackPointExtension>
        </extensions>
      </trkpt>
      <trkpt lat="32.0170214865" lon="120.898651052">
        <ele>8.4</ele>
        <time>2026-08-07T15:18:21+0800</time>
        <extensions>
          <gpxtpx:TrackPointExtension>
            <gpxtpx:hr>160</gpxtpx:hr>
            <gpxtpx:cad>88</gpxtpx:cad>
          </gpxtpx:TrackPointExtension>
        </extensions>
      </trkpt>
      <trkpt lat="32.0170012861" lon="120.89864661">
        <ele>8.2</ele>
        <time>2026-08-07T15:18:22+0800</time>
        <extensions>
          <gpxtpx:TrackPointExtension>
            <gpxtpx:hr>159</gpxtpx:hr>
            <gpxtpx:cad>88</gpxtpx:cad>
          </gpxtpx:TrackPointExtension>
        </extensions>
      </trkpt>
      <trkpt lat="32.0169705246" lon="120.898633702">
        <ele>8.2</ele>
        <time>2026-08-07T15:18:23+0800</time>
        <extensions>
          <gpxtpx:TrackPointExtension>
            <gpxtpx:hr>159</gpxtpx:hr>
            <gpxtpx:cad>88</gpxtpx:cad>
          </gpxtpx:TrackPointExtension>
        </extensions>
      </trkpt>
      <trkpt lat="32.016947642" lon="120.898633283">
        <ele>8.2</ele>
        <time>2026-08-07T15:18:24+0800</time>
        <extensions>
          <gpxtpx:TrackPointExtension>
            <gpxtpx:hr>158</gpxtpx:hr>
            <gpxtpx:cad>88</gpxtpx:cad>
          </gpxtpx:TrackPointExtension>
        </extensions>
      </trkpt>
      <trkpt lat="32.016918892" lon="120.898621548">
        <ele>8.2</ele>
        <time>2026-08-07T15:18:25+0800</time>
        <extensions>
          <gpxtpx:TrackPointExtension>
            <gpxtpx:hr>157</gpxtpx:hr>
            <gpxtpx:cad>88</gpxtpx:cad>
          </gpxtpx:TrackPointExtension>
        </extensions>
      </trkpt>
      <trkpt lat="32.0168970991" lon="120.89861853">
        <ele>8.2</ele>
        <time>2026-08-07T15:18:26+0800</time>
        <extensions>
          <gpxtpx:TrackPointExtension>
            <gpxtpx:hr>157</gpxtpx:hr>
            <gpxtpx:cad>88</gpxtpx:cad>
          </gpxtpx:TrackPointExtension>
        </extensions>
      </trkpt>
      <trkpt lat="32.0168672595" lon="120.898607802">
        <ele>8.2</ele>
        <time>2026-08-07T15:18:27+0800</time>
        <extensions>
          <gpxtpx:TrackPointExtension>
            <gpxtpx:hr>157</gpxtpx:hr>
            <gpxtpx:cad>88</gpxtpx:cad>
          </gpxtpx:TrackPointExtension>
        </extensions>
      </trkpt>
      <trkpt lat="32.0168458857" lon="120.898597073">
        <ele>8.2</ele>
        <time>2026-08-07T15:18:28+0800</time>
        <extensions>
          <gpxtpx:TrackPointExtension>
            <gpxtpx:hr>157</gpxtpx:hr>
            <gpxtpx:cad>88</gpxtpx:cad>
          </gpxtpx:TrackPointExtension>
        </extensions>
      </trkpt>
      <trkpt lat="32.016816549" lon="120.898584332">
        <ele>8.2</ele>
        <time>2026-08-07T15:18:29+0800</time>
        <extensions>
          <gpxtpx:TrackPointExtension>
            <gpxtpx:hr>157</gpxtpx:hr>
            <gpxtpx:cad>88</gpxtpx:cad>
          </gpxtpx:TrackPointExtension>
        </extensions>
      </trkpt>
      <trkpt lat="32.0167982765" lon="120.898571257">
        <ele>8.0</ele>
        <time>2026-08-07T15:18:30+0800</time>
        <extensions>
          <gpxtpx:TrackPointExtension>
            <gpxtpx:hr>158</gpxtpx:hr>
            <gpxtpx:cad>88</gpxtpx:cad>
          </gpxtpx:TrackPointExtension>
        </extensions>
      </trkpt>
      <trkpt lat="32.0167724602" lon="120.898559522">
        <ele>8.0</ele>
        <time>2026-08-07T15:18:31+0800</time>
        <extensions>
          <gpxtpx:TrackPointExtension>
            <gpxtpx:hr>158</gpxtpx:hr>
            <gpxtpx:cad>88</gpxtpx:cad>
          </gpxtpx:TrackPointExtension>
        </extensions>
      </trkpt>
      <trkpt lat="32.0167520922" lon="120.898549883">
        <ele>8.2</ele>
        <time>2026-08-07T15:18:32+0800</time>
        <extensions>
          <gpxtpx:TrackPointExtension>
            <gpxtpx:hr>158</gpxtpx:hr>
            <gpxtpx:cad>88</gpxtpx:cad>
          </gpxtpx:TrackPointExtension>
        </extensions>
      </trkpt>
      <trkpt lat="32.016730886" lon="120.898543093">
        <ele>8.2</ele>
        <time>2026-08-07T15:18:33+0800</time>
        <extensions>
          <gpxtpx:TrackPointExtension>
            <gpxtpx:hr>158</gpxtpx:hr>
            <gpxtpx:cad>88</gpxtpx:cad>
          </gpxtpx:TrackPointExtension>
        </extensions>
      </trkpt>
      <trkpt lat="32.0167106017" lon="120.898532532">
        <ele>8.0</ele>
        <time>2026-08-07T15:18:34+0800</time>
        <extensions>
          <gpxtpx:TrackPointExtension>
            <gpxtpx:hr>158</gpxtpx:hr>
            <gpxtpx:cad>88</gpxtpx:cad>
          </gpxtpx:TrackPointExtension>
        </extensions>
      </trkpt>
      <trkpt lat="32.0166815165" lon="120.898521803">
        <ele>8.0</ele>
        <time>2026-08-07T15:18:35+0800</time>
        <extensions>
          <gpxtpx:TrackPointExtension>
            <gpxtpx:hr>157</gpxtpx:hr>
            <gpxtpx:cad>88</gpxtpx:cad>
          </gpxtpx:TrackPointExtension>
        </extensions>
      </trkpt>
      <trkpt lat="32.0166591369" lon="120.898510152">
        <ele>8.0</ele>
        <time>2026-08-07T15:18:36+0800</time>
        <extensions>
          <gpxtpx:TrackPointExtension>
            <gpxtpx:hr>158</gpxtpx:hr>
            <gpxtpx:cad>88</gpxtpx:cad>
          </gpxtpx:TrackPointExtension>
        </extensions>
      </trkpt>
      <trkpt lat="32.016634997" lon="120.898505207">
        <ele>7.8</ele>
        <time>2026-08-07T15:18:37+0800</time>
        <extensions>
          <gpxtpx:TrackPointExtension>
            <gpxtpx:hr>158</gpxtpx:hr>
            <gpxtpx:cad>89</gpxtpx:cad>
          </gpxtpx:TrackPointExtension>
        </extensions>
      </trkpt>
      <trkpt lat="32.0166106895" lon="120.898499424">
        <ele>7.8</ele>
        <time>2026-08-07T15:18:38+0800</time>
        <extensions>
          <gpxtpx:TrackPointExtension>
            <gpxtpx:hr>158</gpxtpx:hr>
            <gpxtpx:cad>89</gpxtpx:cad>
          </gpxtpx:TrackPointExtension>
        </extensions>
      </trkpt>
      <trkpt lat="32.016587304" lon="120.898497663">
        <ele>7.8</ele>
        <time>2026-08-07T15:18:39+0800</time>
        <extensions>
          <gpxtpx:TrackPointExtension>
            <gpxtpx:hr>159</gpxtpx:hr>
            <gpxtpx:cad>89</gpxtpx:cad>
          </gpxtpx:TrackPointExtension>
        </extensions>
      </trkpt>
      <trkpt lat="32.0165603142" lon="120.898486767">
        <ele>7.8</ele>
        <time>2026-08-07T15:18:40+0800</time>
        <extensions>
          <gpxtpx:TrackPointExtension>
            <gpxtpx:hr>159</gpxtpx:hr>
            <gpxtpx:cad>89</gpxtpx:cad>
          </gpxtpx:TrackPointExtension>
        </extensions>
      </trkpt>
      <trkpt lat="32.0165344141" lon="120.898486851">
        <ele>7.8</ele>
        <time>2026-08-07T15:18:41+0800</time>
        <extensions>
          <gpxtpx:TrackPointExtension>
            <gpxtpx:hr>157</gpxtpx:hr>
            <gpxtpx:cad>88</gpxtpx:cad>
          </gpxtpx:TrackPointExtension>
        </extensions>
      </trkpt>
      <trkpt lat="32.0165030658" lon="120.898475535">
        <ele>7.8</ele>
        <time>2026-08-07T15:18:42+0800</time>
        <extensions>
          <gpxtpx:TrackPointExtension>
            <gpxtpx:hr>159</gpxtpx:hr>
            <gpxtpx:cad>88</gpxtpx:cad>
          </gpxtpx:TrackPointExtension>
        </extensions>
      </trkpt>
      <trkpt lat="32.0164796803" lon="120.898470674">
        <ele>7.8</ele>
        <time>2026-08-07T15:18:43+0800</time>
        <extensions>
          <gpxtpx:TrackPointExtension>
            <gpxtpx:hr>159</gpxtpx:hr>
            <gpxtpx:cad>88</gpxtpx:cad>
          </gpxtpx:TrackPointExtension>
        </extensions>
      </trkpt>
      <trkpt lat="32.0164528582" lon="120.898460699">
        <ele>7.8</ele>
        <time>2026-08-07T15:18:44+0800</time>
        <extensions>
          <gpxtpx:TrackPointExtension>
            <gpxtpx:hr>158</gpxtpx:hr>
            <gpxtpx:cad>88</gpxtpx:cad>
          </gpxtpx:TrackPointExtension>
        </extensions>
      </trkpt>
      <trkpt lat="32.0164319035" lon="120.898458436">
        <ele>7.8</ele>
        <time>2026-08-07T15:18:45+0800</time>
        <extensions>
          <gpxtpx:TrackPointExtension>
            <gpxtpx:hr>157</gpxtpx:hr>
            <gpxtpx:cad>88</gpxtpx:cad>
          </gpxtpx:TrackPointExtension>
        </extensions>
      </trkpt>
      <trkpt lat="32.0164086018" lon="120.898448629">
        <ele>7.6</ele>
        <time>2026-08-07T15:18:46+0800</time>
        <extensions>
          <gpxtpx:TrackPointExtension>
            <gpxtpx:hr>158</gpxtpx:hr>
            <gpxtpx:cad>89</gpxtpx:cad>
          </gpxtpx:TrackPointExtension>
        </extensions>
      </trkpt>
      <trkpt lat="32.016389491" lon="120.898446534">
        <ele>7.6</ele>
        <time>2026-08-07T15:18:47+0800</time>
        <extensions>
          <gpxtpx:TrackPointExtension>
            <gpxtpx:hr>157</gpxtpx:hr>
            <gpxtpx:cad>89</gpxtpx:cad>
          </gpxtpx:TrackPointExtension>
        </extensions>
      </trkpt>
      <trkpt lat="32.0163671952" lon="120.898434212">
        <ele>7.6</ele>
        <time>2026-08-07T15:18:48+0800</time>
        <extensions>
          <gpxtpx:TrackPointExtension>
            <gpxtpx:hr>157</gpxtpx:hr>
            <gpxtpx:cad>90</gpxtpx:cad>
          </gpxtpx:TrackPointExtension>
        </extensions>
      </trkpt>
      <trkpt lat="32.016347833" lon="120.898428094">
        <ele>7.6</ele>
        <time>2026-08-07T15:18:49+0800</time>
        <extensions>
          <gpxtpx:TrackPointExtension>
            <gpxtpx:hr>157</gpxtpx:hr>
            <gpxtpx:cad>90</gpxtpx:cad>
          </gpxtpx:TrackPointExtension>
        </extensions>
      </trkpt>
      <trkpt lat="32.0163265429" lon="120.898417113">
        <ele>7.6</ele>
        <time>2026-08-07T15:18:50+0800</time>
        <extensions>
          <gpxtpx:TrackPointExtension>
            <gpxtpx:hr>157</gpxtpx:hr>
            <gpxtpx:cad>90</gpxtpx:cad>
          </gpxtpx:TrackPointExtension>
        </extensions>
      </trkpt>
      <trkpt lat="32.0163081028" lon="120.898411749">
        <ele>7.6</ele>
        <time>2026-08-07T15:18:51+0800</time>
        <extensions>
          <gpxtpx:TrackPointExtension>
            <gpxtpx:hr>156</gpxtpx:hr>
            <gpxtpx:cad>90</gpxtpx:cad>
          </gpxtpx:TrackPointExtension>
        </extensions>
      </trkpt>
      <trkpt lat="32.0162832085" lon="120.898398757">
        <ele>7.6</ele>
        <time>2026-08-07T15:18:52+0800</time>
        <extensions>
          <gpxtpx:TrackPointExtension>
            <gpxtpx:hr>156</gpxtpx:hr>
            <gpxtpx:cad>90</gpxtpx:cad>
          </gpxtpx:TrackPointExtension>
        </extensions>
      </trkpt>
      <trkpt lat="32.0162611641" lon="120.898390627">
        <ele>7.6</ele>
        <time>2026-08-07T15:18:53+0800</time>
        <extensions>
          <gpxtpx:TrackPointExtension>
            <gpxtpx:hr>156</gpxtpx:hr>
            <gpxtpx:cad>89</gpxtpx:cad>
          </gpxtpx:TrackPointExtension>
        </extensions>
      </trkpt>
      <trkpt lat="32.0162367728" lon="120.898379143">
        <ele>7.8</ele>
        <time>2026-08-07T15:18:54+0800</time>
        <extensions>
          <gpxtpx:TrackPointExtension>
            <gpxtpx:hr>156</gpxtpx:hr>
            <gpxtpx:cad>89</gpxtpx:cad>
          </gpxtpx:TrackPointExtension>
        </extensions>
      </trkpt>
      <trkpt lat="32.0162116271" lon="120.898373108">
        <ele>7.8</ele>
        <time>2026-08-07T15:18:55+0800</time>
        <extensions>
          <gpxtpx:TrackPointExtension>
            <gpxtpx:hr>155</gpxtpx:hr>
            <gpxtpx:cad>89</gpxtpx:cad>
          </gpxtpx:TrackPointExtension>
        </extensions>
      </trkpt>
      <trkpt lat="32.0161829609" lon="120.898366403">
        <ele>7.8</ele>
        <time>2026-08-07T15:18:56+0800</time>
        <extensions>
          <gpxtpx:TrackPointExtension>
            <gpxtpx:hr>155</gpxtpx:hr>
            <gpxtpx:cad>89</gpxtpx:cad>
          </gpxtpx:TrackPointExtension>
        </extensions>
      </trkpt>
      <trkpt lat="32.0161618385" lon="120.89836196">
        <ele>7.8</ele>
        <time>2026-08-07T15:18:57+0800</time>
        <extensions>
          <gpxtpx:TrackPointExtension>
            <gpxtpx:hr>154</gpxtpx:hr>
            <gpxtpx:cad>89</gpxtpx:cad>
          </gpxtpx:TrackPointExtension>
        </extensions>
      </trkpt>
      <trkpt lat="32.0161295682" lon="120.898352657">
        <ele>7.6</ele>
        <time>2026-08-07T15:18:58+0800</time>
        <extensions>
          <gpxtpx:TrackPointExtension>
            <gpxtpx:hr>154</gpxtpx:hr>
            <gpxtpx:cad>88</gpxtpx:cad>
          </gpxtpx:TrackPointExtension>
        </extensions>
      </trkpt>
      <trkpt lat="32.0161087811" lon="120.898344358">
        <ele>7.6</ele>
        <time>2026-08-07T15:18:59+0800</time>
        <extensions>
          <gpxtpx:TrackPointExtension>
            <gpxtpx:hr>154</gpxtpx:hr>
            <gpxtpx:cad>88</gpxtpx:cad>
          </gpxtpx:TrackPointExtension>
        </extensions>
      </trkpt>
      <trkpt lat="32.0160814561" lon="120.898333378">
        <ele>7.4</ele>
        <time>2026-08-07T15:19:00+0800</time>
        <extensions>
          <gpxtpx:TrackPointExtension>
            <gpxtpx:hr>153</gpxtpx:hr>
            <gpxtpx:cad>88</gpxtpx:cad>
          </gpxtpx:TrackPointExtension>
        </extensions>
      </trkpt>
      <trkpt lat="32.0160610881" lon="120.898325415">
        <ele>7.4</ele>
        <time>2026-08-07T15:19:01+0800</time>
        <extensions>
          <gpxtpx:TrackPointExtension>
            <gpxtpx:hr>153</gpxtpx:hr>
            <gpxtpx:cad>89</gpxtpx:cad>
          </gpxtpx:TrackPointExtension>
        </extensions>
      </trkpt>
      <trkpt lat="32.0160335116" lon="120.898316363">
        <ele>7.4</ele>
        <time>2026-08-07T15:19:02+0800</time>
        <extensions>
          <gpxtpx:TrackPointExtension>
            <gpxtpx:hr>153</gpxtpx:hr>
            <gpxtpx:cad>89</gpxtpx:cad>
          </gpxtpx:TrackPointExtension>
        </extensions>
      </trkpt>
      <trkpt lat="32.0160159934" lon="120.898307646">
        <ele>7.4</ele>
        <time>2026-08-07T15:19:03+0800</time>
        <extensions>
          <gpxtpx:TrackPointExtension>
            <gpxtpx:hr>153</gpxtpx:hr>
            <gpxtpx:cad>88</gpxtpx:cad>
          </gpxtpx:TrackPointExtension>
        </extensions>
      </trkpt>
      <trkpt lat="32.015988417" lon="120.898297839">
        <ele>7.4</ele>
        <time>2026-08-07T15:19:04+0800</time>
        <extensions>
          <gpxtpx:TrackPointExtension>
            <gpxtpx:hr>153</gpxtpx:hr>
            <gpxtpx:cad>88</gpxtpx:cad>
          </gpxtpx:TrackPointExtension>
        </extensions>
      </trkpt>
      <trkpt lat="32.0159679651" lon="120.898284679">
        <ele>7.4</ele>
        <time>2026-08-07T15:19:05+0800</time>
        <extensions>
          <gpxtpx:TrackPointExtension>
            <gpxtpx:hr>154</gpxtpx:hr>
            <gpxtpx:cad>88</gpxtpx:cad>
          </gpxtpx:TrackPointExtension>
        </extensions>
      </trkpt>
      <trkpt lat="32.0159407239" lon="120.898278896">
        <ele>7.4</ele>
        <time>2026-08-07T15:19:06+0800</time>
        <extensions>
          <gpxtpx:TrackPointExtension>
            <gpxtpx:hr>155</gpxtpx:hr>
            <gpxtpx:cad>88</gpxtpx:cad>
          </gpxtpx:TrackPointExtension>
        </extensions>
      </trkpt>
      <trkpt lat="32.0159165002" lon="120.89826582">
        <ele>7.4</ele>
        <time>2026-08-07T15:19:07+0800</time>
        <extensions>
          <gpxtpx:TrackPointExtension>
            <gpxtpx:hr>154</gpxtpx:hr>
            <gpxtpx:cad>88</gpxtpx:cad>
          </gpxtpx:TrackPointExtension>
        </extensions>
      </trkpt>
      <trkpt lat="32.0158950426" lon="120.898260791">
        <ele>7.4</ele>
        <time>2026-08-07T15:19:08+0800</time>
        <extensions>
          <gpxtpx:TrackPointExtension>
            <gpxtpx:hr>154</gpxtpx:hr>
            <gpxtpx:cad>88</gpxtpx:cad>
          </gpxtpx:TrackPointExtension>
        </extensions>
      </trkpt>
      <trkpt lat="32.015868891" lon="120.898249643">
        <ele>7.4</ele>
        <time>2026-08-07T15:19:09+0800</time>
        <extensions>
          <gpxtpx:TrackPointExtension>
            <gpxtpx:hr>155</gpxtpx:hr>
            <gpxtpx:cad>88</gpxtpx:cad>
          </gpxtpx:TrackPointExtension>
        </extensions>
      </trkpt>
      <trkpt lat="32.0158460084" lon="120.898250313">
        <ele>7.4</ele>
        <time>2026-08-07T15:19:10+0800</time>
        <extensions>
          <gpxtpx:TrackPointExtension>
            <gpxtpx:hr>155</gpxtpx:hr>
            <gpxtpx:cad>88</gpxtpx:cad>
          </gpxtpx:TrackPointExtension>
        </extensions>
      </trkpt>
      <trkpt lat="32.0158196893" lon="120.898237238">
        <ele>7.4</ele>
        <time>2026-08-07T15:19:11+0800</time>
        <extensions>
          <gpxtpx:TrackPointExtension>
            <gpxtpx:hr>155</gpxtpx:hr>
            <gpxtpx:cad>88</gpxtpx:cad>
          </gpxtpx:TrackPointExtension>
        </extensions>
      </trkpt>
      <trkpt lat="32.0158016682" lon="120.898234136">
        <ele>7.4</ele>
        <time>2026-08-07T15:19:12+0800</time>
        <extensions>
          <gpxtpx:TrackPointExtension>
            <gpxtpx:hr>154</gpxtpx:hr>
            <gpxtpx:cad>88</gpxtpx:cad>
          </gpxtpx:TrackPointExtension>
        </extensions>
      </trkpt>
      <trkpt lat="32.0157708228" lon="120.89822433">
        <ele>7.4</ele>
        <time>2026-08-07T15:19:13+0800</time>
        <extensions>
          <gpxtpx:TrackPointExtension>
            <gpxtpx:hr>153</gpxtpx:hr>
            <gpxtpx:cad>87</gpxtpx:cad>
          </gpxtpx:TrackPointExtension>
        </extensions>
      </trkpt>
      <trkpt lat="32.01574618" lon="120.898216199">
        <ele>7.4</ele>
        <time>2026-08-07T15:19:14+0800</time>
        <extensions>
          <gpxtpx:TrackPointExtension>
            <gpxtpx:hr>153</gpxtpx:hr>
            <gpxtpx:cad>87</gpxtpx:cad>
          </gpxtpx:TrackPointExtension>
        </extensions>
      </trkpt>
      <trkpt lat="32.0157196093" lon="120.898206057">
        <ele>7.4</ele>
        <time>2026-08-07T15:19:15+0800</time>
        <extensions>
          <gpxtpx:TrackPointExtension>
            <gpxtpx:hr>153</gpxtpx:hr>
            <gpxtpx:cad>87</gpxtpx:cad>
          </gpxtpx:TrackPointExtension>
        </extensions>
      </trkpt>
      <trkpt lat="32.0156974811" lon="120.898192814">
        <ele>7.4</ele>
        <time>2026-08-07T15:19:16+0800</time>
        <extensions>
          <gpxtpx:TrackPointExtension>
            <gpxtpx:hr>153</gpxtpx:hr>
            <gpxtpx:cad>88</gpxtpx:cad>
          </gpxtpx:TrackPointExtension>
        </extensions>
      </trkpt>
      <trkpt lat="32.0156681444" lon="120.898184348">
        <ele>7.4</ele>
        <time>2026-08-07T15:19:17+0800</time>
        <extensions>
          <gpxtpx:TrackPointExtension>
            <gpxtpx:hr>153</gpxtpx:hr>
            <gpxtpx:cad>88</gpxtpx:cad>
          </gpxtpx:TrackPointExtension>
        </extensions>
      </trkpt>
      <trkpt lat="32.0156473573" lon="120.898171524">
        <ele>7.4</ele>
        <time>2026-08-07T15:19:18+0800</time>
        <extensions>
          <gpxtpx:TrackPointExtension>
            <gpxtpx:hr>153</gpxtpx:hr>
            <gpxtpx:cad>87</gpxtpx:cad>
          </gpxtpx:TrackPointExtension>
        </extensions>
      </trkpt>
      <trkpt lat="32.0156185236" lon="120.898165489">
        <ele>7.4</ele>
        <time>2026-08-07T15:19:19+0800</time>
        <extensions>
          <gpxtpx:TrackPointExtension>
            <gpxtpx:hr>152</gpxtpx:hr>
            <gpxtpx:cad>87</gpxtpx:cad>
          </gpxtpx:TrackPointExtension>
        </extensions>
      </trkpt>
      <trkpt lat="32.0155959763" lon="120.89815258">
        <ele>7.2</ele>
        <time>2026-08-07T15:19:20+0800</time>
        <extensions>
          <gpxtpx:TrackPointExtension>
            <gpxtpx:hr>153</gpxtpx:hr>
            <gpxtpx:cad>87</gpxtpx:cad>
          </gpxtpx:TrackPointExtension>
        </extensions>
      </trkpt>
      <trkpt lat="32.0155723393" lon="120.898150569">
        <ele>7.2</ele>
        <time>2026-08-07T15:19:21+0800</time>
        <extensions>
          <gpxtpx:TrackPointExtension>
            <gpxtpx:hr>153</gpxtpx:hr>
            <gpxtpx:cad>87</gpxtpx:cad>
          </gpxtpx:TrackPointExtension>
        </extensions>
      </trkpt>
      <trkpt lat="32.0155466907" lon="120.898135984">
        <ele>7.2</ele>
        <time>2026-08-07T15:19:22+0800</time>
        <extensions>
          <gpxtpx:TrackPointExtension>
            <gpxtpx:hr>153</gpxtpx:hr>
            <gpxtpx:cad>87</gpxtpx:cad>
          </gpxtpx:TrackPointExtension>
        </extensions>
      </trkpt>
      <trkpt lat="32.0155246463" lon="120.898132548">
        <ele>7.2</ele>
        <time>2026-08-07T15:19:23+0800</time>
        <extensions>
          <gpxtpx:TrackPointExtension>
            <gpxtpx:hr>154</gpxtpx:hr>
            <gpxtpx:cad>87</gpxtpx:cad>
          </gpxtpx:TrackPointExtension>
        </extensions>
      </trkpt>
      <trkpt lat="32.0154945552" lon="120.898123076">
        <ele>7.2</ele>
        <time>2026-08-07T15:19:24+0800</time>
        <extensions>
          <gpxtpx:TrackPointExtension>
            <gpxtpx:hr>153</gpxtpx:hr>
            <gpxtpx:cad>87</gpxtpx:cad>
          </gpxtpx:TrackPointExtension>
        </extensions>
      </trkpt>
      <trkpt lat="32.015475193" lon="120.898118047">
        <ele>7.4</ele>
        <time>2026-08-07T15:19:25+0800</time>
        <extensions>
          <gpxtpx:TrackPointExtension>
            <gpxtpx:hr>153</gpxtpx:hr>
            <gpxtpx:cad>87</gpxtpx:cad>
          </gpxtpx:TrackPointExtension>
        </extensions>
      </trkpt>
      <trkpt lat="32.0154448505" lon="120.898111593">
        <ele>7.4</ele>
        <time>2026-08-07T15:19:26+0800</time>
        <extensions>
          <gpxtpx:TrackPointExtension>
            <gpxtpx:hr>154</gpxtpx:hr>
            <gpxtpx:cad>87</gpxtpx:cad>
          </gpxtpx:TrackPointExtension>
        </extensions>
      </trkpt>
      <trkpt lat="32.0154260751" lon="120.898105726">
        <ele>7.4</ele>
        <time>2026-08-07T15:19:27+0800</time>
        <extensions>
          <gpxtpx:TrackPointExtension>
            <gpxtpx:hr>153</gpxtpx:hr>
            <gpxtpx:cad>87</gpxtpx:cad>
          </gpxtpx:TrackPointExtension>
        </extensions>
      </trkpt>
      <trkpt lat="32.0153975766" lon="120.898096003">
        <ele>7.4</ele>
        <time>2026-08-07T15:19:28+0800</time>
        <extensions>
          <gpxtpx:TrackPointExtension>
            <gpxtpx:hr>153</gpxtpx:hr>
            <gpxtpx:cad>88</gpxtpx:cad>
          </gpxtpx:TrackPointExtension>
        </extensions>
      </trkpt>
      <trkpt lat="32.0153785497" lon="120.898086531">
        <ele>7.4</ele>
        <time>2026-08-07T15:19:29+0800</time>
        <extensions>
          <gpxtpx:TrackPointExtension>
            <gpxtpx:hr>153</gpxtpx:hr>
            <gpxtpx:cad>88</gpxtpx:cad>
          </gpxtpx:TrackPointExtension>
        </extensions>
      </trkpt>
      <trkpt lat="32.0153482072" lon="120.898077143">
        <ele>7.4</ele>
        <time>2026-08-07T15:19:30+0800</time>
        <extensions>
          <gpxtpx:TrackPointExtension>
            <gpxtpx:hr>153</gpxtpx:hr>
            <gpxtpx:cad>88</gpxtpx:cad>
          </gpxtpx:TrackPointExtension>
        </extensions>
      </trkpt>
      <trkpt lat="32.015326079" lon="120.898066834">
        <ele>7.4</ele>
        <time>2026-08-07T15:19:31+0800</time>
        <extensions>
          <gpxtpx:TrackPointExtension>
            <gpxtpx:hr>154</gpxtpx:hr>
            <gpxtpx:cad>88</gpxtpx:cad>
          </gpxtpx:TrackPointExtension>
        </extensions>
      </trkpt>
      <trkpt lat="32.0153038669" lon="120.898060715">
        <ele>7.4</ele>
        <time>2026-08-07T15:19:32+0800</time>
        <extensions>
          <gpxtpx:TrackPointExtension>
            <gpxtpx:hr>153</gpxtpx:hr>
            <gpxtpx:cad>88</gpxtpx:cad>
          </gpxtpx:TrackPointExtension>
        </extensions>
      </trkpt>
      <trkpt lat="32.0152785536" lon="120.898054093">
        <ele>7.4</ele>
        <time>2026-08-07T15:19:33+0800</time>
        <extensions>
          <gpxtpx:TrackPointExtension>
            <gpxtpx:hr>153</gpxtpx:hr>
            <gpxtpx:cad>88</gpxtpx:cad>
          </gpxtpx:TrackPointExtension>
        </extensions>
      </trkpt>
      <trkpt lat="32.0152594429" lon="120.898048896">
        <ele>7.4</ele>
        <time>2026-08-07T15:19:34+0800</time>
        <extensions>
          <gpxtpx:TrackPointExtension>
            <gpxtpx:hr>154</gpxtpx:hr>
            <gpxtpx:cad>87</gpxtpx:cad>
          </gpxtpx:TrackPointExtension>
        </extensions>
      </trkpt>
      <trkpt lat="32.0152340457" lon="120.898036743">
        <ele>7.4</ele>
        <time>2026-08-07T15:19:35+0800</time>
        <extensions>
          <gpxtpx:TrackPointExtension>
            <gpxtpx:hr>154</gpxtpx:hr>
            <gpxtpx:cad>87</gpxtpx:cad>
          </gpxtpx:TrackPointExtension>
        </extensions>
      </trkpt>
      <trkpt lat="32.0152188744" lon="120.898035234">
        <ele>7.4</ele>
        <time>2026-08-07T15:19:36+0800</time>
        <extensions>
          <gpxtpx:TrackPointExtension>
            <gpxtpx:hr>154</gpxtpx:hr>
            <gpxtpx:cad>87</gpxtpx:cad>
          </gpxtpx:TrackPointExtension>
        </extensions>
      </trkpt>
      <trkpt lat="32.0151897892" lon="120.898022493">
        <ele>7.4</ele>
        <time>2026-08-07T15:19:37+0800</time>
        <extensions>
          <gpxtpx:TrackPointExtension>
            <gpxtpx:hr>154</gpxtpx:hr>
            <gpxtpx:cad>87</gpxtpx:cad>
          </gpxtpx:TrackPointExtension>
        </extensions>
      </trkpt>
      <trkpt lat="32.0151728578" lon="120.898015201">
        <ele>7.4</ele>
        <time>2026-08-07T15:19:38+0800</time>
        <extensions>
          <gpxtpx:TrackPointExtension>
            <gpxtpx:hr>154</gpxtpx:hr>
            <gpxtpx:cad>87</gpxtpx:cad>
          </gpxtpx:TrackPointExtension>
        </extensions>
      </trkpt>
      <trkpt lat="32.0151475444" lon="120.89800355">
        <ele>7.4</ele>
        <time>2026-08-07T15:19:39+0800</time>
        <extensions>
          <gpxtpx:TrackPointExtension>
            <gpxtpx:hr>155</gpxtpx:hr>
            <gpxtpx:cad>87</gpxtpx:cad>
          </gpxtpx:TrackPointExtension>
        </extensions>
      </trkpt>
      <trkpt lat="32.0151301939" lon="120.897994749">
        <ele>7.4</ele>
        <time>2026-08-07T15:19:40+0800</time>
        <extensions>
          <gpxtpx:TrackPointExtension>
            <gpxtpx:hr>155</gpxtpx:hr>
            <gpxtpx:cad>87</gpxtpx:cad>
          </gpxtpx:TrackPointExtension>
        </extensions>
      </trkpt>
      <trkpt lat="32.0151033718" lon="120.897988128">
        <ele>7.4</ele>
        <time>2026-08-07T15:19:41+0800</time>
        <extensions>
          <gpxtpx:TrackPointExtension>
            <gpxtpx:hr>154</gpxtpx:hr>
            <gpxtpx:cad>87</gpxtpx:cad>
          </gpxtpx:TrackPointExtension>
        </extensions>
      </trkpt>
      <trkpt lat="32.015080573" lon="120.897978237">
        <ele>7.4</ele>
        <time>2026-08-07T15:19:42+0800</time>
        <extensions>
          <gpxtpx:TrackPointExtension>
            <gpxtpx:hr>155</gpxtpx:hr>
            <gpxtpx:cad>87</gpxtpx:cad>
          </gpxtpx:TrackPointExtension>
        </extensions>
      </trkpt>
      <trkpt lat="32.0150581095" lon="120.897971196">
        <ele>7.4</ele>
        <time>2026-08-07T15:19:43+0800</time>
        <extensions>
          <gpxtpx:TrackPointExtension>
            <gpxtpx:hr>155</gpxtpx:hr>
            <gpxtpx:cad>87</gpxtpx:cad>
          </gpxtpx:TrackPointExtension>
        </extensions>
      </trkpt>
      <trkpt lat="32.0150317904" lon="120.897959126">
        <ele>7.6</ele>
        <time>2026-08-07T15:19:44+0800</time>
        <extensions>
          <gpxtpx:TrackPointExtension>
            <gpxtpx:hr>155</gpxtpx:hr>
            <gpxtpx:cad>87</gpxtpx:cad>
          </gpxtpx:TrackPointExtension>
        </extensions>
      </trkpt>
      <trkpt lat="32.0150158647" lon="120.897958707">
        <ele>7.6</ele>
        <time>2026-08-07T15:19:45+0800</time>
        <extensions>
          <gpxtpx:TrackPointExtension>
            <gpxtpx:hr>156</gpxtpx:hr>
            <gpxtpx:cad>87</gpxtpx:cad>
          </gpxtpx:TrackPointExtension>
        </extensions>
      </trkpt>
      <trkpt lat="32.0149917249" lon="120.897944123">
        <ele>7.6</ele>
        <time>2026-08-07T15:19:46+0800</time>
        <extensions>
          <gpxtpx:TrackPointExtension>
            <gpxtpx:hr>156</gpxtpx:hr>
            <gpxtpx:cad>87</gpxtpx:cad>
          </gpxtpx:TrackPointExtension>
        </extensions>
      </trkpt>
      <trkpt lat="32.0149692614" lon="120.897937668">
        <ele>7.6</ele>
        <time>2026-08-07T15:19:47+0800</time>
        <extensions>
          <gpxtpx:TrackPointExtension>
            <gpxtpx:hr>155</gpxtpx:hr>
            <gpxtpx:cad>87</gpxtpx:cad>
          </gpxtpx:TrackPointExtension>
        </extensions>
      </trkpt>
      <trkpt lat="32.0149379969" lon="120.897926353">
        <ele>7.6</ele>
        <time>2026-08-07T15:19:48+0800</time>
        <extensions>
          <gpxtpx:TrackPointExtension>
            <gpxtpx:hr>155</gpxtpx:hr>
            <gpxtpx:cad>87</gpxtpx:cad>
          </gpxtpx:TrackPointExtension>
        </extensions>
      </trkpt>
      <trkpt lat="32.0149150304" lon="120.897920821">
        <ele>7.6</ele>
        <time>2026-08-07T15:19:49+0800</time>
        <extensions>
          <gpxtpx:TrackPointExtension>
            <gpxtpx:hr>157</gpxtpx:hr>
            <gpxtpx:cad>87</gpxtpx:cad>
          </gpxtpx:TrackPointExtension>
        </extensions>
      </trkpt>
      <trkpt lat="32.0148825087" lon="120.897909841">
        <ele>7.6</ele>
        <time>2026-08-07T15:19:50+0800</time>
        <extensions>
          <gpxtpx:TrackPointExtension>
            <gpxtpx:hr>157</gpxtpx:hr>
            <gpxtpx:cad>87</gpxtpx:cad>
          </gpxtpx:TrackPointExtension>
        </extensions>
      </trkpt>
      <trkpt lat="32.0148542617" lon="120.897904895">
        <ele>7.6</ele>
        <time>2026-08-07T15:19:51+0800</time>
        <extensions>
          <gpxtpx:TrackPointExtension>
            <gpxtpx:hr>157</gpxtpx:hr>
            <gpxtpx:cad>87</gpxtpx:cad>
          </gpxtpx:TrackPointExtension>
        </extensions>
      </trkpt>
      <trkpt lat="32.0148087479" lon="120.897893161">
        <ele>7.4</ele>
        <time>2026-08-07T15:19:52+0800</time>
        <extensions>
          <gpxtpx:TrackPointExtension>
            <gpxtpx:hr>157</gpxtpx:hr>
            <gpxtpx:cad>87</gpxtpx:cad>
          </gpxtpx:TrackPointExtension>
        </extensions>
      </trkpt>
      <trkpt lat="32.0147716999" lon="120.897889305">
        <ele>7.4</ele>
        <time>2026-08-07T15:19:53+0800</time>
        <extensions>
          <gpxtpx:TrackPointExtension>
            <gpxtpx:hr>159</gpxtpx:hr>
            <gpxtpx:cad>87</gpxtpx:cad>
          </gpxtpx:TrackPointExtension>
        </extensions>
      </trkpt>
      <trkpt lat="32.014727192" lon="120.897871871">
        <ele>7.4</ele>
        <time>2026-08-07T15:19:54+0800</time>
        <extensions>
          <gpxtpx:TrackPointExtension>
            <gpxtpx:hr>159</gpxtpx:hr>
            <gpxtpx:cad>88</gpxtpx:cad>
          </gpxtpx:TrackPointExtension>
        </extensions>
      </trkpt>
      <trkpt lat="32.0146905631" lon="120.897865081">
        <ele>7.4</ele>
        <time>2026-08-07T15:19:55+0800</time>
        <extensions>
          <gpxtpx:TrackPointExtension>
            <gpxtpx:hr>160</gpxtpx:hr>
            <gpxtpx:cad>88</gpxtpx:cad>
          </gpxtpx:TrackPointExtension>
        </extensions>
      </trkpt>
      <trkpt lat="32.0146458037" lon="120.897850832">
        <ele>7.4</ele>
        <time>2026-08-07T15:19:56+0800</time>
        <extensions>
          <gpxtpx:TrackPointExtension>
            <gpxtpx:hr>160</gpxtpx:hr>
            <gpxtpx:cad>90</gpxtpx:cad>
          </gpxtpx:TrackPointExtension>
        </extensions>
      </trkpt>
      <trkpt lat="32.0146038104" lon="120.897841947">
        <ele>7.6</ele>
        <time>2026-08-07T15:19:57+0800</time>
        <extensions>
          <gpxtpx:TrackPointExtension>
            <gpxtpx:hr>160</gpxtpx:hr>
            <gpxtpx:cad>91</gpxtpx:cad>
          </gpxtpx:TrackPointExtension>
        </extensions>
      </trkpt>
      <trkpt lat="32.0145617332" lon="120.897821411">
        <ele>7.4</ele>
        <time>2026-08-07T15:19:58+0800</time>
        <extensions>
          <gpxtpx:TrackPointExtension>
            <gpxtpx:hr>162</gpxtpx:hr>
            <gpxtpx:cad>92</gpxtpx:cad>
          </gpxtpx:TrackPointExtension>
        </extensions>
      </trkpt>
      <trkpt lat="32.0145214163" lon="120.897788471">
        <ele>7.4</ele>
        <time>2026-08-07T15:19:59+0800</time>
        <extensions>
          <gpxtpx:TrackPointExtension>
            <gpxtpx:hr>162</gpxtpx:hr>
            <gpxtpx:cad>93</gpxtpx:cad>
          </gpxtpx:TrackPointExtension>
        </extensions>
      </trkpt>
      <trkpt lat="32.0144883916" lon="120.897748154">
        <ele>7.4</ele>
        <time>2026-08-07T15:20:00+0800</time>
        <extensions>
          <gpxtpx:TrackPointExtension>
            <gpxtpx:hr>163</gpxtpx:hr>
            <gpxtpx:cad>93</gpxtpx:cad>
          </gpxtpx:TrackPointExtension>
        </extensions>
      </trkpt>
      <trkpt lat="32.0144606475" lon="120.897694174">
        <ele>7.4</ele>
        <time>2026-08-07T15:20:01+0800</time>
        <extensions>
          <gpxtpx:TrackPointExtension>
            <gpxtpx:hr>164</gpxtpx:hr>
            <gpxtpx:cad>94</gpxtpx:cad>
          </gpxtpx:TrackPointExtension>
        </extensions>
      </trkpt>
      <trkpt lat="32.0144447219" lon="120.897647906">
        <ele>7.4</ele>
        <time>2026-08-07T15:20:02+0800</time>
        <extensions>
          <gpxtpx:TrackPointExtension>
            <gpxtpx:hr>165</gpxtpx:hr>
            <gpxtpx:cad>94</gpxtpx:cad>
          </gpxtpx:TrackPointExtension>
        </extensions>
      </trkpt>
      <trkpt lat="32.0144290477" lon="120.897589317">
        <ele>7.4</ele>
        <time>2026-08-07T15:20:03+0800</time>
        <extensions>
          <gpxtpx:TrackPointExtension>
            <gpxtpx:hr>166</gpxtpx:hr>
            <gpxtpx:cad>95</gpxtpx:cad>
          </gpxtpx:TrackPointExtension>
        </extensions>
      </trkpt>
      <trkpt lat="32.014409937" lon="120.897547072">
        <ele>7.4</ele>
        <time>2026-08-07T15:20:04+0800</time>
        <extensions>
          <gpxtpx:TrackPointExtension>
            <gpxtpx:hr>166</gpxtpx:hr>
            <gpxtpx:cad>95</gpxtpx:cad>
          </gpxtpx:TrackPointExtension>
        </extensions>
      </trkpt>
      <trkpt lat="32.0143950172" lon="120.897492757">
        <ele>7.4</ele>
        <time>2026-08-07T15:20:05+0800</time>
        <extensions>
          <gpxtpx:TrackPointExtension>
            <gpxtpx:hr>168</gpxtpx:hr>
            <gpxtpx:cad>95</gpxtpx:cad>
          </gpxtpx:TrackPointExtension>
        </extensions>
      </trkpt>
      <trkpt lat="32.0143746492" lon="120.897452524">
        <ele>7.4</ele>
        <time>2026-08-07T15:20:06+0800</time>
        <extensions>
          <gpxtpx:TrackPointExtension>
            <gpxtpx:hr>168</gpxtpx:hr>
            <gpxtpx:cad>95</gpxtpx:cad>
          </gpxtpx:TrackPointExtension>
        </extensions>
      </trkpt>
      <trkpt lat="32.0143676922" lon="120.897406004">
        <ele>7.2</ele>
        <time>2026-08-07T15:20:07+0800</time>
        <extensions>
          <gpxtpx:TrackPointExtension>
            <gpxtpx:hr>169</gpxtpx:hr>
            <gpxtpx:cad>94</gpxtpx:cad>
          </gpxtpx:TrackPointExtension>
        </extensions>
      </trkpt>
      <trkpt lat="32.0143545326" lon="120.897352863">
        <ele>7.0</ele>
        <time>2026-08-07T15:20:08+0800</time>
        <extensions>
          <gpxtpx:TrackPointExtension>
            <gpxtpx:hr>169</gpxtpx:hr>
            <gpxtpx:cad>94</gpxtpx:cad>
          </gpxtpx:TrackPointExtension>
        </extensions>
      </trkpt>
      <trkpt lat="32.0143386908" lon="120.897319922">
        <ele>7.0</ele>
        <time>2026-08-07T15:20:09+0800</time>
        <extensions>
          <gpxtpx:TrackPointExtension>
            <gpxtpx:hr>169</gpxtpx:hr>
            <gpxtpx:cad>94</gpxtpx:cad>
          </gpxtpx:TrackPointExtension>
        </extensions>
      </trkpt>
      <trkpt lat="32.0143205021" lon="120.897263763">
        <ele>6.8</ele>
        <time>2026-08-07T15:20:10+0800</time>
        <extensions>
          <gpxtpx:TrackPointExtension>
            <gpxtpx:hr>169</gpxtpx:hr>
            <gpxtpx:cad>94</gpxtpx:cad>
          </gpxtpx:TrackPointExtension>
        </extensions>
      </trkpt>
      <trkpt lat="32.0142977871" lon="120.897221938">
        <ele>6.8</ele>
        <time>2026-08-07T15:20:11+0800</time>
        <extensions>
          <gpxtpx:TrackPointExtension>
            <gpxtpx:hr>170</gpxtpx:hr>
            <gpxtpx:cad>94</gpxtpx:cad>
          </gpxtpx:TrackPointExtension>
        </extensions>
      </trkpt>
      <trkpt lat="32.0142803527" lon="120.897174412">
        <ele>6.8</ele>
        <time>2026-08-07T15:20:12+0800</time>
        <extensions>
          <gpxtpx:TrackPointExtension>
            <gpxtpx:hr>170</gpxtpx:hr>
            <gpxtpx:cad>94</gpxtpx:cad>
          </gpxtpx:TrackPointExtension>
        </extensions>
      </trkpt>
      <trkpt lat="32.0142610744" lon="120.897138622">
        <ele>7.0</ele>
        <time>2026-08-07T15:20:13+0800</time>
        <extensions>
          <gpxtpx:TrackPointExtension>
            <gpxtpx:hr>170</gpxtpx:hr>
            <gpxtpx:cad>94</gpxtpx:cad>
          </gpxtpx:TrackPointExtension>
        </extensions>
      </trkpt>
      <trkpt lat="32.0142506808" lon="120.897089755">
        <ele>7.0</ele>
        <time>2026-08-07T15:20:14+0800</time>
        <extensions>
          <gpxtpx:TrackPointExtension>
            <gpxtpx:hr>171</gpxtpx:hr>
            <gpxtpx:cad>93</gpxtpx:cad>
          </gpxtpx:TrackPointExtension>
        </extensions>
      </trkpt>
      <trkpt lat="32.0142345876" lon="120.897047929">
        <ele>7.2</ele>
        <time>2026-08-07T15:20:15+0800</time>
        <extensions>
          <gpxtpx:TrackPointExtension>
            <gpxtpx:hr>172</gpxtpx:hr>
            <gpxtpx:cad>93</gpxtpx:cad>
          </gpxtpx:TrackPointExtension>
        </extensions>
      </trkpt>
      <trkpt lat="32.0142279658" lon="120.897008702">
        <ele>7.0</ele>
        <time>2026-08-07T15:20:16+0800</time>
        <extensions>
          <gpxtpx:TrackPointExtension>
            <gpxtpx:hr>171</gpxtpx:hr>
            <gpxtpx:cad>93</gpxtpx:cad>
          </gpxtpx:TrackPointExtension>
        </extensions>
      </trkpt>
      <trkpt lat="32.0142148901" lon="120.896958997">
        <ele>7.0</ele>
        <time>2026-08-07T15:20:17+0800</time>
        <extensions>
          <gpxtpx:TrackPointExtension>
            <gpxtpx:hr>170</gpxtpx:hr>
            <gpxtpx:cad>92</gpxtpx:cad>
          </gpxtpx:TrackPointExtension>
        </extensions>
      </trkpt>
      <trkpt lat="32.0142048318" lon="120.896919686">
        <ele>7.2</ele>
        <time>2026-08-07T15:20:18+0800</time>
        <extensions>
          <gpxtpx:TrackPointExtension>
            <gpxtpx:hr>171</gpxtpx:hr>
            <gpxtpx:cad>92</gpxtpx:cad>
          </gpxtpx:TrackPointExtension>
        </extensions>
      </trkpt>
      <trkpt lat="32.0141910855" lon="120.896867719">
        <ele>7.0</ele>
        <time>2026-08-07T15:20:19+0800</time>
        <extensions>
          <gpxtpx:TrackPointExtension>
            <gpxtpx:hr>172</gpxtpx:hr>
            <gpxtpx:cad>92</gpxtpx:cad>
          </gpxtpx:TrackPointExtension>
        </extensions>
      </trkpt>
      <trkpt lat="32.0141787641" lon="120.896837208">
        <ele>7.0</ele>
        <time>2026-08-07T15:20:20+0800</time>
        <extensions>
          <gpxtpx:TrackPointExtension>
            <gpxtpx:hr>172</gpxtpx:hr>
            <gpxtpx:cad>92</gpxtpx:cad>
          </gpxtpx:TrackPointExtension>
        </extensions>
      </trkpt>
      <trkpt lat="32.0141670294" lon="120.896782558">
        <ele>7.0</ele>
        <time>2026-08-07T15:20:21+0800</time>
        <extensions>
          <gpxtpx:TrackPointExtension>
            <gpxtpx:hr>171</gpxtpx:hr>
            <gpxtpx:cad>92</gpxtpx:cad>
          </gpxtpx:TrackPointExtension>
        </extensions>
      </trkpt>
      <trkpt lat="32.0141538698" lon="120.896746684">
        <ele>7.0</ele>
        <time>2026-08-07T15:20:22+0800</time>
        <extensions>
          <gpxtpx:TrackPointExtension>
            <gpxtpx:hr>171</gpxtpx:hr>
            <gpxtpx:cad>92</gpxtpx:cad>
          </gpxtpx:TrackPointExtension>
        </extensions>
      </trkpt>
      <trkpt lat="32.0141400397" lon="120.896698488">
        <ele>7.0</ele>
        <time>2026-08-07T15:20:23+0800</time>
        <extensions>
          <gpxtpx:TrackPointExtension>
            <gpxtpx:hr>172</gpxtpx:hr>
            <gpxtpx:cad>92</gpxtpx:cad>
          </gpxtpx:TrackPointExtension>
        </extensions>
      </trkpt>
      <trkpt lat="32.0141241979" lon="120.896661943">
        <ele>7.0</ele>
        <time>2026-08-07T15:20:24+0800</time>
        <extensions>
          <gpxtpx:TrackPointExtension>
            <gpxtpx:hr>172</gpxtpx:hr>
            <gpxtpx:cad>92</gpxtpx:cad>
          </gpxtpx:TrackPointExtension>
        </extensions>
      </trkpt>
      <trkpt lat="32.0141138043" lon="120.896615926">
        <ele>7.0</ele>
        <time>2026-08-07T15:20:25+0800</time>
        <extensions>
          <gpxtpx:TrackPointExtension>
            <gpxtpx:hr>171</gpxtpx:hr>
            <gpxtpx:cad>92</gpxtpx:cad>
          </gpxtpx:TrackPointExtension>
        </extensions>
      </trkpt>
      <trkpt lat="32.0140941907" lon="120.896577537">
        <ele>7.2</ele>
        <time>2026-08-07T15:20:26+0800</time>
        <extensions>
          <gpxtpx:TrackPointExtension>
            <gpxtpx:hr>171</gpxtpx:hr>
            <gpxtpx:cad>93</gpxtpx:cad>
          </gpxtpx:TrackPointExtension>
        </extensions>
      </trkpt>
      <trkpt lat="32.0140790194" lon="120.896544931">
        <ele>7.2</ele>
        <time>2026-08-07T15:20:27+0800</time>
        <extensions>
          <gpxtpx:TrackPointExtension>
            <gpxtpx:hr>172</gpxtpx:hr>
            <gpxtpx:cad>93</gpxtpx:cad>
          </gpxtpx:TrackPointExtension>
        </extensions>
      </trkpt>
      <trkpt lat="32.0140627585" lon="120.896492042">
        <ele>7.2</ele>
        <time>2026-08-07T15:20:28+0800</time>
        <extensions>
          <gpxtpx:TrackPointExtension>
            <gpxtpx:hr>173</gpxtpx:hr>
            <gpxtpx:cad>93</gpxtpx:cad>
          </gpxtpx:TrackPointExtension>
        </extensions>
      </trkpt>
      <trkpt lat="32.014048174" lon="120.896456335">
        <ele>7.4</ele>
        <time>2026-08-07T15:20:29+0800</time>
        <extensions>
          <gpxtpx:TrackPointExtension>
            <gpxtpx:hr>172</gpxtpx:hr>
            <gpxtpx:cad>93</gpxtpx:cad>
          </gpxtpx:TrackPointExtension>
        </extensions>
      </trkpt>
      <trkpt lat="32.0140358526" lon="120.896400847">
        <ele>7.4</ele>
        <time>2026-08-07T15:20:30+0800</time>
        <extensions>
          <gpxtpx:TrackPointExtension>
            <gpxtpx:hr>172</gpxtpx:hr>
            <gpxtpx:cad>93</gpxtpx:cad>
          </gpxtpx:TrackPointExtension>
        </extensions>
      </trkpt>
      <trkpt lat="32.0140185021" lon="120.896369163">
        <ele>7.2</ele>
        <time>2026-08-07T15:20:31+0800</time>
        <extensions>
          <gpxtpx:TrackPointExtension>
            <gpxtpx:hr>172</gpxtpx:hr>
            <gpxtpx:cad>93</gpxtpx:cad>
          </gpxtpx:TrackPointExtension>
        </extensions>
      </trkpt>
      <trkpt lat="32.0140042529" lon="120.896320883">
        <ele>7.2</ele>
        <time>2026-08-07T15:20:32+0800</time>
        <extensions>
          <gpxtpx:TrackPointExtension>
            <gpxtpx:hr>173</gpxtpx:hr>
            <gpxtpx:cad>93</gpxtpx:cad>
          </gpxtpx:TrackPointExtension>
        </extensions>
      </trkpt>
      <trkpt lat="32.0139891654" lon="120.896286936">
        <ele>7.2</ele>
        <time>2026-08-07T15:20:33+0800</time>
        <extensions>
          <gpxtpx:TrackPointExtension>
            <gpxtpx:hr>173</gpxtpx:hr>
            <gpxtpx:cad>93</gpxtpx:cad>
          </gpxtpx:TrackPointExtension>
        </extensions>
      </trkpt>
      <trkpt lat="32.0139751676" lon="120.896239495">
        <ele>7.2</ele>
        <time>2026-08-07T15:20:34+0800</time>
        <extensions>
          <gpxtpx:TrackPointExtension>
            <gpxtpx:hr>172</gpxtpx:hr>
            <gpxtpx:cad>93</gpxtpx:cad>
          </gpxtpx:TrackPointExtension>
        </extensions>
      </trkpt>
      <trkpt lat="32.0139642712" lon="120.896200603">
        <ele>7.2</ele>
        <time>2026-08-07T15:20:35+0800</time>
        <extensions>
          <gpxtpx:TrackPointExtension>
            <gpxtpx:hr>172</gpxtpx:hr>
            <gpxtpx:cad>93</gpxtpx:cad>
          </gpxtpx:TrackPointExtension>
        </extensions>
      </trkpt>
      <trkpt lat="32.0139543805" lon="120.896168416">
        <ele>7.2</ele>
        <time>2026-08-07T15:20:36+0800</time>
        <extensions>
          <gpxtpx:TrackPointExtension>
            <gpxtpx:hr>174</gpxtpx:hr>
            <gpxtpx:cad>93</gpxtpx:cad>
          </gpxtpx:TrackPointExtension>
        </extensions>
      </trkpt>
      <trkpt lat="32.0139394607" lon="120.896122735">
        <ele>7.2</ele>
        <time>2026-08-07T15:20:37+0800</time>
        <extensions>
          <gpxtpx:TrackPointExtension>
            <gpxtpx:hr>174</gpxtpx:hr>
            <gpxtpx:cad>93</gpxtpx:cad>
          </gpxtpx:TrackPointExtension>
        </extensions>
      </trkpt>
      <trkpt lat="32.0139231998" lon="120.896085519">
        <ele>7.2</ele>
        <time>2026-08-07T15:20:38+0800</time>
        <extensions>
          <gpxtpx:TrackPointExtension>
            <gpxtpx:hr>173</gpxtpx:hr>
            <gpxtpx:cad>93</gpxtpx:cad>
          </gpxtpx:TrackPointExtension>
        </extensions>
      </trkpt>
      <trkpt lat="32.013911549" lon="120.896031456">
        <ele>7.4</ele>
        <time>2026-08-07T15:20:39+0800</time>
        <extensions>
          <gpxtpx:TrackPointExtension>
            <gpxtpx:hr>173</gpxtpx:hr>
            <gpxtpx:cad>93</gpxtpx:cad>
          </gpxtpx:TrackPointExtension>
        </extensions>
      </trkpt>
      <trkpt lat="32.0138954557" lon="120.89599642">
        <ele>7.4</ele>
        <time>2026-08-07T15:20:40+0800</time>
        <extensions>
          <gpxtpx:TrackPointExtension>
            <gpxtpx:hr>173</gpxtpx:hr>
            <gpxtpx:cad>93</gpxtpx:cad>
          </gpxtpx:TrackPointExtension>
        </extensions>
      </trkpt>
      <trkpt lat="32.0138801169" lon="120.895945374">
        <ele>7.4</ele>
        <time>2026-08-07T15:20:41+0800</time>
        <extensions>
          <gpxtpx:TrackPointExtension>
            <gpxtpx:hr>174</gpxtpx:hr>
            <gpxtpx:cad>93</gpxtpx:cad>
          </gpxtpx:TrackPointExtension>
        </extensions>
      </trkpt>
      <trkpt lat="32.013864778" lon="120.895908577">
        <ele>7.4</ele>
        <time>2026-08-07T15:20:42+0800</time>
        <extensions>
          <gpxtpx:TrackPointExtension>
            <gpxtpx:hr>175</gpxtpx:hr>
            <gpxtpx:cad>93</gpxtpx:cad>
          </gpxtpx:TrackPointExtension>
        </extensions>
      </trkpt>
      <trkpt lat="32.0138560608" lon="120.895857112">
        <ele>7.4</ele>
        <time>2026-08-07T15:20:43+0800</time>
        <extensions>
          <gpxtpx:TrackPointExtension>
            <gpxtpx:hr>173</gpxtpx:hr>
            <gpxtpx:cad>93</gpxtpx:cad>
          </gpxtpx:TrackPointExtension>
        </extensions>
      </trkpt>
      <trkpt lat="32.0138404705" lon="120.89582283">
        <ele>7.4</ele>
        <time>2026-08-07T15:20:44+0800</time>
        <extensions>
          <gpxtpx:TrackPointExtension>
            <gpxtpx:hr>173</gpxtpx:hr>
            <gpxtpx:cad>93</gpxtpx:cad>
          </gpxtpx:TrackPointExtension>
        </extensions>
      </trkpt>
      <trkpt lat="32.0138310827" lon="120.895774886">
        <ele>7.4</ele>
        <time>2026-08-07T15:20:45+0800</time>
        <extensions>
          <gpxtpx:TrackPointExtension>
            <gpxtpx:hr>174</gpxtpx:hr>
            <gpxtpx:cad>93</gpxtpx:cad>
          </gpxtpx:TrackPointExtension>
        </extensions>
      </trkpt>
      <trkpt lat="32.013820773" lon="120.895734569">
        <ele>7.4</ele>
        <time>2026-08-07T15:20:46+0800</time>
        <extensions>
          <gpxtpx:TrackPointExtension>
            <gpxtpx:hr>175</gpxtpx:hr>
            <gpxtpx:cad>92</gpxtpx:cad>
          </gpxtpx:TrackPointExtension>
        </extensions>
      </trkpt>
      <trkpt lat="32.0138162468" lon="120.89569442">
        <ele>7.4</ele>
        <time>2026-08-07T15:20:47+0800</time>
        <extensions>
          <gpxtpx:TrackPointExtension>
            <gpxtpx:hr>176</gpxtpx:hr>
            <gpxtpx:cad>92</gpxtpx:cad>
          </gpxtpx:TrackPointExtension>
        </extensions>
      </trkpt>
      <trkpt lat="32.0138034225" lon="120.895645218">
        <ele>7.4</ele>
        <time>2026-08-07T15:20:48+0800</time>
        <extensions>
          <gpxtpx:TrackPointExtension>
            <gpxtpx:hr>175</gpxtpx:hr>
            <gpxtpx:cad>92</gpxtpx:cad>
          </gpxtpx:TrackPointExtension>
        </extensions>
      </trkpt>
      <trkpt lat="32.0137887541" lon="120.895606745">
        <ele>7.4</ele>
        <time>2026-08-07T15:20:49+0800</time>
        <extensions>
          <gpxtpx:TrackPointExtension>
            <gpxtpx:hr>174</gpxtpx:hr>
            <gpxtpx:cad>92</gpxtpx:cad>
          </gpxtpx:TrackPointExtension>
        </extensions>
      </trkpt>
      <trkpt lat="32.0137739182" lon="120.895553268">
        <ele>7.4</ele>
        <time>2026-08-07T15:20:50+0800</time>
        <extensions>
          <gpxtpx:TrackPointExtension>
            <gpxtpx:hr>174</gpxtpx:hr>
            <gpxtpx:cad>93</gpxtpx:cad>
          </gpxtpx:TrackPointExtension>
        </extensions>
      </trkpt>
      <trkpt lat="32.01376101" lon="120.895518651">
        <ele>7.4</ele>
        <time>2026-08-07T15:20:51+0800</time>
        <extensions>
          <gpxtpx:TrackPointExtension>
            <gpxtpx:hr>175</gpxtpx:hr>
            <gpxtpx:cad>93</gpxtpx:cad>
          </gpxtpx:TrackPointExtension>
        </extensions>
      </trkpt>
      <trkpt lat="32.0137467608" lon="120.895468779">
        <ele>7.6</ele>
        <time>2026-08-07T15:20:52+0800</time>
        <extensions>
          <gpxtpx:TrackPointExtension>
            <gpxtpx:hr>176</gpxtpx:hr>
            <gpxtpx:cad>93</gpxtpx:cad>
          </gpxtpx:TrackPointExtension>
        </extensions>
      </trkpt>
      <trkpt lat="32.0137339365" lon="120.895434245">
        <ele>7.8</ele>
        <time>2026-08-07T15:20:53+0800</time>
        <extensions>
          <gpxtpx:TrackPointExtension>
            <gpxtpx:hr>176</gpxtpx:hr>
            <gpxtpx:cad>93</gpxtpx:cad>
          </gpxtpx:TrackPointExtension>
        </extensions>
      </trkpt>
      <trkpt lat="32.0137203578" lon="120.895385463">
        <ele>7.8</ele>
        <time>2026-08-07T15:20:54+0800</time>
        <extensions>
          <gpxtpx:TrackPointExtension>
            <gpxtpx:hr>175</gpxtpx:hr>
            <gpxtpx:cad>93</gpxtpx:cad>
          </gpxtpx:TrackPointExtension>
        </extensions>
      </trkpt>
      <trkpt lat="32.013704516" lon="120.895345565">
        <ele>7.8</ele>
        <time>2026-08-07T15:20:55+0800</time>
        <extensions>
          <gpxtpx:TrackPointExtension>
            <gpxtpx:hr>175</gpxtpx:hr>
            <gpxtpx:cad>93</gpxtpx:cad>
          </gpxtpx:TrackPointExtension>
        </extensions>
      </trkpt>
      <trkpt lat="32.0136940386" lon="120.89529804">
        <ele>7.8</ele>
        <time>2026-08-07T15:20:56+0800</time>
        <extensions>
          <gpxtpx:TrackPointExtension>
            <gpxtpx:hr>174</gpxtpx:hr>
            <gpxtpx:cad>93</gpxtpx:cad>
          </gpxtpx:TrackPointExtension>
        </extensions>
      </trkpt>
      <trkpt lat="32.0136787836" lon="120.895252526">
        <ele>7.8</ele>
        <time>2026-08-07T15:20:57+0800</time>
        <extensions>
          <gpxtpx:TrackPointExtension>
            <gpxtpx:hr>175</gpxtpx:hr>
            <gpxtpx:cad>93</gpxtpx:cad>
          </gpxtpx:TrackPointExtension>
        </extensions>
      </trkpt>
      <trkpt lat="32.0136645343" lon="120.895213215">
        <ele>7.6</ele>
        <time>2026-08-07T15:20:58+0800</time>
        <extensions>
          <gpxtpx:TrackPointExtension>
            <gpxtpx:hr>176</gpxtpx:hr>
            <gpxtpx:cad>92</gpxtpx:cad>
          </gpxtpx:TrackPointExtension>
        </extensions>
      </trkpt>
      <trkpt lat="32.0136450045" lon="120.895162085">
        <ele>7.8</ele>
        <time>2026-08-07T15:20:59+0800</time>
        <extensions>
          <gpxtpx:TrackPointExtension>
            <gpxtpx:hr>176</gpxtpx:hr>
            <gpxtpx:cad>92</gpxtpx:cad>
          </gpxtpx:TrackPointExtension>
        </extensions>
      </trkpt>
      <trkpt lat="32.0136296656" lon="120.895122187">
        <ele>7.8</ele>
        <time>2026-08-07T15:21:00+0800</time>
        <extensions>
          <gpxtpx:TrackPointExtension>
            <gpxtpx:hr>175</gpxtpx:hr>
            <gpxtpx:cad>92</gpxtpx:cad>
          </gpxtpx:TrackPointExtension>
        </extensions>
      </trkpt>
      <trkpt lat="32.0136164222" lon="120.895068627">
        <ele>7.8</ele>
        <time>2026-08-07T15:21:01+0800</time>
        <extensions>
          <gpxtpx:TrackPointExtension>
            <gpxtpx:hr>175</gpxtpx:hr>
            <gpxtpx:cad>92</gpxtpx:cad>
          </gpxtpx:TrackPointExtension>
        </extensions>
      </trkpt>
      <trkpt lat="32.0136122312" lon="120.895029986">
        <ele>7.8</ele>
        <time>2026-08-07T15:21:02+0800</time>
        <extensions>
          <gpxtpx:TrackPointExtension>
            <gpxtpx:hr>175</gpxtpx:hr>
            <gpxtpx:cad>92</gpxtpx:cad>
          </gpxtpx:TrackPointExtension>
        </extensions>
      </trkpt>
      <trkpt lat="32.0136315934" lon="120.894990759">
        <ele>7.8</ele>
        <time>2026-08-07T15:21:03+0800</time>
        <extensions>
          <gpxtpx:TrackPointExtension>
            <gpxtpx:hr>175</gpxtpx:hr>
            <gpxtpx:cad>91</gpxtpx:cad>
          </gpxtpx:TrackPointExtension>
        </extensions>
      </trkpt>
      <trkpt lat="32.0136646181" lon="120.894969134">
        <ele>7.8</ele>
        <time>2026-08-07T15:21:04+0800</time>
        <extensions>
          <gpxtpx:TrackPointExtension>
            <gpxtpx:hr>175</gpxtpx:hr>
            <gpxtpx:cad>91</gpxtpx:cad>
          </gpxtpx:TrackPointExtension>
        </extensions>
      </trkpt>
      <trkpt lat="32.0137144066" lon="120.89495765">
        <ele>7.8</ele>
        <time>2026-08-07T15:21:05+0800</time>
        <extensions>
          <gpxtpx:TrackPointExtension>
            <gpxtpx:hr>176</gpxtpx:hr>
            <gpxtpx:cad>91</gpxtpx:cad>
          </gpxtpx:TrackPointExtension>
        </extensions>
      </trkpt>
      <trkpt lat="32.0137557294" lon="120.894963769">
        <ele>7.8</ele>
        <time>2026-08-07T15:21:06+0800</time>
        <extensions>
          <gpxtpx:TrackPointExtension>
            <gpxtpx:hr>177</gpxtpx:hr>
            <gpxtpx:cad>91</gpxtpx:cad>
          </gpxtpx:TrackPointExtension>
        </extensions>
      </trkpt>
      <trkpt lat="32.0138066076" lon="120.894974163">
        <ele>7.8</ele>
        <time>2026-08-07T15:21:07+0800</time>
        <extensions>
          <gpxtpx:TrackPointExtension>
            <gpxtpx:hr>176</gpxtpx:hr>
            <gpxtpx:cad>91</gpxtpx:cad>
          </gpxtpx:TrackPointExtension>
        </extensions>
      </trkpt>
      <trkpt lat="32.0138470922" lon="120.894985897">
        <ele>7.6</ele>
        <time>2026-08-07T15:21:08+0800</time>
        <extensions>
          <gpxtpx:TrackPointExtension>
            <gpxtpx:hr>176</gpxtpx:hr>
            <gpxtpx:cad>92</gpxtpx:cad>
          </gpxtpx:TrackPointExtension>
        </extensions>
      </trkpt>
      <trkpt lat="32.0138961263" lon="120.895001572">
        <ele>7.6</ele>
        <time>2026-08-07T15:21:09+0800</time>
        <extensions>
          <gpxtpx:TrackPointExtension>
            <gpxtpx:hr>175</gpxtpx:hr>
            <gpxtpx:cad>92</gpxtpx:cad>
          </gpxtpx:TrackPointExtension>
        </extensions>
      </trkpt>
      <trkpt lat="32.0139366947" lon="120.89501448">
        <ele>7.4</ele>
        <time>2026-08-07T15:21:10+0800</time>
        <extensions>
          <gpxtpx:TrackPointExtension>
            <gpxtpx:hr>175</gpxtpx:hr>
            <gpxtpx:cad>92</gpxtpx:cad>
          </gpxtpx:TrackPointExtension>
        </extensions>
      </trkpt>
      <trkpt lat="32.0139757544" lon="120.89503644">
        <ele>7.4</ele>
        <time>2026-08-07T15:21:11+0800</time>
        <extensions>
          <gpxtpx:TrackPointExtension>
            <gpxtpx:hr>176</gpxtpx:hr>
            <gpxtpx:cad>92</gpxtpx:cad>
          </gpxtpx:TrackPointExtension>
        </extensions>
      </trkpt>
      <trkpt lat="32.0140166581" lon="120.895048091">
        <ele>7.2</ele>
        <time>2026-08-07T15:21:12+0800</time>
        <extensions>
          <gpxtpx:TrackPointExtension>
            <gpxtpx:hr>177</gpxtpx:hr>
            <gpxtpx:cad>92</gpxtpx:cad>
          </gpxtpx:TrackPointExtension>
        </extensions>
      </trkpt>
      <trkpt lat="32.0140552148" lon="120.895070806">
        <ele>7.2</ele>
        <time>2026-08-07T15:21:13+0800</time>
        <extensions>
          <gpxtpx:TrackPointExtension>
            <gpxtpx:hr>178</gpxtpx:hr>
            <gpxtpx:cad>92</gpxtpx:cad>
          </gpxtpx:TrackPointExtension>
        </extensions>
      </trkpt>
      <trkpt lat="32.0140932687" lon="120.895083547">
        <ele>7.2</ele>
        <time>2026-08-07T15:21:14+0800</time>
        <extensions>
          <gpxtpx:TrackPointExtension>
            <gpxtpx:hr>178</gpxtpx:hr>
            <gpxtpx:cad>92</gpxtpx:cad>
          </gpxtpx:TrackPointExtension>
        </extensions>
      </trkpt>
      <trkpt lat="32.014125539" lon="120.895088911">
        <ele>7.2</ele>
        <time>2026-08-07T15:21:15+0800</time>
        <extensions>
          <gpxtpx:TrackPointExtension>
            <gpxtpx:hr>178</gpxtpx:hr>
            <gpxtpx:cad>92</gpxtpx:cad>
          </gpxtpx:TrackPointExtension>
        </extensions>
      </trkpt>
      <trkpt lat="32.0141683705" lon="120.895095533">
        <ele>7.2</ele>
        <time>2026-08-07T15:21:16+0800</time>
        <extensions>
          <gpxtpx:TrackPointExtension>
            <gpxtpx:hr>178</gpxtpx:hr>
            <gpxtpx:cad>92</gpxtpx:cad>
          </gpxtpx:TrackPointExtension>
        </extensions>
      </trkpt>
      <trkpt lat="32.0142075978" lon="120.895105507">
        <ele>7.4</ele>
        <time>2026-08-07T15:21:17+0800</time>
        <extensions>
          <gpxtpx:TrackPointExtension>
            <gpxtpx:hr>176</gpxtpx:hr>
            <gpxtpx:cad>92</gpxtpx:cad>
          </gpxtpx:TrackPointExtension>
        </extensions>
      </trkpt>
      <trkpt lat="32.0142485853" lon="120.89511741">
        <ele>7.6</ele>
        <time>2026-08-07T15:21:18+0800</time>
        <extensions>
          <gpxtpx:TrackPointExtension>
            <gpxtpx:hr>176</gpxtpx:hr>
            <gpxtpx:cad>92</gpxtpx:cad>
          </gpxtpx:TrackPointExtension>
        </extensions>
      </trkpt>
      <trkpt lat="32.0142900757" lon="120.895122103">
        <ele>7.6</ele>
        <time>2026-08-07T15:21:19+0800</time>
        <extensions>
          <gpxtpx:TrackPointExtension>
            <gpxtpx:hr>177</gpxtpx:hr>
            <gpxtpx:cad>93</gpxtpx:cad>
          </gpxtpx:TrackPointExtension>
        </extensions>
      </trkpt>
      <trkpt lat="32.014337685" lon="120.895135012">
        <ele>7.6</ele>
        <time>2026-08-07T15:21:20+0800</time>
        <extensions>
          <gpxtpx:TrackPointExtension>
            <gpxtpx:hr>178</gpxtpx:hr>
            <gpxtpx:cad>93</gpxtpx:cad>
          </gpxtpx:TrackPointExtension>
        </extensions>
      </trkpt>
      <trkpt lat="32.0143794268" lon="120.895141549">
        <ele>7.6</ele>
        <time>2026-08-07T15:21:21+0800</time>
        <extensions>
          <gpxtpx:TrackPointExtension>
            <gpxtpx:hr>179</gpxtpx:hr>
            <gpxtpx:cad>93</gpxtpx:cad>
          </gpxtpx:TrackPointExtension>
        </extensions>
      </trkpt>
      <trkpt lat="32.0144280419" lon="120.89515496">
        <ele>7.4</ele>
        <time>2026-08-07T15:21:22+0800</time>
        <extensions>
          <gpxtpx:TrackPointExtension>
            <gpxtpx:hr>179</gpxtpx:hr>
            <gpxtpx:cad>93</gpxtpx:cad>
          </gpxtpx:TrackPointExtension>
        </extensions>
      </trkpt>
      <trkpt lat="32.0144696161" lon="120.895164013">
        <ele>7.4</ele>
        <time>2026-08-07T15:21:23+0800</time>
        <extensions>
          <gpxtpx:TrackPointExtension>
            <gpxtpx:hr>178</gpxtpx:hr>
            <gpxtpx:cad>93</gpxtpx:cad>
          </gpxtpx:TrackPointExtension>
        </extensions>
      </trkpt>
      <trkpt lat="32.0145069994" lon="120.895180106">
        <ele>7.2</ele>
        <time>2026-08-07T15:21:24+0800</time>
        <extensions>
          <gpxtpx:TrackPointExtension>
            <gpxtpx:hr>178</gpxtpx:hr>
            <gpxtpx:cad>93</gpxtpx:cad>
          </gpxtpx:TrackPointExtension>
        </extensions>
      </trkpt>
      <trkpt lat="32.0145458914" lon="120.895198965">
        <ele>7.4</ele>
        <time>2026-08-07T15:21:25+0800</time>
        <extensions>
          <gpxtpx:TrackPointExtension>
            <gpxtpx:hr>178</gpxtpx:hr>
            <gpxtpx:cad>93</gpxtpx:cad>
          </gpxtpx:TrackPointExtension>
        </extensions>
      </trkpt>
      <trkpt lat="32.0145761501" lon="120.895217406">
        <ele>7.4</ele>
        <time>2026-08-07T15:21:26+0800</time>
        <extensions>
          <gpxtpx:TrackPointExtension>
            <gpxtpx:hr>178</gpxtpx:hr>
            <gpxtpx:cad>92</gpxtpx:cad>
          </gpxtpx:TrackPointExtension>
        </extensions>
      </trkpt>
      <trkpt lat="32.0146100968" lon="120.895229308">
        <ele>7.4</ele>
        <time>2026-08-07T15:21:27+0800</time>
        <extensions>
          <gpxtpx:TrackPointExtension>
            <gpxtpx:hr>178</gpxtpx:hr>
            <gpxtpx:cad>92</gpxtpx:cad>
          </gpxtpx:TrackPointExtension>
        </extensions>
      </trkpt>
      <trkpt lat="32.0146400202" lon="120.895235427">
        <ele>7.4</ele>
        <time>2026-08-07T15:21:28+0800</time>
        <extensions>
          <gpxtpx:TrackPointExtension>
            <gpxtpx:hr>179</gpxtpx:hr>
            <gpxtpx:cad>92</gpxtpx:cad>
          </gpxtpx:TrackPointExtension>
        </extensions>
      </trkpt>
      <trkpt lat="32.0146826841" lon="120.895249927">
        <ele>7.4</ele>
        <time>2026-08-07T15:21:29+0800</time>
        <extensions>
          <gpxtpx:TrackPointExtension>
            <gpxtpx:hr>180</gpxtpx:hr>
            <gpxtpx:cad>92</gpxtpx:cad>
          </gpxtpx:TrackPointExtension>
        </extensions>
      </trkpt>
      <trkpt lat="32.0147163793" lon="120.895259399">
        <ele>7.4</ele>
        <time>2026-08-07T15:21:30+0800</time>
        <extensions>
          <gpxtpx:TrackPointExtension>
            <gpxtpx:hr>180</gpxtpx:hr>
            <gpxtpx:cad>92</gpxtpx:cad>
          </gpxtpx:TrackPointExtension>
        </extensions>
      </trkpt>
      <trkpt lat="32.0147618093" lon="120.895271217">
        <ele>7.4</ele>
        <time>2026-08-07T15:21:31+0800</time>
        <extensions>
          <gpxtpx:TrackPointExtension>
            <gpxtpx:hr>180</gpxtpx:hr>
            <gpxtpx:cad>92</gpxtpx:cad>
          </gpxtpx:TrackPointExtension>
        </extensions>
      </trkpt>
      <trkpt lat="32.0147953369" lon="120.895274403">
        <ele>7.4</ele>
        <time>2026-08-07T15:21:32+0800</time>
        <extensions>
          <gpxtpx:TrackPointExtension>
            <gpxtpx:hr>180</gpxtpx:hr>
            <gpxtpx:cad>92</gpxtpx:cad>
          </gpxtpx:TrackPointExtension>
        </extensions>
      </trkpt>
      <trkpt lat="32.014842527" lon="120.895288233">
        <ele>7.6</ele>
        <time>2026-08-07T15:21:33+0800</time>
        <extensions>
          <gpxtpx:TrackPointExtension>
            <gpxtpx:hr>179</gpxtpx:hr>
            <gpxtpx:cad>92</gpxtpx:cad>
          </gpxtpx:TrackPointExtension>
        </extensions>
      </trkpt>
      <trkpt lat="32.014875887" lon="120.895295944">
        <ele>7.6</ele>
        <time>2026-08-07T15:21:34+0800</time>
        <extensions>
          <gpxtpx:TrackPointExtension>
            <gpxtpx:hr>179</gpxtpx:hr>
            <gpxtpx:cad>92</gpxtpx:cad>
          </gpxtpx:TrackPointExtension>
        </extensions>
      </trkpt>
      <trkpt lat="32.0149131026" lon="120.895310529">
        <ele>7.6</ele>
        <time>2026-08-07T15:21:35+0800</time>
        <extensions>
          <gpxtpx:TrackPointExtension>
            <gpxtpx:hr>179</gpxtpx:hr>
            <gpxtpx:cad>92</gpxtpx:cad>
          </gpxtpx:TrackPointExtension>
        </extensions>
      </trkpt>
      <trkpt lat="32.014949983" lon="120.89531715">
        <ele>7.8</ele>
        <time>2026-08-07T15:21:36+0800</time>
        <extensions>
          <gpxtpx:TrackPointExtension>
            <gpxtpx:hr>179</gpxtpx:hr>
            <gpxtpx:cad>92</gpxtpx:cad>
          </gpxtpx:TrackPointExtension>
        </extensions>
      </trkpt>
      <trkpt lat="32.0149814151" lon="120.895324443">
        <ele>7.8</ele>
        <time>2026-08-07T15:21:37+0800</time>
        <extensions>
          <gpxtpx:TrackPointExtension>
            <gpxtpx:hr>179</gpxtpx:hr>
            <gpxtpx:cad>92</gpxtpx:cad>
          </gpxtpx:TrackPointExtension>
        </extensions>
      </trkpt>
      <trkpt lat="32.0150193013" lon="120.8953314">
        <ele>7.8</ele>
        <time>2026-08-07T15:21:38+0800</time>
        <extensions>
          <gpxtpx:TrackPointExtension>
            <gpxtpx:hr>180</gpxtpx:hr>
            <gpxtpx:cad>93</gpxtpx:cad>
          </gpxtpx:TrackPointExtension>
        </extensions>
      </trkpt>
      <trkpt lat="32.0150628034" lon="120.8953314">
        <ele>7.8</ele>
        <time>2026-08-07T15:21:39+0800</time>
        <extensions>
          <gpxtpx:TrackPointExtension>
            <gpxtpx:hr>180</gpxtpx:hr>
            <gpxtpx:cad>93</gpxtpx:cad>
          </gpxtpx:TrackPointExtension>
        </extensions>
      </trkpt>
      <trkpt lat="32.0151091553" lon="120.895348247">
        <ele>7.8</ele>
        <time>2026-08-07T15:21:40+0800</time>
        <extensions>
          <gpxtpx:TrackPointExtension>
            <gpxtpx:hr>181</gpxtpx:hr>
            <gpxtpx:cad>93</gpxtpx:cad>
          </gpxtpx:TrackPointExtension>
        </extensions>
      </trkpt>
      <trkpt lat="32.0151450299" lon="120.89536191">
        <ele>7.8</ele>
        <time>2026-08-07T15:21:41+0800</time>
        <extensions>
          <gpxtpx:TrackPointExtension>
            <gpxtpx:hr>180</gpxtpx:hr>
            <gpxtpx:cad>93</gpxtpx:cad>
          </gpxtpx:TrackPointExtension>
        </extensions>
      </trkpt>
      <trkpt lat="32.0151945669" lon="120.895377416">
        <ele>7.8</ele>
        <time>2026-08-07T15:21:42+0800</time>
        <extensions>
          <gpxtpx:TrackPointExtension>
            <gpxtpx:hr>180</gpxtpx:hr>
            <gpxtpx:cad>93</gpxtpx:cad>
          </gpxtpx:TrackPointExtension>
        </extensions>
      </trkpt>
      <trkpt lat="32.0152311958" lon="120.895388899">
        <ele>7.6</ele>
        <time>2026-08-07T15:21:43+0800</time>
        <extensions>
          <gpxtpx:TrackPointExtension>
            <gpxtpx:hr>180</gpxtpx:hr>
            <gpxtpx:cad>92</gpxtpx:cad>
          </gpxtpx:TrackPointExtension>
        </extensions>
      </trkpt>
      <trkpt lat="32.0152742788" lon="120.895403819">
        <ele>7.6</ele>
        <time>2026-08-07T15:21:44+0800</time>
        <extensions>
          <gpxtpx:TrackPointExtension>
            <gpxtpx:hr>180</gpxtpx:hr>
            <gpxtpx:cad>92</gpxtpx:cad>
          </gpxtpx:TrackPointExtension>
        </extensions>
      </trkpt>
      <trkpt lat="32.0153069682" lon="120.895411782">
        <ele>7.8</ele>
        <time>2026-08-07T15:21:45+0800</time>
        <extensions>
          <gpxtpx:TrackPointExtension>
            <gpxtpx:hr>180</gpxtpx:hr>
            <gpxtpx:cad>91</gpxtpx:cad>
          </gpxtpx:TrackPointExtension>
        </extensions>
      </trkpt>
      <trkpt lat="32.0153435133" lon="120.895425947">
        <ele>7.8</ele>
        <time>2026-08-07T15:21:46+0800</time>
        <extensions>
          <gpxtpx:TrackPointExtension>
            <gpxtpx:hr>180</gpxtpx:hr>
            <gpxtpx:cad>92</gpxtpx:cad>
          </gpxtpx:TrackPointExtension>
        </extensions>
      </trkpt>
      <trkpt lat="32.0153820701" lon="120.895433994">
        <ele>8.0</ele>
        <time>2026-08-07T15:21:47+0800</time>
        <extensions>
          <gpxtpx:TrackPointExtension>
            <gpxtpx:hr>180</gpxtpx:hr>
            <gpxtpx:cad>92</gpxtpx:cad>
          </gpxtpx:TrackPointExtension>
        </extensions>
      </trkpt>
      <trkpt lat="32.0154187828" lon="120.895446986">
        <ele>8.0</ele>
        <time>2026-08-07T15:21:48+0800</time>
        <extensions>
          <gpxtpx:TrackPointExtension>
            <gpxtpx:hr>180</gpxtpx:hr>
            <gpxtpx:cad>92</gpxtpx:cad>
          </gpxtpx:TrackPointExtension>
        </extensions>
      </trkpt>
      <trkpt lat="32.0154611953" lon="120.895454027">
        <ele>8.0</ele>
        <time>2026-08-07T15:21:49+0800</time>
        <extensions>
          <gpxtpx:TrackPointExtension>
            <gpxtpx:hr>180</gpxtpx:hr>
            <gpxtpx:cad>92</gpxtpx:cad>
          </gpxtpx:TrackPointExtension>
        </extensions>
      </trkpt>
      <trkpt lat="32.0154961478" lon="120.895460984">
        <ele>8.0</ele>
        <time>2026-08-07T15:21:50+0800</time>
        <extensions>
          <gpxtpx:TrackPointExtension>
            <gpxtpx:hr>180</gpxtpx:hr>
            <gpxtpx:cad>93</gpxtpx:cad>
          </gpxtpx:TrackPointExtension>
        </extensions>
      </trkpt>
      <trkpt lat="32.0155433379" lon="120.895476071">
        <ele>7.8</ele>
        <time>2026-08-07T15:21:51+0800</time>
        <extensions>
          <gpxtpx:TrackPointExtension>
            <gpxtpx:hr>180</gpxtpx:hr>
            <gpxtpx:cad>93</gpxtpx:cad>
          </gpxtpx:TrackPointExtension>
        </extensions>
      </trkpt>
      <trkpt lat="32.0155762788" lon="120.895490069">
        <ele>7.6</ele>
        <time>2026-08-07T15:21:52+0800</time>
        <extensions>
          <gpxtpx:TrackPointExtension>
            <gpxtpx:hr>181</gpxtpx:hr>
            <gpxtpx:cad>93</gpxtpx:cad>
          </gpxtpx:TrackPointExtension>
        </extensions>
      </trkpt>
      <trkpt lat="32.0156219602" lon="120.89550457">
        <ele>7.6</ele>
        <time>2026-08-07T15:21:53+0800</time>
        <extensions>
          <gpxtpx:TrackPointExtension>
            <gpxtpx:hr>181</gpxtpx:hr>
            <gpxtpx:cad>93</gpxtpx:cad>
          </gpxtpx:TrackPointExtension>
        </extensions>
      </trkpt>
      <trkpt lat="32.0156645402" lon="120.895509096">
        <ele>7.6</ele>
        <time>2026-08-07T15:21:54+0800</time>
        <extensions>
          <gpxtpx:TrackPointExtension>
            <gpxtpx:hr>180</gpxtpx:hr>
            <gpxtpx:cad>93</gpxtpx:cad>
          </gpxtpx:TrackPointExtension>
        </extensions>
      </trkpt>
      <trkpt lat="32.0157129876" lon="120.895517729">
        <ele>7.6</ele>
        <time>2026-08-07T15:21:55+0800</time>
        <extensions>
          <gpxtpx:TrackPointExtension>
            <gpxtpx:hr>180</gpxtpx:hr>
            <gpxtpx:cad>93</gpxtpx:cad>
          </gpxtpx:TrackPointExtension>
        </extensions>
      </trkpt>
      <trkpt lat="32.0157569088" lon="120.895521166">
        <ele>7.6</ele>
        <time>2026-08-07T15:21:56+0800</time>
        <extensions>
          <gpxtpx:TrackPointExtension>
            <gpxtpx:hr>180</gpxtpx:hr>
            <gpxtpx:cad>93</gpxtpx:cad>
          </gpxtpx:TrackPointExtension>
        </extensions>
      </trkpt>
      <trkpt lat="32.0158034284" lon="120.895539271">
        <ele>7.6</ele>
        <time>2026-08-07T15:21:57+0800</time>
        <extensions>
          <gpxtpx:TrackPointExtension>
            <gpxtpx:hr>180</gpxtpx:hr>
            <gpxtpx:cad>92</gpxtpx:cad>
          </gpxtpx:TrackPointExtension>
        </extensions>
      </trkpt>
      <trkpt lat="32.0158421528" lon="120.895547066">
        <ele>7.4</ele>
        <time>2026-08-07T15:21:58+0800</time>
        <extensions>
          <gpxtpx:TrackPointExtension>
            <gpxtpx:hr>180</gpxtpx:hr>
            <gpxtpx:cad>92</gpxtpx:cad>
          </gpxtpx:TrackPointExtension>
        </extensions>
      </trkpt>
      <trkpt lat="32.0158863254" lon="120.89555922">
        <ele>7.4</ele>
        <time>2026-08-07T15:21:59+0800</time>
        <extensions>
          <gpxtpx:TrackPointExtension>
            <gpxtpx:hr>180</gpxtpx:hr>
            <gpxtpx:cad>92</gpxtpx:cad>
          </gpxtpx:TrackPointExtension>
        </extensions>
      </trkpt>
      <trkpt lat="32.0159212779" lon="120.895568021">
        <ele>7.6</ele>
        <time>2026-08-07T15:22:00+0800</time>
        <extensions>
          <gpxtpx:TrackPointExtension>
            <gpxtpx:hr>180</gpxtpx:hr>
            <gpxtpx:cad>92</gpxtpx:cad>
          </gpxtpx:TrackPointExtension>
        </extensions>
      </trkpt>
      <trkpt lat="32.0159641095" lon="120.895581264">
        <ele>7.6</ele>
        <time>2026-08-07T15:22:01+0800</time>
        <extensions>
          <gpxtpx:TrackPointExtension>
            <gpxtpx:hr>180</gpxtpx:hr>
            <gpxtpx:cad>91</gpxtpx:cad>
          </gpxtpx:TrackPointExtension>
        </extensions>
      </trkpt>
      <trkpt lat="32.0160063542" lon="120.895589897">
        <ele>7.6</ele>
        <time>2026-08-07T15:22:02+0800</time>
        <extensions>
          <gpxtpx:TrackPointExtension>
            <gpxtpx:hr>180</gpxtpx:hr>
            <gpxtpx:cad>91</gpxtpx:cad>
          </gpxtpx:TrackPointExtension>
        </extensions>
      </trkpt>
      <trkpt lat="32.0160369482" lon="120.895601129">
        <ele>7.4</ele>
        <time>2026-08-07T15:22:03+0800</time>
        <extensions>
          <gpxtpx:TrackPointExtension>
            <gpxtpx:hr>180</gpxtpx:hr>
            <gpxtpx:cad>91</gpxtpx:cad>
          </gpxtpx:TrackPointExtension>
        </extensions>
      </trkpt>
      <trkpt lat="32.0160758402" lon="120.895613534">
        <ele>7.4</ele>
        <time>2026-08-07T15:22:04+0800</time>
        <extensions>
          <gpxtpx:TrackPointExtension>
            <gpxtpx:hr>181</gpxtpx:hr>
            <gpxtpx:cad>91</gpxtpx:cad>
          </gpxtpx:TrackPointExtension>
        </extensions>
      </trkpt>
      <trkpt lat="32.0161106251" lon="120.895626862">
        <ele>7.2</ele>
        <time>2026-08-07T15:22:05+0800</time>
        <extensions>
          <gpxtpx:TrackPointExtension>
            <gpxtpx:hr>181</gpxtpx:hr>
            <gpxtpx:cad>91</gpxtpx:cad>
          </gpxtpx:TrackPointExtension>
        </extensions>
      </trkpt>
      <trkpt lat="32.0161521994" lon="120.89563977">
        <ele>7.0</ele>
        <time>2026-08-07T15:22:06+0800</time>
        <extensions>
          <gpxtpx:TrackPointExtension>
            <gpxtpx:hr>181</gpxtpx:hr>
            <gpxtpx:cad>91</gpxtpx:cad>
          </gpxtpx:TrackPointExtension>
        </extensions>
      </trkpt>
      <trkpt lat="32.0161852241" lon="120.895650415">
        <ele>7.0</ele>
        <time>2026-08-07T15:22:07+0800</time>
        <extensions>
          <gpxtpx:TrackPointExtension>
            <gpxtpx:hr>181</gpxtpx:hr>
            <gpxtpx:cad>91</gpxtpx:cad>
          </gpxtpx:TrackPointExtension>
        </extensions>
      </trkpt>
      <trkpt lat="32.0162254572" lon="120.895662149">
        <ele>7.0</ele>
        <time>2026-08-07T15:22:08+0800</time>
        <extensions>
          <gpxtpx:TrackPointExtension>
            <gpxtpx:hr>181</gpxtpx:hr>
            <gpxtpx:cad>91</gpxtpx:cad>
          </gpxtpx:TrackPointExtension>
        </extensions>
      </trkpt>
      <trkpt lat="32.0162603259" lon="120.895670112">
        <ele>7.0</ele>
        <time>2026-08-07T15:22:09+0800</time>
        <extensions>
          <gpxtpx:TrackPointExtension>
            <gpxtpx:hr>181</gpxtpx:hr>
            <gpxtpx:cad>90</gpxtpx:cad>
          </gpxtpx:TrackPointExtension>
        </extensions>
      </trkpt>
      <trkpt lat="32.0163028222" lon="120.895682098">
        <ele>7.2</ele>
        <time>2026-08-07T15:22:10+0800</time>
        <extensions>
          <gpxtpx:TrackPointExtension>
            <gpxtpx:hr>181</gpxtpx:hr>
            <gpxtpx:cad>90</gpxtpx:cad>
          </gpxtpx:TrackPointExtension>
        </extensions>
      </trkpt>
      <trkpt lat="32.0163392834" lon="120.895694001">
        <ele>7.2</ele>
        <time>2026-08-07T15:22:11+0800</time>
        <extensions>
          <gpxtpx:TrackPointExtension>
            <gpxtpx:hr>181</gpxtpx:hr>
            <gpxtpx:cad>90</gpxtpx:cad>
          </gpxtpx:TrackPointExtension>
        </extensions>
      </trkpt>
      <trkpt lat="32.0163827855" lon="120.895708669">
        <ele>7.2</ele>
        <time>2026-08-07T15:22:12+0800</time>
        <extensions>
          <gpxtpx:TrackPointExtension>
            <gpxtpx:hr>181</gpxtpx:hr>
            <gpxtpx:cad>91</gpxtpx:cad>
          </gpxtpx:TrackPointExtension>
        </extensions>
      </trkpt>
      <trkpt lat="32.0164107811" lon="120.895716548">
        <ele>7.4</ele>
        <time>2026-08-07T15:22:13+0800</time>
        <extensions>
          <gpxtpx:TrackPointExtension>
            <gpxtpx:hr>181</gpxtpx:hr>
            <gpxtpx:cad>91</gpxtpx:cad>
          </gpxtpx:TrackPointExtension>
        </extensions>
      </trkpt>
      <trkpt lat="32.0164513495" lon="120.895730294">
        <ele>7.4</ele>
        <time>2026-08-07T15:22:14+0800</time>
        <extensions>
          <gpxtpx:TrackPointExtension>
            <gpxtpx:hr>181</gpxtpx:hr>
            <gpxtpx:cad>91</gpxtpx:cad>
          </gpxtpx:TrackPointExtension>
        </extensions>
      </trkpt>
      <trkpt lat="32.0164857991" lon="120.895735407">
        <ele>7.6</ele>
        <time>2026-08-07T15:22:15+0800</time>
        <extensions>
          <gpxtpx:TrackPointExtension>
            <gpxtpx:hr>181</gpxtpx:hr>
            <gpxtpx:cad>91</gpxtpx:cad>
          </gpxtpx:TrackPointExtension>
        </extensions>
      </trkpt>
      <trkpt lat="32.0165332407" lon="120.895751836">
        <ele>7.4</ele>
        <time>2026-08-07T15:22:16+0800</time>
        <extensions>
          <gpxtpx:TrackPointExtension>
            <gpxtpx:hr>182</gpxtpx:hr>
            <gpxtpx:cad>91</gpxtpx:cad>
          </gpxtpx:TrackPointExtension>
        </extensions>
      </trkpt>
      <trkpt lat="32.0165702049" lon="120.895756865">
        <ele>7.6</ele>
        <time>2026-08-07T15:22:17+0800</time>
        <extensions>
          <gpxtpx:TrackPointExtension>
            <gpxtpx:hr>182</gpxtpx:hr>
            <gpxtpx:cad>91</gpxtpx:cad>
          </gpxtpx:TrackPointExtension>
        </extensions>
      </trkpt>
      <trkpt lat="32.0166177303" lon="120.895777233">
        <ele>7.6</ele>
        <time>2026-08-07T15:22:18+0800</time>
        <extensions>
          <gpxtpx:TrackPointExtension>
            <gpxtpx:hr>182</gpxtpx:hr>
            <gpxtpx:cad>92</gpxtpx:cad>
          </gpxtpx:TrackPointExtension>
        </extensions>
      </trkpt>
      <trkpt lat="32.0166563708" lon="120.895787962">
        <ele>7.6</ele>
        <time>2026-08-07T15:22:19+0800</time>
        <extensions>
          <gpxtpx:TrackPointExtension>
            <gpxtpx:hr>182</gpxtpx:hr>
            <gpxtpx:cad>92</gpxtpx:cad>
          </gpxtpx:TrackPointExtension>
        </extensions>
      </trkpt>
      <trkpt lat="32.0167006273" lon="120.895804726">
        <ele>7.6</ele>
        <time>2026-08-07T15:22:20+0800</time>
        <extensions>
          <gpxtpx:TrackPointExtension>
            <gpxtpx:hr>182</gpxtpx:hr>
            <gpxtpx:cad>92</gpxtpx:cad>
          </gpxtpx:TrackPointExtension>
        </extensions>
      </trkpt>
      <trkpt lat="32.0167369209" lon="120.895807911">
        <ele>7.4</ele>
        <time>2026-08-07T15:22:21+0800</time>
        <extensions>
          <gpxtpx:TrackPointExtension>
            <gpxtpx:hr>182</gpxtpx:hr>
            <gpxtpx:cad>92</gpxtpx:cad>
          </gpxtpx:TrackPointExtension>
        </extensions>
      </trkpt>
      <trkpt lat="32.0167757291" lon="120.895824339">
        <ele>7.4</ele>
        <time>2026-08-07T15:22:22+0800</time>
        <extensions>
          <gpxtpx:TrackPointExtension>
            <gpxtpx:hr>182</gpxtpx:hr>
            <gpxtpx:cad>92</gpxtpx:cad>
          </gpxtpx:TrackPointExtension>
        </extensions>
      </trkpt>
      <trkpt lat="32.0168111008" lon="120.895841103">
        <ele>7.4</ele>
        <time>2026-08-07T15:22:23+0800</time>
        <extensions>
          <gpxtpx:TrackPointExtension>
            <gpxtpx:hr>182</gpxtpx:hr>
            <gpxtpx:cad>92</gpxtpx:cad>
          </gpxtpx:TrackPointExtension>
        </extensions>
      </trkpt>
      <trkpt lat="32.0168469753" lon="120.895861471">
        <ele>7.2</ele>
        <time>2026-08-07T15:22:24+0800</time>
        <extensions>
          <gpxtpx:TrackPointExtension>
            <gpxtpx:hr>182</gpxtpx:hr>
            <gpxtpx:cad>92</gpxtpx:cad>
          </gpxtpx:TrackPointExtension>
        </extensions>
      </trkpt>
      <trkpt lat="32.0168912318" lon="120.895872032">
        <ele>7.2</ele>
        <time>2026-08-07T15:22:25+0800</time>
        <extensions>
          <gpxtpx:TrackPointExtension>
            <gpxtpx:hr>182</gpxtpx:hr>
            <gpxtpx:cad>92</gpxtpx:cad>
          </gpxtpx:TrackPointExtension>
        </extensions>
      </trkpt>
      <trkpt lat="32.0169237535" lon="120.895879073">
        <ele>7.4</ele>
        <time>2026-08-07T15:22:26+0800</time>
        <extensions>
          <gpxtpx:TrackPointExtension>
            <gpxtpx:hr>182</gpxtpx:hr>
            <gpxtpx:cad>92</gpxtpx:cad>
          </gpxtpx:TrackPointExtension>
        </extensions>
      </trkpt>
      <trkpt lat="32.0169685129" lon="120.895886533">
        <ele>7.4</ele>
        <time>2026-08-07T15:22:27+0800</time>
        <extensions>
          <gpxtpx:TrackPointExtension>
            <gpxtpx:hr>182</gpxtpx:hr>
            <gpxtpx:cad>92</gpxtpx:cad>
          </gpxtpx:TrackPointExtension>
        </extensions>
      </trkpt>
      <trkpt lat="32.0170018729" lon="120.895894412">
        <ele>7.4</ele>
        <time>2026-08-07T15:22:28+0800</time>
        <extensions>
          <gpxtpx:TrackPointExtension>
            <gpxtpx:hr>182</gpxtpx:hr>
            <gpxtpx:cad>92</gpxtpx:cad>
          </gpxtpx:TrackPointExtension>
        </extensions>
      </trkpt>
      <trkpt lat="32.0170442015" lon="120.895909416">
        <ele>7.4</ele>
        <time>2026-08-07T15:22:29+0800</time>
        <extensions>
          <gpxtpx:TrackPointExtension>
            <gpxtpx:hr>182</gpxtpx:hr>
            <gpxtpx:cad>92</gpxtpx:cad>
          </gpxtpx:TrackPointExtension>
        </extensions>
      </trkpt>
      <trkpt lat="32.0170811657" lon="120.895917211">
        <ele>7.4</ele>
        <time>2026-08-07T15:22:30+0800</time>
        <extensions>
          <gpxtpx:TrackPointExtension>
            <gpxtpx:hr>182</gpxtpx:hr>
            <gpxtpx:cad>92</gpxtpx:cad>
          </gpxtpx:TrackPointExtension>
        </extensions>
      </trkpt>
      <trkpt lat="32.0171292778" lon="120.895936405">
        <ele>7.4</ele>
        <time>2026-08-07T15:22:31+0800</time>
        <extensions>
          <gpxtpx:TrackPointExtension>
            <gpxtpx:hr>182</gpxtpx:hr>
            <gpxtpx:cad>92</gpxtpx:cad>
          </gpxtpx:TrackPointExtension>
        </extensions>
      </trkpt>
      <trkpt lat="32.0171638113" lon="120.895942608">
        <ele>7.4</ele>
        <time>2026-08-07T15:22:32+0800</time>
        <extensions>
          <gpxtpx:TrackPointExtension>
            <gpxtpx:hr>182</gpxtpx:hr>
            <gpxtpx:cad>92</gpxtpx:cad>
          </gpxtpx:TrackPointExtension>
        </extensions>
      </trkpt>
      <trkpt lat="32.0172105823" lon="120.895956187">
        <ele>7.4</ele>
        <time>2026-08-07T15:22:33+0800</time>
        <extensions>
          <gpxtpx:TrackPointExtension>
            <gpxtpx:hr>183</gpxtpx:hr>
            <gpxtpx:cad>91</gpxtpx:cad>
          </gpxtpx:TrackPointExtension>
        </extensions>
      </trkpt>
      <trkpt lat="32.0172462892" lon="120.895962724">
        <ele>7.6</ele>
        <time>2026-08-07T15:22:34+0800</time>
        <extensions>
          <gpxtpx:TrackPointExtension>
            <gpxtpx:hr>182</gpxtpx:hr>
            <gpxtpx:cad>91</gpxtpx:cad>
          </gpxtpx:TrackPointExtension>
        </extensions>
      </trkpt>
      <trkpt lat="32.0172898751" lon="120.895980997">
        <ele>7.6</ele>
        <time>2026-08-07T15:22:35+0800</time>
        <extensions>
          <gpxtpx:TrackPointExtension>
            <gpxtpx:hr>182</gpxtpx:hr>
            <gpxtpx:cad>91</gpxtpx:cad>
          </gpxtpx:TrackPointExtension>
        </extensions>
      </trkpt>
      <trkpt lat="32.0173198823" lon="120.895982422">
        <ele>7.6</ele>
        <time>2026-08-07T15:22:36+0800</time>
        <extensions>
          <gpxtpx:TrackPointExtension>
            <gpxtpx:hr>183</gpxtpx:hr>
            <gpxtpx:cad>91</gpxtpx:cad>
          </gpxtpx:TrackPointExtension>
        </extensions>
      </trkpt>
      <trkpt lat="32.0173550025" lon="120.895996587">
        <ele>7.6</ele>
        <time>2026-08-07T15:22:37+0800</time>
        <extensions>
          <gpxtpx:TrackPointExtension>
            <gpxtpx:hr>183</gpxtpx:hr>
            <gpxtpx:cad>91</gpxtpx:cad>
          </gpxtpx:TrackPointExtension>
        </extensions>
      </trkpt>
      <trkpt lat="32.0173863508" lon="120.896008071">
        <ele>7.6</ele>
        <time>2026-08-07T15:22:38+0800</time>
        <extensions>
          <gpxtpx:TrackPointExtension>
            <gpxtpx:hr>183</gpxtpx:hr>
            <gpxtpx:cad>91</gpxtpx:cad>
          </gpxtpx:TrackPointExtension>
        </extensions>
      </trkpt>
      <trkpt lat="32.0174293499" lon="120.896019889">
        <ele>7.6</ele>
        <time>2026-08-07T15:22:39+0800</time>
        <extensions>
          <gpxtpx:TrackPointExtension>
            <gpxtpx:hr>183</gpxtpx:hr>
            <gpxtpx:cad>91</gpxtpx:cad>
          </gpxtpx:TrackPointExtension>
        </extensions>
      </trkpt>
      <trkpt lat="32.0174668171" lon="120.896029444">
        <ele>7.8</ele>
        <time>2026-08-07T15:22:40+0800</time>
        <extensions>
          <gpxtpx:TrackPointExtension>
            <gpxtpx:hr>183</gpxtpx:hr>
            <gpxtpx:cad>91</gpxtpx:cad>
          </gpxtpx:TrackPointExtension>
        </extensions>
      </trkpt>
      <trkpt lat="32.0175028592" lon="120.896043023">
        <ele>7.8</ele>
        <time>2026-08-07T15:22:41+0800</time>
        <extensions>
          <gpxtpx:TrackPointExtension>
            <gpxtpx:hr>183</gpxtpx:hr>
            <gpxtpx:cad>91</gpxtpx:cad>
          </gpxtpx:TrackPointExtension>
        </extensions>
      </trkpt>
      <trkpt lat="32.0175422542" lon="120.896053752">
        <ele>7.6</ele>
        <time>2026-08-07T15:22:42+0800</time>
        <extensions>
          <gpxtpx:TrackPointExtension>
            <gpxtpx:hr>183</gpxtpx:hr>
            <gpxtpx:cad>91</gpxtpx:cad>
          </gpxtpx:TrackPointExtension>
        </extensions>
      </trkpt>
      <trkpt lat="32.0175809786" lon="120.896072108">
        <ele>7.6</ele>
        <time>2026-08-07T15:22:43+0800</time>
        <extensions>
          <gpxtpx:TrackPointExtension>
            <gpxtpx:hr>183</gpxtpx:hr>
            <gpxtpx:cad>92</gpxtpx:cad>
          </gpxtpx:TrackPointExtension>
        </extensions>
      </trkpt>
      <trkpt lat="32.017627582" lon="120.896085352">
        <ele>7.6</ele>
        <time>2026-08-07T15:22:44+0800</time>
        <extensions>
          <gpxtpx:TrackPointExtension>
            <gpxtpx:hr>183</gpxtpx:hr>
            <gpxtpx:cad>92</gpxtpx:cad>
          </gpxtpx:TrackPointExtension>
        </extensions>
      </trkpt>
      <trkpt lat="32.0176626183" lon="120.896094069">
        <ele>7.6</ele>
        <time>2026-08-07T15:22:45+0800</time>
        <extensions>
          <gpxtpx:TrackPointExtension>
            <gpxtpx:hr>183</gpxtpx:hr>
            <gpxtpx:cad>92</gpxtpx:cad>
          </gpxtpx:TrackPointExtension>
        </extensions>
      </trkpt>
      <trkpt lat="32.0177087188" lon="120.896102367">
        <ele>7.6</ele>
        <time>2026-08-07T15:22:46+0800</time>
        <extensions>
          <gpxtpx:TrackPointExtension>
            <gpxtpx:hr>183</gpxtpx:hr>
            <gpxtpx:cad>92</gpxtpx:cad>
          </gpxtpx:TrackPointExtension>
        </extensions>
      </trkpt>
      <trkpt lat="32.0177423302" lon="120.89611318">
        <ele>7.6</ele>
        <time>2026-08-07T15:22:47+0800</time>
        <extensions>
          <gpxtpx:TrackPointExtension>
            <gpxtpx:hr>183</gpxtpx:hr>
            <gpxtpx:cad>91</gpxtpx:cad>
          </gpxtpx:TrackPointExtension>
        </extensions>
      </trkpt>
      <trkpt lat="32.0177883469" lon="120.896150311">
        <ele>7.6</ele>
        <time>2026-08-07T15:22:48+0800</time>
        <extensions>
          <gpxtpx:TrackPointExtension>
            <gpxtpx:hr>183</gpxtpx:hr>
            <gpxtpx:cad>91</gpxtpx:cad>
          </gpxtpx:TrackPointExtension>
        </extensions>
      </trkpt>
      <trkpt lat="32.0178112295" lon="120.89618166">
        <ele>7.8</ele>
        <time>2026-08-07T15:22:49+0800</time>
        <extensions>
          <gpxtpx:TrackPointExtension>
            <gpxtpx:hr>183</gpxtpx:hr>
            <gpxtpx:cad>91</gpxtpx:cad>
          </gpxtpx:TrackPointExtension>
        </extensions>
      </trkpt>
      <trkpt lat="32.0178308431" lon="120.896226922">
        <ele>7.8</ele>
        <time>2026-08-07T15:22:50+0800</time>
        <extensions>
          <gpxtpx:TrackPointExtension>
            <gpxtpx:hr>183</gpxtpx:hr>
            <gpxtpx:cad>91</gpxtpx:cad>
          </gpxtpx:TrackPointExtension>
        </extensions>
      </trkpt>
      <trkpt lat="32.0178288314" lon="120.896271933">
        <ele>7.8</ele>
        <time>2026-08-07T15:22:51+0800</time>
        <extensions>
          <gpxtpx:TrackPointExtension>
            <gpxtpx:hr>183</gpxtpx:hr>
            <gpxtpx:cad>91</gpxtpx:cad>
          </gpxtpx:TrackPointExtension>
        </extensions>
      </trkpt>
      <trkpt lat="32.0178181026" lon="120.896332534">
        <ele>7.8</ele>
        <time>2026-08-07T15:22:52+0800</time>
        <extensions>
          <gpxtpx:TrackPointExtension>
            <gpxtpx:hr>183</gpxtpx:hr>
            <gpxtpx:cad>90</gpxtpx:cad>
          </gpxtpx:TrackPointExtension>
        </extensions>
      </trkpt>
      <trkpt lat="32.017804943" lon="120.89637679">
        <ele>7.8</ele>
        <time>2026-08-07T15:22:53+0800</time>
        <extensions>
          <gpxtpx:TrackPointExtension>
            <gpxtpx:hr>183</gpxtpx:hr>
            <gpxtpx:cad>91</gpxtpx:cad>
          </gpxtpx:TrackPointExtension>
        </extensions>
      </trkpt>
      <trkpt lat="32.0177889336" lon="120.896432279">
        <ele>7.8</ele>
        <time>2026-08-07T15:22:54+0800</time>
        <extensions>
          <gpxtpx:TrackPointExtension>
            <gpxtpx:hr>183</gpxtpx:hr>
            <gpxtpx:cad>91</gpxtpx:cad>
          </gpxtpx:TrackPointExtension>
        </extensions>
      </trkpt>
      <trkpt lat="32.0177795459" lon="120.89647335">
        <ele>7.8</ele>
        <time>2026-08-07T15:22:55+0800</time>
        <extensions>
          <gpxtpx:TrackPointExtension>
            <gpxtpx:hr>184</gpxtpx:hr>
            <gpxtpx:cad>91</gpxtpx:cad>
          </gpxtpx:TrackPointExtension>
        </extensions>
      </trkpt>
      <trkpt lat="32.0177621953" lon="120.896528587">
        <ele>7.8</ele>
        <time>2026-08-07T15:22:56+0800</time>
        <extensions>
          <gpxtpx:TrackPointExtension>
            <gpxtpx:hr>184</gpxtpx:hr>
            <gpxtpx:cad>91</gpxtpx:cad>
          </gpxtpx:TrackPointExtension>
        </extensions>
      </trkpt>
      <trkpt lat="32.0177558251" lon="120.89657234">
        <ele>7.8</ele>
        <time>2026-08-07T15:22:57+0800</time>
        <extensions>
          <gpxtpx:TrackPointExtension>
            <gpxtpx:hr>183</gpxtpx:hr>
            <gpxtpx:cad>91</gpxtpx:cad>
          </gpxtpx:TrackPointExtension>
        </extensions>
      </trkpt>
      <trkpt lat="32.0177391451" lon="120.896620369">
        <ele>7.8</ele>
        <time>2026-08-07T15:22:58+0800</time>
        <extensions>
          <gpxtpx:TrackPointExtension>
            <gpxtpx:hr>183</gpxtpx:hr>
            <gpxtpx:cad>91</gpxtpx:cad>
          </gpxtpx:TrackPointExtension>
        </extensions>
      </trkpt>
      <trkpt lat="32.0177314337" lon="120.896660937">
        <ele>7.8</ele>
        <time>2026-08-07T15:22:59+0800</time>
        <extensions>
          <gpxtpx:TrackPointExtension>
            <gpxtpx:hr>184</gpxtpx:hr>
            <gpxtpx:cad>91</gpxtpx:cad>
          </gpxtpx:TrackPointExtension>
        </extensions>
      </trkpt>
      <trkpt lat="32.0177213755" lon="120.896702847">
        <ele>7.8</ele>
        <time>2026-08-07T15:23:00+0800</time>
        <extensions>
          <gpxtpx:TrackPointExtension>
            <gpxtpx:hr>184</gpxtpx:hr>
            <gpxtpx:cad>92</gpxtpx:cad>
          </gpxtpx:TrackPointExtension>
        </extensions>
      </trkpt>
      <trkpt lat="32.0177140832" lon="120.896746432">
        <ele>8.0</ele>
        <time>2026-08-07T15:23:01+0800</time>
        <extensions>
          <gpxtpx:TrackPointExtension>
            <gpxtpx:hr>184</gpxtpx:hr>
            <gpxtpx:cad>92</gpxtpx:cad>
          </gpxtpx:TrackPointExtension>
        </extensions>
      </trkpt>
      <trkpt lat="32.0177051146" lon="120.896791527">
        <ele>8.0</ele>
        <time>2026-08-07T15:23:02+0800</time>
        <extensions>
          <gpxtpx:TrackPointExtension>
            <gpxtpx:hr>184</gpxtpx:hr>
            <gpxtpx:cad>92</gpxtpx:cad>
          </gpxtpx:TrackPointExtension>
        </extensions>
      </trkpt>
      <trkpt lat="32.017697487" lon="120.896846177">
        <ele>8.0</ele>
        <time>2026-08-07T15:23:03+0800</time>
        <extensions>
          <gpxtpx:TrackPointExtension>
            <gpxtpx:hr>184</gpxtpx:hr>
            <gpxtpx:cad>92</gpxtpx:cad>
          </gpxtpx:TrackPointExtension>
        </extensions>
      </trkpt>
      <trkpt lat="32.0176818967" lon="120.89689211">
        <ele>8.0</ele>
        <time>2026-08-07T15:23:04+0800</time>
        <extensions>
          <gpxtpx:TrackPointExtension>
            <gpxtpx:hr>184</gpxtpx:hr>
            <gpxtpx:cad>92</gpxtpx:cad>
          </gpxtpx:TrackPointExtension>
        </extensions>
      </trkpt>
      <trkpt lat="32.0176754426" lon="120.896944329">
        <ele>8.0</ele>
        <time>2026-08-07T15:23:05+0800</time>
        <extensions>
          <gpxtpx:TrackPointExtension>
            <gpxtpx:hr>184</gpxtpx:hr>
            <gpxtpx:cad>92</gpxtpx:cad>
          </gpxtpx:TrackPointExtension>
        </extensions>
      </trkpt>
      <trkpt lat="32.0176631212" lon="120.896987412">
        <ele>8.0</ele>
        <time>2026-08-07T15:23:06+0800</time>
        <extensions>
          <gpxtpx:TrackPointExtension>
            <gpxtpx:hr>184</gpxtpx:hr>
            <gpxtpx:cad>92</gpxtpx:cad>
          </gpxtpx:TrackPointExtension>
        </extensions>
      </trkpt>
      <trkpt lat="32.0176538173" lon="120.897038039">
        <ele>8.0</ele>
        <time>2026-08-07T15:23:07+0800</time>
        <extensions>
          <gpxtpx:TrackPointExtension>
            <gpxtpx:hr>184</gpxtpx:hr>
            <gpxtpx:cad>92</gpxtpx:cad>
          </gpxtpx:TrackPointExtension>
        </extensions>
      </trkpt>
      <trkpt lat="32.0176464412" lon="120.897076512">
        <ele>7.8</ele>
        <time>2026-08-07T15:23:08+0800</time>
        <extensions>
          <gpxtpx:TrackPointExtension>
            <gpxtpx:hr>184</gpxtpx:hr>
            <gpxtpx:cad>92</gpxtpx:cad>
          </gpxtpx:TrackPointExtension>
        </extensions>
      </trkpt>
      <trkpt lat="32.017639149" lon="120.897130407">
        <ele>7.8</ele>
        <time>2026-08-07T15:23:09+0800</time>
        <extensions>
          <gpxtpx:TrackPointExtension>
            <gpxtpx:hr>184</gpxtpx:hr>
            <gpxtpx:cad>91</gpxtpx:cad>
          </gpxtpx:TrackPointExtension>
        </extensions>
      </trkpt>
      <trkpt lat="32.0176331978" lon="120.897171311">
        <ele>7.8</ele>
        <time>2026-08-07T15:23:10+0800</time>
        <extensions>
          <gpxtpx:TrackPointExtension>
            <gpxtpx:hr>184</gpxtpx:hr>
            <gpxtpx:cad>91</gpxtpx:cad>
          </gpxtpx:TrackPointExtension>
        </extensions>
      </trkpt>
      <trkpt lat="32.0176193677" lon="120.897229481">
        <ele>7.8</ele>
        <time>2026-08-07T15:23:11+0800</time>
        <extensions>
          <gpxtpx:TrackPointExtension>
            <gpxtpx:hr>184</gpxtpx:hr>
            <gpxtpx:cad>91</gpxtpx:cad>
          </gpxtpx:TrackPointExtension>
        </extensions>
      </trkpt>
      <trkpt lat="32.0176157635" lon="120.897274325">
        <ele>7.8</ele>
        <time>2026-08-07T15:23:12+0800</time>
        <extensions>
          <gpxtpx:TrackPointExtension>
            <gpxtpx:hr>184</gpxtpx:hr>
            <gpxtpx:cad>91</gpxtpx:cad>
          </gpxtpx:TrackPointExtension>
        </extensions>
      </trkpt>
      <trkpt lat="32.0176005084" lon="120.897327131">
        <ele>7.8</ele>
        <time>2026-08-07T15:23:13+0800</time>
        <extensions>
          <gpxtpx:TrackPointExtension>
            <gpxtpx:hr>184</gpxtpx:hr>
            <gpxtpx:cad>91</gpxtpx:cad>
          </gpxtpx:TrackPointExtension>
        </extensions>
      </trkpt>
      <trkpt lat="32.017594222" lon="120.897370297">
        <ele>7.6</ele>
        <time>2026-08-07T15:23:14+0800</time>
        <extensions>
          <gpxtpx:TrackPointExtension>
            <gpxtpx:hr>184</gpxtpx:hr>
            <gpxtpx:cad>91</gpxtpx:cad>
          </gpxtpx:TrackPointExtension>
        </extensions>
      </trkpt>
      <trkpt lat="32.0175813138" lon="120.897416649">
        <ele>7.6</ele>
        <time>2026-08-07T15:23:15+0800</time>
        <extensions>
          <gpxtpx:TrackPointExtension>
            <gpxtpx:hr>184</gpxtpx:hr>
            <gpxtpx:cad>91</gpxtpx:cad>
          </gpxtpx:TrackPointExtension>
        </extensions>
      </trkpt>
      <trkpt lat="32.0175798889" lon="120.89746275">
        <ele>7.6</ele>
        <time>2026-08-07T15:23:16+0800</time>
        <extensions>
          <gpxtpx:TrackPointExtension>
            <gpxtpx:hr>184</gpxtpx:hr>
            <gpxtpx:cad>92</gpxtpx:cad>
          </gpxtpx:TrackPointExtension>
        </extensions>
      </trkpt>
      <trkpt lat="32.0175660588" lon="120.897509353">
        <ele>7.4</ele>
        <time>2026-08-07T15:23:17+0800</time>
        <extensions>
          <gpxtpx:TrackPointExtension>
            <gpxtpx:hr>184</gpxtpx:hr>
            <gpxtpx:cad>92</gpxtpx:cad>
          </gpxtpx:TrackPointExtension>
        </extensions>
      </trkpt>
      <trkpt lat="32.0175577607" lon="120.897559393">
        <ele>7.4</ele>
        <time>2026-08-07T15:23:18+0800</time>
        <extensions>
          <gpxtpx:TrackPointExtension>
            <gpxtpx:hr>184</gpxtpx:hr>
            <gpxtpx:cad>92</gpxtpx:cad>
          </gpxtpx:TrackPointExtension>
        </extensions>
      </trkpt>
      <trkpt lat="32.0175443497" lon="120.897605745">
        <ele>7.4</ele>
        <time>2026-08-07T15:23:19+0800</time>
        <extensions>
          <gpxtpx:TrackPointExtension>
            <gpxtpx:hr>184</gpxtpx:hr>
            <gpxtpx:cad>92</gpxtpx:cad>
          </gpxtpx:TrackPointExtension>
        </extensions>
      </trkpt>
      <trkpt lat="32.0175391529" lon="120.897655366">
        <ele>7.4</ele>
        <time>2026-08-07T15:23:20+0800</time>
        <extensions>
          <gpxtpx:TrackPointExtension>
            <gpxtpx:hr>185</gpxtpx:hr>
            <gpxtpx:cad>92</gpxtpx:cad>
          </gpxtpx:TrackPointExtension>
        </extensions>
      </trkpt>
      <trkpt lat="32.0175216347" lon="120.897698952">
        <ele>7.4</ele>
        <time>2026-08-07T15:23:21+0800</time>
        <extensions>
          <gpxtpx:TrackPointExtension>
            <gpxtpx:hr>184</gpxtpx:hr>
            <gpxtpx:cad>92</gpxtpx:cad>
          </gpxtpx:TrackPointExtension>
        </extensions>
      </trkpt>
      <trkpt lat="32.0175061282" lon="120.897749579">
        <ele>7.4</ele>
        <time>2026-08-07T15:23:22+0800</time>
        <extensions>
          <gpxtpx:TrackPointExtension>
            <gpxtpx:hr>184</gpxtpx:hr>
            <gpxtpx:cad>92</gpxtpx:cad>
          </gpxtpx:TrackPointExtension>
        </extensions>
      </trkpt>
      <trkpt lat="32.0174979977" lon="120.897790231">
        <ele>7.4</ele>
        <time>2026-08-07T15:23:23+0800</time>
        <extensions>
          <gpxtpx:TrackPointExtension>
            <gpxtpx:hr>185</gpxtpx:hr>
            <gpxtpx:cad>92</gpxtpx:cad>
          </gpxtpx:TrackPointExtension>
        </extensions>
      </trkpt>
      <trkpt lat="32.0174853411" lon="120.897844378">
        <ele>7.4</ele>
        <time>2026-08-07T15:23:24+0800</time>
        <extensions>
          <gpxtpx:TrackPointExtension>
            <gpxtpx:hr>185</gpxtpx:hr>
            <gpxtpx:cad>92</gpxtpx:cad>
          </gpxtpx:TrackPointExtension>
        </extensions>
      </trkpt>
      <trkpt lat="32.0174788032" lon="120.897886287">
        <ele>7.4</ele>
        <time>2026-08-07T15:23:25+0800</time>
        <extensions>
          <gpxtpx:TrackPointExtension>
            <gpxtpx:hr>185</gpxtpx:hr>
            <gpxtpx:cad>92</gpxtpx:cad>
          </gpxtpx:TrackPointExtension>
        </extensions>
      </trkpt>
      <trkpt lat="32.0174639672" lon="120.897939177">
        <ele>7.4</ele>
        <time>2026-08-07T15:23:26+0800</time>
        <extensions>
          <gpxtpx:TrackPointExtension>
            <gpxtpx:hr>185</gpxtpx:hr>
            <gpxtpx:cad>92</gpxtpx:cad>
          </gpxtpx:TrackPointExtension>
        </extensions>
      </trkpt>
      <trkpt lat="32.0174573455" lon="120.897982344">
        <ele>7.4</ele>
        <time>2026-08-07T15:23:27+0800</time>
        <extensions>
          <gpxtpx:TrackPointExtension>
            <gpxtpx:hr>185</gpxtpx:hr>
            <gpxtpx:cad>92</gpxtpx:cad>
          </gpxtpx:TrackPointExtension>
        </extensions>
      </trkpt>
      <trkpt lat="32.0174415037" lon="120.898034396">
        <ele>7.4</ele>
        <time>2026-08-07T15:23:28+0800</time>
        <extensions>
          <gpxtpx:TrackPointExtension>
            <gpxtpx:hr>185</gpxtpx:hr>
            <gpxtpx:cad>92</gpxtpx:cad>
          </gpxtpx:TrackPointExtension>
        </extensions>
      </trkpt>
      <trkpt lat="32.0174404979" lon="120.898071108">
        <ele>7.4</ele>
        <time>2026-08-07T15:23:29+0800</time>
        <extensions>
          <gpxtpx:TrackPointExtension>
            <gpxtpx:hr>185</gpxtpx:hr>
            <gpxtpx:cad>92</gpxtpx:cad>
          </gpxtpx:TrackPointExtension>
        </extensions>
      </trkpt>
      <trkpt lat="32.0174239017" lon="120.898118718">
        <ele>7.6</ele>
        <time>2026-08-07T15:23:30+0800</time>
        <extensions>
          <gpxtpx:TrackPointExtension>
            <gpxtpx:hr>185</gpxtpx:hr>
            <gpxtpx:cad>92</gpxtpx:cad>
          </gpxtpx:TrackPointExtension>
        </extensions>
      </trkpt>
      <trkpt lat="32.0174197946" lon="120.898162052">
        <ele>7.6</ele>
        <time>2026-08-07T15:23:31+0800</time>
        <extensions>
          <gpxtpx:TrackPointExtension>
            <gpxtpx:hr>185</gpxtpx:hr>
            <gpxtpx:cad>92</gpxtpx:cad>
          </gpxtpx:TrackPointExtension>
        </extensions>
      </trkpt>
      <trkpt lat="32.0174091496" lon="120.898209745">
        <ele>7.6</ele>
        <time>2026-08-07T15:23:32+0800</time>
        <extensions>
          <gpxtpx:TrackPointExtension>
            <gpxtpx:hr>185</gpxtpx:hr>
            <gpxtpx:cad>92</gpxtpx:cad>
          </gpxtpx:TrackPointExtension>
        </extensions>
      </trkpt>
      <trkpt lat="32.0174035337" lon="120.89825727">
        <ele>7.6</ele>
        <time>2026-08-07T15:23:33+0800</time>
        <extensions>
          <gpxtpx:TrackPointExtension>
            <gpxtpx:hr>185</gpxtpx:hr>
            <gpxtpx:cad>92</gpxtpx:cad>
          </gpxtpx:TrackPointExtension>
        </extensions>
      </trkpt>
      <trkpt lat="32.0173935592" lon="120.898304628">
        <ele>7.6</ele>
        <time>2026-08-07T15:23:34+0800</time>
        <extensions>
          <gpxtpx:TrackPointExtension>
            <gpxtpx:hr>185</gpxtpx:hr>
            <gpxtpx:cad>92</gpxtpx:cad>
          </gpxtpx:TrackPointExtension>
        </extensions>
      </trkpt>
      <trkpt lat="32.0173859317" lon="120.898353746">
        <ele>7.6</ele>
        <time>2026-08-07T15:23:35+0800</time>
        <extensions>
          <gpxtpx:TrackPointExtension>
            <gpxtpx:hr>185</gpxtpx:hr>
            <gpxtpx:cad>91</gpxtpx:cad>
          </gpxtpx:TrackPointExtension>
        </extensions>
      </trkpt>
      <trkpt lat="32.0173767954" lon="120.898398086">
        <ele>7.6</ele>
        <time>2026-08-07T15:23:36+0800</time>
        <extensions>
          <gpxtpx:TrackPointExtension>
            <gpxtpx:hr>185</gpxtpx:hr>
            <gpxtpx:cad>91</gpxtpx:cad>
          </gpxtpx:TrackPointExtension>
        </extensions>
      </trkpt>
      <trkpt lat="32.017374197" lon="120.898442259">
        <ele>7.8</ele>
        <time>2026-08-07T15:23:37+0800</time>
        <extensions>
          <gpxtpx:TrackPointExtension>
            <gpxtpx:hr>185</gpxtpx:hr>
            <gpxtpx:cad>91</gpxtpx:cad>
          </gpxtpx:TrackPointExtension>
        </extensions>
      </trkpt>
      <trkpt lat="32.0173726045" lon="120.898482911">
        <ele>8.0</ele>
        <time>2026-08-07T15:23:38+0800</time>
        <extensions>
          <gpxtpx:TrackPointExtension>
            <gpxtpx:hr>186</gpxtpx:hr>
            <gpxtpx:cad>91</gpxtpx:cad>
          </gpxtpx:TrackPointExtension>
        </extensions>
      </trkpt>
      <trkpt lat="32.0173612051" lon="120.898527922">
        <ele>8.0</ele>
        <time>2026-08-07T15:23:39+0800</time>
        <extensions>
          <gpxtpx:TrackPointExtension>
            <gpxtpx:hr>186</gpxtpx:hr>
            <gpxtpx:cad>91</gpxtpx:cad>
          </gpxtpx:TrackPointExtension>
        </extensions>
      </trkpt>
      <trkpt lat="32.0173534099" lon="120.898564802">
        <ele>8.0</ele>
        <time>2026-08-07T15:23:40+0800</time>
        <extensions>
          <gpxtpx:TrackPointExtension>
            <gpxtpx:hr>185</gpxtpx:hr>
            <gpxtpx:cad>91</gpxtpx:cad>
          </gpxtpx:TrackPointExtension>
        </extensions>
      </trkpt>
      <trkpt lat="32.017334383" lon="120.898609897">
        <ele>8.0</ele>
        <time>2026-08-07T15:23:41+0800</time>
        <extensions>
          <gpxtpx:TrackPointExtension>
            <gpxtpx:hr>185</gpxtpx:hr>
            <gpxtpx:cad>91</gpxtpx:cad>
          </gpxtpx:TrackPointExtension>
        </extensions>
      </trkpt>
      <trkpt lat="32.0173095725" lon="120.898644431">
        <ele>7.8</ele>
        <time>2026-08-07T15:23:42+0800</time>
        <extensions>
          <gpxtpx:TrackPointExtension>
            <gpxtpx:hr>184</gpxtpx:hr>
            <gpxtpx:cad>90</gpxtpx:cad>
          </gpxtpx:TrackPointExtension>
        </extensions>
      </trkpt>
      <trkpt lat="32.0172771346" lon="120.898683658">
        <ele>7.8</ele>
        <time>2026-08-07T15:23:43+0800</time>
        <extensions>
          <gpxtpx:TrackPointExtension>
            <gpxtpx:hr>184</gpxtpx:hr>
            <gpxtpx:cad>90</gpxtpx:cad>
          </gpxtpx:TrackPointExtension>
        </extensions>
      </trkpt>
      <trkpt lat="32.0172453672" lon="120.898700841">
        <ele>7.8</ele>
        <time>2026-08-07T15:23:44+0800</time>
        <extensions>
          <gpxtpx:TrackPointExtension>
            <gpxtpx:hr>184</gpxtpx:hr>
            <gpxtpx:cad>90</gpxtpx:cad>
          </gpxtpx:TrackPointExtension>
        </extensions>
      </trkpt>
      <trkpt lat="32.0171996858" lon="120.898709139">
        <ele>7.8</ele>
        <time>2026-08-07T15:23:45+0800</time>
        <extensions>
          <gpxtpx:TrackPointExtension>
            <gpxtpx:hr>184</gpxtpx:hr>
            <gpxtpx:cad>90</gpxtpx:cad>
          </gpxtpx:TrackPointExtension>
        </extensions>
      </trkpt>
      <trkpt lat="32.0171617158" lon="120.898701847">
        <ele>8.0</ele>
        <time>2026-08-07T15:23:46+0800</time>
        <extensions>
          <gpxtpx:TrackPointExtension>
            <gpxtpx:hr>184</gpxtpx:hr>
            <gpxtpx:cad>90</gpxtpx:cad>
          </gpxtpx:TrackPointExtension>
        </extensions>
      </trkpt>
      <trkpt lat="32.0171214826" lon="120.898690531">
        <ele>8.2</ele>
        <time>2026-08-07T15:23:47+0800</time>
        <extensions>
          <gpxtpx:TrackPointExtension>
            <gpxtpx:hr>184</gpxtpx:hr>
            <gpxtpx:cad>90</gpxtpx:cad>
          </gpxtpx:TrackPointExtension>
        </extensions>
      </trkpt>
      <trkpt lat="32.0170880388" lon="120.898675192">
        <ele>8.2</ele>
        <time>2026-08-07T15:23:48+0800</time>
        <extensions>
          <gpxtpx:TrackPointExtension>
            <gpxtpx:hr>184</gpxtpx:hr>
            <gpxtpx:cad>90</gpxtpx:cad>
          </gpxtpx:TrackPointExtension>
        </extensions>
      </trkpt>
      <trkpt lat="32.0170442853" lon="120.898661781">
        <ele>8.2</ele>
        <time>2026-08-07T15:23:49+0800</time>
        <extensions>
          <gpxtpx:TrackPointExtension>
            <gpxtpx:hr>184</gpxtpx:hr>
            <gpxtpx:cad>90</gpxtpx:cad>
          </gpxtpx:TrackPointExtension>
        </extensions>
      </trkpt>
      <trkpt lat="32.0170156192" lon="120.898653567">
        <ele>8.2</ele>
        <time>2026-08-07T15:23:50+0800</time>
        <extensions>
          <gpxtpx:TrackPointExtension>
            <gpxtpx:hr>184</gpxtpx:hr>
            <gpxtpx:cad>90</gpxtpx:cad>
          </gpxtpx:TrackPointExtension>
        </extensions>
      </trkpt>
      <trkpt lat="32.0169706922" lon="120.898635881">
        <ele>8.0</ele>
        <time>2026-08-07T15:23:51+0800</time>
        <extensions>
          <gpxtpx:TrackPointExtension>
            <gpxtpx:hr>185</gpxtpx:hr>
            <gpxtpx:cad>90</gpxtpx:cad>
          </gpxtpx:TrackPointExtension>
        </extensions>
      </trkpt>
      <trkpt lat="32.0169398468" lon="120.898618782">
        <ele>8.0</ele>
        <time>2026-08-07T15:23:52+0800</time>
        <extensions>
          <gpxtpx:TrackPointExtension>
            <gpxtpx:hr>185</gpxtpx:hr>
            <gpxtpx:cad>90</gpxtpx:cad>
          </gpxtpx:TrackPointExtension>
        </extensions>
      </trkpt>
      <trkpt lat="32.0168960094" lon="120.898598833">
        <ele>8.0</ele>
        <time>2026-08-07T15:23:53+0800</time>
        <extensions>
          <gpxtpx:TrackPointExtension>
            <gpxtpx:hr>186</gpxtpx:hr>
            <gpxtpx:cad>91</gpxtpx:cad>
          </gpxtpx:TrackPointExtension>
        </extensions>
      </trkpt>
      <trkpt lat="32.0168638229" lon="120.898583494">
        <ele>8.0</ele>
        <time>2026-08-07T15:23:54+0800</time>
        <extensions>
          <gpxtpx:TrackPointExtension>
            <gpxtpx:hr>186</gpxtpx:hr>
            <gpxtpx:cad>91</gpxtpx:cad>
          </gpxtpx:TrackPointExtension>
        </extensions>
      </trkpt>
      <trkpt lat="32.0168134477" lon="120.898567066">
        <ele>7.8</ele>
        <time>2026-08-07T15:23:55+0800</time>
        <extensions>
          <gpxtpx:TrackPointExtension>
            <gpxtpx:hr>186</gpxtpx:hr>
            <gpxtpx:cad>91</gpxtpx:cad>
          </gpxtpx:TrackPointExtension>
        </extensions>
      </trkpt>
      <trkpt lat="32.0167807583" lon="120.898555331">
        <ele>7.8</ele>
        <time>2026-08-07T15:23:56+0800</time>
        <extensions>
          <gpxtpx:TrackPointExtension>
            <gpxtpx:hr>186</gpxtpx:hr>
            <gpxtpx:cad>91</gpxtpx:cad>
          </gpxtpx:TrackPointExtension>
        </extensions>
      </trkpt>
      <trkpt lat="32.0167318918" lon="120.898536136">
        <ele>7.8</ele>
        <time>2026-08-07T15:23:57+0800</time>
        <extensions>
          <gpxtpx:TrackPointExtension>
            <gpxtpx:hr>186</gpxtpx:hr>
            <gpxtpx:cad>91</gpxtpx:cad>
          </gpxtpx:TrackPointExtension>
        </extensions>
      </trkpt>
      <trkpt lat="32.0166979451" lon="120.898527252">
        <ele>7.8</ele>
        <time>2026-08-07T15:23:58+0800</time>
        <extensions>
          <gpxtpx:TrackPointExtension>
            <gpxtpx:hr>185</gpxtpx:hr>
            <gpxtpx:cad>91</gpxtpx:cad>
          </gpxtpx:TrackPointExtension>
        </extensions>
      </trkpt>
      <trkpt lat="32.0166492462" lon="120.898512583">
        <ele>7.6</ele>
        <time>2026-08-07T15:23:59+0800</time>
        <extensions>
          <gpxtpx:TrackPointExtension>
            <gpxtpx:hr>185</gpxtpx:hr>
            <gpxtpx:cad>91</gpxtpx:cad>
          </gpxtpx:TrackPointExtension>
        </extensions>
      </trkpt>
      <trkpt lat="32.0166115277" lon="120.898510404">
        <ele>7.6</ele>
        <time>2026-08-07T15:24:00+0800</time>
        <extensions>
          <gpxtpx:TrackPointExtension>
            <gpxtpx:hr>185</gpxtpx:hr>
            <gpxtpx:cad>91</gpxtpx:cad>
          </gpxtpx:TrackPointExtension>
        </extensions>
      </trkpt>
      <trkpt lat="32.0165638346" lon="120.89849825">
        <ele>7.6</ele>
        <time>2026-08-07T15:24:01+0800</time>
        <extensions>
          <gpxtpx:TrackPointExtension>
            <gpxtpx:hr>185</gpxtpx:hr>
            <gpxtpx:cad>91</gpxtpx:cad>
          </gpxtpx:TrackPointExtension>
        </extensions>
      </trkpt>
      <trkpt lat="32.0165263675" lon="120.898492215">
        <ele>7.6</ele>
        <time>2026-08-07T15:24:02+0800</time>
        <extensions>
          <gpxtpx:TrackPointExtension>
            <gpxtpx:hr>185</gpxtpx:hr>
            <gpxtpx:cad>91</gpxtpx:cad>
          </gpxtpx:TrackPointExtension>
        </extensions>
      </trkpt>
      <trkpt lat="32.0164816082" lon="120.898474948">
        <ele>7.4</ele>
        <time>2026-08-07T15:24:03+0800</time>
        <extensions>
          <gpxtpx:TrackPointExtension>
            <gpxtpx:hr>184</gpxtpx:hr>
            <gpxtpx:cad>91</gpxtpx:cad>
          </gpxtpx:TrackPointExtension>
        </extensions>
      </trkpt>
      <trkpt lat="32.0164449792" lon="120.898468411">
        <ele>7.4</ele>
        <time>2026-08-07T15:24:04+0800</time>
        <extensions>
          <gpxtpx:TrackPointExtension>
            <gpxtpx:hr>184</gpxtpx:hr>
            <gpxtpx:cad>91</gpxtpx:cad>
          </gpxtpx:TrackPointExtension>
        </extensions>
      </trkpt>
      <trkpt lat="32.0164031535" lon="120.898452736">
        <ele>7.4</ele>
        <time>2026-08-07T15:24:05+0800</time>
        <extensions>
          <gpxtpx:TrackPointExtension>
            <gpxtpx:hr>185</gpxtpx:hr>
            <gpxtpx:cad>91</gpxtpx:cad>
          </gpxtpx:TrackPointExtension>
        </extensions>
      </trkpt>
      <trkpt lat="32.0163650997" lon="120.898439325">
        <ele>7.6</ele>
        <time>2026-08-07T15:24:06+0800</time>
        <extensions>
          <gpxtpx:TrackPointExtension>
            <gpxtpx:hr>185</gpxtpx:hr>
            <gpxtpx:cad>91</gpxtpx:cad>
          </gpxtpx:TrackPointExtension>
        </extensions>
      </trkpt>
      <trkpt lat="32.016331153" lon="120.8984234">
        <ele>7.6</ele>
        <time>2026-08-07T15:24:07+0800</time>
        <extensions>
          <gpxtpx:TrackPointExtension>
            <gpxtpx:hr>185</gpxtpx:hr>
            <gpxtpx:cad>91</gpxtpx:cad>
          </gpxtpx:TrackPointExtension>
        </extensions>
      </trkpt>
      <trkpt lat="32.0162940212" lon="120.898413341">
        <ele>7.6</ele>
        <time>2026-08-07T15:24:08+0800</time>
        <extensions>
          <gpxtpx:TrackPointExtension>
            <gpxtpx:hr>184</gpxtpx:hr>
            <gpxtpx:cad>91</gpxtpx:cad>
          </gpxtpx:TrackPointExtension>
        </extensions>
      </trkpt>
      <trkpt lat="32.0162545424" lon="120.89839532">
        <ele>7.6</ele>
        <time>2026-08-07T15:24:09+0800</time>
        <extensions>
          <gpxtpx:TrackPointExtension>
            <gpxtpx:hr>185</gpxtpx:hr>
            <gpxtpx:cad>91</gpxtpx:cad>
          </gpxtpx:TrackPointExtension>
        </extensions>
      </trkpt>
      <trkpt lat="32.0162169077" lon="120.898383753">
        <ele>7.8</ele>
        <time>2026-08-07T15:24:10+0800</time>
        <extensions>
          <gpxtpx:TrackPointExtension>
            <gpxtpx:hr>185</gpxtpx:hr>
            <gpxtpx:cad>91</gpxtpx:cad>
          </gpxtpx:TrackPointExtension>
        </extensions>
      </trkpt>
      <trkpt lat="32.0161869843" lon="120.898365984">
        <ele>7.6</ele>
        <time>2026-08-07T15:24:11+0800</time>
        <extensions>
          <gpxtpx:TrackPointExtension>
            <gpxtpx:hr>185</gpxtpx:hr>
            <gpxtpx:cad>91</gpxtpx:cad>
          </gpxtpx:TrackPointExtension>
        </extensions>
      </trkpt>
      <trkpt lat="32.0161466673" lon="120.898353327">
        <ele>7.6</ele>
        <time>2026-08-07T15:24:12+0800</time>
        <extensions>
          <gpxtpx:TrackPointExtension>
            <gpxtpx:hr>185</gpxtpx:hr>
            <gpxtpx:cad>91</gpxtpx:cad>
          </gpxtpx:TrackPointExtension>
        </extensions>
      </trkpt>
      <trkpt lat="32.0161142293" lon="120.89833606">
        <ele>7.6</ele>
        <time>2026-08-07T15:24:13+0800</time>
        <extensions>
          <gpxtpx:TrackPointExtension>
            <gpxtpx:hr>185</gpxtpx:hr>
            <gpxtpx:cad>91</gpxtpx:cad>
          </gpxtpx:TrackPointExtension>
        </extensions>
      </trkpt>
      <trkpt lat="32.0160713978" lon="120.898321811">
        <ele>7.4</ele>
        <time>2026-08-07T15:24:14+0800</time>
        <extensions>
          <gpxtpx:TrackPointExtension>
            <gpxtpx:hr>186</gpxtpx:hr>
            <gpxtpx:cad>91</gpxtpx:cad>
          </gpxtpx:TrackPointExtension>
        </extensions>
      </trkpt>
      <trkpt lat="32.0160393789" lon="120.898304712">
        <ele>7.4</ele>
        <time>2026-08-07T15:24:15+0800</time>
        <extensions>
          <gpxtpx:TrackPointExtension>
            <gpxtpx:hr>186</gpxtpx:hr>
            <gpxtpx:cad>91</gpxtpx:cad>
          </gpxtpx:TrackPointExtension>
        </extensions>
      </trkpt>
      <trkpt lat="32.0160031691" lon="120.898292307">
        <ele>7.4</ele>
        <time>2026-08-07T15:24:16+0800</time>
        <extensions>
          <gpxtpx:TrackPointExtension>
            <gpxtpx:hr>186</gpxtpx:hr>
            <gpxtpx:cad>91</gpxtpx:cad>
          </gpxtpx:TrackPointExtension>
        </extensions>
      </trkpt>
      <trkpt lat="32.015970815" lon="120.898274202">
        <ele>7.4</ele>
        <time>2026-08-07T15:24:17+0800</time>
        <extensions>
          <gpxtpx:TrackPointExtension>
            <gpxtpx:hr>186</gpxtpx:hr>
            <gpxtpx:cad>91</gpxtpx:cad>
          </gpxtpx:TrackPointExtension>
        </extensions>
      </trkpt>
      <trkpt lat="32.0159239601" lon="120.898263473">
        <ele>7.4</ele>
        <time>2026-08-07T15:24:18+0800</time>
        <extensions>
          <gpxtpx:TrackPointExtension>
            <gpxtpx:hr>186</gpxtpx:hr>
            <gpxtpx:cad>90</gpxtpx:cad>
          </gpxtpx:TrackPointExtension>
        </extensions>
      </trkpt>
      <trkpt lat="32.0158922765" lon="120.89824738">
        <ele>7.4</ele>
        <time>2026-08-07T15:24:19+0800</time>
        <extensions>
          <gpxtpx:TrackPointExtension>
            <gpxtpx:hr>186</gpxtpx:hr>
            <gpxtpx:cad>90</gpxtpx:cad>
          </gpxtpx:TrackPointExtension>
        </extensions>
      </trkpt>
      <trkpt lat="32.0158514567" lon="120.89823707">
        <ele>7.4</ele>
        <time>2026-08-07T15:24:20+0800</time>
        <extensions>
          <gpxtpx:TrackPointExtension>
            <gpxtpx:hr>186</gpxtpx:hr>
            <gpxtpx:cad>90</gpxtpx:cad>
          </gpxtpx:TrackPointExtension>
        </extensions>
      </trkpt>
      <trkpt lat="32.0158208627" lon="120.898222988">
        <ele>7.4</ele>
        <time>2026-08-07T15:24:21+0800</time>
        <extensions>
          <gpxtpx:TrackPointExtension>
            <gpxtpx:hr>185</gpxtpx:hr>
            <gpxtpx:cad>90</gpxtpx:cad>
          </gpxtpx:TrackPointExtension>
        </extensions>
      </trkpt>
      <trkpt lat="32.0157811325" lon="120.898209326">
        <ele>7.4</ele>
        <time>2026-08-07T15:24:22+0800</time>
        <extensions>
          <gpxtpx:TrackPointExtension>
            <gpxtpx:hr>185</gpxtpx:hr>
            <gpxtpx:cad>90</gpxtpx:cad>
          </gpxtpx:TrackPointExtension>
        </extensions>
      </trkpt>
      <trkpt lat="32.0157454256" lon="120.898191808">
        <ele>7.4</ele>
        <time>2026-08-07T15:24:23+0800</time>
        <extensions>
          <gpxtpx:TrackPointExtension>
            <gpxtpx:hr>185</gpxtpx:hr>
            <gpxtpx:cad>90</gpxtpx:cad>
          </gpxtpx:TrackPointExtension>
        </extensions>
      </trkpt>
      <trkpt lat="32.0157022588" lon="120.898175798">
        <ele>7.4</ele>
        <time>2026-08-07T15:24:24+0800</time>
        <extensions>
          <gpxtpx:TrackPointExtension>
            <gpxtpx:hr>185</gpxtpx:hr>
            <gpxtpx:cad>90</gpxtpx:cad>
          </gpxtpx:TrackPointExtension>
        </extensions>
      </trkpt>
      <trkpt lat="32.0156694017" lon="120.898161633">
        <ele>7.4</ele>
        <time>2026-08-07T15:24:25+0800</time>
        <extensions>
          <gpxtpx:TrackPointExtension>
            <gpxtpx:hr>185</gpxtpx:hr>
            <gpxtpx:cad>90</gpxtpx:cad>
          </gpxtpx:TrackPointExtension>
        </extensions>
      </trkpt>
      <trkpt lat="32.0156273246" lon="120.898146881">
        <ele>7.4</ele>
        <time>2026-08-07T15:24:26+0800</time>
        <extensions>
          <gpxtpx:TrackPointExtension>
            <gpxtpx:hr>186</gpxtpx:hr>
            <gpxtpx:cad>90</gpxtpx:cad>
          </gpxtpx:TrackPointExtension>
        </extensions>
      </trkpt>
      <trkpt lat="32.0155975688" lon="120.898132632">
        <ele>7.4</ele>
        <time>2026-08-07T15:24:27+0800</time>
        <extensions>
          <gpxtpx:TrackPointExtension>
            <gpxtpx:hr>186</gpxtpx:hr>
            <gpxtpx:cad>90</gpxtpx:cad>
          </gpxtpx:TrackPointExtension>
        </extensions>
      </trkpt>
      <trkpt lat="32.0155538991" lon="120.898116035">
        <ele>7.4</ele>
        <time>2026-08-07T15:24:28+0800</time>
        <extensions>
          <gpxtpx:TrackPointExtension>
            <gpxtpx:hr>186</gpxtpx:hr>
            <gpxtpx:cad>90</gpxtpx:cad>
          </gpxtpx:TrackPointExtension>
        </extensions>
      </trkpt>
      <trkpt lat="32.01552012" lon="120.898102708">
        <ele>7.4</ele>
        <time>2026-08-07T15:24:29+0800</time>
        <extensions>
          <gpxtpx:TrackPointExtension>
            <gpxtpx:hr>187</gpxtpx:hr>
            <gpxtpx:cad>90</gpxtpx:cad>
          </gpxtpx:TrackPointExtension>
        </extensions>
      </trkpt>
      <trkpt lat="32.0154732652" lon="120.898091812">
        <ele>7.4</ele>
        <time>2026-08-07T15:24:30+0800</time>
        <extensions>
          <gpxtpx:TrackPointExtension>
            <gpxtpx:hr>187</gpxtpx:hr>
            <gpxtpx:cad>90</gpxtpx:cad>
          </gpxtpx:TrackPointExtension>
        </extensions>
      </trkpt>
      <trkpt lat="32.0154445153" lon="120.898088124">
        <ele>7.4</ele>
        <time>2026-08-07T15:24:31+0800</time>
        <extensions>
          <gpxtpx:TrackPointExtension>
            <gpxtpx:hr>186</gpxtpx:hr>
            <gpxtpx:cad>90</gpxtpx:cad>
          </gpxtpx:TrackPointExtension>
        </extensions>
      </trkpt>
      <trkpt lat="32.0154028572" lon="120.89807027">
        <ele>7.4</ele>
        <time>2026-08-07T15:24:32+0800</time>
        <extensions>
          <gpxtpx:TrackPointExtension>
            <gpxtpx:hr>186</gpxtpx:hr>
            <gpxtpx:cad>90</gpxtpx:cad>
          </gpxtpx:TrackPointExtension>
        </extensions>
      </trkpt>
      <trkpt lat="32.0153762028" lon="120.89806566">
        <ele>7.6</ele>
        <time>2026-08-07T15:24:33+0800</time>
        <extensions>
          <gpxtpx:TrackPointExtension>
            <gpxtpx:hr>186</gpxtpx:hr>
            <gpxtpx:cad>90</gpxtpx:cad>
          </gpxtpx:TrackPointExtension>
        </extensions>
      </trkpt>
      <trkpt lat="32.015333036" lon="120.898047052">
        <ele>7.6</ele>
        <time>2026-08-07T15:24:34+0800</time>
        <extensions>
          <gpxtpx:TrackPointExtension>
            <gpxtpx:hr>185</gpxtpx:hr>
            <gpxtpx:cad>90</gpxtpx:cad>
          </gpxtpx:TrackPointExtension>
        </extensions>
      </trkpt>
      <trkpt lat="32.0153037831" lon="120.898034647">
        <ele>7.6</ele>
        <time>2026-08-07T15:24:35+0800</time>
        <extensions>
          <gpxtpx:TrackPointExtension>
            <gpxtpx:hr>185</gpxtpx:hr>
            <gpxtpx:cad>90</gpxtpx:cad>
          </gpxtpx:TrackPointExtension>
        </extensions>
      </trkpt>
      <trkpt lat="32.0152580179" lon="120.898016039">
        <ele>7.6</ele>
        <time>2026-08-07T15:24:36+0800</time>
        <extensions>
          <gpxtpx:TrackPointExtension>
            <gpxtpx:hr>185</gpxtpx:hr>
            <gpxtpx:cad>91</gpxtpx:cad>
          </gpxtpx:TrackPointExtension>
        </extensions>
      </trkpt>
      <trkpt lat="32.0152266696" lon="120.898014698">
        <ele>7.6</ele>
        <time>2026-08-07T15:24:37+0800</time>
        <extensions>
          <gpxtpx:TrackPointExtension>
            <gpxtpx:hr>185</gpxtpx:hr>
            <gpxtpx:cad>90</gpxtpx:cad>
          </gpxtpx:TrackPointExtension>
        </extensions>
      </trkpt>
      <trkpt lat="32.0151831675" lon="120.898002964">
        <ele>7.6</ele>
        <time>2026-08-07T15:24:38+0800</time>
        <extensions>
          <gpxtpx:TrackPointExtension>
            <gpxtpx:hr>186</gpxtpx:hr>
            <gpxtpx:cad>90</gpxtpx:cad>
          </gpxtpx:TrackPointExtension>
        </extensions>
      </trkpt>
      <trkpt lat="32.015155172" lon="120.897995085">
        <ele>7.6</ele>
        <time>2026-08-07T15:24:39+0800</time>
        <extensions>
          <gpxtpx:TrackPointExtension>
            <gpxtpx:hr>186</gpxtpx:hr>
            <gpxtpx:cad>90</gpxtpx:cad>
          </gpxtpx:TrackPointExtension>
        </extensions>
      </trkpt>
      <trkpt lat="32.0151118375" lon="120.897977985">
        <ele>7.6</ele>
        <time>2026-08-07T15:24:40+0800</time>
        <extensions>
          <gpxtpx:TrackPointExtension>
            <gpxtpx:hr>187</gpxtpx:hr>
            <gpxtpx:cad>90</gpxtpx:cad>
          </gpxtpx:TrackPointExtension>
        </extensions>
      </trkpt>
      <trkpt lat="32.0150857698" lon="120.897974046">
        <ele>7.6</ele>
        <time>2026-08-07T15:24:41+0800</time>
        <extensions>
          <gpxtpx:TrackPointExtension>
            <gpxtpx:hr>186</gpxtpx:hr>
            <gpxtpx:cad>90</gpxtpx:cad>
          </gpxtpx:TrackPointExtension>
        </extensions>
      </trkpt>
      <trkpt lat="32.0150411781" lon="120.897959964">
        <ele>7.6</ele>
        <time>2026-08-07T15:24:42+0800</time>
        <extensions>
          <gpxtpx:TrackPointExtension>
            <gpxtpx:hr>187</gpxtpx:hr>
            <gpxtpx:cad>90</gpxtpx:cad>
          </gpxtpx:TrackPointExtension>
        </extensions>
      </trkpt>
      <trkpt lat="32.0150119253" lon="120.897947308">
        <ele>7.6</ele>
        <time>2026-08-07T15:24:43+0800</time>
        <extensions>
          <gpxtpx:TrackPointExtension>
            <gpxtpx:hr>187</gpxtpx:hr>
            <gpxtpx:cad>90</gpxtpx:cad>
          </gpxtpx:TrackPointExtension>
        </extensions>
      </trkpt>
      <trkpt lat="32.0149675012" lon="120.89792937">
        <ele>7.6</ele>
        <time>2026-08-07T15:24:44+0800</time>
        <extensions>
          <gpxtpx:TrackPointExtension>
            <gpxtpx:hr>186</gpxtpx:hr>
            <gpxtpx:cad>90</gpxtpx:cad>
          </gpxtpx:TrackPointExtension>
        </extensions>
      </trkpt>
      <trkpt lat="32.0149347279" lon="120.897923587">
        <ele>7.6</ele>
        <time>2026-08-07T15:24:45+0800</time>
        <extensions>
          <gpxtpx:TrackPointExtension>
            <gpxtpx:hr>186</gpxtpx:hr>
            <gpxtpx:cad>90</gpxtpx:cad>
          </gpxtpx:TrackPointExtension>
        </extensions>
      </trkpt>
      <trkpt lat="32.0148889627" lon="120.897908667">
        <ele>7.6</ele>
        <time>2026-08-07T15:24:46+0800</time>
        <extensions>
          <gpxtpx:TrackPointExtension>
            <gpxtpx:hr>186</gpxtpx:hr>
            <gpxtpx:cad>91</gpxtpx:cad>
          </gpxtpx:TrackPointExtension>
        </extensions>
      </trkpt>
      <trkpt lat="32.0148572791" lon="120.897896765">
        <ele>7.6</ele>
        <time>2026-08-07T15:24:47+0800</time>
        <extensions>
          <gpxtpx:TrackPointExtension>
            <gpxtpx:hr>186</gpxtpx:hr>
            <gpxtpx:cad>91</gpxtpx:cad>
          </gpxtpx:TrackPointExtension>
        </extensions>
      </trkpt>
      <trkpt lat="32.0148146152" lon="120.897878744">
        <ele>7.8</ele>
        <time>2026-08-07T15:24:48+0800</time>
        <extensions>
          <gpxtpx:TrackPointExtension>
            <gpxtpx:hr>185</gpxtpx:hr>
            <gpxtpx:cad>91</gpxtpx:cad>
          </gpxtpx:TrackPointExtension>
        </extensions>
      </trkpt>
      <trkpt lat="32.0147861168" lon="120.89787472">
        <ele>7.8</ele>
        <time>2026-08-07T15:24:49+0800</time>
        <extensions>
          <gpxtpx:TrackPointExtension>
            <gpxtpx:hr>185</gpxtpx:hr>
            <gpxtpx:cad>91</gpxtpx:cad>
          </gpxtpx:TrackPointExtension>
        </extensions>
      </trkpt>
      <trkpt lat="32.014742028" lon="120.89786022">
        <ele>7.8</ele>
        <time>2026-08-07T15:24:50+0800</time>
        <extensions>
          <gpxtpx:TrackPointExtension>
            <gpxtpx:hr>185</gpxtpx:hr>
            <gpxtpx:cad>90</gpxtpx:cad>
          </gpxtpx:TrackPointExtension>
        </extensions>
      </trkpt>
      <trkpt lat="32.014714703" lon="120.897856113">
        <ele>7.8</ele>
        <time>2026-08-07T15:24:51+0800</time>
        <extensions>
          <gpxtpx:TrackPointExtension>
            <gpxtpx:hr>185</gpxtpx:hr>
            <gpxtpx:cad>90</gpxtpx:cad>
          </gpxtpx:TrackPointExtension>
        </extensions>
      </trkpt>
      <trkpt lat="32.0146713685" lon="120.897839181">
        <ele>7.8</ele>
        <time>2026-08-07T15:24:52+0800</time>
        <extensions>
          <gpxtpx:TrackPointExtension>
            <gpxtpx:hr>186</gpxtpx:hr>
            <gpxtpx:cad>89</gpxtpx:cad>
          </gpxtpx:TrackPointExtension>
        </extensions>
      </trkpt>
      <trkpt lat="32.0146421995" lon="120.897832643">
        <ele>7.8</ele>
        <time>2026-08-07T15:24:53+0800</time>
        <extensions>
          <gpxtpx:TrackPointExtension>
            <gpxtpx:hr>186</gpxtpx:hr>
            <gpxtpx:cad>89</gpxtpx:cad>
          </gpxtpx:TrackPointExtension>
        </extensions>
      </trkpt>
      <trkpt lat="32.0146005414" lon="120.89781194">
        <ele>7.8</ele>
        <time>2026-08-07T15:24:54+0800</time>
        <extensions>
          <gpxtpx:TrackPointExtension>
            <gpxtpx:hr>187</gpxtpx:hr>
            <gpxtpx:cad>89</gpxtpx:cad>
          </gpxtpx:TrackPointExtension>
        </extensions>
      </trkpt>
      <trkpt lat="32.0145646669" lon="120.897799786">
        <ele>8.0</ele>
        <time>2026-08-07T15:24:55+0800</time>
        <extensions>
          <gpxtpx:TrackPointExtension>
            <gpxtpx:hr>187</gpxtpx:hr>
            <gpxtpx:cad>89</gpxtpx:cad>
          </gpxtpx:TrackPointExtension>
        </extensions>
      </trkpt>
      <trkpt lat="32.0145321451" lon="120.89776542">
        <ele>8.0</ele>
        <time>2026-08-07T15:24:56+0800</time>
        <extensions>
          <gpxtpx:TrackPointExtension>
            <gpxtpx:hr>186</gpxtpx:hr>
            <gpxtpx:cad>90</gpxtpx:cad>
          </gpxtpx:TrackPointExtension>
        </extensions>
      </trkpt>
      <trkpt lat="32.0145067479" lon="120.897734826">
        <ele>8.0</ele>
        <time>2026-08-07T15:24:57+0800</time>
        <extensions>
          <gpxtpx:TrackPointExtension>
            <gpxtpx:hr>185</gpxtpx:hr>
            <gpxtpx:cad>90</gpxtpx:cad>
          </gpxtpx:TrackPointExtension>
        </extensions>
      </trkpt>
      <trkpt lat="32.0144903194" lon="120.897686379">
        <ele>8.2</ele>
        <time>2026-08-07T15:24:58+0800</time>
        <extensions>
          <gpxtpx:TrackPointExtension>
            <gpxtpx:hr>185</gpxtpx:hr>
            <gpxtpx:cad>90</gpxtpx:cad>
          </gpxtpx:TrackPointExtension>
        </extensions>
      </trkpt>
      <trkpt lat="32.0144737232" lon="120.897651678">
        <ele>8.2</ele>
        <time>2026-08-07T15:24:59+0800</time>
        <extensions>
          <gpxtpx:TrackPointExtension>
            <gpxtpx:hr>185</gpxtpx:hr>
            <gpxtpx:cad>90</gpxtpx:cad>
          </gpxtpx:TrackPointExtension>
        </extensions>
      </trkpt>
      <trkpt lat="32.0144592226" lon="120.897600381">
        <ele>8.2</ele>
        <time>2026-08-07T15:25:00+0800</time>
        <extensions>
          <gpxtpx:TrackPointExtension>
            <gpxtpx:hr>185</gpxtpx:hr>
            <gpxtpx:cad>90</gpxtpx:cad>
          </gpxtpx:TrackPointExtension>
        </extensions>
      </trkpt>
      <trkpt lat="32.0144385193" lon="120.897570206">
        <ele>8.2</ele>
        <time>2026-08-07T15:25:01+0800</time>
        <extensions>
          <gpxtpx:TrackPointExtension>
            <gpxtpx:hr>184</gpxtpx:hr>
            <gpxtpx:cad>90</gpxtpx:cad>
          </gpxtpx:TrackPointExtension>
        </extensions>
      </trkpt>
      <trkpt lat="32.0144215878" lon="120.897524608">
        <ele>8.2</ele>
        <time>2026-08-07T15:25:02+0800</time>
        <extensions>
          <gpxtpx:TrackPointExtension>
            <gpxtpx:hr>185</gpxtpx:hr>
            <gpxtpx:cad>90</gpxtpx:cad>
          </gpxtpx:TrackPointExtension>
        </extensions>
      </trkpt>
      <trkpt lat="32.0144044887" lon="120.89748513">
        <ele>8.0</ele>
        <time>2026-08-07T15:25:03+0800</time>
        <extensions>
          <gpxtpx:TrackPointExtension>
            <gpxtpx:hr>185</gpxtpx:hr>
            <gpxtpx:cad>90</gpxtpx:cad>
          </gpxtpx:TrackPointExtension>
        </extensions>
      </trkpt>
      <trkpt lat="32.0143876411" lon="120.897437017">
        <ele>8.0</ele>
        <time>2026-08-07T15:25:04+0800</time>
        <extensions>
          <gpxtpx:TrackPointExtension>
            <gpxtpx:hr>185</gpxtpx:hr>
            <gpxtpx:cad>90</gpxtpx:cad>
          </gpxtpx:TrackPointExtension>
        </extensions>
      </trkpt>
      <trkpt lat="32.0143717155" lon="120.897397371">
        <ele>7.8</ele>
        <time>2026-08-07T15:25:05+0800</time>
        <extensions>
          <gpxtpx:TrackPointExtension>
            <gpxtpx:hr>186</gpxtpx:hr>
            <gpxtpx:cad>90</gpxtpx:cad>
          </gpxtpx:TrackPointExtension>
        </extensions>
      </trkpt>
      <trkpt lat="32.0143579692" lon="120.897350684">
        <ele>7.8</ele>
        <time>2026-08-07T15:25:06+0800</time>
        <extensions>
          <gpxtpx:TrackPointExtension>
            <gpxtpx:hr>186</gpxtpx:hr>
            <gpxtpx:cad>90</gpxtpx:cad>
          </gpxtpx:TrackPointExtension>
        </extensions>
      </trkpt>
      <trkpt lat="32.0143363439" lon="120.897311624">
        <ele>7.6</ele>
        <time>2026-08-07T15:25:07+0800</time>
        <extensions>
          <gpxtpx:TrackPointExtension>
            <gpxtpx:hr>186</gpxtpx:hr>
            <gpxtpx:cad>90</gpxtpx:cad>
          </gpxtpx:TrackPointExtension>
        </extensions>
      </trkpt>
      <trkpt lat="32.0143223461" lon="120.897263344">
        <ele>7.6</ele>
        <time>2026-08-07T15:25:08+0800</time>
        <extensions>
          <gpxtpx:TrackPointExtension>
            <gpxtpx:hr>186</gpxtpx:hr>
            <gpxtpx:cad>90</gpxtpx:cad>
          </gpxtpx:TrackPointExtension>
        </extensions>
      </trkpt>
      <trkpt lat="32.0143025648" lon="120.897225374">
        <ele>7.6</ele>
        <time>2026-08-07T15:25:09+0800</time>
        <extensions>
          <gpxtpx:TrackPointExtension>
            <gpxtpx:hr>186</gpxtpx:hr>
            <gpxtpx:cad>90</gpxtpx:cad>
          </gpxtpx:TrackPointExtension>
        </extensions>
      </trkpt>
      <trkpt lat="32.0142892376" lon="120.897177849">
        <ele>7.6</ele>
        <time>2026-08-07T15:25:10+0800</time>
        <extensions>
          <gpxtpx:TrackPointExtension>
            <gpxtpx:hr>185</gpxtpx:hr>
            <gpxtpx:cad>90</gpxtpx:cad>
          </gpxtpx:TrackPointExtension>
        </extensions>
      </trkpt>
      <trkpt lat="32.0142728928" lon="120.897138035">
        <ele>7.6</ele>
        <time>2026-08-07T15:25:11+0800</time>
        <extensions>
          <gpxtpx:TrackPointExtension>
            <gpxtpx:hr>185</gpxtpx:hr>
            <gpxtpx:cad>90</gpxtpx:cad>
          </gpxtpx:TrackPointExtension>
        </extensions>
      </trkpt>
      <trkpt lat="32.0142669417" lon="120.897089504">
        <ele>7.6</ele>
        <time>2026-08-07T15:25:12+0800</time>
        <extensions>
          <gpxtpx:TrackPointExtension>
            <gpxtpx:hr>185</gpxtpx:hr>
            <gpxtpx:cad>90</gpxtpx:cad>
          </gpxtpx:TrackPointExtension>
        </extensions>
      </trkpt>
      <trkpt lat="32.0142526925" lon="120.897055892">
        <ele>7.6</ele>
        <time>2026-08-07T15:25:13+0800</time>
        <extensions>
          <gpxtpx:TrackPointExtension>
            <gpxtpx:hr>185</gpxtpx:hr>
            <gpxtpx:cad>90</gpxtpx:cad>
          </gpxtpx:TrackPointExtension>
        </extensions>
      </trkpt>
      <trkpt lat="32.0142418798" lon="120.897013564">
        <ele>7.4</ele>
        <time>2026-08-07T15:25:14+0800</time>
        <extensions>
          <gpxtpx:TrackPointExtension>
            <gpxtpx:hr>185</gpxtpx:hr>
            <gpxtpx:cad>90</gpxtpx:cad>
          </gpxtpx:TrackPointExtension>
        </extensions>
      </trkpt>
      <trkpt lat="32.0142273791" lon="120.896979868">
        <ele>7.4</ele>
        <time>2026-08-07T15:25:15+0800</time>
        <extensions>
          <gpxtpx:TrackPointExtension>
            <gpxtpx:hr>185</gpxtpx:hr>
            <gpxtpx:cad>90</gpxtpx:cad>
          </gpxtpx:TrackPointExtension>
        </extensions>
      </trkpt>
      <trkpt lat="32.0142133813" lon="120.896936366">
        <ele>7.4</ele>
        <time>2026-08-07T15:25:16+0800</time>
        <extensions>
          <gpxtpx:TrackPointExtension>
            <gpxtpx:hr>185</gpxtpx:hr>
            <gpxtpx:cad>90</gpxtpx:cad>
          </gpxtpx:TrackPointExtension>
        </extensions>
      </trkpt>
      <trkpt lat="32.0141997188" lon="120.896900743">
        <ele>7.4</ele>
        <time>2026-08-07T15:25:17+0800</time>
        <extensions>
          <gpxtpx:TrackPointExtension>
            <gpxtpx:hr>185</gpxtpx:hr>
            <gpxtpx:cad>90</gpxtpx:cad>
          </gpxtpx:TrackPointExtension>
        </extensions>
      </trkpt>
      <trkpt lat="32.0141881518" lon="120.896856487">
        <ele>7.4</ele>
        <time>2026-08-07T15:25:18+0800</time>
        <extensions>
          <gpxtpx:TrackPointExtension>
            <gpxtpx:hr>186</gpxtpx:hr>
            <gpxtpx:cad>90</gpxtpx:cad>
          </gpxtpx:TrackPointExtension>
        </extensions>
      </trkpt>
      <trkpt lat="32.0141748246" lon="120.896818014">
        <ele>7.4</ele>
        <time>2026-08-07T15:25:19+0800</time>
        <extensions>
          <gpxtpx:TrackPointExtension>
            <gpxtpx:hr>186</gpxtpx:hr>
            <gpxtpx:cad>90</gpxtpx:cad>
          </gpxtpx:TrackPointExtension>
        </extensions>
      </trkpt>
      <trkpt lat="32.014161665" lon="120.896776104">
        <ele>7.4</ele>
        <time>2026-08-07T15:25:20+0800</time>
        <extensions>
          <gpxtpx:TrackPointExtension>
            <gpxtpx:hr>186</gpxtpx:hr>
            <gpxtpx:cad>90</gpxtpx:cad>
          </gpxtpx:TrackPointExtension>
        </extensions>
      </trkpt>
      <trkpt lat="32.0141470805" lon="120.896740649">
        <ele>7.6</ele>
        <time>2026-08-07T15:25:21+0800</time>
        <extensions>
          <gpxtpx:TrackPointExtension>
            <gpxtpx:hr>186</gpxtpx:hr>
            <gpxtpx:cad>90</gpxtpx:cad>
          </gpxtpx:TrackPointExtension>
        </extensions>
      </trkpt>
      <trkpt lat="32.0141449012" lon="120.896692872">
        <ele>7.6</ele>
        <time>2026-08-07T15:25:22+0800</time>
        <extensions>
          <gpxtpx:TrackPointExtension>
            <gpxtpx:hr>186</gpxtpx:hr>
            <gpxtpx:cad>90</gpxtpx:cad>
          </gpxtpx:TrackPointExtension>
        </extensions>
      </trkpt>
      <trkpt lat="32.0141215157" lon="120.896650292">
        <ele>7.6</ele>
        <time>2026-08-07T15:25:23+0800</time>
        <extensions>
          <gpxtpx:TrackPointExtension>
            <gpxtpx:hr>185</gpxtpx:hr>
            <gpxtpx:cad>90</gpxtpx:cad>
          </gpxtpx:TrackPointExtension>
        </extensions>
      </trkpt>
      <trkpt lat="32.0141109545" lon="120.896609388">
        <ele>7.6</ele>
        <time>2026-08-07T15:25:24+0800</time>
        <extensions>
          <gpxtpx:TrackPointExtension>
            <gpxtpx:hr>185</gpxtpx:hr>
            <gpxtpx:cad>90</gpxtpx:cad>
          </gpxtpx:TrackPointExtension>
        </extensions>
      </trkpt>
      <trkpt lat="32.0140916761" lon="120.896569993">
        <ele>7.6</ele>
        <time>2026-08-07T15:25:25+0800</time>
        <extensions>
          <gpxtpx:TrackPointExtension>
            <gpxtpx:hr>185</gpxtpx:hr>
            <gpxtpx:cad>90</gpxtpx:cad>
          </gpxtpx:TrackPointExtension>
        </extensions>
      </trkpt>
      <trkpt lat="32.0140817855" lon="120.896526491">
        <ele>7.6</ele>
        <time>2026-08-07T15:25:26+0800</time>
        <extensions>
          <gpxtpx:TrackPointExtension>
            <gpxtpx:hr>185</gpxtpx:hr>
            <gpxtpx:cad>90</gpxtpx:cad>
          </gpxtpx:TrackPointExtension>
        </extensions>
      </trkpt>
      <trkpt lat="32.0140682068" lon="120.896483827">
        <ele>7.6</ele>
        <time>2026-08-07T15:25:27+0800</time>
        <extensions>
          <gpxtpx:TrackPointExtension>
            <gpxtpx:hr>185</gpxtpx:hr>
            <gpxtpx:cad>90</gpxtpx:cad>
          </gpxtpx:TrackPointExtension>
        </extensions>
      </trkpt>
      <trkpt lat="32.0140620042" lon="120.896442924">
        <ele>7.6</ele>
        <time>2026-08-07T15:25:28+0800</time>
        <extensions>
          <gpxtpx:TrackPointExtension>
            <gpxtpx:hr>185</gpxtpx:hr>
            <gpxtpx:cad>90</gpxtpx:cad>
          </gpxtpx:TrackPointExtension>
        </extensions>
      </trkpt>
      <trkpt lat="32.0140447374" lon="120.896403361">
        <ele>7.6</ele>
        <time>2026-08-07T15:25:29+0800</time>
        <extensions>
          <gpxtpx:TrackPointExtension>
            <gpxtpx:hr>184</gpxtpx:hr>
            <gpxtpx:cad>90</gpxtpx:cad>
          </gpxtpx:TrackPointExtension>
        </extensions>
      </trkpt>
      <trkpt lat="32.0140331704" lon="120.896360362">
        <ele>7.6</ele>
        <time>2026-08-07T15:25:30+0800</time>
        <extensions>
          <gpxtpx:TrackPointExtension>
            <gpxtpx:hr>185</gpxtpx:hr>
            <gpxtpx:cad>90</gpxtpx:cad>
          </gpxtpx:TrackPointExtension>
        </extensions>
      </trkpt>
      <trkpt lat="32.0140165742" lon="120.896321302">
        <ele>7.6</ele>
        <time>2026-08-07T15:25:31+0800</time>
        <extensions>
          <gpxtpx:TrackPointExtension>
            <gpxtpx:hr>185</gpxtpx:hr>
            <gpxtpx:cad>89</gpxtpx:cad>
          </gpxtpx:TrackPointExtension>
        </extensions>
      </trkpt>
      <trkpt lat="32.0140051749" lon="120.896273023">
        <ele>7.6</ele>
        <time>2026-08-07T15:25:32+0800</time>
        <extensions>
          <gpxtpx:TrackPointExtension>
            <gpxtpx:hr>186</gpxtpx:hr>
            <gpxtpx:cad>89</gpxtpx:cad>
          </gpxtpx:TrackPointExtension>
        </extensions>
      </trkpt>
      <trkpt lat="32.0139885787" lon="120.89623346">
        <ele>7.6</ele>
        <time>2026-08-07T15:25:33+0800</time>
        <extensions>
          <gpxtpx:TrackPointExtension>
            <gpxtpx:hr>186</gpxtpx:hr>
            <gpxtpx:cad>90</gpxtpx:cad>
          </gpxtpx:TrackPointExtension>
        </extensions>
      </trkpt>
      <trkpt lat="32.0139771793" lon="120.896186354">
        <ele>7.6</ele>
        <time>2026-08-07T15:25:34+0800</time>
        <extensions>
          <gpxtpx:TrackPointExtension>
            <gpxtpx:hr>186</gpxtpx:hr>
            <gpxtpx:cad>89</gpxtpx:cad>
          </gpxtpx:TrackPointExtension>
        </extensions>
      </trkpt>
      <trkpt lat="32.013959242" lon="120.896148048">
        <ele>7.8</ele>
        <time>2026-08-07T15:25:35+0800</time>
        <extensions>
          <gpxtpx:TrackPointExtension>
            <gpxtpx:hr>185</gpxtpx:hr>
            <gpxtpx:cad>90</gpxtpx:cad>
          </gpxtpx:TrackPointExtension>
        </extensions>
      </trkpt>
      <trkpt lat="32.0139483456" lon="120.896104546">
        <ele>7.8</ele>
        <time>2026-08-07T15:25:36+0800</time>
        <extensions>
          <gpxtpx:TrackPointExtension>
            <gpxtpx:hr>185</gpxtpx:hr>
            <gpxtpx:cad>90</gpxtpx:cad>
          </gpxtpx:TrackPointExtension>
        </extensions>
      </trkpt>
      <trkpt lat="32.013930073" lon="120.896062972">
        <ele>7.8</ele>
        <time>2026-08-07T15:25:37+0800</time>
        <extensions>
          <gpxtpx:TrackPointExtension>
            <gpxtpx:hr>185</gpxtpx:hr>
            <gpxtpx:cad>90</gpxtpx:cad>
          </gpxtpx:TrackPointExtension>
        </extensions>
      </trkpt>
      <trkpt lat="32.0139244571" lon="120.89602014">
        <ele>7.8</ele>
        <time>2026-08-07T15:25:38+0800</time>
        <extensions>
          <gpxtpx:TrackPointExtension>
            <gpxtpx:hr>185</gpxtpx:hr>
            <gpxtpx:cad>90</gpxtpx:cad>
          </gpxtpx:TrackPointExtension>
        </extensions>
      </trkpt>
      <trkpt lat="32.0139095373" lon="120.895978818">
        <ele>7.8</ele>
        <time>2026-08-07T15:25:39+0800</time>
        <extensions>
          <gpxtpx:TrackPointExtension>
            <gpxtpx:hr>185</gpxtpx:hr>
            <gpxtpx:cad>90</gpxtpx:cad>
          </gpxtpx:TrackPointExtension>
        </extensions>
      </trkpt>
      <trkpt lat="32.0138998143" lon="120.895937746">
        <ele>7.8</ele>
        <time>2026-08-07T15:25:40+0800</time>
        <extensions>
          <gpxtpx:TrackPointExtension>
            <gpxtpx:hr>184</gpxtpx:hr>
            <gpxtpx:cad>90</gpxtpx:cad>
          </gpxtpx:TrackPointExtension>
        </extensions>
      </trkpt>
      <trkpt lat="32.0138848107" lon="120.89589349">
        <ele>7.8</ele>
        <time>2026-08-07T15:25:41+0800</time>
        <extensions>
          <gpxtpx:TrackPointExtension>
            <gpxtpx:hr>184</gpxtpx:hr>
            <gpxtpx:cad>90</gpxtpx:cad>
          </gpxtpx:TrackPointExtension>
        </extensions>
      </trkpt>
      <trkpt lat="32.0138765126" lon="120.89585552">
        <ele>7.8</ele>
        <time>2026-08-07T15:25:42+0800</time>
        <extensions>
          <gpxtpx:TrackPointExtension>
            <gpxtpx:hr>184</gpxtpx:hr>
            <gpxtpx:cad>90</gpxtpx:cad>
          </gpxtpx:TrackPointExtension>
        </extensions>
      </trkpt>
      <trkpt lat="32.0138565637" lon="120.895808749">
        <ele>7.8</ele>
        <time>2026-08-07T15:25:43+0800</time>
        <extensions>
          <gpxtpx:TrackPointExtension>
            <gpxtpx:hr>185</gpxtpx:hr>
            <gpxtpx:cad>90</gpxtpx:cad>
          </gpxtpx:TrackPointExtension>
        </extensions>
      </trkpt>
      <trkpt lat="32.013847176" lon="120.89577212">
        <ele>7.8</ele>
        <time>2026-08-07T15:25:44+0800</time>
        <extensions>
          <gpxtpx:TrackPointExtension>
            <gpxtpx:hr>185</gpxtpx:hr>
            <gpxtpx:cad>90</gpxtpx:cad>
          </gpxtpx:TrackPointExtension>
        </extensions>
      </trkpt>
      <trkpt lat="32.0138298254" lon="120.895726942">
        <ele>7.8</ele>
        <time>2026-08-07T15:25:45+0800</time>
        <extensions>
          <gpxtpx:TrackPointExtension>
            <gpxtpx:hr>186</gpxtpx:hr>
            <gpxtpx:cad>90</gpxtpx:cad>
          </gpxtpx:TrackPointExtension>
        </extensions>
      </trkpt>
      <trkpt lat="32.0138142351" lon="120.89569509">
        <ele>7.8</ele>
        <time>2026-08-07T15:25:46+0800</time>
        <extensions>
          <gpxtpx:TrackPointExtension>
            <gpxtpx:hr>187</gpxtpx:hr>
            <gpxtpx:cad>90</gpxtpx:cad>
          </gpxtpx:TrackPointExtension>
        </extensions>
      </trkpt>
      <trkpt lat="32.0137957111" lon="120.895653348">
        <ele>7.8</ele>
        <time>2026-08-07T15:25:47+0800</time>
        <extensions>
          <gpxtpx:TrackPointExtension>
            <gpxtpx:hr>187</gpxtpx:hr>
            <gpxtpx:cad>90</gpxtpx:cad>
          </gpxtpx:TrackPointExtension>
        </extensions>
      </trkpt>
      <trkpt lat="32.0137889218" lon="120.895611774">
        <ele>7.8</ele>
        <time>2026-08-07T15:25:48+0800</time>
        <extensions>
          <gpxtpx:TrackPointExtension>
            <gpxtpx:hr>186</gpxtpx:hr>
            <gpxtpx:cad>90</gpxtpx:cad>
          </gpxtpx:TrackPointExtension>
        </extensions>
      </trkpt>
      <trkpt lat="32.013775846" lon="120.895570535">
        <ele>7.8</ele>
        <time>2026-08-07T15:25:49+0800</time>
        <extensions>
          <gpxtpx:TrackPointExtension>
            <gpxtpx:hr>186</gpxtpx:hr>
            <gpxtpx:cad>90</gpxtpx:cad>
          </gpxtpx:TrackPointExtension>
        </extensions>
      </trkpt>
      <trkpt lat="32.0137672964" lon="120.895530637">
        <ele>7.8</ele>
        <time>2026-08-07T15:25:50+0800</time>
        <extensions>
          <gpxtpx:TrackPointExtension>
            <gpxtpx:hr>186</gpxtpx:hr>
            <gpxtpx:cad>90</gpxtpx:cad>
          </gpxtpx:TrackPointExtension>
        </extensions>
      </trkpt>
      <trkpt lat="32.0137511194" lon="120.895487135">
        <ele>7.8</ele>
        <time>2026-08-07T15:25:51+0800</time>
        <extensions>
          <gpxtpx:TrackPointExtension>
            <gpxtpx:hr>185</gpxtpx:hr>
            <gpxtpx:cad>90</gpxtpx:cad>
          </gpxtpx:TrackPointExtension>
        </extensions>
      </trkpt>
      <trkpt lat="32.0137377921" lon="120.895451261">
        <ele>7.8</ele>
        <time>2026-08-07T15:25:52+0800</time>
        <extensions>
          <gpxtpx:TrackPointExtension>
            <gpxtpx:hr>186</gpxtpx:hr>
            <gpxtpx:cad>90</gpxtpx:cad>
          </gpxtpx:TrackPointExtension>
        </extensions>
      </trkpt>
      <trkpt lat="32.0137211122" lon="120.895407675">
        <ele>8.0</ele>
        <time>2026-08-07T15:25:53+0800</time>
        <extensions>
          <gpxtpx:TrackPointExtension>
            <gpxtpx:hr>186</gpxtpx:hr>
            <gpxtpx:cad>90</gpxtpx:cad>
          </gpxtpx:TrackPointExtension>
        </extensions>
      </trkpt>
      <trkpt lat="32.0137131494" lon="120.895362832">
        <ele>8.0</ele>
        <time>2026-08-07T15:25:54+0800</time>
        <extensions>
          <gpxtpx:TrackPointExtension>
            <gpxtpx:hr>186</gpxtpx:hr>
            <gpxtpx:cad>90</gpxtpx:cad>
          </gpxtpx:TrackPointExtension>
        </extensions>
      </trkpt>
      <trkpt lat="32.0136934519" lon="120.89532">
        <ele>8.0</ele>
        <time>2026-08-07T15:25:55+0800</time>
        <extensions>
          <gpxtpx:TrackPointExtension>
            <gpxtpx:hr>186</gpxtpx:hr>
            <gpxtpx:cad>89</gpxtpx:cad>
          </gpxtpx:TrackPointExtension>
        </extensions>
      </trkpt>
      <trkpt lat="32.013683226" lon="120.895272978">
        <ele>8.0</ele>
        <time>2026-08-07T15:25:56+0800</time>
        <extensions>
          <gpxtpx:TrackPointExtension>
            <gpxtpx:hr>187</gpxtpx:hr>
            <gpxtpx:cad>89</gpxtpx:cad>
          </gpxtpx:TrackPointExtension>
        </extensions>
      </trkpt>
      <trkpt lat="32.0136634447" lon="120.8952309">
        <ele>8.0</ele>
        <time>2026-08-07T15:25:57+0800</time>
        <extensions>
          <gpxtpx:TrackPointExtension>
            <gpxtpx:hr>186</gpxtpx:hr>
            <gpxtpx:cad>89</gpxtpx:cad>
          </gpxtpx:TrackPointExtension>
        </extensions>
      </trkpt>
      <trkpt lat="32.0136545599" lon="120.895186141">
        <ele>8.2</ele>
        <time>2026-08-07T15:25:58+0800</time>
        <extensions>
          <gpxtpx:TrackPointExtension>
            <gpxtpx:hr>186</gpxtpx:hr>
            <gpxtpx:cad>89</gpxtpx:cad>
          </gpxtpx:TrackPointExtension>
        </extensions>
      </trkpt>
      <trkpt lat="32.0136385504" lon="120.895149345">
        <ele>8.2</ele>
        <time>2026-08-07T15:25:59+0800</time>
        <extensions>
          <gpxtpx:TrackPointExtension>
            <gpxtpx:hr>186</gpxtpx:hr>
            <gpxtpx:cad>89</gpxtpx:cad>
          </gpxtpx:TrackPointExtension>
        </extensions>
      </trkpt>
      <trkpt lat="32.0136295818" lon="120.89510534">
        <ele>8.2</ele>
        <time>2026-08-07T15:26:00+0800</time>
        <extensions>
          <gpxtpx:TrackPointExtension>
            <gpxtpx:hr>185</gpxtpx:hr>
            <gpxtpx:cad>89</gpxtpx:cad>
          </gpxtpx:TrackPointExtension>
        </extensions>
      </trkpt>
      <trkpt lat="32.0136151649" lon="120.895074075">
        <ele>8.2</ele>
        <time>2026-08-07T15:26:01+0800</time>
        <extensions>
          <gpxtpx:TrackPointExtension>
            <gpxtpx:hr>185</gpxtpx:hr>
            <gpxtpx:cad>89</gpxtpx:cad>
          </gpxtpx:TrackPointExtension>
        </extensions>
      </trkpt>
      <trkpt lat="32.0136248041" lon="120.89502831">
        <ele>8.2</ele>
        <time>2026-08-07T15:26:02+0800</time>
        <extensions>
          <gpxtpx:TrackPointExtension>
            <gpxtpx:hr>186</gpxtpx:hr>
            <gpxtpx:cad>88</gpxtpx:cad>
          </gpxtpx:TrackPointExtension>
        </extensions>
      </trkpt>
      <trkpt lat="32.0136372931" lon="120.894995956">
        <ele>8.2</ele>
        <time>2026-08-07T15:26:03+0800</time>
        <extensions>
          <gpxtpx:TrackPointExtension>
            <gpxtpx:hr>186</gpxtpx:hr>
            <gpxtpx:cad>88</gpxtpx:cad>
          </gpxtpx:TrackPointExtension>
        </extensions>
      </trkpt>
      <trkpt lat="32.013667468" lon="120.894966787">
        <ele>8.2</ele>
        <time>2026-08-07T15:26:04+0800</time>
        <extensions>
          <gpxtpx:TrackPointExtension>
            <gpxtpx:hr>187</gpxtpx:hr>
            <gpxtpx:cad>88</gpxtpx:cad>
          </gpxtpx:TrackPointExtension>
        </extensions>
      </trkpt>
      <trkpt lat="32.0136997383" lon="120.894959075">
        <ele>8.2</ele>
        <time>2026-08-07T15:26:05+0800</time>
        <extensions>
          <gpxtpx:TrackPointExtension>
            <gpxtpx:hr>186</gpxtpx:hr>
            <gpxtpx:cad>88</gpxtpx:cad>
          </gpxtpx:TrackPointExtension>
        </extensions>
      </trkpt>
      <trkpt lat="32.0137435757" lon="120.894968715">
        <ele>8.0</ele>
        <time>2026-08-07T15:26:06+0800</time>
        <extensions>
          <gpxtpx:TrackPointExtension>
            <gpxtpx:hr>185</gpxtpx:hr>
            <gpxtpx:cad>88</gpxtpx:cad>
          </gpxtpx:TrackPointExtension>
        </extensions>
      </trkpt>
      <trkpt lat="32.013780959" lon="120.894981287">
        <ele>8.0</ele>
        <time>2026-08-07T15:26:07+0800</time>
        <extensions>
          <gpxtpx:TrackPointExtension>
            <gpxtpx:hr>185</gpxtpx:hr>
            <gpxtpx:cad>88</gpxtpx:cad>
          </gpxtpx:TrackPointExtension>
        </extensions>
      </trkpt>
      <trkpt lat="32.0138278138" lon="120.895000231">
        <ele>8.0</ele>
        <time>2026-08-07T15:26:08+0800</time>
        <extensions>
          <gpxtpx:TrackPointExtension>
            <gpxtpx:hr>186</gpxtpx:hr>
            <gpxtpx:cad>88</gpxtpx:cad>
          </gpxtpx:TrackPointExtension>
        </extensions>
      </trkpt>
      <trkpt lat="32.0138631016" lon="120.895005763">
        <ele>8.0</ele>
        <time>2026-08-07T15:26:09+0800</time>
        <extensions>
          <gpxtpx:TrackPointExtension>
            <gpxtpx:hr>187</gpxtpx:hr>
            <gpxtpx:cad>88</gpxtpx:cad>
          </gpxtpx:TrackPointExtension>
        </extensions>
      </trkpt>
      <trkpt lat="32.0139090344" lon="120.895018084">
        <ele>8.0</ele>
        <time>2026-08-07T15:26:10+0800</time>
        <extensions>
          <gpxtpx:TrackPointExtension>
            <gpxtpx:hr>188</gpxtpx:hr>
            <gpxtpx:cad>89</gpxtpx:cad>
          </gpxtpx:TrackPointExtension>
        </extensions>
      </trkpt>
      <trkpt lat="32.013944909" lon="120.895021688">
        <ele>8.0</ele>
        <time>2026-08-07T15:26:11+0800</time>
        <extensions>
          <gpxtpx:TrackPointExtension>
            <gpxtpx:hr>187</gpxtpx:hr>
            <gpxtpx:cad>89</gpxtpx:cad>
          </gpxtpx:TrackPointExtension>
        </extensions>
      </trkpt>
      <trkpt lat="32.0139832981" lon="120.895035099">
        <ele>7.8</ele>
        <time>2026-08-07T15:26:12+0800</time>
        <extensions>
          <gpxtpx:TrackPointExtension>
            <gpxtpx:hr>186</gpxtpx:hr>
            <gpxtpx:cad>89</gpxtpx:cad>
          </gpxtpx:TrackPointExtension>
        </extensions>
      </trkpt>
      <trkpt lat="32.0140135568" lon="120.895047002">
        <ele>7.8</ele>
        <time>2026-08-07T15:26:13+0800</time>
        <extensions>
          <gpxtpx:TrackPointExtension>
            <gpxtpx:hr>186</gpxtpx:hr>
            <gpxtpx:cad>89</gpxtpx:cad>
          </gpxtpx:TrackPointExtension>
        </extensions>
      </trkpt>
      <trkpt lat="32.0140546281" lon="120.895063346">
        <ele>7.8</ele>
        <time>2026-08-07T15:26:14+0800</time>
        <extensions>
          <gpxtpx:TrackPointExtension>
            <gpxtpx:hr>185</gpxtpx:hr>
            <gpxtpx:cad>89</gpxtpx:cad>
          </gpxtpx:TrackPointExtension>
        </extensions>
      </trkpt>
      <trkpt lat="32.0140774269" lon="120.895072818">
        <ele>7.8</ele>
        <time>2026-08-07T15:26:15+0800</time>
        <extensions>
          <gpxtpx:TrackPointExtension>
            <gpxtpx:hr>186</gpxtpx:hr>
            <gpxtpx:cad>89</gpxtpx:cad>
          </gpxtpx:TrackPointExtension>
        </extensions>
      </trkpt>
      <trkpt lat="32.0141153131" lon="120.895087151">
        <ele>7.8</ele>
        <time>2026-08-07T15:26:16+0800</time>
        <extensions>
          <gpxtpx:TrackPointExtension>
            <gpxtpx:hr>186</gpxtpx:hr>
            <gpxtpx:cad>89</gpxtpx:cad>
          </gpxtpx:TrackPointExtension>
        </extensions>
      </trkpt>
      <trkpt lat="32.0141402073" lon="120.895100059">
        <ele>8.0</ele>
        <time>2026-08-07T15:26:17+0800</time>
        <extensions>
          <gpxtpx:TrackPointExtension>
            <gpxtpx:hr>186</gpxtpx:hr>
            <gpxtpx:cad>89</gpxtpx:cad>
          </gpxtpx:TrackPointExtension>
        </extensions>
      </trkpt>
      <trkpt lat="32.0141796861" lon="120.895111961">
        <ele>8.0</ele>
        <time>2026-08-07T15:26:18+0800</time>
        <extensions>
          <gpxtpx:TrackPointExtension>
            <gpxtpx:hr>187</gpxtpx:hr>
            <gpxtpx:cad>89</gpxtpx:cad>
          </gpxtpx:TrackPointExtension>
        </extensions>
      </trkpt>
      <trkpt lat="32.0142106991" lon="120.895120678">
        <ele>8.0</ele>
        <time>2026-08-07T15:26:19+0800</time>
        <extensions>
          <gpxtpx:TrackPointExtension>
            <gpxtpx:hr>186</gpxtpx:hr>
            <gpxtpx:cad>89</gpxtpx:cad>
          </gpxtpx:TrackPointExtension>
        </extensions>
      </trkpt>
      <trkpt lat="32.0142485853" lon="120.895133838">
        <ele>8.0</ele>
        <time>2026-08-07T15:26:20+0800</time>
        <extensions>
          <gpxtpx:TrackPointExtension>
            <gpxtpx:hr>186</gpxtpx:hr>
            <gpxtpx:cad>89</gpxtpx:cad>
          </gpxtpx:TrackPointExtension>
        </extensions>
      </trkpt>
      <trkpt lat="32.0142745692" lon="120.895139454">
        <ele>8.2</ele>
        <time>2026-08-07T15:26:21+0800</time>
        <extensions>
          <gpxtpx:TrackPointExtension>
            <gpxtpx:hr>185</gpxtpx:hr>
            <gpxtpx:cad>89</gpxtpx:cad>
          </gpxtpx:TrackPointExtension>
        </extensions>
      </trkpt>
      <trkpt lat="32.0143182389" lon="120.895149261">
        <ele>8.2</ele>
        <time>2026-08-07T15:26:22+0800</time>
        <extensions>
          <gpxtpx:TrackPointExtension>
            <gpxtpx:hr>185</gpxtpx:hr>
            <gpxtpx:cad>90</gpxtpx:cad>
          </gpxtpx:TrackPointExtension>
        </extensions>
      </trkpt>
      <trkpt lat="32.0143598132" lon="120.895149345">
        <ele>8.0</ele>
        <time>2026-08-07T15:26:23+0800</time>
        <extensions>
          <gpxtpx:TrackPointExtension>
            <gpxtpx:hr>185</gpxtpx:hr>
            <gpxtpx:cad>90</gpxtpx:cad>
          </gpxtpx:TrackPointExtension>
        </extensions>
      </trkpt>
      <trkpt lat="32.0143980347" lon="120.895166192">
        <ele>8.0</ele>
        <time>2026-08-07T15:26:24+0800</time>
        <extensions>
          <gpxtpx:TrackPointExtension>
            <gpxtpx:hr>185</gpxtpx:hr>
            <gpxtpx:cad>90</gpxtpx:cad>
          </gpxtpx:TrackPointExtension>
        </extensions>
      </trkpt>
      <trkpt lat="32.0144323166" lon="120.895173317">
        <ele>8.0</ele>
        <time>2026-08-07T15:26:25+0800</time>
        <extensions>
          <gpxtpx:TrackPointExtension>
            <gpxtpx:hr>185</gpxtpx:hr>
            <gpxtpx:cad>90</gpxtpx:cad>
          </gpxtpx:TrackPointExtension>
        </extensions>
      </trkpt>
      <trkpt lat="32.0144716278" lon="120.89518832">
        <ele>7.8</ele>
        <time>2026-08-07T15:26:26+0800</time>
        <extensions>
          <gpxtpx:TrackPointExtension>
            <gpxtpx:hr>185</gpxtpx:hr>
            <gpxtpx:cad>90</gpxtpx:cad>
          </gpxtpx:TrackPointExtension>
        </extensions>
      </trkpt>
      <trkpt lat="32.0145028085" lon="120.895207766">
        <ele>7.8</ele>
        <time>2026-08-07T15:26:27+0800</time>
        <extensions>
          <gpxtpx:TrackPointExtension>
            <gpxtpx:hr>185</gpxtpx:hr>
            <gpxtpx:cad>90</gpxtpx:cad>
          </gpxtpx:TrackPointExtension>
        </extensions>
      </trkpt>
      <trkpt lat="32.014544718" lon="120.895221345">
        <ele>7.8</ele>
        <time>2026-08-07T15:26:28+0800</time>
        <extensions>
          <gpxtpx:TrackPointExtension>
            <gpxtpx:hr>186</gpxtpx:hr>
            <gpxtpx:cad>89</gpxtpx:cad>
          </gpxtpx:TrackPointExtension>
        </extensions>
      </trkpt>
      <trkpt lat="32.0145746414" lon="120.895229895">
        <ele>7.8</ele>
        <time>2026-08-07T15:26:29+0800</time>
        <extensions>
          <gpxtpx:TrackPointExtension>
            <gpxtpx:hr>186</gpxtpx:hr>
            <gpxtpx:cad>89</gpxtpx:cad>
          </gpxtpx:TrackPointExtension>
        </extensions>
      </trkpt>
      <trkpt lat="32.0146184787" lon="120.895238193">
        <ele>7.8</ele>
        <time>2026-08-07T15:26:30+0800</time>
        <extensions>
          <gpxtpx:TrackPointExtension>
            <gpxtpx:hr>186</gpxtpx:hr>
            <gpxtpx:cad>89</gpxtpx:cad>
          </gpxtpx:TrackPointExtension>
        </extensions>
      </trkpt>
      <trkpt lat="32.0146542694" lon="120.895247497">
        <ele>7.6</ele>
        <time>2026-08-07T15:26:31+0800</time>
        <extensions>
          <gpxtpx:TrackPointExtension>
            <gpxtpx:hr>185</gpxtpx:hr>
            <gpxtpx:cad>89</gpxtpx:cad>
          </gpxtpx:TrackPointExtension>
        </extensions>
      </trkpt>
      <trkpt lat="32.0146958437" lon="120.895258393">
        <ele>7.6</ele>
        <time>2026-08-07T15:26:32+0800</time>
        <extensions>
          <gpxtpx:TrackPointExtension>
            <gpxtpx:hr>185</gpxtpx:hr>
            <gpxtpx:cad>89</gpxtpx:cad>
          </gpxtpx:TrackPointExtension>
        </extensions>
      </trkpt>
      <trkpt lat="32.014731802" lon="120.895262416">
        <ele>7.6</ele>
        <time>2026-08-07T15:26:33+0800</time>
        <extensions>
          <gpxtpx:TrackPointExtension>
            <gpxtpx:hr>185</gpxtpx:hr>
            <gpxtpx:cad>89</gpxtpx:cad>
          </gpxtpx:TrackPointExtension>
        </extensions>
      </trkpt>
      <trkpt lat="32.0147667546" lon="120.895271553">
        <ele>7.6</ele>
        <time>2026-08-07T15:26:34+0800</time>
        <extensions>
          <gpxtpx:TrackPointExtension>
            <gpxtpx:hr>185</gpxtpx:hr>
            <gpxtpx:cad>89</gpxtpx:cad>
          </gpxtpx:TrackPointExtension>
        </extensions>
      </trkpt>
      <trkpt lat="32.0148050599" lon="120.895280018">
        <ele>7.8</ele>
        <time>2026-08-07T15:26:35+0800</time>
        <extensions>
          <gpxtpx:TrackPointExtension>
            <gpxtpx:hr>185</gpxtpx:hr>
            <gpxtpx:cad>89</gpxtpx:cad>
          </gpxtpx:TrackPointExtension>
        </extensions>
      </trkpt>
      <trkpt lat="32.0148430299" lon="120.895287646">
        <ele>7.8</ele>
        <time>2026-08-07T15:26:36+0800</time>
        <extensions>
          <gpxtpx:TrackPointExtension>
            <gpxtpx:hr>185</gpxtpx:hr>
            <gpxtpx:cad>89</gpxtpx:cad>
          </gpxtpx:TrackPointExtension>
        </extensions>
      </trkpt>
      <trkpt lat="32.0148779824" lon="120.895301979">
        <ele>7.8</ele>
        <time>2026-08-07T15:26:37+0800</time>
        <extensions>
          <gpxtpx:TrackPointExtension>
            <gpxtpx:hr>185</gpxtpx:hr>
            <gpxtpx:cad>89</gpxtpx:cad>
          </gpxtpx:TrackPointExtension>
        </extensions>
      </trkpt>
      <trkpt lat="32.0149113424" lon="120.895309774">
        <ele>7.8</ele>
        <time>2026-08-07T15:26:38+0800</time>
        <extensions>
          <gpxtpx:TrackPointExtension>
            <gpxtpx:hr>186</gpxtpx:hr>
            <gpxtpx:cad>89</gpxtpx:cad>
          </gpxtpx:TrackPointExtension>
        </extensions>
      </trkpt>
      <trkpt lat="32.0149452053" lon="120.895317402">
        <ele>8.0</ele>
        <time>2026-08-07T15:26:39+0800</time>
        <extensions>
          <gpxtpx:TrackPointExtension>
            <gpxtpx:hr>186</gpxtpx:hr>
            <gpxtpx:cad>90</gpxtpx:cad>
          </gpxtpx:TrackPointExtension>
        </extensions>
      </trkpt>
      <trkpt lat="32.0149822533" lon="120.895326789">
        <ele>8.0</ele>
        <time>2026-08-07T15:26:40+0800</time>
        <extensions>
          <gpxtpx:TrackPointExtension>
            <gpxtpx:hr>186</gpxtpx:hr>
            <gpxtpx:cad>90</gpxtpx:cad>
          </gpxtpx:TrackPointExtension>
        </extensions>
      </trkpt>
      <trkpt lat="32.0150167868" lon="120.895337183">
        <ele>8.0</ele>
        <time>2026-08-07T15:26:41+0800</time>
        <extensions>
          <gpxtpx:TrackPointExtension>
            <gpxtpx:hr>186</gpxtpx:hr>
            <gpxtpx:cad>90</gpxtpx:cad>
          </gpxtpx:TrackPointExtension>
        </extensions>
      </trkpt>
      <trkpt lat="32.0150550921" lon="120.895346319">
        <ele>8.0</ele>
        <time>2026-08-07T15:26:42+0800</time>
        <extensions>
          <gpxtpx:TrackPointExtension>
            <gpxtpx:hr>186</gpxtpx:hr>
            <gpxtpx:cad>90</gpxtpx:cad>
          </gpxtpx:TrackPointExtension>
        </extensions>
      </trkpt>
      <trkpt lat="32.0150858536" lon="120.89535512">
        <ele>8.0</ele>
        <time>2026-08-07T15:26:43+0800</time>
        <extensions>
          <gpxtpx:TrackPointExtension>
            <gpxtpx:hr>185</gpxtpx:hr>
            <gpxtpx:cad>90</gpxtpx:cad>
          </gpxtpx:TrackPointExtension>
        </extensions>
      </trkpt>
      <trkpt lat="32.0151228178" lon="120.895365179">
        <ele>8.0</ele>
        <time>2026-08-07T15:26:44+0800</time>
        <extensions>
          <gpxtpx:TrackPointExtension>
            <gpxtpx:hr>185</gpxtpx:hr>
            <gpxtpx:cad>90</gpxtpx:cad>
          </gpxtpx:TrackPointExtension>
        </extensions>
      </trkpt>
      <trkpt lat="32.015157016" lon="120.895378506">
        <ele>8.0</ele>
        <time>2026-08-07T15:26:45+0800</time>
        <extensions>
          <gpxtpx:TrackPointExtension>
            <gpxtpx:hr>185</gpxtpx:hr>
            <gpxtpx:cad>90</gpxtpx:cad>
          </gpxtpx:TrackPointExtension>
        </extensions>
      </trkpt>
      <trkpt lat="32.015194064" lon="120.89538605">
        <ele>7.8</ele>
        <time>2026-08-07T15:26:46+0800</time>
        <extensions>
          <gpxtpx:TrackPointExtension>
            <gpxtpx:hr>185</gpxtpx:hr>
            <gpxtpx:cad>90</gpxtpx:cad>
          </gpxtpx:TrackPointExtension>
        </extensions>
      </trkpt>
      <trkpt lat="32.0152249932" lon="120.895398287">
        <ele>7.8</ele>
        <time>2026-08-07T15:26:47+0800</time>
        <extensions>
          <gpxtpx:TrackPointExtension>
            <gpxtpx:hr>185</gpxtpx:hr>
            <gpxtpx:cad>90</gpxtpx:cad>
          </gpxtpx:TrackPointExtension>
        </extensions>
      </trkpt>
      <trkpt lat="32.0152645558" lon="120.895404322">
        <ele>8.0</ele>
        <time>2026-08-07T15:26:48+0800</time>
        <extensions>
          <gpxtpx:TrackPointExtension>
            <gpxtpx:hr>186</gpxtpx:hr>
            <gpxtpx:cad>90</gpxtpx:cad>
          </gpxtpx:TrackPointExtension>
        </extensions>
      </trkpt>
      <trkpt lat="32.0153001789" lon="120.895421086">
        <ele>7.8</ele>
        <time>2026-08-07T15:26:49+0800</time>
        <extensions>
          <gpxtpx:TrackPointExtension>
            <gpxtpx:hr>187</gpxtpx:hr>
            <gpxtpx:cad>90</gpxtpx:cad>
          </gpxtpx:TrackPointExtension>
        </extensions>
      </trkpt>
      <trkpt lat="32.0153363049" lon="120.895430557">
        <ele>8.0</ele>
        <time>2026-08-07T15:26:50+0800</time>
        <extensions>
          <gpxtpx:TrackPointExtension>
            <gpxtpx:hr>187</gpxtpx:hr>
            <gpxtpx:cad>90</gpxtpx:cad>
          </gpxtpx:TrackPointExtension>
        </extensions>
      </trkpt>
      <trkpt lat="32.0153709222" lon="120.895442376">
        <ele>8.2</ele>
        <time>2026-08-07T15:26:51+0800</time>
        <extensions>
          <gpxtpx:TrackPointExtension>
            <gpxtpx:hr>187</gpxtpx:hr>
            <gpxtpx:cad>90</gpxtpx:cad>
          </gpxtpx:TrackPointExtension>
        </extensions>
      </trkpt>
      <trkpt lat="32.0154072158" lon="120.895448579">
        <ele>8.2</ele>
        <time>2026-08-07T15:26:52+0800</time>
        <extensions>
          <gpxtpx:TrackPointExtension>
            <gpxtpx:hr>187</gpxtpx:hr>
            <gpxtpx:cad>90</gpxtpx:cad>
          </gpxtpx:TrackPointExtension>
        </extensions>
      </trkpt>
      <trkpt lat="32.0154408272" lon="120.89545805">
        <ele>8.2</ele>
        <time>2026-08-07T15:26:53+0800</time>
        <extensions>
          <gpxtpx:TrackPointExtension>
            <gpxtpx:hr>186</gpxtpx:hr>
            <gpxtpx:cad>90</gpxtpx:cad>
          </gpxtpx:TrackPointExtension>
        </extensions>
      </trkpt>
      <trkpt lat="32.0154824853" lon="120.895466181">
        <ele>8.2</ele>
        <time>2026-08-07T15:26:54+0800</time>
        <extensions>
          <gpxtpx:TrackPointExtension>
            <gpxtpx:hr>186</gpxtpx:hr>
            <gpxtpx:cad>90</gpxtpx:cad>
          </gpxtpx:TrackPointExtension>
        </extensions>
      </trkpt>
      <trkpt lat="32.0155137498" lon="120.895476323">
        <ele>8.2</ele>
        <time>2026-08-07T15:26:55+0800</time>
        <extensions>
          <gpxtpx:TrackPointExtension>
            <gpxtpx:hr>186</gpxtpx:hr>
            <gpxtpx:cad>90</gpxtpx:cad>
          </gpxtpx:TrackPointExtension>
        </extensions>
      </trkpt>
      <trkpt lat="32.015555324" lon="120.895482693">
        <ele>8.2</ele>
        <time>2026-08-07T15:26:56+0800</time>
        <extensions>
          <gpxtpx:TrackPointExtension>
            <gpxtpx:hr>186</gpxtpx:hr>
            <gpxtpx:cad>90</gpxtpx:cad>
          </gpxtpx:TrackPointExtension>
        </extensions>
      </trkpt>
      <trkpt lat="32.0155873429" lon="120.895492919">
        <ele>8.0</ele>
        <time>2026-08-07T15:26:57+0800</time>
        <extensions>
          <gpxtpx:TrackPointExtension>
            <gpxtpx:hr>186</gpxtpx:hr>
            <gpxtpx:cad>90</gpxtpx:cad>
          </gpxtpx:TrackPointExtension>
        </extensions>
      </trkpt>
      <trkpt lat="32.0156286657" lon="120.895499038">
        <ele>8.0</ele>
        <time>2026-08-07T15:26:58+0800</time>
        <extensions>
          <gpxtpx:TrackPointExtension>
            <gpxtpx:hr>187</gpxtpx:hr>
            <gpxtpx:cad>90</gpxtpx:cad>
          </gpxtpx:TrackPointExtension>
        </extensions>
      </trkpt>
      <trkpt lat="32.0156620257" lon="120.895510437">
        <ele>8.0</ele>
        <time>2026-08-07T15:26:59+0800</time>
        <extensions>
          <gpxtpx:TrackPointExtension>
            <gpxtpx:hr>188</gpxtpx:hr>
            <gpxtpx:cad>90</gpxtpx:cad>
          </gpxtpx:TrackPointExtension>
        </extensions>
      </trkpt>
      <trkpt lat="32.0157062821" lon="120.89551555">
        <ele>8.0</ele>
        <time>2026-08-07T15:27:00+0800</time>
        <extensions>
          <gpxtpx:TrackPointExtension>
            <gpxtpx:hr>188</gpxtpx:hr>
            <gpxtpx:cad>90</gpxtpx:cad>
          </gpxtpx:TrackPointExtension>
        </extensions>
      </trkpt>
      <trkpt lat="32.0157397259" lon="120.895524099">
        <ele>8.0</ele>
        <time>2026-08-07T15:27:01+0800</time>
        <extensions>
          <gpxtpx:TrackPointExtension>
            <gpxtpx:hr>187</gpxtpx:hr>
            <gpxtpx:cad>90</gpxtpx:cad>
          </gpxtpx:TrackPointExtension>
        </extensions>
      </trkpt>
      <trkpt lat="32.0157857426" lon="120.89553575">
        <ele>8.0</ele>
        <time>2026-08-07T15:27:02+0800</time>
        <extensions>
          <gpxtpx:TrackPointExtension>
            <gpxtpx:hr>186</gpxtpx:hr>
            <gpxtpx:cad>90</gpxtpx:cad>
          </gpxtpx:TrackPointExtension>
        </extensions>
      </trkpt>
      <trkpt lat="32.0158164203" lon="120.895543545">
        <ele>8.0</ele>
        <time>2026-08-07T15:27:03+0800</time>
        <extensions>
          <gpxtpx:TrackPointExtension>
            <gpxtpx:hr>186</gpxtpx:hr>
            <gpxtpx:cad>90</gpxtpx:cad>
          </gpxtpx:TrackPointExtension>
        </extensions>
      </trkpt>
      <trkpt lat="32.015861515" lon="120.895555532">
        <ele>8.0</ele>
        <time>2026-08-07T15:27:04+0800</time>
        <extensions>
          <gpxtpx:TrackPointExtension>
            <gpxtpx:hr>186</gpxtpx:hr>
            <gpxtpx:cad>90</gpxtpx:cad>
          </gpxtpx:TrackPointExtension>
        </extensions>
      </trkpt>
      <trkpt lat="32.0158965513" lon="120.89556098">
        <ele>8.0</ele>
        <time>2026-08-07T15:27:05+0800</time>
        <extensions>
          <gpxtpx:TrackPointExtension>
            <gpxtpx:hr>186</gpxtpx:hr>
            <gpxtpx:cad>90</gpxtpx:cad>
          </gpxtpx:TrackPointExtension>
        </extensions>
      </trkpt>
      <trkpt lat="32.0159361977" lon="120.895575816">
        <ele>8.0</ele>
        <time>2026-08-07T15:27:06+0800</time>
        <extensions>
          <gpxtpx:TrackPointExtension>
            <gpxtpx:hr>186</gpxtpx:hr>
            <gpxtpx:cad>90</gpxtpx:cad>
          </gpxtpx:TrackPointExtension>
        </extensions>
      </trkpt>
      <trkpt lat="32.0159706473" lon="120.89558336">
        <ele>8.0</ele>
        <time>2026-08-07T15:27:07+0800</time>
        <extensions>
          <gpxtpx:TrackPointExtension>
            <gpxtpx:hr>186</gpxtpx:hr>
            <gpxtpx:cad>90</gpxtpx:cad>
          </gpxtpx:TrackPointExtension>
        </extensions>
      </trkpt>
      <trkpt lat="32.0160114672" lon="120.895597357">
        <ele>7.8</ele>
        <time>2026-08-07T15:27:08+0800</time>
        <extensions>
          <gpxtpx:TrackPointExtension>
            <gpxtpx:hr>186</gpxtpx:hr>
            <gpxtpx:cad>90</gpxtpx:cad>
          </gpxtpx:TrackPointExtension>
        </extensions>
      </trkpt>
      <trkpt lat="32.0160423964" lon="120.895605488">
        <ele>8.0</ele>
        <time>2026-08-07T15:27:09+0800</time>
        <extensions>
          <gpxtpx:TrackPointExtension>
            <gpxtpx:hr>188</gpxtpx:hr>
            <gpxtpx:cad>90</gpxtpx:cad>
          </gpxtpx:TrackPointExtension>
        </extensions>
      </trkpt>
      <trkpt lat="32.0160864852" lon="120.895614624">
        <ele>8.0</ele>
        <time>2026-08-07T15:27:10+0800</time>
        <extensions>
          <gpxtpx:TrackPointExtension>
            <gpxtpx:hr>188</gpxtpx:hr>
            <gpxtpx:cad>90</gpxtpx:cad>
          </gpxtpx:TrackPointExtension>
        </extensions>
      </trkpt>
      <trkpt lat="32.0161190908" lon="120.895624598">
        <ele>8.0</ele>
        <time>2026-08-07T15:27:11+0800</time>
        <extensions>
          <gpxtpx:TrackPointExtension>
            <gpxtpx:hr>188</gpxtpx:hr>
            <gpxtpx:cad>90</gpxtpx:cad>
          </gpxtpx:TrackPointExtension>
        </extensions>
      </trkpt>
      <trkpt lat="32.0161537919" lon="120.895635663">
        <ele>8.2</ele>
        <time>2026-08-07T15:27:12+0800</time>
        <extensions>
          <gpxtpx:TrackPointExtension>
            <gpxtpx:hr>187</gpxtpx:hr>
            <gpxtpx:cad>90</gpxtpx:cad>
          </gpxtpx:TrackPointExtension>
        </extensions>
      </trkpt>
      <trkpt lat="32.016190337" lon="120.895648655">
        <ele>8.2</ele>
        <time>2026-08-07T15:27:13+0800</time>
        <extensions>
          <gpxtpx:TrackPointExtension>
            <gpxtpx:hr>186</gpxtpx:hr>
            <gpxtpx:cad>90</gpxtpx:cad>
          </gpxtpx:TrackPointExtension>
        </extensions>
      </trkpt>
      <trkpt lat="32.016229229" lon="120.895657036">
        <ele>8.0</ele>
        <time>2026-08-07T15:27:14+0800</time>
        <extensions>
          <gpxtpx:TrackPointExtension>
            <gpxtpx:hr>186</gpxtpx:hr>
            <gpxtpx:cad>89</gpxtpx:cad>
          </gpxtpx:TrackPointExtension>
        </extensions>
      </trkpt>
      <trkpt lat="32.016262589" lon="120.895671621">
        <ele>8.2</ele>
        <time>2026-08-07T15:27:15+0800</time>
        <extensions>
          <gpxtpx:TrackPointExtension>
            <gpxtpx:hr>185</gpxtpx:hr>
            <gpxtpx:cad>89</gpxtpx:cad>
          </gpxtpx:TrackPointExtension>
        </extensions>
      </trkpt>
      <trkpt lat="32.0162967872" lon="120.895675644">
        <ele>8.0</ele>
        <time>2026-08-07T15:27:16+0800</time>
        <extensions>
          <gpxtpx:TrackPointExtension>
            <gpxtpx:hr>186</gpxtpx:hr>
            <gpxtpx:cad>89</gpxtpx:cad>
          </gpxtpx:TrackPointExtension>
        </extensions>
      </trkpt>
      <trkpt lat="32.0163265429" lon="120.8956852">
        <ele>8.0</ele>
        <time>2026-08-07T15:27:17+0800</time>
        <extensions>
          <gpxtpx:TrackPointExtension>
            <gpxtpx:hr>187</gpxtpx:hr>
            <gpxtpx:cad>89</gpxtpx:cad>
          </gpxtpx:TrackPointExtension>
        </extensions>
      </trkpt>
      <trkpt lat="32.0163624175" lon="120.895698275">
        <ele>8.0</ele>
        <time>2026-08-07T15:27:18+0800</time>
        <extensions>
          <gpxtpx:TrackPointExtension>
            <gpxtpx:hr>187</gpxtpx:hr>
            <gpxtpx:cad>89</gpxtpx:cad>
          </gpxtpx:TrackPointExtension>
        </extensions>
      </trkpt>
      <trkpt lat="32.0163956936" lon="120.895712189">
        <ele>8.0</ele>
        <time>2026-08-07T15:27:19+0800</time>
        <extensions>
          <gpxtpx:TrackPointExtension>
            <gpxtpx:hr>187</gpxtpx:hr>
            <gpxtpx:cad>90</gpxtpx:cad>
          </gpxtpx:TrackPointExtension>
        </extensions>
      </trkpt>
      <trkpt lat="32.01643534" lon="120.895721912">
        <ele>7.8</ele>
        <time>2026-08-07T15:27:20+0800</time>
        <extensions>
          <gpxtpx:TrackPointExtension>
            <gpxtpx:hr>186</gpxtpx:hr>
            <gpxtpx:cad>90</gpxtpx:cad>
          </gpxtpx:TrackPointExtension>
        </extensions>
      </trkpt>
      <trkpt lat="32.0164697058" lon="120.895730546">
        <ele>7.8</ele>
        <time>2026-08-07T15:27:21+0800</time>
        <extensions>
          <gpxtpx:TrackPointExtension>
            <gpxtpx:hr>186</gpxtpx:hr>
            <gpxtpx:cad>90</gpxtpx:cad>
          </gpxtpx:TrackPointExtension>
        </extensions>
      </trkpt>
      <trkpt lat="32.016503904" lon="120.895740353">
        <ele>8.0</ele>
        <time>2026-08-07T15:27:22+0800</time>
        <extensions>
          <gpxtpx:TrackPointExtension>
            <gpxtpx:hr>186</gpxtpx:hr>
            <gpxtpx:cad>90</gpxtpx:cad>
          </gpxtpx:TrackPointExtension>
        </extensions>
      </trkpt>
      <trkpt lat="32.0165347494" lon="120.895750243">
        <ele>8.0</ele>
        <time>2026-08-07T15:27:23+0800</time>
        <extensions>
          <gpxtpx:TrackPointExtension>
            <gpxtpx:hr>185</gpxtpx:hr>
            <gpxtpx:cad>90</gpxtpx:cad>
          </gpxtpx:TrackPointExtension>
        </extensions>
      </trkpt>
      <trkpt lat="32.0165679418" lon="120.895757787">
        <ele>8.0</ele>
        <time>2026-08-07T15:27:24+0800</time>
        <extensions>
          <gpxtpx:TrackPointExtension>
            <gpxtpx:hr>185</gpxtpx:hr>
            <gpxtpx:cad>90</gpxtpx:cad>
          </gpxtpx:TrackPointExtension>
        </extensions>
      </trkpt>
      <trkpt lat="32.0165998768" lon="120.895765582">
        <ele>8.2</ele>
        <time>2026-08-07T15:27:25+0800</time>
        <extensions>
          <gpxtpx:TrackPointExtension>
            <gpxtpx:hr>185</gpxtpx:hr>
            <gpxtpx:cad>90</gpxtpx:cad>
          </gpxtpx:TrackPointExtension>
        </extensions>
      </trkpt>
      <trkpt lat="32.0166450553" lon="120.895782011">
        <ele>8.0</ele>
        <time>2026-08-07T15:27:26+0800</time>
        <extensions>
          <gpxtpx:TrackPointExtension>
            <gpxtpx:hr>185</gpxtpx:hr>
            <gpxtpx:cad>90</gpxtpx:cad>
          </gpxtpx:TrackPointExtension>
        </extensions>
      </trkpt>
      <trkpt lat="32.0166924968" lon="120.895795757">
        <ele>8.0</ele>
        <time>2026-08-07T15:27:27+0800</time>
        <extensions>
          <gpxtpx:TrackPointExtension>
            <gpxtpx:hr>185</gpxtpx:hr>
            <gpxtpx:cad>90</gpxtpx:cad>
          </gpxtpx:TrackPointExtension>
        </extensions>
      </trkpt>
      <trkpt lat="32.0167290419" lon="120.895810928">
        <ele>8.0</ele>
        <time>2026-08-07T15:27:28+0800</time>
        <extensions>
          <gpxtpx:TrackPointExtension>
            <gpxtpx:hr>186</gpxtpx:hr>
            <gpxtpx:cad>90</gpxtpx:cad>
          </gpxtpx:TrackPointExtension>
        </extensions>
      </trkpt>
      <trkpt lat="32.0167739689" lon="120.89582501">
        <ele>8.0</ele>
        <time>2026-08-07T15:27:29+0800</time>
        <extensions>
          <gpxtpx:TrackPointExtension>
            <gpxtpx:hr>187</gpxtpx:hr>
            <gpxtpx:cad>89</gpxtpx:cad>
          </gpxtpx:TrackPointExtension>
        </extensions>
      </trkpt>
      <trkpt lat="32.0168099273" lon="120.895836158">
        <ele>8.0</ele>
        <time>2026-08-07T15:27:30+0800</time>
        <extensions>
          <gpxtpx:TrackPointExtension>
            <gpxtpx:hr>187</gpxtpx:hr>
            <gpxtpx:cad>89</gpxtpx:cad>
          </gpxtpx:TrackPointExtension>
        </extensions>
      </trkpt>
      <trkpt lat="32.0168427844" lon="120.895845126">
        <ele>8.0</ele>
        <time>2026-08-07T15:27:31+0800</time>
        <extensions>
          <gpxtpx:TrackPointExtension>
            <gpxtpx:hr>186</gpxtpx:hr>
            <gpxtpx:cad>89</gpxtpx:cad>
          </gpxtpx:TrackPointExtension>
        </extensions>
      </trkpt>
      <trkpt lat="32.0168782398" lon="120.89585552">
        <ele>8.0</ele>
        <time>2026-08-07T15:27:32+0800</time>
        <extensions>
          <gpxtpx:TrackPointExtension>
            <gpxtpx:hr>185</gpxtpx:hr>
            <gpxtpx:cad>89</gpxtpx:cad>
          </gpxtpx:TrackPointExtension>
        </extensions>
      </trkpt>
      <trkpt lat="32.0169104263" lon="120.895869266">
        <ele>8.0</ele>
        <time>2026-08-07T15:27:33+0800</time>
        <extensions>
          <gpxtpx:TrackPointExtension>
            <gpxtpx:hr>185</gpxtpx:hr>
            <gpxtpx:cad>89</gpxtpx:cad>
          </gpxtpx:TrackPointExtension>
        </extensions>
      </trkpt>
      <trkpt lat="32.0169471391" lon="120.895878319">
        <ele>8.2</ele>
        <time>2026-08-07T15:27:34+0800</time>
        <extensions>
          <gpxtpx:TrackPointExtension>
            <gpxtpx:hr>185</gpxtpx:hr>
            <gpxtpx:cad>89</gpxtpx:cad>
          </gpxtpx:TrackPointExtension>
        </extensions>
      </trkpt>
      <trkpt lat="32.0169762243" lon="120.895897178">
        <ele>8.2</ele>
        <time>2026-08-07T15:27:35+0800</time>
        <extensions>
          <gpxtpx:TrackPointExtension>
            <gpxtpx:hr>185</gpxtpx:hr>
            <gpxtpx:cad>90</gpxtpx:cad>
          </gpxtpx:TrackPointExtension>
        </extensions>
      </trkpt>
      <trkpt lat="32.0170140266" lon="120.895907069">
        <ele>8.2</ele>
        <time>2026-08-07T15:27:36+0800</time>
        <extensions>
          <gpxtpx:TrackPointExtension>
            <gpxtpx:hr>185</gpxtpx:hr>
            <gpxtpx:cad>89</gpxtpx:cad>
          </gpxtpx:TrackPointExtension>
        </extensions>
      </trkpt>
      <trkpt lat="32.0170493983" lon="120.895918217">
        <ele>8.2</ele>
        <time>2026-08-07T15:27:37+0800</time>
        <extensions>
          <gpxtpx:TrackPointExtension>
            <gpxtpx:hr>185</gpxtpx:hr>
            <gpxtpx:cad>90</gpxtpx:cad>
          </gpxtpx:TrackPointExtension>
        </extensions>
      </trkpt>
      <trkpt lat="32.0170846023" lon="120.895926096">
        <ele>8.2</ele>
        <time>2026-08-07T15:27:38+0800</time>
        <extensions>
          <gpxtpx:TrackPointExtension>
            <gpxtpx:hr>186</gpxtpx:hr>
            <gpxtpx:cad>90</gpxtpx:cad>
          </gpxtpx:TrackPointExtension>
        </extensions>
      </trkpt>
      <trkpt lat="32.0171204768" lon="120.895939087">
        <ele>8.2</ele>
        <time>2026-08-07T15:27:39+0800</time>
        <extensions>
          <gpxtpx:TrackPointExtension>
            <gpxtpx:hr>187</gpxtpx:hr>
            <gpxtpx:cad>90</gpxtpx:cad>
          </gpxtpx:TrackPointExtension>
        </extensions>
      </trkpt>
      <trkpt lat="32.0171624701" lon="120.895949816">
        <ele>8.2</ele>
        <time>2026-08-07T15:27:40+0800</time>
        <extensions>
          <gpxtpx:TrackPointExtension>
            <gpxtpx:hr>187</gpxtpx:hr>
            <gpxtpx:cad>90</gpxtpx:cad>
          </gpxtpx:TrackPointExtension>
        </extensions>
      </trkpt>
      <trkpt lat="32.0171930641" lon="120.895961467">
        <ele>8.2</ele>
        <time>2026-08-07T15:27:41+0800</time>
        <extensions>
          <gpxtpx:TrackPointExtension>
            <gpxtpx:hr>186</gpxtpx:hr>
            <gpxtpx:cad>90</gpxtpx:cad>
          </gpxtpx:TrackPointExtension>
        </extensions>
      </trkpt>
      <trkpt lat="32.0172328781" lon="120.895966832">
        <ele>8.0</ele>
        <time>2026-08-07T15:27:42+0800</time>
        <extensions>
          <gpxtpx:TrackPointExtension>
            <gpxtpx:hr>186</gpxtpx:hr>
            <gpxtpx:cad>90</gpxtpx:cad>
          </gpxtpx:TrackPointExtension>
        </extensions>
      </trkpt>
      <trkpt lat="32.017269088" lon="120.895979404">
        <ele>8.0</ele>
        <time>2026-08-07T15:27:43+0800</time>
        <extensions>
          <gpxtpx:TrackPointExtension>
            <gpxtpx:hr>186</gpxtpx:hr>
            <gpxtpx:cad>90</gpxtpx:cad>
          </gpxtpx:TrackPointExtension>
        </extensions>
      </trkpt>
      <trkpt lat="32.0173093211" lon="120.895989127">
        <ele>8.0</ele>
        <time>2026-08-07T15:27:44+0800</time>
        <extensions>
          <gpxtpx:TrackPointExtension>
            <gpxtpx:hr>186</gpxtpx:hr>
            <gpxtpx:cad>90</gpxtpx:cad>
          </gpxtpx:TrackPointExtension>
        </extensions>
      </trkpt>
      <trkpt lat="32.0173405856" lon="120.896002455">
        <ele>8.0</ele>
        <time>2026-08-07T15:27:45+0800</time>
        <extensions>
          <gpxtpx:TrackPointExtension>
            <gpxtpx:hr>186</gpxtpx:hr>
            <gpxtpx:cad>90</gpxtpx:cad>
          </gpxtpx:TrackPointExtension>
        </extensions>
      </trkpt>
      <trkpt lat="32.0173776336" lon="120.896011088">
        <ele>8.0</ele>
        <time>2026-08-07T15:27:46+0800</time>
        <extensions>
          <gpxtpx:TrackPointExtension>
            <gpxtpx:hr>186</gpxtpx:hr>
            <gpxtpx:cad>90</gpxtpx:cad>
          </gpxtpx:TrackPointExtension>
        </extensions>
      </trkpt>
      <trkpt lat="32.0174065512" lon="120.896026008">
        <ele>8.0</ele>
        <time>2026-08-07T15:27:47+0800</time>
        <extensions>
          <gpxtpx:TrackPointExtension>
            <gpxtpx:hr>186</gpxtpx:hr>
            <gpxtpx:cad>90</gpxtpx:cad>
          </gpxtpx:TrackPointExtension>
        </extensions>
      </trkpt>
      <trkpt lat="32.0174480416" lon="120.896038748">
        <ele>8.0</ele>
        <time>2026-08-07T15:27:48+0800</time>
        <extensions>
          <gpxtpx:TrackPointExtension>
            <gpxtpx:hr>187</gpxtpx:hr>
            <gpxtpx:cad>90</gpxtpx:cad>
          </gpxtpx:TrackPointExtension>
        </extensions>
      </trkpt>
      <trkpt lat="32.0174776297" lon="120.896050399">
        <ele>8.2</ele>
        <time>2026-08-07T15:27:49+0800</time>
        <extensions>
          <gpxtpx:TrackPointExtension>
            <gpxtpx:hr>188</gpxtpx:hr>
            <gpxtpx:cad>90</gpxtpx:cad>
          </gpxtpx:TrackPointExtension>
        </extensions>
      </trkpt>
      <trkpt lat="32.0175174437" lon="120.89606096">
        <ele>8.2</ele>
        <time>2026-08-07T15:27:50+0800</time>
        <extensions>
          <gpxtpx:TrackPointExtension>
            <gpxtpx:hr>188</gpxtpx:hr>
            <gpxtpx:cad>90</gpxtpx:cad>
          </gpxtpx:TrackPointExtension>
        </extensions>
      </trkpt>
      <trkpt lat="32.0175547432" lon="120.896067414">
        <ele>8.2</ele>
        <time>2026-08-07T15:27:51+0800</time>
        <extensions>
          <gpxtpx:TrackPointExtension>
            <gpxtpx:hr>188</gpxtpx:hr>
            <gpxtpx:cad>90</gpxtpx:cad>
          </gpxtpx:TrackPointExtension>
        </extensions>
      </trkpt>
      <trkpt lat="32.0175931323" lon="120.896076635">
        <ele>8.2</ele>
        <time>2026-08-07T15:27:52+0800</time>
        <extensions>
          <gpxtpx:TrackPointExtension>
            <gpxtpx:hr>187</gpxtpx:hr>
            <gpxtpx:cad>90</gpxtpx:cad>
          </gpxtpx:TrackPointExtension>
        </extensions>
      </trkpt>
      <trkpt lat="32.017621547" lon="120.896080909">
        <ele>8.2</ele>
        <time>2026-08-07T15:27:53+0800</time>
        <extensions>
          <gpxtpx:TrackPointExtension>
            <gpxtpx:hr>187</gpxtpx:hr>
            <gpxtpx:cad>90</gpxtpx:cad>
          </gpxtpx:TrackPointExtension>
        </extensions>
      </trkpt>
      <trkpt lat="32.0176695753" lon="120.896085436">
        <ele>8.2</ele>
        <time>2026-08-07T15:27:54+0800</time>
        <extensions>
          <gpxtpx:TrackPointExtension>
            <gpxtpx:hr>186</gpxtpx:hr>
            <gpxtpx:cad>90</gpxtpx:cad>
          </gpxtpx:TrackPointExtension>
        </extensions>
      </trkpt>
      <trkpt lat="32.0177022647" lon="120.896096416">
        <ele>8.2</ele>
        <time>2026-08-07T15:27:55+0800</time>
        <extensions>
          <gpxtpx:TrackPointExtension>
            <gpxtpx:hr>186</gpxtpx:hr>
            <gpxtpx:cad>90</gpxtpx:cad>
          </gpxtpx:TrackPointExtension>
        </extensions>
      </trkpt>
      <trkpt lat="32.017747527" lon="120.896114437">
        <ele>8.2</ele>
        <time>2026-08-07T15:27:56+0800</time>
        <extensions>
          <gpxtpx:TrackPointExtension>
            <gpxtpx:hr>186</gpxtpx:hr>
            <gpxtpx:cad>90</gpxtpx:cad>
          </gpxtpx:TrackPointExtension>
        </extensions>
      </trkpt>
      <trkpt lat="32.0177763607" lon="120.896133212">
        <ele>8.0</ele>
        <time>2026-08-07T15:27:57+0800</time>
        <extensions>
          <gpxtpx:TrackPointExtension>
            <gpxtpx:hr>186</gpxtpx:hr>
            <gpxtpx:cad>90</gpxtpx:cad>
          </gpxtpx:TrackPointExtension>
        </extensions>
      </trkpt>
      <trkpt lat="32.017808212" lon="120.896173194">
        <ele>8.0</ele>
        <time>2026-08-07T15:27:58+0800</time>
        <extensions>
          <gpxtpx:TrackPointExtension>
            <gpxtpx:hr>188</gpxtpx:hr>
            <gpxtpx:cad>90</gpxtpx:cad>
          </gpxtpx:TrackPointExtension>
        </extensions>
      </trkpt>
      <trkpt lat="32.0178251434" lon="120.896208482">
        <ele>8.0</ele>
        <time>2026-08-07T15:27:59+0800</time>
        <extensions>
          <gpxtpx:TrackPointExtension>
            <gpxtpx:hr>188</gpxtpx:hr>
            <gpxtpx:cad>89</gpxtpx:cad>
          </gpxtpx:TrackPointExtension>
        </extensions>
      </trkpt>
      <trkpt lat="32.0178287476" lon="120.89626112">
        <ele>8.0</ele>
        <time>2026-08-07T15:28:00+0800</time>
        <extensions>
          <gpxtpx:TrackPointExtension>
            <gpxtpx:hr>187</gpxtpx:hr>
            <gpxtpx:cad>89</gpxtpx:cad>
          </gpxtpx:TrackPointExtension>
        </extensions>
      </trkpt>
      <trkpt lat="32.0178190246" lon="120.896305712">
        <ele>8.2</ele>
        <time>2026-08-07T15:28:01+0800</time>
        <extensions>
          <gpxtpx:TrackPointExtension>
            <gpxtpx:hr>186</gpxtpx:hr>
            <gpxtpx:cad>89</gpxtpx:cad>
          </gpxtpx:TrackPointExtension>
        </extensions>
      </trkpt>
      <trkpt lat="32.0178097207" lon="120.896352986">
        <ele>8.2</ele>
        <time>2026-08-07T15:28:02+0800</time>
        <extensions>
          <gpxtpx:TrackPointExtension>
            <gpxtpx:hr>186</gpxtpx:hr>
            <gpxtpx:cad>89</gpxtpx:cad>
          </gpxtpx:TrackPointExtension>
        </extensions>
      </trkpt>
      <trkpt lat="32.0177917834" lon="120.896395734">
        <ele>8.2</ele>
        <time>2026-08-07T15:28:03+0800</time>
        <extensions>
          <gpxtpx:TrackPointExtension>
            <gpxtpx:hr>187</gpxtpx:hr>
            <gpxtpx:cad>89</gpxtpx:cad>
          </gpxtpx:TrackPointExtension>
        </extensions>
      </trkpt>
      <trkpt lat="32.017782731" lon="120.896440493">
        <ele>8.2</ele>
        <time>2026-08-07T15:28:04+0800</time>
        <extensions>
          <gpxtpx:TrackPointExtension>
            <gpxtpx:hr>187</gpxtpx:hr>
            <gpxtpx:cad>89</gpxtpx:cad>
          </gpxtpx:TrackPointExtension>
        </extensions>
      </trkpt>
      <trkpt lat="32.0177717507" lon="120.896485168">
        <ele>8.2</ele>
        <time>2026-08-07T15:28:05+0800</time>
        <extensions>
          <gpxtpx:TrackPointExtension>
            <gpxtpx:hr>188</gpxtpx:hr>
            <gpxtpx:cad>89</gpxtpx:cad>
          </gpxtpx:TrackPointExtension>
        </extensions>
      </trkpt>
      <trkpt lat="32.0177655481" lon="120.896533448">
        <ele>8.2</ele>
        <time>2026-08-07T15:28:06+0800</time>
        <extensions>
          <gpxtpx:TrackPointExtension>
            <gpxtpx:hr>189</gpxtpx:hr>
            <gpxtpx:cad>89</gpxtpx:cad>
          </gpxtpx:TrackPointExtension>
        </extensions>
      </trkpt>
      <trkpt lat="32.0177526399" lon="120.896572592">
        <ele>8.2</ele>
        <time>2026-08-07T15:28:07+0800</time>
        <extensions>
          <gpxtpx:TrackPointExtension>
            <gpxtpx:hr>188</gpxtpx:hr>
            <gpxtpx:cad>90</gpxtpx:cad>
          </gpxtpx:TrackPointExtension>
        </extensions>
      </trkpt>
      <trkpt lat="32.0177439228" lon="120.896618692">
        <ele>8.2</ele>
        <time>2026-08-07T15:28:08+0800</time>
        <extensions>
          <gpxtpx:TrackPointExtension>
            <gpxtpx:hr>188</gpxtpx:hr>
            <gpxtpx:cad>90</gpxtpx:cad>
          </gpxtpx:TrackPointExtension>
        </extensions>
      </trkpt>
      <trkpt lat="32.017732691" lon="120.896655656">
        <ele>8.2</ele>
        <time>2026-08-07T15:28:09+0800</time>
        <extensions>
          <gpxtpx:TrackPointExtension>
            <gpxtpx:hr>188</gpxtpx:hr>
            <gpxtpx:cad>90</gpxtpx:cad>
          </gpxtpx:TrackPointExtension>
        </extensions>
      </trkpt>
      <trkpt lat="32.0177244768" lon="120.896703182">
        <ele>8.2</ele>
        <time>2026-08-07T15:28:10+0800</time>
        <extensions>
          <gpxtpx:TrackPointExtension>
            <gpxtpx:hr>187</gpxtpx:hr>
            <gpxtpx:cad>90</gpxtpx:cad>
          </gpxtpx:TrackPointExtension>
        </extensions>
      </trkpt>
      <trkpt lat="32.0177197829" lon="120.896741822">
        <ele>8.2</ele>
        <time>2026-08-07T15:28:11+0800</time>
        <extensions>
          <gpxtpx:TrackPointExtension>
            <gpxtpx:hr>188</gpxtpx:hr>
            <gpxtpx:cad>90</gpxtpx:cad>
          </gpxtpx:TrackPointExtension>
        </extensions>
      </trkpt>
      <trkpt lat="32.0177094731" lon="120.896790605">
        <ele>8.2</ele>
        <time>2026-08-07T15:28:12+0800</time>
        <extensions>
          <gpxtpx:TrackPointExtension>
            <gpxtpx:hr>188</gpxtpx:hr>
            <gpxtpx:cad>90</gpxtpx:cad>
          </gpxtpx:TrackPointExtension>
        </extensions>
      </trkpt>
      <trkpt lat="32.0177005883" lon="120.896825893">
        <ele>8.2</ele>
        <time>2026-08-07T15:28:13+0800</time>
        <extensions>
          <gpxtpx:TrackPointExtension>
            <gpxtpx:hr>188</gpxtpx:hr>
            <gpxtpx:cad>90</gpxtpx:cad>
          </gpxtpx:TrackPointExtension>
        </extensions>
      </trkpt>
      <trkpt lat="32.0176909491" lon="120.89687543">
        <ele>8.2</ele>
        <time>2026-08-07T15:28:14+0800</time>
        <extensions>
          <gpxtpx:TrackPointExtension>
            <gpxtpx:hr>188</gpxtpx:hr>
            <gpxtpx:cad>90</gpxtpx:cad>
          </gpxtpx:TrackPointExtension>
        </extensions>
      </trkpt>
      <trkpt lat="32.0176855847" lon="120.89691692">
        <ele>8.2</ele>
        <time>2026-08-07T15:28:15+0800</time>
        <extensions>
          <gpxtpx:TrackPointExtension>
            <gpxtpx:hr>189</gpxtpx:hr>
            <gpxtpx:cad>90</gpxtpx:cad>
          </gpxtpx:TrackPointExtension>
        </extensions>
      </trkpt>
      <trkpt lat="32.0176778734" lon="120.896961764">
        <ele>8.2</ele>
        <time>2026-08-07T15:28:16+0800</time>
        <extensions>
          <gpxtpx:TrackPointExtension>
            <gpxtpx:hr>188</gpxtpx:hr>
            <gpxtpx:cad>90</gpxtpx:cad>
          </gpxtpx:TrackPointExtension>
        </extensions>
      </trkpt>
      <trkpt lat="32.0176673122" lon="120.897000823">
        <ele>8.2</ele>
        <time>2026-08-07T15:28:17+0800</time>
        <extensions>
          <gpxtpx:TrackPointExtension>
            <gpxtpx:hr>188</gpxtpx:hr>
            <gpxtpx:cad>89</gpxtpx:cad>
          </gpxtpx:TrackPointExtension>
        </extensions>
      </trkpt>
      <trkpt lat="32.0176583435" lon="120.897046924">
        <ele>8.2</ele>
        <time>2026-08-07T15:28:18+0800</time>
        <extensions>
          <gpxtpx:TrackPointExtension>
            <gpxtpx:hr>187</gpxtpx:hr>
            <gpxtpx:cad>90</gpxtpx:cad>
          </gpxtpx:TrackPointExtension>
        </extensions>
      </trkpt>
      <trkpt lat="32.0176476147" lon="120.897085648">
        <ele>8.2</ele>
        <time>2026-08-07T15:28:19+0800</time>
        <extensions>
          <gpxtpx:TrackPointExtension>
            <gpxtpx:hr>187</gpxtpx:hr>
            <gpxtpx:cad>89</gpxtpx:cad>
          </gpxtpx:TrackPointExtension>
        </extensions>
      </trkpt>
      <trkpt lat="32.0176410768" lon="120.897128563">
        <ele>8.2</ele>
        <time>2026-08-07T15:28:20+0800</time>
        <extensions>
          <gpxtpx:TrackPointExtension>
            <gpxtpx:hr>187</gpxtpx:hr>
            <gpxtpx:cad>89</gpxtpx:cad>
          </gpxtpx:TrackPointExtension>
        </extensions>
      </trkpt>
      <trkpt lat="32.0176311024" lon="120.897170976">
        <ele>8.2</ele>
        <time>2026-08-07T15:28:21+0800</time>
        <extensions>
          <gpxtpx:TrackPointExtension>
            <gpxtpx:hr>188</gpxtpx:hr>
            <gpxtpx:cad>89</gpxtpx:cad>
          </gpxtpx:TrackPointExtension>
        </extensions>
      </trkpt>
      <trkpt lat="32.0176211279" lon="120.897212885">
        <ele>8.2</ele>
        <time>2026-08-07T15:28:22+0800</time>
        <extensions>
          <gpxtpx:TrackPointExtension>
            <gpxtpx:hr>188</gpxtpx:hr>
            <gpxtpx:cad>89</gpxtpx:cad>
          </gpxtpx:TrackPointExtension>
        </extensions>
      </trkpt>
      <trkpt lat="32.0176103152" lon="120.897253454">
        <ele>8.2</ele>
        <time>2026-08-07T15:28:23+0800</time>
        <extensions>
          <gpxtpx:TrackPointExtension>
            <gpxtpx:hr>188</gpxtpx:hr>
            <gpxtpx:cad>89</gpxtpx:cad>
          </gpxtpx:TrackPointExtension>
        </extensions>
      </trkpt>
      <trkpt lat="32.0176033583" lon="120.897292346">
        <ele>8.2</ele>
        <time>2026-08-07T15:28:24+0800</time>
        <extensions>
          <gpxtpx:TrackPointExtension>
            <gpxtpx:hr>188</gpxtpx:hr>
            <gpxtpx:cad>89</gpxtpx:cad>
          </gpxtpx:TrackPointExtension>
        </extensions>
      </trkpt>
      <trkpt lat="32.0175894443" lon="120.897328975">
        <ele>8.2</ele>
        <time>2026-08-07T15:28:25+0800</time>
        <extensions>
          <gpxtpx:TrackPointExtension>
            <gpxtpx:hr>187</gpxtpx:hr>
            <gpxtpx:cad>89</gpxtpx:cad>
          </gpxtpx:TrackPointExtension>
        </extensions>
      </trkpt>
      <trkpt lat="32.0175824035" lon="120.897366945">
        <ele>8.2</ele>
        <time>2026-08-07T15:28:26+0800</time>
        <extensions>
          <gpxtpx:TrackPointExtension>
            <gpxtpx:hr>187</gpxtpx:hr>
            <gpxtpx:cad>89</gpxtpx:cad>
          </gpxtpx:TrackPointExtension>
        </extensions>
      </trkpt>
      <trkpt lat="32.0175728481" lon="120.897408435">
        <ele>8.0</ele>
        <time>2026-08-07T15:28:27+0800</time>
        <extensions>
          <gpxtpx:TrackPointExtension>
            <gpxtpx:hr>188</gpxtpx:hr>
            <gpxtpx:cad>89</gpxtpx:cad>
          </gpxtpx:TrackPointExtension>
        </extensions>
      </trkpt>
      <trkpt lat="32.0175730158" lon="120.897442717">
        <ele>8.0</ele>
        <time>2026-08-07T15:28:28+0800</time>
        <extensions>
          <gpxtpx:TrackPointExtension>
            <gpxtpx:hr>189</gpxtpx:hr>
            <gpxtpx:cad>89</gpxtpx:cad>
          </gpxtpx:TrackPointExtension>
        </extensions>
      </trkpt>
      <trkpt lat="32.017565975" lon="120.89748865">
        <ele>8.0</ele>
        <time>2026-08-07T15:28:29+0800</time>
        <extensions>
          <gpxtpx:TrackPointExtension>
            <gpxtpx:hr>188</gpxtpx:hr>
            <gpxtpx:cad>88</gpxtpx:cad>
          </gpxtpx:TrackPointExtension>
        </extensions>
      </trkpt>
      <trkpt lat="32.0175632928" lon="120.897529135">
        <ele>8.0</ele>
        <time>2026-08-07T15:28:30+0800</time>
        <extensions>
          <gpxtpx:TrackPointExtension>
            <gpxtpx:hr>187</gpxtpx:hr>
            <gpxtpx:cad>89</gpxtpx:cad>
          </gpxtpx:TrackPointExtension>
        </extensions>
      </trkpt>
      <trkpt lat="32.0175514743" lon="120.897577666">
        <ele>8.0</ele>
        <time>2026-08-07T15:28:31+0800</time>
        <extensions>
          <gpxtpx:TrackPointExtension>
            <gpxtpx:hr>187</gpxtpx:hr>
            <gpxtpx:cad>89</gpxtpx:cad>
          </gpxtpx:TrackPointExtension>
        </extensions>
      </trkpt>
      <trkpt lat="32.0175444335" lon="120.89761924">
        <ele>8.0</ele>
        <time>2026-08-07T15:28:32+0800</time>
        <extensions>
          <gpxtpx:TrackPointExtension>
            <gpxtpx:hr>187</gpxtpx:hr>
            <gpxtpx:cad>89</gpxtpx:cad>
          </gpxtpx:TrackPointExtension>
        </extensions>
      </trkpt>
      <trkpt lat="32.0175311901" lon="120.89766115">
        <ele>7.8</ele>
        <time>2026-08-07T15:28:33+0800</time>
        <extensions>
          <gpxtpx:TrackPointExtension>
            <gpxtpx:hr>187</gpxtpx:hr>
            <gpxtpx:cad>89</gpxtpx:cad>
          </gpxtpx:TrackPointExtension>
        </extensions>
      </trkpt>
      <trkpt lat="32.0175230596" lon="120.897705574">
        <ele>7.8</ele>
        <time>2026-08-07T15:28:34+0800</time>
        <extensions>
          <gpxtpx:TrackPointExtension>
            <gpxtpx:hr>187</gpxtpx:hr>
            <gpxtpx:cad>89</gpxtpx:cad>
          </gpxtpx:TrackPointExtension>
        </extensions>
      </trkpt>
      <trkpt lat="32.0175094809" lon="120.89774807">
        <ele>7.8</ele>
        <time>2026-08-07T15:28:35+0800</time>
        <extensions>
          <gpxtpx:TrackPointExtension>
            <gpxtpx:hr>188</gpxtpx:hr>
            <gpxtpx:cad>90</gpxtpx:cad>
          </gpxtpx:TrackPointExtension>
        </extensions>
      </trkpt>
      <trkpt lat="32.0175017696" lon="120.897792326">
        <ele>7.8</ele>
        <time>2026-08-07T15:28:36+0800</time>
        <extensions>
          <gpxtpx:TrackPointExtension>
            <gpxtpx:hr>189</gpxtpx:hr>
            <gpxtpx:cad>90</gpxtpx:cad>
          </gpxtpx:TrackPointExtension>
        </extensions>
      </trkpt>
      <trkpt lat="32.0174907893" lon="120.897832476">
        <ele>7.8</ele>
        <time>2026-08-07T15:28:37+0800</time>
        <extensions>
          <gpxtpx:TrackPointExtension>
            <gpxtpx:hr>189</gpxtpx:hr>
            <gpxtpx:cad>90</gpxtpx:cad>
          </gpxtpx:TrackPointExtension>
        </extensions>
      </trkpt>
      <trkpt lat="32.0174839161" lon="120.897873212">
        <ele>7.8</ele>
        <time>2026-08-07T15:28:38+0800</time>
        <extensions>
          <gpxtpx:TrackPointExtension>
            <gpxtpx:hr>188</gpxtpx:hr>
            <gpxtpx:cad>90</gpxtpx:cad>
          </gpxtpx:TrackPointExtension>
        </extensions>
      </trkpt>
      <trkpt lat="32.0174787194" lon="120.897920737">
        <ele>7.8</ele>
        <time>2026-08-07T15:28:39+0800</time>
        <extensions>
          <gpxtpx:TrackPointExtension>
            <gpxtpx:hr>188</gpxtpx:hr>
            <gpxtpx:cad>90</gpxtpx:cad>
          </gpxtpx:TrackPointExtension>
        </extensions>
      </trkpt>
      <trkpt lat="32.0174702536" lon="120.897961892">
        <ele>7.8</ele>
        <time>2026-08-07T15:28:40+0800</time>
        <extensions>
          <gpxtpx:TrackPointExtension>
            <gpxtpx:hr>188</gpxtpx:hr>
            <gpxtpx:cad>90</gpxtpx:cad>
          </gpxtpx:TrackPointExtension>
        </extensions>
      </trkpt>
      <trkpt lat="32.0174571779" lon="120.897998689">
        <ele>7.8</ele>
        <time>2026-08-07T15:28:41+0800</time>
        <extensions>
          <gpxtpx:TrackPointExtension>
            <gpxtpx:hr>188</gpxtpx:hr>
            <gpxtpx:cad>90</gpxtpx:cad>
          </gpxtpx:TrackPointExtension>
        </extensions>
      </trkpt>
      <trkpt lat="32.0174471196" lon="120.898043197">
        <ele>7.8</ele>
        <time>2026-08-07T15:28:42+0800</time>
        <extensions>
          <gpxtpx:TrackPointExtension>
            <gpxtpx:hr>188</gpxtpx:hr>
            <gpxtpx:cad>91</gpxtpx:cad>
          </gpxtpx:TrackPointExtension>
        </extensions>
      </trkpt>
      <trkpt lat="32.0174361393" lon="120.898083262">
        <ele>8.0</ele>
        <time>2026-08-07T15:28:43+0800</time>
        <extensions>
          <gpxtpx:TrackPointExtension>
            <gpxtpx:hr>188</gpxtpx:hr>
            <gpxtpx:cad>91</gpxtpx:cad>
          </gpxtpx:TrackPointExtension>
        </extensions>
      </trkpt>
      <trkpt lat="32.0174282603" lon="120.898129614">
        <ele>8.0</ele>
        <time>2026-08-07T15:28:44+0800</time>
        <extensions>
          <gpxtpx:TrackPointExtension>
            <gpxtpx:hr>188</gpxtpx:hr>
            <gpxtpx:cad>91</gpxtpx:cad>
          </gpxtpx:TrackPointExtension>
        </extensions>
      </trkpt>
      <trkpt lat="32.017420046" lon="120.898173032">
        <ele>8.0</ele>
        <time>2026-08-07T15:28:45+0800</time>
        <extensions>
          <gpxtpx:TrackPointExtension>
            <gpxtpx:hr>189</gpxtpx:hr>
            <gpxtpx:cad>91</gpxtpx:cad>
          </gpxtpx:TrackPointExtension>
        </extensions>
      </trkpt>
      <trkpt lat="32.017407557" lon="120.89821972">
        <ele>8.0</ele>
        <time>2026-08-07T15:28:46+0800</time>
        <extensions>
          <gpxtpx:TrackPointExtension>
            <gpxtpx:hr>189</gpxtpx:hr>
            <gpxtpx:cad>90</gpxtpx:cad>
          </gpxtpx:TrackPointExtension>
        </extensions>
      </trkpt>
      <trkpt lat="32.017393643" lon="120.898255846">
        <ele>8.0</ele>
        <time>2026-08-07T15:28:47+0800</time>
        <extensions>
          <gpxtpx:TrackPointExtension>
            <gpxtpx:hr>189</gpxtpx:hr>
            <gpxtpx:cad>90</gpxtpx:cad>
          </gpxtpx:TrackPointExtension>
        </extensions>
      </trkpt>
      <trkpt lat="32.0173833333" lon="120.898299012">
        <ele>8.0</ele>
        <time>2026-08-07T15:28:48+0800</time>
        <extensions>
          <gpxtpx:TrackPointExtension>
            <gpxtpx:hr>189</gpxtpx:hr>
            <gpxtpx:cad>90</gpxtpx:cad>
          </gpxtpx:TrackPointExtension>
        </extensions>
      </trkpt>
      <trkpt lat="32.0173731912" lon="120.898336144">
        <ele>8.0</ele>
        <time>2026-08-07T15:28:49+0800</time>
        <extensions>
          <gpxtpx:TrackPointExtension>
            <gpxtpx:hr>188</gpxtpx:hr>
            <gpxtpx:cad>90</gpxtpx:cad>
          </gpxtpx:TrackPointExtension>
        </extensions>
      </trkpt>
      <trkpt lat="32.017364474" lon="120.898382915">
        <ele>8.2</ele>
        <time>2026-08-07T15:28:50+0800</time>
        <extensions>
          <gpxtpx:TrackPointExtension>
            <gpxtpx:hr>188</gpxtpx:hr>
            <gpxtpx:cad>90</gpxtpx:cad>
          </gpxtpx:TrackPointExtension>
        </extensions>
      </trkpt>
      <trkpt lat="32.0173551701" lon="120.898426417">
        <ele>8.2</ele>
        <time>2026-08-07T15:28:51+0800</time>
        <extensions>
          <gpxtpx:TrackPointExtension>
            <gpxtpx:hr>189</gpxtpx:hr>
            <gpxtpx:cad>90</gpxtpx:cad>
          </gpxtpx:TrackPointExtension>
        </extensions>
      </trkpt>
      <trkpt lat="32.0173480455" lon="120.898477295">
        <ele>8.2</ele>
        <time>2026-08-07T15:28:52+0800</time>
        <extensions>
          <gpxtpx:TrackPointExtension>
            <gpxtpx:hr>189</gpxtpx:hr>
            <gpxtpx:cad>89</gpxtpx:cad>
          </gpxtpx:TrackPointExtension>
        </extensions>
      </trkpt>
      <trkpt lat="32.0173385739" lon="120.898520211">
        <ele>8.2</ele>
        <time>2026-08-07T15:28:53+0800</time>
        <extensions>
          <gpxtpx:TrackPointExtension>
            <gpxtpx:hr>189</gpxtpx:hr>
            <gpxtpx:cad>90</gpxtpx:cad>
          </gpxtpx:TrackPointExtension>
        </extensions>
      </trkpt>
      <trkpt lat="32.0173291024" lon="120.898565976">
        <ele>8.2</ele>
        <time>2026-08-07T15:28:54+0800</time>
        <extensions>
          <gpxtpx:TrackPointExtension>
            <gpxtpx:hr>189</gpxtpx:hr>
            <gpxtpx:cad>90</gpxtpx:cad>
          </gpxtpx:TrackPointExtension>
        </extensions>
      </trkpt>
      <trkpt lat="32.0173058007" lon="120.898600845">
        <ele>8.0</ele>
        <time>2026-08-07T15:28:55+0800</time>
        <extensions>
          <gpxtpx:TrackPointExtension>
            <gpxtpx:hr>189</gpxtpx:hr>
            <gpxtpx:cad>90</gpxtpx:cad>
          </gpxtpx:TrackPointExtension>
        </extensions>
      </trkpt>
      <trkpt lat="32.0172881987" lon="120.898638563">
        <ele>8.0</ele>
        <time>2026-08-07T15:28:56+0800</time>
        <extensions>
          <gpxtpx:TrackPointExtension>
            <gpxtpx:hr>188</gpxtpx:hr>
            <gpxtpx:cad>89</gpxtpx:cad>
          </gpxtpx:TrackPointExtension>
        </extensions>
      </trkpt>
      <trkpt lat="32.017260287" lon="120.898658847">
        <ele>8.0</ele>
        <time>2026-08-07T15:28:57+0800</time>
        <extensions>
          <gpxtpx:TrackPointExtension>
            <gpxtpx:hr>188</gpxtpx:hr>
            <gpxtpx:cad>89</gpxtpx:cad>
          </gpxtpx:TrackPointExtension>
        </extensions>
      </trkpt>
      <trkpt lat="32.0172332134" lon="120.898680976">
        <ele>8.2</ele>
        <time>2026-08-07T15:28:58+0800</time>
        <extensions>
          <gpxtpx:TrackPointExtension>
            <gpxtpx:hr>189</gpxtpx:hr>
            <gpxtpx:cad>89</gpxtpx:cad>
          </gpxtpx:TrackPointExtension>
        </extensions>
      </trkpt>
      <trkpt lat="32.017199602" lon="120.898690615">
        <ele>8.4</ele>
        <time>2026-08-07T15:28:59+0800</time>
        <extensions>
          <gpxtpx:TrackPointExtension>
            <gpxtpx:hr>189</gpxtpx:hr>
            <gpxtpx:cad>88</gpxtpx:cad>
          </gpxtpx:TrackPointExtension>
        </extensions>
      </trkpt>
      <trkpt lat="32.0171762165" lon="120.898692627">
        <ele>8.6</ele>
        <time>2026-08-07T15:29:00+0800</time>
        <extensions>
          <gpxtpx:TrackPointExtension>
            <gpxtpx:hr>189</gpxtpx:hr>
            <gpxtpx:cad>88</gpxtpx:cad>
          </gpxtpx:TrackPointExtension>
        </extensions>
      </trkpt>
      <trkpt lat="32.0171408448" lon="120.89868567">
        <ele>8.6</ele>
        <time>2026-08-07T15:29:01+0800</time>
        <extensions>
          <gpxtpx:TrackPointExtension>
            <gpxtpx:hr>188</gpxtpx:hr>
            <gpxtpx:cad>88</gpxtpx:cad>
          </gpxtpx:TrackPointExtension>
        </extensions>
      </trkpt>
      <trkpt lat="32.0171147771" lon="120.898676282">
        <ele>8.6</ele>
        <time>2026-08-07T15:29:02+0800</time>
        <extensions>
          <gpxtpx:TrackPointExtension>
            <gpxtpx:hr>188</gpxtpx:hr>
            <gpxtpx:cad>88</gpxtpx:cad>
          </gpxtpx:TrackPointExtension>
        </extensions>
      </trkpt>
      <trkpt lat="32.0170722809" lon="120.898657423">
        <ele>8.6</ele>
        <time>2026-08-07T15:29:03+0800</time>
        <extensions>
          <gpxtpx:TrackPointExtension>
            <gpxtpx:hr>188</gpxtpx:hr>
            <gpxtpx:cad>88</gpxtpx:cad>
          </gpxtpx:TrackPointExtension>
        </extensions>
      </trkpt>
      <trkpt lat="32.0170406811" lon="120.898647029">
        <ele>8.6</ele>
        <time>2026-08-07T15:29:04+0800</time>
        <extensions>
          <gpxtpx:TrackPointExtension>
            <gpxtpx:hr>189</gpxtpx:hr>
            <gpxtpx:cad>88</gpxtpx:cad>
          </gpxtpx:TrackPointExtension>
        </extensions>
      </trkpt>
      <trkpt lat="32.0169947483" lon="120.898632696">
        <ele>8.4</ele>
        <time>2026-08-07T15:29:05+0800</time>
        <extensions>
          <gpxtpx:TrackPointExtension>
            <gpxtpx:hr>188</gpxtpx:hr>
            <gpxtpx:cad>88</gpxtpx:cad>
          </gpxtpx:TrackPointExtension>
        </extensions>
      </trkpt>
      <trkpt lat="32.0169627294" lon="120.898616184">
        <ele>8.4</ele>
        <time>2026-08-07T15:29:06+0800</time>
        <extensions>
          <gpxtpx:TrackPointExtension>
            <gpxtpx:hr>187</gpxtpx:hr>
            <gpxtpx:cad>88</gpxtpx:cad>
          </gpxtpx:TrackPointExtension>
        </extensions>
      </trkpt>
      <trkpt lat="32.0169165451" lon="120.898603108">
        <ele>8.4</ele>
        <time>2026-08-07T15:29:07+0800</time>
        <extensions>
          <gpxtpx:TrackPointExtension>
            <gpxtpx:hr>186</gpxtpx:hr>
            <gpxtpx:cad>89</gpxtpx:cad>
          </gpxtpx:TrackPointExtension>
        </extensions>
      </trkpt>
      <trkpt lat="32.0168849453" lon="120.898595145">
        <ele>8.4</ele>
        <time>2026-08-07T15:29:08+0800</time>
        <extensions>
          <gpxtpx:TrackPointExtension>
            <gpxtpx:hr>187</gpxtpx:hr>
            <gpxtpx:cad>89</gpxtpx:cad>
          </gpxtpx:TrackPointExtension>
        </extensions>
      </trkpt>
      <trkpt lat="32.0168407727" lon="120.898583159">
        <ele>8.4</ele>
        <time>2026-08-07T15:29:09+0800</time>
        <extensions>
          <gpxtpx:TrackPointExtension>
            <gpxtpx:hr>188</gpxtpx:hr>
            <gpxtpx:cad>89</gpxtpx:cad>
          </gpxtpx:TrackPointExtension>
        </extensions>
      </trkpt>
      <trkpt lat="32.0168088377" lon="120.898576621">
        <ele>8.4</ele>
        <time>2026-08-07T15:29:10+0800</time>
        <extensions>
          <gpxtpx:TrackPointExtension>
            <gpxtpx:hr>188</gpxtpx:hr>
            <gpxtpx:cad>89</gpxtpx:cad>
          </gpxtpx:TrackPointExtension>
        </extensions>
      </trkpt>
      <trkpt lat="32.0167617314" lon="120.89856388">
        <ele>8.2</ele>
        <time>2026-08-07T15:29:11+0800</time>
        <extensions>
          <gpxtpx:TrackPointExtension>
            <gpxtpx:hr>188</gpxtpx:hr>
            <gpxtpx:cad>89</gpxtpx:cad>
          </gpxtpx:TrackPointExtension>
        </extensions>
      </trkpt>
      <trkpt lat="32.0167282037" lon="120.898558516">
        <ele>8.2</ele>
        <time>2026-08-07T15:29:12+0800</time>
        <extensions>
          <gpxtpx:TrackPointExtension>
            <gpxtpx:hr>188</gpxtpx:hr>
            <gpxtpx:cad>90</gpxtpx:cad>
          </gpxtpx:TrackPointExtension>
        </extensions>
      </trkpt>
      <trkpt lat="32.0166809298" lon="120.898541082">
        <ele>8.2</ele>
        <time>2026-08-07T15:29:13+0800</time>
        <extensions>
          <gpxtpx:TrackPointExtension>
            <gpxtpx:hr>188</gpxtpx:hr>
            <gpxtpx:cad>90</gpxtpx:cad>
          </gpxtpx:TrackPointExtension>
        </extensions>
      </trkpt>
      <trkpt lat="32.0166513417" lon="120.898527754">
        <ele>8.0</ele>
        <time>2026-08-07T15:29:14+0800</time>
        <extensions>
          <gpxtpx:TrackPointExtension>
            <gpxtpx:hr>187</gpxtpx:hr>
            <gpxtpx:cad>90</gpxtpx:cad>
          </gpxtpx:TrackPointExtension>
        </extensions>
      </trkpt>
      <trkpt lat="32.0166042354" lon="120.898508392">
        <ele>8.0</ele>
        <time>2026-08-07T15:29:15+0800</time>
        <extensions>
          <gpxtpx:TrackPointExtension>
            <gpxtpx:hr>188</gpxtpx:hr>
            <gpxtpx:cad>90</gpxtpx:cad>
          </gpxtpx:TrackPointExtension>
        </extensions>
      </trkpt>
      <trkpt lat="32.0165726356" lon="120.898501938">
        <ele>7.8</ele>
        <time>2026-08-07T15:29:16+0800</time>
        <extensions>
          <gpxtpx:TrackPointExtension>
            <gpxtpx:hr>188</gpxtpx:hr>
            <gpxtpx:cad>90</gpxtpx:cad>
          </gpxtpx:TrackPointExtension>
        </extensions>
      </trkpt>
      <trkpt lat="32.0165269542" lon="120.898488108">
        <ele>7.8</ele>
        <time>2026-08-07T15:29:17+0800</time>
        <extensions>
          <gpxtpx:TrackPointExtension>
            <gpxtpx:hr>188</gpxtpx:hr>
            <gpxtpx:cad>91</gpxtpx:cad>
          </gpxtpx:TrackPointExtension>
        </extensions>
      </trkpt>
      <trkpt lat="32.0164924208" lon="120.898482157">
        <ele>7.8</ele>
        <time>2026-08-07T15:29:18+0800</time>
        <extensions>
          <gpxtpx:TrackPointExtension>
            <gpxtpx:hr>189</gpxtpx:hr>
            <gpxtpx:cad>91</gpxtpx:cad>
          </gpxtpx:TrackPointExtension>
        </extensions>
      </trkpt>
      <trkpt lat="32.0164458174" lon="120.898470003">
        <ele>7.8</ele>
        <time>2026-08-07T15:29:19+0800</time>
        <extensions>
          <gpxtpx:TrackPointExtension>
            <gpxtpx:hr>189</gpxtpx:hr>
            <gpxtpx:cad>90</gpxtpx:cad>
          </gpxtpx:TrackPointExtension>
        </extensions>
      </trkpt>
      <trkpt lat="32.0164153911" lon="120.89845961">
        <ele>7.6</ele>
        <time>2026-08-07T15:29:20+0800</time>
        <extensions>
          <gpxtpx:TrackPointExtension>
            <gpxtpx:hr>189</gpxtpx:hr>
            <gpxtpx:cad>90</gpxtpx:cad>
          </gpxtpx:TrackPointExtension>
        </extensions>
      </trkpt>
      <trkpt lat="32.0163752418" lon="120.898441505">
        <ele>7.6</ele>
        <time>2026-08-07T15:29:21+0800</time>
        <extensions>
          <gpxtpx:TrackPointExtension>
            <gpxtpx:hr>189</gpxtpx:hr>
            <gpxtpx:cad>90</gpxtpx:cad>
          </gpxtpx:TrackPointExtension>
        </extensions>
      </trkpt>
      <trkpt lat="32.016345989" lon="120.898427088">
        <ele>7.6</ele>
        <time>2026-08-07T15:29:22+0800</time>
        <extensions>
          <gpxtpx:TrackPointExtension>
            <gpxtpx:hr>190</gpxtpx:hr>
            <gpxtpx:cad>90</gpxtpx:cad>
          </gpxtpx:TrackPointExtension>
        </extensions>
      </trkpt>
      <trkpt lat="32.016300559" lon="120.898408061">
        <ele>7.6</ele>
        <time>2026-08-07T15:29:23+0800</time>
        <extensions>
          <gpxtpx:TrackPointExtension>
            <gpxtpx:hr>189</gpxtpx:hr>
            <gpxtpx:cad>90</gpxtpx:cad>
          </gpxtpx:TrackPointExtension>
        </extensions>
      </trkpt>
      <trkpt lat="32.0162677858" lon="120.898400182">
        <ele>7.6</ele>
        <time>2026-08-07T15:29:24+0800</time>
        <extensions>
          <gpxtpx:TrackPointExtension>
            <gpxtpx:hr>188</gpxtpx:hr>
            <gpxtpx:cad>90</gpxtpx:cad>
          </gpxtpx:TrackPointExtension>
        </extensions>
      </trkpt>
      <trkpt lat="32.0162272174" lon="120.89837797">
        <ele>7.6</ele>
        <time>2026-08-07T15:29:25+0800</time>
        <extensions>
          <gpxtpx:TrackPointExtension>
            <gpxtpx:hr>189</gpxtpx:hr>
            <gpxtpx:cad>91</gpxtpx:cad>
          </gpxtpx:TrackPointExtension>
        </extensions>
      </trkpt>
      <trkpt lat="32.0161910914" lon="120.8983659">
        <ele>7.4</ele>
        <time>2026-08-07T15:29:26+0800</time>
        <extensions>
          <gpxtpx:TrackPointExtension>
            <gpxtpx:hr>189</gpxtpx:hr>
            <gpxtpx:cad>91</gpxtpx:cad>
          </gpxtpx:TrackPointExtension>
        </extensions>
      </trkpt>
      <trkpt lat="32.0161537081" lon="120.898346957">
        <ele>7.4</ele>
        <time>2026-08-07T15:29:27+0800</time>
        <extensions>
          <gpxtpx:TrackPointExtension>
            <gpxtpx:hr>190</gpxtpx:hr>
            <gpxtpx:cad>91</gpxtpx:cad>
          </gpxtpx:TrackPointExtension>
        </extensions>
      </trkpt>
      <trkpt lat="32.0161205996" lon="120.898339748">
        <ele>7.2</ele>
        <time>2026-08-07T15:29:28+0800</time>
        <extensions>
          <gpxtpx:TrackPointExtension>
            <gpxtpx:hr>191</gpxtpx:hr>
            <gpxtpx:cad>91</gpxtpx:cad>
          </gpxtpx:TrackPointExtension>
        </extensions>
      </trkpt>
      <trkpt lat="32.0160800312" lon="120.898320805">
        <ele>7.2</ele>
        <time>2026-08-07T15:29:29+0800</time>
        <extensions>
          <gpxtpx:TrackPointExtension>
            <gpxtpx:hr>191</gpxtpx:hr>
            <gpxtpx:cad>92</gpxtpx:cad>
          </gpxtpx:TrackPointExtension>
        </extensions>
      </trkpt>
      <trkpt lat="32.0160434023" lon="120.898310244">
        <ele>7.4</ele>
        <time>2026-08-07T15:29:30+0800</time>
        <extensions>
          <gpxtpx:TrackPointExtension>
            <gpxtpx:hr>191</gpxtpx:hr>
            <gpxtpx:cad>91</gpxtpx:cad>
          </gpxtpx:TrackPointExtension>
        </extensions>
      </trkpt>
      <trkpt lat="32.0160120539" lon="120.898293983">
        <ele>7.4</ele>
        <time>2026-08-07T15:29:31+0800</time>
        <extensions>
          <gpxtpx:TrackPointExtension>
            <gpxtpx:hr>191</gpxtpx:hr>
            <gpxtpx:cad>91</gpxtpx:cad>
          </gpxtpx:TrackPointExtension>
        </extensions>
      </trkpt>
      <trkpt lat="32.0159774367" lon="120.898282332">
        <ele>7.4</ele>
        <time>2026-08-07T15:29:32+0800</time>
        <extensions>
          <gpxtpx:TrackPointExtension>
            <gpxtpx:hr>190</gpxtpx:hr>
            <gpxtpx:cad>90</gpxtpx:cad>
          </gpxtpx:TrackPointExtension>
        </extensions>
      </trkpt>
      <trkpt lat="32.0159428194" lon="120.898265401">
        <ele>7.4</ele>
        <time>2026-08-07T15:29:33+0800</time>
        <extensions>
          <gpxtpx:TrackPointExtension>
            <gpxtpx:hr>189</gpxtpx:hr>
            <gpxtpx:cad>90</gpxtpx:cad>
          </gpxtpx:TrackPointExtension>
        </extensions>
      </trkpt>
      <trkpt lat="32.015906442" lon="120.898258863">
        <ele>7.4</ele>
        <time>2026-08-07T15:29:34+0800</time>
        <extensions>
          <gpxtpx:TrackPointExtension>
            <gpxtpx:hr>189</gpxtpx:hr>
            <gpxtpx:cad>90</gpxtpx:cad>
          </gpxtpx:TrackPointExtension>
        </extensions>
      </trkpt>
      <trkpt lat="32.0158674661" lon="120.898242183">
        <ele>7.2</ele>
        <time>2026-08-07T15:29:35+0800</time>
        <extensions>
          <gpxtpx:TrackPointExtension>
            <gpxtpx:hr>190</gpxtpx:hr>
            <gpxtpx:cad>90</gpxtpx:cad>
          </gpxtpx:TrackPointExtension>
        </extensions>
      </trkpt>
      <trkpt lat="32.0158330165" lon="120.898233633">
        <ele>7.2</ele>
        <time>2026-08-07T15:29:36+0800</time>
        <extensions>
          <gpxtpx:TrackPointExtension>
            <gpxtpx:hr>191</gpxtpx:hr>
            <gpxtpx:cad>89</gpxtpx:cad>
          </gpxtpx:TrackPointExtension>
        </extensions>
      </trkpt>
      <trkpt lat="32.0157958847" lon="120.898216618">
        <ele>7.2</ele>
        <time>2026-08-07T15:29:37+0800</time>
        <extensions>
          <gpxtpx:TrackPointExtension>
            <gpxtpx:hr>190</gpxtpx:hr>
            <gpxtpx:cad>89</gpxtpx:cad>
          </gpxtpx:TrackPointExtension>
        </extensions>
      </trkpt>
      <trkpt lat="32.015762357" lon="120.898208404">
        <ele>7.2</ele>
        <time>2026-08-07T15:29:38+0800</time>
        <extensions>
          <gpxtpx:TrackPointExtension>
            <gpxtpx:hr>189</gpxtpx:hr>
            <gpxtpx:cad>89</gpxtpx:cad>
          </gpxtpx:TrackPointExtension>
        </extensions>
      </trkpt>
      <trkpt lat="32.0157241356" lon="120.898193149">
        <ele>7.2</ele>
        <time>2026-08-07T15:29:39+0800</time>
        <extensions>
          <gpxtpx:TrackPointExtension>
            <gpxtpx:hr>189</gpxtpx:hr>
            <gpxtpx:cad>89</gpxtpx:cad>
          </gpxtpx:TrackPointExtension>
        </extensions>
      </trkpt>
      <trkpt lat="32.015691027" lon="120.898188036">
        <ele>7.2</ele>
        <time>2026-08-07T15:29:40+0800</time>
        <extensions>
          <gpxtpx:TrackPointExtension>
            <gpxtpx:hr>191</gpxtpx:hr>
            <gpxtpx:cad>89</gpxtpx:cad>
          </gpxtpx:TrackPointExtension>
        </extensions>
      </trkpt>
      <trkpt lat="32.0156492852" lon="120.898167249">
        <ele>7.2</ele>
        <time>2026-08-07T15:29:41+0800</time>
        <extensions>
          <gpxtpx:TrackPointExtension>
            <gpxtpx:hr>190</gpxtpx:hr>
            <gpxtpx:cad>89</gpxtpx:cad>
          </gpxtpx:TrackPointExtension>
        </extensions>
      </trkpt>
      <trkpt lat="32.0156124048" lon="120.898159957">
        <ele>7.2</ele>
        <time>2026-08-07T15:29:42+0800</time>
        <extensions>
          <gpxtpx:TrackPointExtension>
            <gpxtpx:hr>190</gpxtpx:hr>
            <gpxtpx:cad>89</gpxtpx:cad>
          </gpxtpx:TrackPointExtension>
        </extensions>
      </trkpt>
      <trkpt lat="32.0155765302" lon="120.898142857">
        <ele>7.2</ele>
        <time>2026-08-07T15:29:43+0800</time>
        <extensions>
          <gpxtpx:TrackPointExtension>
            <gpxtpx:hr>190</gpxtpx:hr>
            <gpxtpx:cad>90</gpxtpx:cad>
          </gpxtpx:TrackPointExtension>
        </extensions>
      </trkpt>
      <trkpt lat="32.0155429188" lon="120.898134811">
        <ele>7.2</ele>
        <time>2026-08-07T15:29:44+0800</time>
        <extensions>
          <gpxtpx:TrackPointExtension>
            <gpxtpx:hr>189</gpxtpx:hr>
            <gpxtpx:cad>90</gpxtpx:cad>
          </gpxtpx:TrackPointExtension>
        </extensions>
      </trkpt>
      <trkpt lat="32.0155054517" lon="120.898114862">
        <ele>7.2</ele>
        <time>2026-08-07T15:29:45+0800</time>
        <extensions>
          <gpxtpx:TrackPointExtension>
            <gpxtpx:hr>188</gpxtpx:hr>
            <gpxtpx:cad>90</gpxtpx:cad>
          </gpxtpx:TrackPointExtension>
        </extensions>
      </trkpt>
      <trkpt lat="32.0154714212" lon="120.898105977">
        <ele>7.4</ele>
        <time>2026-08-07T15:29:46+0800</time>
        <extensions>
          <gpxtpx:TrackPointExtension>
            <gpxtpx:hr>189</gpxtpx:hr>
            <gpxtpx:cad>90</gpxtpx:cad>
          </gpxtpx:TrackPointExtension>
        </extensions>
      </trkpt>
      <trkpt lat="32.0154312719" lon="120.898086531">
        <ele>7.4</ele>
        <time>2026-08-07T15:29:47+0800</time>
        <extensions>
          <gpxtpx:TrackPointExtension>
            <gpxtpx:hr>190</gpxtpx:hr>
            <gpxtpx:cad>90</gpxtpx:cad>
          </gpxtpx:TrackPointExtension>
        </extensions>
      </trkpt>
      <trkpt lat="32.0154063776" lon="120.898078401">
        <ele>7.4</ele>
        <time>2026-08-07T15:29:48+0800</time>
        <extensions>
          <gpxtpx:TrackPointExtension>
            <gpxtpx:hr>189</gpxtpx:hr>
            <gpxtpx:cad>90</gpxtpx:cad>
          </gpxtpx:TrackPointExtension>
        </extensions>
      </trkpt>
      <trkpt lat="32.0153663959" lon="120.89806281">
        <ele>7.4</ele>
        <time>2026-08-07T15:29:49+0800</time>
        <extensions>
          <gpxtpx:TrackPointExtension>
            <gpxtpx:hr>189</gpxtpx:hr>
            <gpxtpx:cad>89</gpxtpx:cad>
          </gpxtpx:TrackPointExtension>
        </extensions>
      </trkpt>
      <trkpt lat="32.0153391548" lon="120.898053423">
        <ele>7.4</ele>
        <time>2026-08-07T15:29:50+0800</time>
        <extensions>
          <gpxtpx:TrackPointExtension>
            <gpxtpx:hr>189</gpxtpx:hr>
            <gpxtpx:cad>89</gpxtpx:cad>
          </gpxtpx:TrackPointExtension>
        </extensions>
      </trkpt>
      <trkpt lat="32.0153041184" lon="120.89803691">
        <ele>7.4</ele>
        <time>2026-08-07T15:29:51+0800</time>
        <extensions>
          <gpxtpx:TrackPointExtension>
            <gpxtpx:hr>190</gpxtpx:hr>
            <gpxtpx:cad>89</gpxtpx:cad>
          </gpxtpx:TrackPointExtension>
        </extensions>
      </trkpt>
      <trkpt lat="32.015275117" lon="120.898029953">
        <ele>7.4</ele>
        <time>2026-08-07T15:29:52+0800</time>
        <extensions>
          <gpxtpx:TrackPointExtension>
            <gpxtpx:hr>191</gpxtpx:hr>
            <gpxtpx:cad>89</gpxtpx:cad>
          </gpxtpx:TrackPointExtension>
        </extensions>
      </trkpt>
      <trkpt lat="32.0152299386" lon="120.89801386">
        <ele>7.4</ele>
        <time>2026-08-07T15:29:53+0800</time>
        <extensions>
          <gpxtpx:TrackPointExtension>
            <gpxtpx:hr>191</gpxtpx:hr>
            <gpxtpx:cad>89</gpxtpx:cad>
          </gpxtpx:TrackPointExtension>
        </extensions>
      </trkpt>
      <trkpt lat="32.0151990093" lon="120.898009837">
        <ele>7.4</ele>
        <time>2026-08-07T15:29:54+0800</time>
        <extensions>
          <gpxtpx:TrackPointExtension>
            <gpxtpx:hr>189</gpxtpx:hr>
            <gpxtpx:cad>89</gpxtpx:cad>
          </gpxtpx:TrackPointExtension>
        </extensions>
      </trkpt>
      <trkpt lat="32.0151549205" lon="120.897996342">
        <ele>7.4</ele>
        <time>2026-08-07T15:29:55+0800</time>
        <extensions>
          <gpxtpx:TrackPointExtension>
            <gpxtpx:hr>189</gpxtpx:hr>
            <gpxtpx:cad>89</gpxtpx:cad>
          </gpxtpx:TrackPointExtension>
        </extensions>
      </trkpt>
      <trkpt lat="32.0151240751" lon="120.897988966">
        <ele>7.4</ele>
        <time>2026-08-07T15:29:56+0800</time>
        <extensions>
          <gpxtpx:TrackPointExtension>
            <gpxtpx:hr>189</gpxtpx:hr>
            <gpxtpx:cad>89</gpxtpx:cad>
          </gpxtpx:TrackPointExtension>
        </extensions>
      </trkpt>
      <trkpt lat="32.0150827523" lon="120.897974214">
        <ele>7.6</ele>
        <time>2026-08-07T15:29:57+0800</time>
        <extensions>
          <gpxtpx:TrackPointExtension>
            <gpxtpx:hr>189</gpxtpx:hr>
            <gpxtpx:cad>90</gpxtpx:cad>
          </gpxtpx:TrackPointExtension>
        </extensions>
      </trkpt>
      <trkpt lat="32.0150534157" lon="120.897967173">
        <ele>7.6</ele>
        <time>2026-08-07T15:29:58+0800</time>
        <extensions>
          <gpxtpx:TrackPointExtension>
            <gpxtpx:hr>191</gpxtpx:hr>
            <gpxtpx:cad>90</gpxtpx:cad>
          </gpxtpx:TrackPointExtension>
        </extensions>
      </trkpt>
      <trkpt lat="32.0150156133" lon="120.897950828">
        <ele>7.6</ele>
        <time>2026-08-07T15:29:59+0800</time>
        <extensions>
          <gpxtpx:TrackPointExtension>
            <gpxtpx:hr>191</gpxtpx:hr>
            <gpxtpx:cad>90</gpxtpx:cad>
          </gpxtpx:TrackPointExtension>
        </extensions>
      </trkpt>
      <trkpt lat="32.0149871986" lon="120.897943787">
        <ele>7.6</ele>
        <time>2026-08-07T15:30:00+0800</time>
        <extensions>
          <gpxtpx:TrackPointExtension>
            <gpxtpx:hr>189</gpxtpx:hr>
            <gpxtpx:cad>90</gpxtpx:cad>
          </gpxtpx:TrackPointExtension>
        </extensions>
      </trkpt>
      <trkpt lat="32.0149483904" lon="120.897930041">
        <ele>7.6</ele>
        <time>2026-08-07T15:30:01+0800</time>
        <extensions>
          <gpxtpx:TrackPointExtension>
            <gpxtpx:hr>189</gpxtpx:hr>
            <gpxtpx:cad>89</gpxtpx:cad>
          </gpxtpx:TrackPointExtension>
        </extensions>
      </trkpt>
      <trkpt lat="32.0149264298" lon="120.897921659">
        <ele>7.6</ele>
        <time>2026-08-07T15:30:02+0800</time>
        <extensions>
          <gpxtpx:TrackPointExtension>
            <gpxtpx:hr>190</gpxtpx:hr>
            <gpxtpx:cad>89</gpxtpx:cad>
          </gpxtpx:TrackPointExtension>
        </extensions>
      </trkpt>
      <trkpt lat="32.0148861129" lon="120.897905482">
        <ele>7.6</ele>
        <time>2026-08-07T15:30:03+0800</time>
        <extensions>
          <gpxtpx:TrackPointExtension>
            <gpxtpx:hr>190</gpxtpx:hr>
            <gpxtpx:cad>89</gpxtpx:cad>
          </gpxtpx:TrackPointExtension>
        </extensions>
      </trkpt>
      <trkpt lat="32.0148491487" lon="120.897897771">
        <ele>7.8</ele>
        <time>2026-08-07T15:30:04+0800</time>
        <extensions>
          <gpxtpx:TrackPointExtension>
            <gpxtpx:hr>191</gpxtpx:hr>
            <gpxtpx:cad>88</gpxtpx:cad>
          </gpxtpx:TrackPointExtension>
        </extensions>
      </trkpt>
      <trkpt lat="32.0148109272" lon="120.897887545">
        <ele>8.0</ele>
        <time>2026-08-07T15:30:05+0800</time>
        <extensions>
          <gpxtpx:TrackPointExtension>
            <gpxtpx:hr>190</gpxtpx:hr>
            <gpxtpx:cad>88</gpxtpx:cad>
          </gpxtpx:TrackPointExtension>
        </extensions>
      </trkpt>
      <trkpt lat="32.014779076" lon="120.897883102">
        <ele>8.0</ele>
        <time>2026-08-07T15:30:06+0800</time>
        <extensions>
          <gpxtpx:TrackPointExtension>
            <gpxtpx:hr>189</gpxtpx:hr>
            <gpxtpx:cad>88</gpxtpx:cad>
          </gpxtpx:TrackPointExtension>
        </extensions>
      </trkpt>
      <trkpt lat="32.0147441234" lon="120.897875894">
        <ele>8.0</ele>
        <time>2026-08-07T15:30:07+0800</time>
        <extensions>
          <gpxtpx:TrackPointExtension>
            <gpxtpx:hr>189</gpxtpx:hr>
            <gpxtpx:cad>88</gpxtpx:cad>
          </gpxtpx:TrackPointExtension>
        </extensions>
      </trkpt>
      <trkpt lat="32.0147087518" lon="120.897866171">
        <ele>8.0</ele>
        <time>2026-08-07T15:30:08+0800</time>
        <extensions>
          <gpxtpx:TrackPointExtension>
            <gpxtpx:hr>190</gpxtpx:hr>
            <gpxtpx:cad>89</gpxtpx:cad>
          </gpxtpx:TrackPointExtension>
        </extensions>
      </trkpt>
      <trkpt lat="32.0146701112" lon="120.897856532">
        <ele>8.0</ele>
        <time>2026-08-07T15:30:09+0800</time>
        <extensions>
          <gpxtpx:TrackPointExtension>
            <gpxtpx:hr>191</gpxtpx:hr>
            <gpxtpx:cad>89</gpxtpx:cad>
          </gpxtpx:TrackPointExtension>
        </extensions>
      </trkpt>
      <trkpt lat="32.014641948" lon="120.897834571">
        <ele>7.8</ele>
        <time>2026-08-07T15:30:10+0800</time>
        <extensions>
          <gpxtpx:TrackPointExtension>
            <gpxtpx:hr>190</gpxtpx:hr>
            <gpxtpx:cad>89</gpxtpx:cad>
          </gpxtpx:TrackPointExtension>
        </extensions>
      </trkpt>
      <trkpt lat="32.0146038942" lon="120.897812443">
        <ele>7.8</ele>
        <time>2026-08-07T15:30:11+0800</time>
        <extensions>
          <gpxtpx:TrackPointExtension>
            <gpxtpx:hr>190</gpxtpx:hr>
            <gpxtpx:cad>89</gpxtpx:cad>
          </gpxtpx:TrackPointExtension>
        </extensions>
      </trkpt>
      <trkpt lat="32.0145764016" lon="120.897783358">
        <ele>7.8</ele>
        <time>2026-08-07T15:30:12+0800</time>
        <extensions>
          <gpxtpx:TrackPointExtension>
            <gpxtpx:hr>189</gpxtpx:hr>
            <gpxtpx:cad>89</gpxtpx:cad>
          </gpxtpx:TrackPointExtension>
        </extensions>
      </trkpt>
      <trkpt lat="32.0145430416" lon="120.897757038">
        <ele>7.8</ele>
        <time>2026-08-07T15:30:13+0800</time>
        <extensions>
          <gpxtpx:TrackPointExtension>
            <gpxtpx:hr>190</gpxtpx:hr>
            <gpxtpx:cad>89</gpxtpx:cad>
          </gpxtpx:TrackPointExtension>
        </extensions>
      </trkpt>
      <trkpt lat="32.014519237" lon="120.897720745">
        <ele>7.8</ele>
        <time>2026-08-07T15:30:14+0800</time>
        <extensions>
          <gpxtpx:TrackPointExtension>
            <gpxtpx:hr>191</gpxtpx:hr>
            <gpxtpx:cad>88</gpxtpx:cad>
          </gpxtpx:TrackPointExtension>
        </extensions>
      </trkpt>
      <trkpt lat="32.0144952647" lon="120.897686966">
        <ele>8.0</ele>
        <time>2026-08-07T15:30:15+0800</time>
        <extensions>
          <gpxtpx:TrackPointExtension>
            <gpxtpx:hr>190</gpxtpx:hr>
            <gpxtpx:cad>88</gpxtpx:cad>
          </gpxtpx:TrackPointExtension>
        </extensions>
      </trkpt>
      <trkpt lat="32.014480764" lon="120.897639189">
        <ele>8.0</ele>
        <time>2026-08-07T15:30:16+0800</time>
        <extensions>
          <gpxtpx:TrackPointExtension>
            <gpxtpx:hr>189</gpxtpx:hr>
            <gpxtpx:cad>88</gpxtpx:cad>
          </gpxtpx:TrackPointExtension>
        </extensions>
      </trkpt>
      <trkpt lat="32.0144634973" lon="120.897601722">
        <ele>8.0</ele>
        <time>2026-08-07T15:30:17+0800</time>
        <extensions>
          <gpxtpx:TrackPointExtension>
            <gpxtpx:hr>190</gpxtpx:hr>
            <gpxtpx:cad>88</gpxtpx:cad>
          </gpxtpx:TrackPointExtension>
        </extensions>
      </trkpt>
      <trkpt lat="32.0144511759" lon="120.897555873">
        <ele>8.0</ele>
        <time>2026-08-07T15:30:18+0800</time>
        <extensions>
          <gpxtpx:TrackPointExtension>
            <gpxtpx:hr>190</gpxtpx:hr>
            <gpxtpx:cad>89</gpxtpx:cad>
          </gpxtpx:TrackPointExtension>
        </extensions>
      </trkpt>
      <trkpt lat="32.0144331548" lon="120.89752553">
        <ele>8.0</ele>
        <time>2026-08-07T15:30:19+0800</time>
        <extensions>
          <gpxtpx:TrackPointExtension>
            <gpxtpx:hr>190</gpxtpx:hr>
            <gpxtpx:cad>89</gpxtpx:cad>
          </gpxtpx:TrackPointExtension>
        </extensions>
      </trkpt>
      <trkpt lat="32.0144133735" lon="120.897481022">
        <ele>8.0</ele>
        <time>2026-08-07T15:30:20+0800</time>
        <extensions>
          <gpxtpx:TrackPointExtension>
            <gpxtpx:hr>190</gpxtpx:hr>
            <gpxtpx:cad>89</gpxtpx:cad>
          </gpxtpx:TrackPointExtension>
        </extensions>
      </trkpt>
      <trkpt lat="32.0143993758" lon="120.897452272">
        <ele>7.8</ele>
        <time>2026-08-07T15:30:21+0800</time>
        <extensions>
          <gpxtpx:TrackPointExtension>
            <gpxtpx:hr>189</gpxtpx:hr>
            <gpxtpx:cad>89</gpxtpx:cad>
          </gpxtpx:TrackPointExtension>
        </extensions>
      </trkpt>
      <trkpt lat="32.0143818576" lon="120.897404579">
        <ele>7.8</ele>
        <time>2026-08-07T15:30:22+0800</time>
        <extensions>
          <gpxtpx:TrackPointExtension>
            <gpxtpx:hr>189</gpxtpx:hr>
            <gpxtpx:cad>89</gpxtpx:cad>
          </gpxtpx:TrackPointExtension>
        </extensions>
      </trkpt>
      <trkpt lat="32.0143657643" lon="120.8973765">
        <ele>7.8</ele>
        <time>2026-08-07T15:30:23+0800</time>
        <extensions>
          <gpxtpx:TrackPointExtension>
            <gpxtpx:hr>189</gpxtpx:hr>
            <gpxtpx:cad>89</gpxtpx:cad>
          </gpxtpx:TrackPointExtension>
        </extensions>
      </trkpt>
      <trkpt lat="32.0143505931" lon="120.897332327">
        <ele>7.6</ele>
        <time>2026-08-07T15:30:24+0800</time>
        <extensions>
          <gpxtpx:TrackPointExtension>
            <gpxtpx:hr>190</gpxtpx:hr>
            <gpxtpx:cad>89</gpxtpx:cad>
          </gpxtpx:TrackPointExtension>
        </extensions>
      </trkpt>
      <trkpt lat="32.0143340807" lon="120.897306679">
        <ele>7.6</ele>
        <time>2026-08-07T15:30:25+0800</time>
        <extensions>
          <gpxtpx:TrackPointExtension>
            <gpxtpx:hr>190</gpxtpx:hr>
            <gpxtpx:cad>89</gpxtpx:cad>
          </gpxtpx:TrackPointExtension>
        </extensions>
      </trkpt>
      <trkpt lat="32.014320083" lon="120.897265188">
        <ele>7.4</ele>
        <time>2026-08-07T15:30:26+0800</time>
        <extensions>
          <gpxtpx:TrackPointExtension>
            <gpxtpx:hr>190</gpxtpx:hr>
            <gpxtpx:cad>89</gpxtpx:cad>
          </gpxtpx:TrackPointExtension>
        </extensions>
      </trkpt>
      <trkpt lat="32.0143004693" lon="120.897238953">
        <ele>7.4</ele>
        <time>2026-08-07T15:30:27+0800</time>
        <extensions>
          <gpxtpx:TrackPointExtension>
            <gpxtpx:hr>189</gpxtpx:hr>
            <gpxtpx:cad>89</gpxtpx:cad>
          </gpxtpx:TrackPointExtension>
        </extensions>
      </trkpt>
      <trkpt lat="32.0142824482" lon="120.897194864">
        <ele>7.4</ele>
        <time>2026-08-07T15:30:28+0800</time>
        <extensions>
          <gpxtpx:TrackPointExtension>
            <gpxtpx:hr>190</gpxtpx:hr>
            <gpxtpx:cad>89</gpxtpx:cad>
          </gpxtpx:TrackPointExtension>
        </extensions>
      </trkpt>
      <trkpt lat="32.0142693724" lon="120.897163348">
        <ele>7.4</ele>
        <time>2026-08-07T15:30:29+0800</time>
        <extensions>
          <gpxtpx:TrackPointExtension>
            <gpxtpx:hr>189</gpxtpx:hr>
            <gpxtpx:cad>89</gpxtpx:cad>
          </gpxtpx:TrackPointExtension>
        </extensions>
      </trkpt>
      <trkpt lat="32.0142507646" lon="120.897115991">
        <ele>7.4</ele>
        <time>2026-08-07T15:30:30+0800</time>
        <extensions>
          <gpxtpx:TrackPointExtension>
            <gpxtpx:hr>189</gpxtpx:hr>
            <gpxtpx:cad>89</gpxtpx:cad>
          </gpxtpx:TrackPointExtension>
        </extensions>
      </trkpt>
      <trkpt lat="32.0142418798" lon="120.897082128">
        <ele>7.4</ele>
        <time>2026-08-07T15:30:31+0800</time>
        <extensions>
          <gpxtpx:TrackPointExtension>
            <gpxtpx:hr>190</gpxtpx:hr>
            <gpxtpx:cad>90</gpxtpx:cad>
          </gpxtpx:TrackPointExtension>
        </extensions>
      </trkpt>
      <trkpt lat="32.0142303128" lon="120.897038374">
        <ele>7.4</ele>
        <time>2026-08-07T15:30:32+0800</time>
        <extensions>
          <gpxtpx:TrackPointExtension>
            <gpxtpx:hr>190</gpxtpx:hr>
            <gpxtpx:cad>89</gpxtpx:cad>
          </gpxtpx:TrackPointExtension>
        </extensions>
      </trkpt>
      <trkpt lat="32.0142252836" lon="120.89700778">
        <ele>7.4</ele>
        <time>2026-08-07T15:30:33+0800</time>
        <extensions>
          <gpxtpx:TrackPointExtension>
            <gpxtpx:hr>190</gpxtpx:hr>
            <gpxtpx:cad>89</gpxtpx:cad>
          </gpxtpx:TrackPointExtension>
        </extensions>
      </trkpt>
      <trkpt lat="32.0142137166" lon="120.896969391">
        <ele>7.2</ele>
        <time>2026-08-07T15:30:34+0800</time>
        <extensions>
          <gpxtpx:TrackPointExtension>
            <gpxtpx:hr>189</gpxtpx:hr>
            <gpxtpx:cad>89</gpxtpx:cad>
          </gpxtpx:TrackPointExtension>
        </extensions>
      </trkpt>
      <trkpt lat="32.0142094418" lon="120.896935863">
        <ele>7.2</ele>
        <time>2026-08-07T15:30:35+0800</time>
        <extensions>
          <gpxtpx:TrackPointExtension>
            <gpxtpx:hr>189</gpxtpx:hr>
            <gpxtpx:cad>89</gpxtpx:cad>
          </gpxtpx:TrackPointExtension>
        </extensions>
      </trkpt>
      <trkpt lat="32.014197791" lon="120.896898564">
        <ele>7.2</ele>
        <time>2026-08-07T15:30:36+0800</time>
        <extensions>
          <gpxtpx:TrackPointExtension>
            <gpxtpx:hr>189</gpxtpx:hr>
            <gpxtpx:cad>88</gpxtpx:cad>
          </gpxtpx:TrackPointExtension>
        </extensions>
      </trkpt>
      <trkpt lat="32.014187146" lon="120.896864198">
        <ele>7.2</ele>
        <time>2026-08-07T15:30:37+0800</time>
        <extensions>
          <gpxtpx:TrackPointExtension>
            <gpxtpx:hr>189</gpxtpx:hr>
            <gpxtpx:cad>89</gpxtpx:cad>
          </gpxtpx:TrackPointExtension>
        </extensions>
      </trkpt>
      <trkpt lat="32.0141758304" lon="120.896817762">
        <ele>7.2</ele>
        <time>2026-08-07T15:30:38+0800</time>
        <extensions>
          <gpxtpx:TrackPointExtension>
            <gpxtpx:hr>189</gpxtpx:hr>
            <gpxtpx:cad>89</gpxtpx:cad>
          </gpxtpx:TrackPointExtension>
        </extensions>
      </trkpt>
      <trkpt lat="32.0141706336" lon="120.896780798">
        <ele>7.2</ele>
        <time>2026-08-07T15:30:39+0800</time>
        <extensions>
          <gpxtpx:TrackPointExtension>
            <gpxtpx:hr>189</gpxtpx:hr>
            <gpxtpx:cad>89</gpxtpx:cad>
          </gpxtpx:TrackPointExtension>
        </extensions>
      </trkpt>
      <trkpt lat="32.0141564682" lon="120.896741236">
        <ele>7.2</ele>
        <time>2026-08-07T15:30:40+0800</time>
        <extensions>
          <gpxtpx:TrackPointExtension>
            <gpxtpx:hr>189</gpxtpx:hr>
            <gpxtpx:cad>89</gpxtpx:cad>
          </gpxtpx:TrackPointExtension>
        </extensions>
      </trkpt>
      <trkpt lat="32.0141379442" lon="120.896704858">
        <ele>7.2</ele>
        <time>2026-08-07T15:30:41+0800</time>
        <extensions>
          <gpxtpx:TrackPointExtension>
            <gpxtpx:hr>189</gpxtpx:hr>
            <gpxtpx:cad>90</gpxtpx:cad>
          </gpxtpx:TrackPointExtension>
        </extensions>
      </trkpt>
      <trkpt lat="32.0141210966" lon="120.896666385">
        <ele>7.4</ele>
        <time>2026-08-07T15:30:42+0800</time>
        <extensions>
          <gpxtpx:TrackPointExtension>
            <gpxtpx:hr>189</gpxtpx:hr>
            <gpxtpx:cad>90</gpxtpx:cad>
          </gpxtpx:TrackPointExtension>
        </extensions>
      </trkpt>
      <trkpt lat="32.0141137205" lon="120.896628499">
        <ele>7.4</ele>
        <time>2026-08-07T15:30:43+0800</time>
        <extensions>
          <gpxtpx:TrackPointExtension>
            <gpxtpx:hr>189</gpxtpx:hr>
            <gpxtpx:cad>90</gpxtpx:cad>
          </gpxtpx:TrackPointExtension>
        </extensions>
      </trkpt>
      <trkpt lat="32.0140936878" lon="120.896587512">
        <ele>7.4</ele>
        <time>2026-08-07T15:30:44+0800</time>
        <extensions>
          <gpxtpx:TrackPointExtension>
            <gpxtpx:hr>189</gpxtpx:hr>
            <gpxtpx:cad>90</gpxtpx:cad>
          </gpxtpx:TrackPointExtension>
        </extensions>
      </trkpt>
      <trkpt lat="32.0140810311" lon="120.896549206">
        <ele>7.4</ele>
        <time>2026-08-07T15:30:45+0800</time>
        <extensions>
          <gpxtpx:TrackPointExtension>
            <gpxtpx:hr>189</gpxtpx:hr>
            <gpxtpx:cad>90</gpxtpx:cad>
          </gpxtpx:TrackPointExtension>
        </extensions>
      </trkpt>
      <trkpt lat="32.0140625071" lon="120.89650319">
        <ele>7.4</ele>
        <time>2026-08-07T15:30:46+0800</time>
        <extensions>
          <gpxtpx:TrackPointExtension>
            <gpxtpx:hr>190</gpxtpx:hr>
            <gpxtpx:cad>90</gpxtpx:cad>
          </gpxtpx:TrackPointExtension>
        </extensions>
      </trkpt>
      <trkpt lat="32.0140526164" lon="120.896464549">
        <ele>7.2</ele>
        <time>2026-08-07T15:30:47+0800</time>
        <extensions>
          <gpxtpx:TrackPointExtension>
            <gpxtpx:hr>189</gpxtpx:hr>
            <gpxtpx:cad>90</gpxtpx:cad>
          </gpxtpx:TrackPointExtension>
        </extensions>
      </trkpt>
      <trkpt lat="32.0140366908" lon="120.896421382">
        <ele>7.2</ele>
        <time>2026-08-07T15:30:48+0800</time>
        <extensions>
          <gpxtpx:TrackPointExtension>
            <gpxtpx:hr>190</gpxtpx:hr>
            <gpxtpx:cad>90</gpxtpx:cad>
          </gpxtpx:TrackPointExtension>
        </extensions>
      </trkpt>
      <trkpt lat="32.014026884" lon="120.89638182">
        <ele>7.2</ele>
        <time>2026-08-07T15:30:49+0800</time>
        <extensions>
          <gpxtpx:TrackPointExtension>
            <gpxtpx:hr>190</gpxtpx:hr>
            <gpxtpx:cad>89</gpxtpx:cad>
          </gpxtpx:TrackPointExtension>
        </extensions>
      </trkpt>
      <trkpt lat="32.0140107069" lon="120.89634167">
        <ele>7.2</ele>
        <time>2026-08-07T15:30:50+0800</time>
        <extensions>
          <gpxtpx:TrackPointExtension>
            <gpxtpx:hr>190</gpxtpx:hr>
            <gpxtpx:cad>89</gpxtpx:cad>
          </gpxtpx:TrackPointExtension>
        </extensions>
      </trkpt>
      <trkpt lat="32.0140003134" lon="120.896302527">
        <ele>7.4</ele>
        <time>2026-08-07T15:30:51+0800</time>
        <extensions>
          <gpxtpx:TrackPointExtension>
            <gpxtpx:hr>190</gpxtpx:hr>
            <gpxtpx:cad>90</gpxtpx:cad>
          </gpxtpx:TrackPointExtension>
        </extensions>
      </trkpt>
      <trkpt lat="32.0139848068" lon="120.896259863">
        <ele>7.2</ele>
        <time>2026-08-07T15:30:52+0800</time>
        <extensions>
          <gpxtpx:TrackPointExtension>
            <gpxtpx:hr>190</gpxtpx:hr>
            <gpxtpx:cad>89</gpxtpx:cad>
          </gpxtpx:TrackPointExtension>
        </extensions>
      </trkpt>
      <trkpt lat="32.0139700547" lon="120.896221055">
        <ele>7.4</ele>
        <time>2026-08-07T15:30:53+0800</time>
        <extensions>
          <gpxtpx:TrackPointExtension>
            <gpxtpx:hr>190</gpxtpx:hr>
            <gpxtpx:cad>90</gpxtpx:cad>
          </gpxtpx:TrackPointExtension>
        </extensions>
      </trkpt>
      <trkpt lat="32.013952788" lon="120.896181911">
        <ele>7.2</ele>
        <time>2026-08-07T15:30:54+0800</time>
        <extensions>
          <gpxtpx:TrackPointExtension>
            <gpxtpx:hr>191</gpxtpx:hr>
            <gpxtpx:cad>89</gpxtpx:cad>
          </gpxtpx:TrackPointExtension>
        </extensions>
      </trkpt>
      <trkpt lat="32.0139451604" lon="120.896142684">
        <ele>7.2</ele>
        <time>2026-08-07T15:30:55+0800</time>
        <extensions>
          <gpxtpx:TrackPointExtension>
            <gpxtpx:hr>191</gpxtpx:hr>
            <gpxtpx:cad>89</gpxtpx:cad>
          </gpxtpx:TrackPointExtension>
        </extensions>
      </trkpt>
      <trkpt lat="32.0139294025" lon="120.896101194">
        <ele>7.2</ele>
        <time>2026-08-07T15:30:56+0800</time>
        <extensions>
          <gpxtpx:TrackPointExtension>
            <gpxtpx:hr>191</gpxtpx:hr>
            <gpxtpx:cad>89</gpxtpx:cad>
          </gpxtpx:TrackPointExtension>
        </extensions>
      </trkpt>
      <trkpt lat="32.013923116" lon="120.896058613">
        <ele>7.2</ele>
        <time>2026-08-07T15:30:57+0800</time>
        <extensions>
          <gpxtpx:TrackPointExtension>
            <gpxtpx:hr>190</gpxtpx:hr>
            <gpxtpx:cad>89</gpxtpx:cad>
          </gpxtpx:TrackPointExtension>
        </extensions>
      </trkpt>
      <trkpt lat="32.0139065199" lon="120.896020643">
        <ele>7.2</ele>
        <time>2026-08-07T15:30:58+0800</time>
        <extensions>
          <gpxtpx:TrackPointExtension>
            <gpxtpx:hr>190</gpxtpx:hr>
            <gpxtpx:cad>89</gpxtpx:cad>
          </gpxtpx:TrackPointExtension>
        </extensions>
      </trkpt>
      <trkpt lat="32.013900904" lon="120.895974878">
        <ele>7.2</ele>
        <time>2026-08-07T15:30:59+0800</time>
        <extensions>
          <gpxtpx:TrackPointExtension>
            <gpxtpx:hr>191</gpxtpx:hr>
            <gpxtpx:cad>89</gpxtpx:cad>
          </gpxtpx:TrackPointExtension>
        </extensions>
      </trkpt>
      <trkpt lat="32.0138857327" lon="120.895938752">
        <ele>7.4</ele>
        <time>2026-08-07T15:31:00+0800</time>
        <extensions>
          <gpxtpx:TrackPointExtension>
            <gpxtpx:hr>191</gpxtpx:hr>
            <gpxtpx:cad>89</gpxtpx:cad>
          </gpxtpx:TrackPointExtension>
        </extensions>
      </trkpt>
      <trkpt lat="32.013880033" lon="120.895894328">
        <ele>7.4</ele>
        <time>2026-08-07T15:31:01+0800</time>
        <extensions>
          <gpxtpx:TrackPointExtension>
            <gpxtpx:hr>191</gpxtpx:hr>
            <gpxtpx:cad>89</gpxtpx:cad>
          </gpxtpx:TrackPointExtension>
        </extensions>
      </trkpt>
      <trkpt lat="32.0138621796" lon="120.895858286">
        <ele>7.4</ele>
        <time>2026-08-07T15:31:02+0800</time>
        <extensions>
          <gpxtpx:TrackPointExtension>
            <gpxtpx:hr>189</gpxtpx:hr>
            <gpxtpx:cad>89</gpxtpx:cad>
          </gpxtpx:TrackPointExtension>
        </extensions>
      </trkpt>
      <trkpt lat="32.0138552226" lon="120.8958147">
        <ele>7.4</ele>
        <time>2026-08-07T15:31:03+0800</time>
        <extensions>
          <gpxtpx:TrackPointExtension>
            <gpxtpx:hr>189</gpxtpx:hr>
            <gpxtpx:cad>89</gpxtpx:cad>
          </gpxtpx:TrackPointExtension>
        </extensions>
      </trkpt>
      <trkpt lat="32.0138408896" lon="120.89577564">
        <ele>7.6</ele>
        <time>2026-08-07T15:31:04+0800</time>
        <extensions>
          <gpxtpx:TrackPointExtension>
            <gpxtpx:hr>191</gpxtpx:hr>
            <gpxtpx:cad>89</gpxtpx:cad>
          </gpxtpx:TrackPointExtension>
        </extensions>
      </trkpt>
      <trkpt lat="32.0138361957" lon="120.89573239">
        <ele>7.6</ele>
        <time>2026-08-07T15:31:05+0800</time>
        <extensions>
          <gpxtpx:TrackPointExtension>
            <gpxtpx:hr>191</gpxtpx:hr>
            <gpxtpx:cad>90</gpxtpx:cad>
          </gpxtpx:TrackPointExtension>
        </extensions>
      </trkpt>
      <trkpt lat="32.0138185937" lon="120.895697353">
        <ele>7.6</ele>
        <time>2026-08-07T15:31:06+0800</time>
        <extensions>
          <gpxtpx:TrackPointExtension>
            <gpxtpx:hr>191</gpxtpx:hr>
            <gpxtpx:cad>90</gpxtpx:cad>
          </gpxtpx:TrackPointExtension>
        </extensions>
      </trkpt>
      <trkpt lat="32.0138026681" lon="120.895663742">
        <ele>7.8</ele>
        <time>2026-08-07T15:31:07+0800</time>
        <extensions>
          <gpxtpx:TrackPointExtension>
            <gpxtpx:hr>190</gpxtpx:hr>
            <gpxtpx:cad>90</gpxtpx:cad>
          </gpxtpx:TrackPointExtension>
        </extensions>
      </trkpt>
      <trkpt lat="32.0137869939" lon="120.895631807">
        <ele>7.8</ele>
        <time>2026-08-07T15:31:08+0800</time>
        <extensions>
          <gpxtpx:TrackPointExtension>
            <gpxtpx:hr>190</gpxtpx:hr>
            <gpxtpx:cad>90</gpxtpx:cad>
          </gpxtpx:TrackPointExtension>
        </extensions>
      </trkpt>
      <trkpt lat="32.0137797855" lon="120.895592496">
        <ele>8.0</ele>
        <time>2026-08-07T15:31:09+0800</time>
        <extensions>
          <gpxtpx:TrackPointExtension>
            <gpxtpx:hr>191</gpxtpx:hr>
            <gpxtpx:cad>90</gpxtpx:cad>
          </gpxtpx:TrackPointExtension>
        </extensions>
      </trkpt>
      <trkpt lat="32.0137646142" lon="120.89555989">
        <ele>8.0</ele>
        <time>2026-08-07T15:31:10+0800</time>
        <extensions>
          <gpxtpx:TrackPointExtension>
            <gpxtpx:hr>191</gpxtpx:hr>
            <gpxtpx:cad>89</gpxtpx:cad>
          </gpxtpx:TrackPointExtension>
        </extensions>
      </trkpt>
      <trkpt lat="32.0137574896" lon="120.895516472">
        <ele>8.0</ele>
        <time>2026-08-07T15:31:11+0800</time>
        <extensions>
          <gpxtpx:TrackPointExtension>
            <gpxtpx:hr>192</gpxtpx:hr>
            <gpxtpx:cad>89</gpxtpx:cad>
          </gpxtpx:TrackPointExtension>
        </extensions>
      </trkpt>
      <trkpt lat="32.0137484372" lon="120.895477328">
        <ele>7.8</ele>
        <time>2026-08-07T15:31:12+0800</time>
        <extensions>
          <gpxtpx:TrackPointExtension>
            <gpxtpx:hr>191</gpxtpx:hr>
            <gpxtpx:cad>89</gpxtpx:cad>
          </gpxtpx:TrackPointExtension>
        </extensions>
      </trkpt>
      <trkpt lat="32.0137390494" lon="120.895429635">
        <ele>8.0</ele>
        <time>2026-08-07T15:31:13+0800</time>
        <extensions>
          <gpxtpx:TrackPointExtension>
            <gpxtpx:hr>191</gpxtpx:hr>
            <gpxtpx:cad>89</gpxtpx:cad>
          </gpxtpx:TrackPointExtension>
        </extensions>
      </trkpt>
      <trkpt lat="32.0137215313" lon="120.895393761">
        <ele>7.8</ele>
        <time>2026-08-07T15:31:14+0800</time>
        <extensions>
          <gpxtpx:TrackPointExtension>
            <gpxtpx:hr>191</gpxtpx:hr>
            <gpxtpx:cad>89</gpxtpx:cad>
          </gpxtpx:TrackPointExtension>
        </extensions>
      </trkpt>
      <trkpt lat="32.0137103833" lon="120.895349756">
        <ele>7.8</ele>
        <time>2026-08-07T15:31:15+0800</time>
        <extensions>
          <gpxtpx:TrackPointExtension>
            <gpxtpx:hr>191</gpxtpx:hr>
            <gpxtpx:cad>89</gpxtpx:cad>
          </gpxtpx:TrackPointExtension>
        </extensions>
      </trkpt>
      <trkpt lat="32.0136940386" lon="120.895312373">
        <ele>7.8</ele>
        <time>2026-08-07T15:31:16+0800</time>
        <extensions>
          <gpxtpx:TrackPointExtension>
            <gpxtpx:hr>191</gpxtpx:hr>
            <gpxtpx:cad>89</gpxtpx:cad>
          </gpxtpx:TrackPointExtension>
        </extensions>
      </trkpt>
      <trkpt lat="32.0136838965" lon="120.895265937">
        <ele>7.8</ele>
        <time>2026-08-07T15:31:17+0800</time>
        <extensions>
          <gpxtpx:TrackPointExtension>
            <gpxtpx:hr>191</gpxtpx:hr>
            <gpxtpx:cad>90</gpxtpx:cad>
          </gpxtpx:TrackPointExtension>
        </extensions>
      </trkpt>
      <trkpt lat="32.0136714913" lon="120.895229727">
        <ele>7.8</ele>
        <time>2026-08-07T15:31:18+0800</time>
        <extensions>
          <gpxtpx:TrackPointExtension>
            <gpxtpx:hr>191</gpxtpx:hr>
            <gpxtpx:cad>90</gpxtpx:cad>
          </gpxtpx:TrackPointExtension>
        </extensions>
      </trkpt>
      <trkpt lat="32.0136584155" lon="120.895180944">
        <ele>8.0</ele>
        <time>2026-08-07T15:31:19+0800</time>
        <extensions>
          <gpxtpx:TrackPointExtension>
            <gpxtpx:hr>191</gpxtpx:hr>
            <gpxtpx:cad>90</gpxtpx:cad>
          </gpxtpx:TrackPointExtension>
        </extensions>
      </trkpt>
      <trkpt lat="32.0136433281" lon="120.895145237">
        <ele>7.8</ele>
        <time>2026-08-07T15:31:20+0800</time>
        <extensions>
          <gpxtpx:TrackPointExtension>
            <gpxtpx:hr>191</gpxtpx:hr>
            <gpxtpx:cad>89</gpxtpx:cad>
          </gpxtpx:TrackPointExtension>
        </extensions>
      </trkpt>
      <trkpt lat="32.0136320964" lon="120.895096706">
        <ele>7.8</ele>
        <time>2026-08-07T15:31:21+0800</time>
        <extensions>
          <gpxtpx:TrackPointExtension>
            <gpxtpx:hr>191</gpxtpx:hr>
            <gpxtpx:cad>89</gpxtpx:cad>
          </gpxtpx:TrackPointExtension>
        </extensions>
      </trkpt>
      <trkpt lat="32.0136153325" lon="120.895062005">
        <ele>7.8</ele>
        <time>2026-08-07T15:31:22+0800</time>
        <extensions>
          <gpxtpx:TrackPointExtension>
            <gpxtpx:hr>191</gpxtpx:hr>
            <gpxtpx:cad>89</gpxtpx:cad>
          </gpxtpx:TrackPointExtension>
        </extensions>
      </trkpt>
      <trkpt lat="32.0136030111" lon="120.895011127">
        <ele>7.8</ele>
        <time>2026-08-07T15:31:23+0800</time>
        <extensions>
          <gpxtpx:TrackPointExtension>
            <gpxtpx:hr>191</gpxtpx:hr>
            <gpxtpx:cad>89</gpxtpx:cad>
          </gpxtpx:TrackPointExtension>
        </extensions>
      </trkpt>
      <trkpt lat="32.0135877561" lon="120.894974414">
        <ele>7.8</ele>
        <time>2026-08-07T15:31:24+0800</time>
        <extensions>
          <gpxtpx:TrackPointExtension>
            <gpxtpx:hr>190</gpxtpx:hr>
            <gpxtpx:cad>89</gpxtpx:cad>
          </gpxtpx:TrackPointExtension>
        </extensions>
      </trkpt>
      <trkpt lat="32.0135756023" lon="120.894925967">
        <ele>7.8</ele>
        <time>2026-08-07T15:31:25+0800</time>
        <extensions>
          <gpxtpx:TrackPointExtension>
            <gpxtpx:hr>191</gpxtpx:hr>
            <gpxtpx:cad>90</gpxtpx:cad>
          </gpxtpx:TrackPointExtension>
        </extensions>
      </trkpt>
      <trkpt lat="32.0135595091" lon="120.894890847">
        <ele>7.8</ele>
        <time>2026-08-07T15:31:26+0800</time>
        <extensions>
          <gpxtpx:TrackPointExtension>
            <gpxtpx:hr>191</gpxtpx:hr>
            <gpxtpx:cad>90</gpxtpx:cad>
          </gpxtpx:TrackPointExtension>
        </extensions>
      </trkpt>
      <trkpt lat="32.0135472715" lon="120.894841813">
        <ele>7.8</ele>
        <time>2026-08-07T15:31:27+0800</time>
        <extensions>
          <gpxtpx:TrackPointExtension>
            <gpxtpx:hr>191</gpxtpx:hr>
            <gpxtpx:cad>90</gpxtpx:cad>
          </gpxtpx:TrackPointExtension>
        </extensions>
      </trkpt>
      <trkpt lat="32.0135338604" lon="120.894814907">
        <ele>7.8</ele>
        <time>2026-08-07T15:31:28+0800</time>
        <extensions>
          <gpxtpx:TrackPointExtension>
            <gpxtpx:hr>191</gpxtpx:hr>
            <gpxtpx:cad>89</gpxtpx:cad>
          </gpxtpx:TrackPointExtension>
        </extensions>
      </trkpt>
      <trkpt lat="32.013524808" lon="120.89477241">
        <ele>7.6</ele>
        <time>2026-08-07T15:31:29+0800</time>
        <extensions>
          <gpxtpx:TrackPointExtension>
            <gpxtpx:hr>191</gpxtpx:hr>
            <gpxtpx:cad>88</gpxtpx:cad>
          </gpxtpx:TrackPointExtension>
        </extensions>
      </trkpt>
      <trkpt lat="32.0135151688" lon="120.894737542">
        <ele>7.8</ele>
        <time>2026-08-07T15:31:30+0800</time>
        <extensions>
          <gpxtpx:TrackPointExtension>
            <gpxtpx:hr>191</gpxtpx:hr>
            <gpxtpx:cad>88</gpxtpx:cad>
          </gpxtpx:TrackPointExtension>
        </extensions>
      </trkpt>
      <trkpt lat="32.0135052782" lon="120.894701332">
        <ele>7.8</ele>
        <time>2026-08-07T15:31:31+0800</time>
        <extensions>
          <gpxtpx:TrackPointExtension>
            <gpxtpx:hr>191</gpxtpx:hr>
            <gpxtpx:cad>88</gpxtpx:cad>
          </gpxtpx:TrackPointExtension>
        </extensions>
      </trkpt>
      <trkpt lat="32.0134982374" lon="120.894666631">
        <ele>7.8</ele>
        <time>2026-08-07T15:31:32+0800</time>
        <extensions>
          <gpxtpx:TrackPointExtension>
            <gpxtpx:hr>191</gpxtpx:hr>
            <gpxtpx:cad>88</gpxtpx:cad>
          </gpxtpx:TrackPointExtension>
        </extensions>
      </trkpt>
      <trkpt lat="32.0134915318" lon="120.894626314">
        <ele>7.8</ele>
        <time>2026-08-07T15:31:33+0800</time>
        <extensions>
          <gpxtpx:TrackPointExtension>
            <gpxtpx:hr>191</gpxtpx:hr>
            <gpxtpx:cad>88</gpxtpx:cad>
          </gpxtpx:TrackPointExtension>
        </extensions>
      </trkpt>
      <trkpt lat="32.0134887658" lon="120.894585745">
        <ele>7.8</ele>
        <time>2026-08-07T15:31:34+0800</time>
        <extensions>
          <gpxtpx:TrackPointExtension>
            <gpxtpx:hr>190</gpxtpx:hr>
            <gpxtpx:cad>88</gpxtpx:cad>
          </gpxtpx:TrackPointExtension>
        </extensions>
      </trkpt>
      <trkpt lat="32.0134741813" lon="120.894543417">
        <ele>7.6</ele>
        <time>2026-08-07T15:31:35+0800</time>
        <extensions>
          <gpxtpx:TrackPointExtension>
            <gpxtpx:hr>191</gpxtpx:hr>
            <gpxtpx:cad>88</gpxtpx:cad>
          </gpxtpx:TrackPointExtension>
        </extensions>
      </trkpt>
      <trkpt lat="32.013468314" lon="120.894503938">
        <ele>7.6</ele>
        <time>2026-08-07T15:31:36+0800</time>
        <extensions>
          <gpxtpx:TrackPointExtension>
            <gpxtpx:hr>191</gpxtpx:hr>
            <gpxtpx:cad>88</gpxtpx:cad>
          </gpxtpx:TrackPointExtension>
        </extensions>
      </trkpt>
      <trkpt lat="32.0134564955" lon="120.894466555">
        <ele>7.6</ele>
        <time>2026-08-07T15:31:37+0800</time>
        <extensions>
          <gpxtpx:TrackPointExtension>
            <gpxtpx:hr>189</gpxtpx:hr>
            <gpxtpx:cad>88</gpxtpx:cad>
          </gpxtpx:TrackPointExtension>
        </extensions>
      </trkpt>
      <trkpt lat="32.0134475268" lon="120.894426992">
        <ele>7.6</ele>
        <time>2026-08-07T15:31:38+0800</time>
        <extensions>
          <gpxtpx:TrackPointExtension>
            <gpxtpx:hr>189</gpxtpx:hr>
            <gpxtpx:cad>89</gpxtpx:cad>
          </gpxtpx:TrackPointExtension>
        </extensions>
      </trkpt>
      <trkpt lat="32.0134341996" lon="120.894396314">
        <ele>7.6</ele>
        <time>2026-08-07T15:31:39+0800</time>
        <extensions>
          <gpxtpx:TrackPointExtension>
            <gpxtpx:hr>190</gpxtpx:hr>
            <gpxtpx:cad>88</gpxtpx:cad>
          </gpxtpx:TrackPointExtension>
        </extensions>
      </trkpt>
      <trkpt lat="32.0134265721" lon="120.894351471">
        <ele>7.6</ele>
        <time>2026-08-07T15:31:40+0800</time>
        <extensions>
          <gpxtpx:TrackPointExtension>
            <gpxtpx:hr>190</gpxtpx:hr>
            <gpxtpx:cad>88</gpxtpx:cad>
          </gpxtpx:TrackPointExtension>
        </extensions>
      </trkpt>
      <trkpt lat="32.0134139154" lon="120.89432314">
        <ele>7.6</ele>
        <time>2026-08-07T15:31:41+0800</time>
        <extensions>
          <gpxtpx:TrackPointExtension>
            <gpxtpx:hr>190</gpxtpx:hr>
            <gpxtpx:cad>88</gpxtpx:cad>
          </gpxtpx:TrackPointExtension>
        </extensions>
      </trkpt>
      <trkpt lat="32.0134053659" lon="120.894276537">
        <ele>7.4</ele>
        <time>2026-08-07T15:31:42+0800</time>
        <extensions>
          <gpxtpx:TrackPointExtension>
            <gpxtpx:hr>190</gpxtpx:hr>
            <gpxtpx:cad>88</gpxtpx:cad>
          </gpxtpx:TrackPointExtension>
        </extensions>
      </trkpt>
      <trkpt lat="32.0133912843" lon="120.894239824">
        <ele>7.4</ele>
        <time>2026-08-07T15:31:43+0800</time>
        <extensions>
          <gpxtpx:TrackPointExtension>
            <gpxtpx:hr>189</gpxtpx:hr>
            <gpxtpx:cad>88</gpxtpx:cad>
          </gpxtpx:TrackPointExtension>
        </extensions>
      </trkpt>
      <trkpt lat="32.0133808907" lon="120.894192215">
        <ele>7.4</ele>
        <time>2026-08-07T15:31:44+0800</time>
        <extensions>
          <gpxtpx:TrackPointExtension>
            <gpxtpx:hr>190</gpxtpx:hr>
            <gpxtpx:cad>88</gpxtpx:cad>
          </gpxtpx:TrackPointExtension>
        </extensions>
      </trkpt>
      <trkpt lat="32.0133660547" lon="120.89416137">
        <ele>7.4</ele>
        <time>2026-08-07T15:31:45+0800</time>
        <extensions>
          <gpxtpx:TrackPointExtension>
            <gpxtpx:hr>190</gpxtpx:hr>
            <gpxtpx:cad>89</gpxtpx:cad>
          </gpxtpx:TrackPointExtension>
        </extensions>
      </trkpt>
      <trkpt lat="32.0133567508" lon="120.894113593">
        <ele>7.4</ele>
        <time>2026-08-07T15:31:46+0800</time>
        <extensions>
          <gpxtpx:TrackPointExtension>
            <gpxtpx:hr>190</gpxtpx:hr>
            <gpxtpx:cad>89</gpxtpx:cad>
          </gpxtpx:TrackPointExtension>
        </extensions>
      </trkpt>
      <trkpt lat="32.0133406576" lon="120.89408149">
        <ele>7.2</ele>
        <time>2026-08-07T15:31:47+0800</time>
        <extensions>
          <gpxtpx:TrackPointExtension>
            <gpxtpx:hr>190</gpxtpx:hr>
            <gpxtpx:cad>89</gpxtpx:cad>
          </gpxtpx:TrackPointExtension>
        </extensions>
      </trkpt>
      <trkpt lat="32.0133305155" lon="120.894031618">
        <ele>7.2</ele>
        <time>2026-08-07T15:31:48+0800</time>
        <extensions>
          <gpxtpx:TrackPointExtension>
            <gpxtpx:hr>189</gpxtpx:hr>
            <gpxtpx:cad>89</gpxtpx:cad>
          </gpxtpx:TrackPointExtension>
        </extensions>
      </trkpt>
      <trkpt lat="32.0133180264" lon="120.893998258">
        <ele>7.2</ele>
        <time>2026-08-07T15:31:49+0800</time>
        <extensions>
          <gpxtpx:TrackPointExtension>
            <gpxtpx:hr>189</gpxtpx:hr>
            <gpxtpx:cad>89</gpxtpx:cad>
          </gpxtpx:TrackPointExtension>
        </extensions>
      </trkpt>
      <trkpt lat="32.0133101474" lon="120.893951403">
        <ele>7.2</ele>
        <time>2026-08-07T15:31:50+0800</time>
        <extensions>
          <gpxtpx:TrackPointExtension>
            <gpxtpx:hr>190</gpxtpx:hr>
            <gpxtpx:cad>88</gpxtpx:cad>
          </gpxtpx:TrackPointExtension>
        </extensions>
      </trkpt>
      <trkpt lat="32.0133085549" lon="120.89392039">
        <ele>7.2</ele>
        <time>2026-08-07T15:31:51+0800</time>
        <extensions>
          <gpxtpx:TrackPointExtension>
            <gpxtpx:hr>190</gpxtpx:hr>
            <gpxtpx:cad>88</gpxtpx:cad>
          </gpxtpx:TrackPointExtension>
        </extensions>
      </trkpt>
      <trkpt lat="32.0133195352" lon="120.893878983">
        <ele>7.4</ele>
        <time>2026-08-07T15:31:52+0800</time>
        <extensions>
          <gpxtpx:TrackPointExtension>
            <gpxtpx:hr>191</gpxtpx:hr>
            <gpxtpx:cad>88</gpxtpx:cad>
          </gpxtpx:TrackPointExtension>
        </extensions>
      </trkpt>
      <trkpt lat="32.0133357961" lon="120.893842019">
        <ele>7.4</ele>
        <time>2026-08-07T15:31:53+0800</time>
        <extensions>
          <gpxtpx:TrackPointExtension>
            <gpxtpx:hr>190</gpxtpx:hr>
            <gpxtpx:cad>88</gpxtpx:cad>
          </gpxtpx:TrackPointExtension>
        </extensions>
      </trkpt>
      <trkpt lat="32.013354823" lon="120.893808575">
        <ele>7.4</ele>
        <time>2026-08-07T15:31:54+0800</time>
        <extensions>
          <gpxtpx:TrackPointExtension>
            <gpxtpx:hr>190</gpxtpx:hr>
            <gpxtpx:cad>88</gpxtpx:cad>
          </gpxtpx:TrackPointExtension>
        </extensions>
      </trkpt>
      <trkpt lat="32.0133844111" lon="120.893788543">
        <ele>7.2</ele>
        <time>2026-08-07T15:31:55+0800</time>
        <extensions>
          <gpxtpx:TrackPointExtension>
            <gpxtpx:hr>190</gpxtpx:hr>
            <gpxtpx:cad>87</gpxtpx:cad>
          </gpxtpx:TrackPointExtension>
        </extensions>
      </trkpt>
      <trkpt lat="32.0134176873" lon="120.893771611">
        <ele>7.2</ele>
        <time>2026-08-07T15:31:56+0800</time>
        <extensions>
          <gpxtpx:TrackPointExtension>
            <gpxtpx:hr>191</gpxtpx:hr>
            <gpxtpx:cad>87</gpxtpx:cad>
          </gpxtpx:TrackPointExtension>
        </extensions>
      </trkpt>
      <trkpt lat="32.0134542324" lon="120.89376457">
        <ele>7.2</ele>
        <time>2026-08-07T15:31:57+0800</time>
        <extensions>
          <gpxtpx:TrackPointExtension>
            <gpxtpx:hr>191</gpxtpx:hr>
            <gpxtpx:cad>87</gpxtpx:cad>
          </gpxtpx:TrackPointExtension>
        </extensions>
      </trkpt>
      <trkpt lat="32.0134831499" lon="120.893758871">
        <ele>7.2</ele>
        <time>2026-08-07T15:31:58+0800</time>
        <extensions>
          <gpxtpx:TrackPointExtension>
            <gpxtpx:hr>189</gpxtpx:hr>
            <gpxtpx:cad>87</gpxtpx:cad>
          </gpxtpx:TrackPointExtension>
        </extensions>
      </trkpt>
      <trkpt lat="32.0135243051" lon="120.893758871">
        <ele>7.2</ele>
        <time>2026-08-07T15:31:59+0800</time>
        <extensions>
          <gpxtpx:TrackPointExtension>
            <gpxtpx:hr>189</gpxtpx:hr>
            <gpxtpx:cad>87</gpxtpx:cad>
          </gpxtpx:TrackPointExtension>
        </extensions>
      </trkpt>
      <trkpt lat="32.0135512948" lon="120.89375644">
        <ele>7.2</ele>
        <time>2026-08-07T15:32:00+0800</time>
        <extensions>
          <gpxtpx:TrackPointExtension>
            <gpxtpx:hr>190</gpxtpx:hr>
            <gpxtpx:cad>87</gpxtpx:cad>
          </gpxtpx:TrackPointExtension>
        </extensions>
      </trkpt>
      <trkpt lat="32.0135930367" lon="120.893761888">
        <ele>7.2</ele>
        <time>2026-08-07T15:32:01+0800</time>
        <extensions>
          <gpxtpx:TrackPointExtension>
            <gpxtpx:hr>190</gpxtpx:hr>
            <gpxtpx:cad>87</gpxtpx:cad>
          </gpxtpx:TrackPointExtension>
        </extensions>
      </trkpt>
      <trkpt lat="32.0136211999" lon="120.893756859">
        <ele>7.2</ele>
        <time>2026-08-07T15:32:02+0800</time>
        <extensions>
          <gpxtpx:TrackPointExtension>
            <gpxtpx:hr>188</gpxtpx:hr>
            <gpxtpx:cad>88</gpxtpx:cad>
          </gpxtpx:TrackPointExtension>
        </extensions>
      </trkpt>
      <trkpt lat="32.0136619359" lon="120.893758703">
        <ele>7.2</ele>
        <time>2026-08-07T15:32:03+0800</time>
        <extensions>
          <gpxtpx:TrackPointExtension>
            <gpxtpx:hr>189</gpxtpx:hr>
            <gpxtpx:cad>88</gpxtpx:cad>
          </gpxtpx:TrackPointExtension>
        </extensions>
      </trkpt>
      <trkpt lat="32.0136909373" lon="120.893755183">
        <ele>7.2</ele>
        <time>2026-08-07T15:32:04+0800</time>
        <extensions>
          <gpxtpx:TrackPointExtension>
            <gpxtpx:hr>189</gpxtpx:hr>
            <gpxtpx:cad>89</gpxtpx:cad>
          </gpxtpx:TrackPointExtension>
        </extensions>
      </trkpt>
      <trkpt lat="32.0137353614" lon="120.893756608">
        <ele>7.2</ele>
        <time>2026-08-07T15:32:05+0800</time>
        <extensions>
          <gpxtpx:TrackPointExtension>
            <gpxtpx:hr>190</gpxtpx:hr>
            <gpxtpx:cad>90</gpxtpx:cad>
          </gpxtpx:TrackPointExtension>
        </extensions>
      </trkpt>
      <trkpt lat="32.0137701463" lon="120.893754261">
        <ele>7.2</ele>
        <time>2026-08-07T15:32:06+0800</time>
        <extensions>
          <gpxtpx:TrackPointExtension>
            <gpxtpx:hr>188</gpxtpx:hr>
            <gpxtpx:cad>90</gpxtpx:cad>
          </gpxtpx:TrackPointExtension>
        </extensions>
      </trkpt>
      <trkpt lat="32.013818007" lon="120.893758619">
        <ele>7.2</ele>
        <time>2026-08-07T15:32:07+0800</time>
        <extensions>
          <gpxtpx:TrackPointExtension>
            <gpxtpx:hr>188</gpxtpx:hr>
            <gpxtpx:cad>90</gpxtpx:cad>
          </gpxtpx:TrackPointExtension>
        </extensions>
      </trkpt>
      <trkpt lat="32.0138491876" lon="120.89375711">
        <ele>7.2</ele>
        <time>2026-08-07T15:32:08+0800</time>
        <extensions>
          <gpxtpx:TrackPointExtension>
            <gpxtpx:hr>189</gpxtpx:hr>
            <gpxtpx:cad>90</gpxtpx:cad>
          </gpxtpx:TrackPointExtension>
        </extensions>
      </trkpt>
      <trkpt lat="32.0138962939" lon="120.893760379">
        <ele>7.2</ele>
        <time>2026-08-07T15:32:09+0800</time>
        <extensions>
          <gpxtpx:TrackPointExtension>
            <gpxtpx:hr>188</gpxtpx:hr>
            <gpxtpx:cad>90</gpxtpx:cad>
          </gpxtpx:TrackPointExtension>
        </extensions>
      </trkpt>
      <trkpt lat="32.0139260497" lon="120.893753674">
        <ele>7.2</ele>
        <time>2026-08-07T15:32:10+0800</time>
        <extensions>
          <gpxtpx:TrackPointExtension>
            <gpxtpx:hr>189</gpxtpx:hr>
            <gpxtpx:cad>90</gpxtpx:cad>
          </gpxtpx:TrackPointExtension>
        </extensions>
      </trkpt>
      <trkpt lat="32.0139704738" lon="120.893754596">
        <ele>7.2</ele>
        <time>2026-08-07T15:32:11+0800</time>
        <extensions>
          <gpxtpx:TrackPointExtension>
            <gpxtpx:hr>189</gpxtpx:hr>
            <gpxtpx:cad>90</gpxtpx:cad>
          </gpxtpx:TrackPointExtension>
        </extensions>
      </trkpt>
      <trkpt lat="32.0140016545" lon="120.893755686">
        <ele>7.2</ele>
        <time>2026-08-07T15:32:12+0800</time>
        <extensions>
          <gpxtpx:TrackPointExtension>
            <gpxtpx:hr>190</gpxtpx:hr>
            <gpxtpx:cad>90</gpxtpx:cad>
          </gpxtpx:TrackPointExtension>
        </extensions>
      </trkpt>
      <trkpt lat="32.0140441507" lon="120.893760044">
        <ele>7.2</ele>
        <time>2026-08-07T15:32:13+0800</time>
        <extensions>
          <gpxtpx:TrackPointExtension>
            <gpxtpx:hr>190</gpxtpx:hr>
            <gpxtpx:cad>89</gpxtpx:cad>
          </gpxtpx:TrackPointExtension>
        </extensions>
      </trkpt>
      <trkpt lat="32.0140780136" lon="120.893759541">
        <ele>7.2</ele>
        <time>2026-08-07T15:32:14+0800</time>
        <extensions>
          <gpxtpx:TrackPointExtension>
            <gpxtpx:hr>189</gpxtpx:hr>
            <gpxtpx:cad>89</gpxtpx:cad>
          </gpxtpx:TrackPointExtension>
        </extensions>
      </trkpt>
      <trkpt lat="32.0141230244" lon="120.893760296">
        <ele>7.2</ele>
        <time>2026-08-07T15:32:15+0800</time>
        <extensions>
          <gpxtpx:TrackPointExtension>
            <gpxtpx:hr>189</gpxtpx:hr>
            <gpxtpx:cad>89</gpxtpx:cad>
          </gpxtpx:TrackPointExtension>
        </extensions>
      </trkpt>
      <trkpt lat="32.0141518582" lon="120.89375183">
        <ele>7.2</ele>
        <time>2026-08-07T15:32:16+0800</time>
        <extensions>
          <gpxtpx:TrackPointExtension>
            <gpxtpx:hr>189</gpxtpx:hr>
            <gpxtpx:cad>89</gpxtpx:cad>
          </gpxtpx:TrackPointExtension>
        </extensions>
      </trkpt>
      <trkpt lat="32.0141893253" lon="120.89374789">
        <ele>7.2</ele>
        <time>2026-08-07T15:32:17+0800</time>
        <extensions>
          <gpxtpx:TrackPointExtension>
            <gpxtpx:hr>189</gpxtpx:hr>
            <gpxtpx:cad>89</gpxtpx:cad>
          </gpxtpx:TrackPointExtension>
        </extensions>
      </trkpt>
      <trkpt lat="32.0142189972" lon="120.89374437">
        <ele>7.2</ele>
        <time>2026-08-07T15:32:18+0800</time>
        <extensions>
          <gpxtpx:TrackPointExtension>
            <gpxtpx:hr>189</gpxtpx:hr>
            <gpxtpx:cad>89</gpxtpx:cad>
          </gpxtpx:TrackPointExtension>
        </extensions>
      </trkpt>
      <trkpt lat="32.0142604038" lon="120.893741855">
        <ele>7.2</ele>
        <time>2026-08-07T15:32:19+0800</time>
        <extensions>
          <gpxtpx:TrackPointExtension>
            <gpxtpx:hr>189</gpxtpx:hr>
            <gpxtpx:cad>89</gpxtpx:cad>
          </gpxtpx:TrackPointExtension>
        </extensions>
      </trkpt>
      <trkpt lat="32.014291333" lon="120.893740263">
        <ele>7.2</ele>
        <time>2026-08-07T15:32:20+0800</time>
        <extensions>
          <gpxtpx:TrackPointExtension>
            <gpxtpx:hr>189</gpxtpx:hr>
            <gpxtpx:cad>90</gpxtpx:cad>
          </gpxtpx:TrackPointExtension>
        </extensions>
      </trkpt>
      <trkpt lat="32.0143342484" lon="120.893739592">
        <ele>7.2</ele>
        <time>2026-08-07T15:32:21+0800</time>
        <extensions>
          <gpxtpx:TrackPointExtension>
            <gpxtpx:hr>188</gpxtpx:hr>
            <gpxtpx:cad>90</gpxtpx:cad>
          </gpxtpx:TrackPointExtension>
        </extensions>
      </trkpt>
      <trkpt lat="32.0143694524" lon="120.893742442">
        <ele>7.2</ele>
        <time>2026-08-07T15:32:22+0800</time>
        <extensions>
          <gpxtpx:TrackPointExtension>
            <gpxtpx:hr>187</gpxtpx:hr>
            <gpxtpx:cad>89</gpxtpx:cad>
          </gpxtpx:TrackPointExtension>
        </extensions>
      </trkpt>
      <trkpt lat="32.0144078415" lon="120.893737329">
        <ele>7.2</ele>
        <time>2026-08-07T15:32:23+0800</time>
        <extensions>
          <gpxtpx:TrackPointExtension>
            <gpxtpx:hr>186</gpxtpx:hr>
            <gpxtpx:cad>89</gpxtpx:cad>
          </gpxtpx:TrackPointExtension>
        </extensions>
      </trkpt>
      <trkpt lat="32.0144419558" lon="120.893742274">
        <ele>7.2</ele>
        <time>2026-08-07T15:32:24+0800</time>
        <extensions>
          <gpxtpx:TrackPointExtension>
            <gpxtpx:hr>187</gpxtpx:hr>
            <gpxtpx:cad>87</gpxtpx:cad>
          </gpxtpx:TrackPointExtension>
        </extensions>
      </trkpt>
      <trkpt lat="32.0144635811" lon="120.89374261">
        <ele>7.4</ele>
        <time>2026-08-07T15:32:25+0800</time>
        <extensions>
          <gpxtpx:TrackPointExtension>
            <gpxtpx:hr>186</gpxtpx:hr>
            <gpxtpx:cad>87</gpxtpx:cad>
          </gpxtpx:TrackPointExtension>
        </extensions>
      </trkpt>
      <trkpt lat="32.0144796744" lon="120.893744119">
        <ele>7.4</ele>
        <time>2026-08-07T15:32:26+0800</time>
        <extensions>
          <gpxtpx:TrackPointExtension>
            <gpxtpx:hr>187</gpxtpx:hr>
            <gpxtpx:cad>82</gpxtpx:cad>
          </gpxtpx:TrackPointExtension>
        </extensions>
      </trkpt>
      <trkpt lat="32.0144918282" lon="120.89374261">
        <ele>7.4</ele>
        <time>2026-08-07T15:32:27+0800</time>
        <extensions>
          <gpxtpx:TrackPointExtension>
            <gpxtpx:hr>188</gpxtpx:hr>
            <gpxtpx:cad>82</gpxtpx:cad>
          </gpxtpx:TrackPointExtension>
        </extensions>
      </trkpt>
      <trkpt lat="32.0145047363" lon="120.893747555">
        <ele>7.6</ele>
        <time>2026-08-07T15:32:28+0800</time>
        <extensions>
          <gpxtpx:TrackPointExtension>
            <gpxtpx:hr>188</gpxtpx:hr>
            <gpxtpx:cad>78</gpxtpx:cad>
          </gpxtpx:TrackPointExtension>
        </extensions>
      </trkpt>
      <trkpt lat="32.0145172253" lon="120.893749567">
        <ele>7.6</ele>
        <time>2026-08-07T15:32:29+0800</time>
        <extensions>
          <gpxtpx:TrackPointExtension>
            <gpxtpx:hr>188</gpxtpx:hr>
            <gpxtpx:cad>74</gpxtpx:cad>
          </gpxtpx:TrackPointExtension>
        </extensions>
      </trkpt>
      <trkpt lat="32.0145250205" lon="120.893750824">
        <ele>7.4</ele>
        <time>2026-08-07T15:32:30+0800</time>
        <extensions>
          <gpxtpx:TrackPointExtension>
            <gpxtpx:hr>188</gpxtpx:hr>
            <gpxtpx:cad>71</gpxtpx:cad>
          </gpxtpx:TrackPointExtension>
        </extensions>
      </trkpt>
      <trkpt lat="32.0145365037" lon="120.89375292">
        <ele>7.4</ele>
        <time>2026-08-07T15:32:31+0800</time>
        <extensions>
          <gpxtpx:TrackPointExtension>
            <gpxtpx:hr>189</gpxtpx:hr>
            <gpxtpx:cad>65</gpxtpx:cad>
          </gpxtpx:TrackPointExtension>
        </extensions>
      </trkpt>
      <trkpt lat="32.0145446341" lon="120.893759206">
        <ele>7.4</ele>
        <time>2026-08-07T15:32:32+0800</time>
        <extensions>
          <gpxtpx:TrackPointExtension>
            <gpxtpx:hr>188</gpxtpx:hr>
            <gpxtpx:cad>65</gpxtpx:cad>
          </gpxtpx:TrackPointExtension>
        </extensions>
      </trkpt>
      <trkpt lat="32.014552094" lon="120.893763062">
        <ele>7.4</ele>
        <time>2026-08-07T15:32:33+0800</time>
        <extensions>
          <gpxtpx:TrackPointExtension>
            <gpxtpx:hr>185</gpxtpx:hr>
            <gpxtpx:cad>63</gpxtpx:cad>
          </gpxtpx:TrackPointExtension>
        </extensions>
      </trkpt>
      <trkpt lat="32.0145635772" lon="120.893762559">
        <ele>7.4</ele>
        <time>2026-08-07T15:32:34+0800</time>
        <extensions>
          <gpxtpx:TrackPointExtension>
            <gpxtpx:hr>185</gpxtpx:hr>
            <gpxtpx:cad>59</gpxtpx:cad>
          </gpxtpx:TrackPointExtension>
        </extensions>
      </trkpt>
      <trkpt lat="32.0145772398" lon="120.893757781">
        <ele>7.4</ele>
        <time>2026-08-07T15:32:35+0800</time>
        <extensions>
          <gpxtpx:TrackPointExtension>
            <gpxtpx:hr>184</gpxtpx:hr>
            <gpxtpx:cad>59</gpxtpx:cad>
          </gpxtpx:TrackPointExtension>
        </extensions>
      </trkpt>
      <trkpt lat="32.0145928301" lon="120.893755518">
        <ele>7.4</ele>
        <time>2026-08-07T15:32:36+0800</time>
        <extensions>
          <gpxtpx:TrackPointExtension>
            <gpxtpx:hr>184</gpxtpx:hr>
            <gpxtpx:cad>58</gpxtpx:cad>
          </gpxtpx:TrackPointExtension>
        </extensions>
      </trkpt>
      <trkpt lat="32.0146049839" lon="120.893753842">
        <ele>7.4</ele>
        <time>2026-08-07T15:32:37+0800</time>
        <extensions>
          <gpxtpx:TrackPointExtension>
            <gpxtpx:hr>184</gpxtpx:hr>
            <gpxtpx:cad>57</gpxtpx:cad>
          </gpxtpx:TrackPointExtension>
        </extensions>
      </trkpt>
      <trkpt lat="32.0146168023" lon="120.893752836">
        <ele>7.4</ele>
        <time>2026-08-07T15:32:38+0800</time>
        <extensions>
          <gpxtpx:TrackPointExtension>
            <gpxtpx:hr>183</gpxtpx:hr>
            <gpxtpx:cad>57</gpxtpx:cad>
          </gpxtpx:TrackPointExtension>
        </extensions>
      </trkpt>
      <trkpt lat="32.014625771" lon="120.893751578">
        <ele>7.4</ele>
        <time>2026-08-07T15:32:39+0800</time>
        <extensions>
          <gpxtpx:TrackPointExtension>
            <gpxtpx:hr>182</gpxtpx:hr>
            <gpxtpx:cad>57</gpxtpx:cad>
          </gpxtpx:TrackPointExtension>
        </extensions>
      </trkpt>
      <trkpt lat="32.0146405231" lon="120.893750489">
        <ele>7.6</ele>
        <time>2026-08-07T15:32:40+0800</time>
        <extensions>
          <gpxtpx:TrackPointExtension>
            <gpxtpx:hr>182</gpxtpx:hr>
            <gpxtpx:cad>57</gpxtpx:cad>
          </gpxtpx:TrackPointExtension>
        </extensions>
      </trkpt>
      <trkpt lat="32.0146520063" lon="120.893750237">
        <ele>7.6</ele>
        <time>2026-08-07T15:32:41+0800</time>
        <extensions>
          <gpxtpx:TrackPointExtension>
            <gpxtpx:hr>182</gpxtpx:hr>
            <gpxtpx:cad>57</gpxtpx:cad>
          </gpxtpx:TrackPointExtension>
        </extensions>
      </trkpt>
      <trkpt lat="32.0146618132" lon="120.893748812">
        <ele>7.6</ele>
        <time>2026-08-07T15:32:42+0800</time>
        <extensions>
          <gpxtpx:TrackPointExtension>
            <gpxtpx:hr>181</gpxtpx:hr>
            <gpxtpx:cad>57</gpxtpx:cad>
          </gpxtpx:TrackPointExtension>
        </extensions>
      </trkpt>
      <trkpt lat="32.0146680158" lon="120.893743867">
        <ele>7.6</ele>
        <time>2026-08-07T15:32:43+0800</time>
        <extensions>
          <gpxtpx:TrackPointExtension>
            <gpxtpx:hr>181</gpxtpx:hr>
            <gpxtpx:cad>57</gpxtpx:cad>
          </gpxtpx:TrackPointExtension>
        </extensions>
      </trkpt>
      <trkpt lat="32.0146810077" lon="120.893741688">
        <ele>7.6</ele>
        <time>2026-08-07T15:32:44+0800</time>
        <extensions>
          <gpxtpx:TrackPointExtension>
            <gpxtpx:hr>181</gpxtpx:hr>
            <gpxtpx:cad>57</gpxtpx:cad>
          </gpxtpx:TrackPointExtension>
        </extensions>
      </trkpt>
      <trkpt lat="32.0146916527" lon="120.893743783">
        <ele>7.6</ele>
        <time>2026-08-07T15:32:45+0800</time>
        <extensions>
          <gpxtpx:TrackPointExtension>
            <gpxtpx:hr>181</gpxtpx:hr>
            <gpxtpx:cad>57</gpxtpx:cad>
          </gpxtpx:TrackPointExtension>
        </extensions>
      </trkpt>
      <trkpt lat="32.0146993641" lon="120.893744705">
        <ele>7.4</ele>
        <time>2026-08-07T15:32:46+0800</time>
        <extensions>
          <gpxtpx:TrackPointExtension>
            <gpxtpx:hr>181</gpxtpx:hr>
            <gpxtpx:cad>57</gpxtpx:cad>
          </gpxtpx:TrackPointExtension>
        </extensions>
      </trkpt>
      <trkpt lat="32.0147141162" lon="120.893746717">
        <ele>7.4</ele>
        <time>2026-08-07T15:32:47+0800</time>
        <extensions>
          <gpxtpx:TrackPointExtension>
            <gpxtpx:hr>180</gpxtpx:hr>
            <gpxtpx:cad>57</gpxtpx:cad>
          </gpxtpx:TrackPointExtension>
        </extensions>
      </trkpt>
      <trkpt lat="32.0147254318" lon="120.893749651">
        <ele>7.4</ele>
        <time>2026-08-07T15:32:48+0800</time>
        <extensions>
          <gpxtpx:TrackPointExtension>
            <gpxtpx:hr>178</gpxtpx:hr>
            <gpxtpx:cad>56</gpxtpx:cad>
          </gpxtpx:TrackPointExtension>
        </extensions>
      </trkpt>
      <trkpt lat="32.0147422794" lon="120.893751495">
        <ele>7.4</ele>
        <time>2026-08-07T15:32:49+0800</time>
        <extensions>
          <gpxtpx:TrackPointExtension>
            <gpxtpx:hr>178</gpxtpx:hr>
            <gpxtpx:cad>56</gpxtpx:cad>
          </gpxtpx:TrackPointExtension>
        </extensions>
      </trkpt>
      <trkpt lat="32.0147499908" lon="120.89374898">
        <ele>7.4</ele>
        <time>2026-08-07T15:32:50+0800</time>
        <extensions>
          <gpxtpx:TrackPointExtension>
            <gpxtpx:hr>178</gpxtpx:hr>
            <gpxtpx:cad>56</gpxtpx:cad>
          </gpxtpx:TrackPointExtension>
        </extensions>
      </trkpt>
      <trkpt lat="32.0147617254" lon="120.893746633">
        <ele>7.4</ele>
        <time>2026-08-07T15:32:51+0800</time>
        <extensions>
          <gpxtpx:TrackPointExtension>
            <gpxtpx:hr>178</gpxtpx:hr>
            <gpxtpx:cad>56</gpxtpx:cad>
          </gpxtpx:TrackPointExtension>
        </extensions>
      </trkpt>
      <trkpt lat="32.0147741307" lon="120.893746633">
        <ele>7.6</ele>
        <time>2026-08-07T15:32:52+0800</time>
        <extensions>
          <gpxtpx:TrackPointExtension>
            <gpxtpx:hr>178</gpxtpx:hr>
            <gpxtpx:cad>56</gpxtpx:cad>
          </gpxtpx:TrackPointExtension>
        </extensions>
      </trkpt>
      <trkpt lat="32.0147828478" lon="120.893746633">
        <ele>7.6</ele>
        <time>2026-08-07T15:32:53+0800</time>
        <extensions>
          <gpxtpx:TrackPointExtension>
            <gpxtpx:hr>177</gpxtpx:hr>
            <gpxtpx:cad>56</gpxtpx:cad>
          </gpxtpx:TrackPointExtension>
        </extensions>
      </trkpt>
      <trkpt lat="32.0147914812" lon="120.893746382">
        <ele>7.6</ele>
        <time>2026-08-07T15:32:54+0800</time>
        <extensions>
          <gpxtpx:TrackPointExtension>
            <gpxtpx:hr>176</gpxtpx:hr>
            <gpxtpx:cad>56</gpxtpx:cad>
          </gpxtpx:TrackPointExtension>
        </extensions>
      </trkpt>
      <trkpt lat="32.0148033835" lon="120.893742861">
        <ele>7.4</ele>
        <time>2026-08-07T15:32:55+0800</time>
        <extensions>
          <gpxtpx:TrackPointExtension>
            <gpxtpx:hr>174</gpxtpx:hr>
            <gpxtpx:cad>56</gpxtpx:cad>
          </gpxtpx:TrackPointExtension>
        </extensions>
      </trkpt>
      <trkpt lat="32.014813358" lon="120.893740095">
        <ele>7.4</ele>
        <time>2026-08-07T15:32:56+0800</time>
        <extensions>
          <gpxtpx:TrackPointExtension>
            <gpxtpx:hr>175</gpxtpx:hr>
            <gpxtpx:cad>56</gpxtpx:cad>
          </gpxtpx:TrackPointExtension>
        </extensions>
      </trkpt>
      <trkpt lat="32.0148264337" lon="120.893739844">
        <ele>7.4</ele>
        <time>2026-08-07T15:32:57+0800</time>
        <extensions>
          <gpxtpx:TrackPointExtension>
            <gpxtpx:hr>173</gpxtpx:hr>
            <gpxtpx:cad>56</gpxtpx:cad>
          </gpxtpx:TrackPointExtension>
        </extensions>
      </trkpt>
      <trkpt lat="32.014834648" lon="120.89374152">
        <ele>7.4</ele>
        <time>2026-08-07T15:32:58+0800</time>
        <extensions>
          <gpxtpx:TrackPointExtension>
            <gpxtpx:hr>172</gpxtpx:hr>
            <gpxtpx:cad>56</gpxtpx:cad>
          </gpxtpx:TrackPointExtension>
        </extensions>
      </trkpt>
      <trkpt lat="32.014845293" lon="120.893741436">
        <ele>7.4</ele>
        <time>2026-08-07T15:32:59+0800</time>
        <extensions>
          <gpxtpx:TrackPointExtension>
            <gpxtpx:hr>171</gpxtpx:hr>
            <gpxtpx:cad>56</gpxtpx:cad>
          </gpxtpx:TrackPointExtension>
        </extensions>
      </trkpt>
      <trkpt lat="32.014855016" lon="120.893737497">
        <ele>7.4</ele>
        <time>2026-08-07T15:33:00+0800</time>
        <extensions>
          <gpxtpx:TrackPointExtension>
            <gpxtpx:hr>171</gpxtpx:hr>
            <gpxtpx:cad>56</gpxtpx:cad>
          </gpxtpx:TrackPointExtension>
        </extensions>
      </trkpt>
      <trkpt lat="32.0148649905" lon="120.893733557">
        <ele>7.4</ele>
        <time>2026-08-07T15:33:01+0800</time>
        <extensions>
          <gpxtpx:TrackPointExtension>
            <gpxtpx:hr>170</gpxtpx:hr>
            <gpxtpx:cad>56</gpxtpx:cad>
          </gpxtpx:TrackPointExtension>
        </extensions>
      </trkpt>
      <trkpt lat="32.0148754679" lon="120.893732971">
        <ele>7.4</ele>
        <time>2026-08-07T15:33:02+0800</time>
        <extensions>
          <gpxtpx:TrackPointExtension>
            <gpxtpx:hr>169</gpxtpx:hr>
            <gpxtpx:cad>56</gpxtpx:cad>
          </gpxtpx:TrackPointExtension>
        </extensions>
      </trkpt>
      <trkpt lat="32.0148892142" lon="120.893733893">
        <ele>7.2</ele>
        <time>2026-08-07T15:33:03+0800</time>
        <extensions>
          <gpxtpx:TrackPointExtension>
            <gpxtpx:hr>169</gpxtpx:hr>
            <gpxtpx:cad>56</gpxtpx:cad>
          </gpxtpx:TrackPointExtension>
        </extensions>
      </trkpt>
      <trkpt lat="32.0149058104" lon="120.893735737">
        <ele>7.2</ele>
        <time>2026-08-07T15:33:04+0800</time>
        <extensions>
          <gpxtpx:TrackPointExtension>
            <gpxtpx:hr>169</gpxtpx:hr>
            <gpxtpx:cad>56</gpxtpx:cad>
          </gpxtpx:TrackPointExtension>
        </extensions>
      </trkpt>
      <trkpt lat="32.0149159525" lon="120.893735066">
        <ele>7.2</ele>
        <time>2026-08-07T15:33:05+0800</time>
        <extensions>
          <gpxtpx:TrackPointExtension>
            <gpxtpx:hr>170</gpxtpx:hr>
            <gpxtpx:cad>55</gpxtpx:cad>
          </gpxtpx:TrackPointExtension>
        </extensions>
      </trkpt>
      <trkpt lat="32.0149262622" lon="120.893734647">
        <ele>7.2</ele>
        <time>2026-08-07T15:33:06+0800</time>
        <extensions>
          <gpxtpx:TrackPointExtension>
            <gpxtpx:hr>169</gpxtpx:hr>
            <gpxtpx:cad>55</gpxtpx:cad>
          </gpxtpx:TrackPointExtension>
        </extensions>
      </trkpt>
      <trkpt lat="32.0149379969" lon="120.893733893">
        <ele>7.4</ele>
        <time>2026-08-07T15:33:07+0800</time>
        <extensions>
          <gpxtpx:TrackPointExtension>
            <gpxtpx:hr>168</gpxtpx:hr>
            <gpxtpx:cad>55</gpxtpx:cad>
          </gpxtpx:TrackPointExtension>
        </extensions>
      </trkpt>
      <trkpt lat="32.0149486419" lon="120.893733976">
        <ele>7.4</ele>
        <time>2026-08-07T15:33:08+0800</time>
        <extensions>
          <gpxtpx:TrackPointExtension>
            <gpxtpx:hr>167</gpxtpx:hr>
            <gpxtpx:cad>55</gpxtpx:cad>
          </gpxtpx:TrackPointExtension>
        </extensions>
      </trkpt>
      <trkpt lat="32.0149587002" lon="120.893732468">
        <ele>7.4</ele>
        <time>2026-08-07T15:33:09+0800</time>
        <extensions>
          <gpxtpx:TrackPointExtension>
            <gpxtpx:hr>165</gpxtpx:hr>
            <gpxtpx:cad>55</gpxtpx:cad>
          </gpxtpx:TrackPointExtension>
        </extensions>
      </trkpt>
      <trkpt lat="32.0149685908" lon="120.893733893">
        <ele>7.4</ele>
        <time>2026-08-07T15:33:10+0800</time>
        <extensions>
          <gpxtpx:TrackPointExtension>
            <gpxtpx:hr>164</gpxtpx:hr>
            <gpxtpx:cad>55</gpxtpx:cad>
          </gpxtpx:TrackPointExtension>
        </extensions>
      </trkpt>
      <trkpt lat="32.0149839297" lon="120.893737329">
        <ele>7.4</ele>
        <time>2026-08-07T15:33:11+0800</time>
        <extensions>
          <gpxtpx:TrackPointExtension>
            <gpxtpx:hr>164</gpxtpx:hr>
            <gpxtpx:cad>55</gpxtpx:cad>
          </gpxtpx:TrackPointExtension>
        </extensions>
      </trkpt>
      <trkpt lat="32.0149905514" lon="120.893733725">
        <ele>7.2</ele>
        <time>2026-08-07T15:33:12+0800</time>
        <extensions>
          <gpxtpx:TrackPointExtension>
            <gpxtpx:hr>163</gpxtpx:hr>
            <gpxtpx:cad>55</gpxtpx:cad>
          </gpxtpx:TrackPointExtension>
        </extensions>
      </trkpt>
      <trkpt lat="32.0150039624" lon="120.893734144">
        <ele>7.2</ele>
        <time>2026-08-07T15:33:13+0800</time>
        <extensions>
          <gpxtpx:TrackPointExtension>
            <gpxtpx:hr>163</gpxtpx:hr>
            <gpxtpx:cad>55</gpxtpx:cad>
          </gpxtpx:TrackPointExtension>
        </extensions>
      </trkpt>
      <trkpt lat="32.015013434" lon="120.893732049">
        <ele>7.4</ele>
        <time>2026-08-07T15:33:14+0800</time>
        <extensions>
          <gpxtpx:TrackPointExtension>
            <gpxtpx:hr>163</gpxtpx:hr>
            <gpxtpx:cad>55</gpxtpx:cad>
          </gpxtpx:TrackPointExtension>
        </extensions>
      </trkpt>
      <trkpt lat="32.0150295272" lon="120.893731378">
        <ele>7.4</ele>
        <time>2026-08-07T15:33:15+0800</time>
        <extensions>
          <gpxtpx:TrackPointExtension>
            <gpxtpx:hr>163</gpxtpx:hr>
            <gpxtpx:cad>55</gpxtpx:cad>
          </gpxtpx:TrackPointExtension>
        </extensions>
      </trkpt>
      <trkpt lat="32.0150433574" lon="120.893734396">
        <ele>7.4</ele>
        <time>2026-08-07T15:33:16+0800</time>
        <extensions>
          <gpxtpx:TrackPointExtension>
            <gpxtpx:hr>162</gpxtpx:hr>
            <gpxtpx:cad>55</gpxtpx:cad>
          </gpxtpx:TrackPointExtension>
        </extensions>
      </trkpt>
      <trkpt lat="32.0150524098" lon="120.893737329">
        <ele>7.4</ele>
        <time>2026-08-07T15:33:17+0800</time>
        <extensions>
          <gpxtpx:TrackPointExtension>
            <gpxtpx:hr>162</gpxtpx:hr>
            <gpxtpx:cad>55</gpxtpx:cad>
          </gpxtpx:TrackPointExtension>
        </extensions>
      </trkpt>
      <trkpt lat="32.0150651503" lon="120.893737497">
        <ele>7.4</ele>
        <time>2026-08-07T15:33:18+0800</time>
        <extensions>
          <gpxtpx:TrackPointExtension>
            <gpxtpx:hr>161</gpxtpx:hr>
            <gpxtpx:cad>55</gpxtpx:cad>
          </gpxtpx:TrackPointExtension>
        </extensions>
      </trkpt>
      <trkpt lat="32.0150774717" lon="120.893735653">
        <ele>7.4</ele>
        <time>2026-08-07T15:33:19+0800</time>
        <extensions>
          <gpxtpx:TrackPointExtension>
            <gpxtpx:hr>162</gpxtpx:hr>
            <gpxtpx:cad>55</gpxtpx:cad>
          </gpxtpx:TrackPointExtension>
        </extensions>
      </trkpt>
      <trkpt lat="32.0150913019" lon="120.893734898">
        <ele>7.4</ele>
        <time>2026-08-07T15:33:20+0800</time>
        <extensions>
          <gpxtpx:TrackPointExtension>
            <gpxtpx:hr>161</gpxtpx:hr>
            <gpxtpx:cad>55</gpxtpx:cad>
          </gpxtpx:TrackPointExtension>
        </extensions>
      </trkpt>
      <trkpt lat="32.0151022822" lon="120.89373582">
        <ele>7.4</ele>
        <time>2026-08-07T15:33:21+0800</time>
        <extensions>
          <gpxtpx:TrackPointExtension>
            <gpxtpx:hr>162</gpxtpx:hr>
            <gpxtpx:cad>56</gpxtpx:cad>
          </gpxtpx:TrackPointExtension>
        </extensions>
      </trkpt>
      <trkpt lat="32.0151135139" lon="120.893736826">
        <ele>7.4</ele>
        <time>2026-08-07T15:33:22+0800</time>
        <extensions>
          <gpxtpx:TrackPointExtension>
            <gpxtpx:hr>160</gpxtpx:hr>
            <gpxtpx:cad>56</gpxtpx:cad>
          </gpxtpx:TrackPointExtension>
        </extensions>
      </trkpt>
      <trkpt lat="32.0151261706" lon="120.893737329">
        <ele>7.4</ele>
        <time>2026-08-07T15:33:23+0800</time>
        <extensions>
          <gpxtpx:TrackPointExtension>
            <gpxtpx:hr>160</gpxtpx:hr>
            <gpxtpx:cad>56</gpxtpx:cad>
          </gpxtpx:TrackPointExtension>
        </extensions>
      </trkpt>
      <trkpt lat="32.0151511487" lon="120.893736994">
        <ele>7.4</ele>
        <time>2026-08-07T15:33:24+0800</time>
        <extensions>
          <gpxtpx:TrackPointExtension>
            <gpxtpx:hr>160</gpxtpx:hr>
            <gpxtpx:cad>56</gpxtpx:cad>
          </gpxtpx:TrackPointExtension>
        </extensions>
      </trkpt>
      <trkpt lat="32.0151696727" lon="120.893737748">
        <ele>7.2</ele>
        <time>2026-08-07T15:33:25+0800</time>
        <extensions>
          <gpxtpx:TrackPointExtension>
            <gpxtpx:hr>160</gpxtpx:hr>
            <gpxtpx:cad>60</gpxtpx:cad>
          </gpxtpx:TrackPointExtension>
        </extensions>
      </trkpt>
      <trkpt lat="32.0151995961" lon="120.893741017">
        <ele>7.2</ele>
        <time>2026-08-07T15:33:26+0800</time>
        <extensions>
          <gpxtpx:TrackPointExtension>
            <gpxtpx:hr>161</gpxtpx:hr>
            <gpxtpx:cad>65</gpxtpx:cad>
          </gpxtpx:TrackPointExtension>
        </extensions>
      </trkpt>
      <trkpt lat="32.015224155" lon="120.893740095">
        <ele>7.0</ele>
        <time>2026-08-07T15:33:27+0800</time>
        <extensions>
          <gpxtpx:TrackPointExtension>
            <gpxtpx:hr>161</gpxtpx:hr>
            <gpxtpx:cad>68</gpxtpx:cad>
          </gpxtpx:TrackPointExtension>
        </extensions>
      </trkpt>
      <trkpt lat="32.0152554195" lon="120.893742777">
        <ele>7.0</ele>
        <time>2026-08-07T15:33:28+0800</time>
        <extensions>
          <gpxtpx:TrackPointExtension>
            <gpxtpx:hr>161</gpxtpx:hr>
            <gpxtpx:cad>71</gpxtpx:cad>
          </gpxtpx:TrackPointExtension>
        </extensions>
      </trkpt>
      <trkpt lat="32.0152862649" lon="120.893741604">
        <ele>7.0</ele>
        <time>2026-08-07T15:33:29+0800</time>
        <extensions>
          <gpxtpx:TrackPointExtension>
            <gpxtpx:hr>161</gpxtpx:hr>
            <gpxtpx:cad>77</gpxtpx:cad>
          </gpxtpx:TrackPointExtension>
        </extensions>
      </trkpt>
      <trkpt lat="32.0153195411" lon="120.893740933">
        <ele>7.0</ele>
        <time>2026-08-07T15:33:30+0800</time>
        <extensions>
          <gpxtpx:TrackPointExtension>
            <gpxtpx:hr>162</gpxtpx:hr>
            <gpxtpx:cad>81</gpxtpx:cad>
          </gpxtpx:TrackPointExtension>
        </extensions>
      </trkpt>
      <trkpt lat="32.0153480396" lon="120.893741352">
        <ele>7.0</ele>
        <time>2026-08-07T15:33:31+0800</time>
        <extensions>
          <gpxtpx:TrackPointExtension>
            <gpxtpx:hr>161</gpxtpx:hr>
            <gpxtpx:cad>86</gpxtpx:cad>
          </gpxtpx:TrackPointExtension>
        </extensions>
      </trkpt>
      <trkpt lat="32.0153818186" lon="120.893747136">
        <ele>7.0</ele>
        <time>2026-08-07T15:33:32+0800</time>
        <extensions>
          <gpxtpx:TrackPointExtension>
            <gpxtpx:hr>161</gpxtpx:hr>
            <gpxtpx:cad>88</gpxtpx:cad>
          </gpxtpx:TrackPointExtension>
        </extensions>
      </trkpt>
      <trkpt lat="32.0154060423" lon="120.893747974">
        <ele>6.8</ele>
        <time>2026-08-07T15:33:33+0800</time>
        <extensions>
          <gpxtpx:TrackPointExtension>
            <gpxtpx:hr>161</gpxtpx:hr>
            <gpxtpx:cad>88</gpxtpx:cad>
          </gpxtpx:TrackPointExtension>
        </extensions>
      </trkpt>
      <trkpt lat="32.0154378936" lon="120.89374898">
        <ele>6.8</ele>
        <time>2026-08-07T15:33:34+0800</time>
        <extensions>
          <gpxtpx:TrackPointExtension>
            <gpxtpx:hr>162</gpxtpx:hr>
            <gpxtpx:cad>89</gpxtpx:cad>
          </gpxtpx:TrackPointExtension>
        </extensions>
      </trkpt>
      <trkpt lat="32.0154602733" lon="120.893747639">
        <ele>6.8</ele>
        <time>2026-08-07T15:33:35+0800</time>
        <extensions>
          <gpxtpx:TrackPointExtension>
            <gpxtpx:hr>162</gpxtpx:hr>
            <gpxtpx:cad>89</gpxtpx:cad>
          </gpxtpx:TrackPointExtension>
        </extensions>
      </trkpt>
      <trkpt lat="32.015491873" lon="120.893747555">
        <ele>6.8</ele>
        <time>2026-08-07T15:33:36+0800</time>
        <extensions>
          <gpxtpx:TrackPointExtension>
            <gpxtpx:hr>162</gpxtpx:hr>
            <gpxtpx:cad>89</gpxtpx:cad>
          </gpxtpx:TrackPointExtension>
        </extensions>
      </trkpt>
      <trkpt lat="32.0155150909" lon="120.893750321">
        <ele>6.8</ele>
        <time>2026-08-07T15:33:37+0800</time>
        <extensions>
          <gpxtpx:TrackPointExtension>
            <gpxtpx:hr>162</gpxtpx:hr>
            <gpxtpx:cad>89</gpxtpx:cad>
          </gpxtpx:TrackPointExtension>
        </extensions>
      </trkpt>
      <trkpt lat="32.0155431703" lon="120.893746717">
        <ele>6.8</ele>
        <time>2026-08-07T15:33:38+0800</time>
        <extensions>
          <gpxtpx:TrackPointExtension>
            <gpxtpx:hr>162</gpxtpx:hr>
            <gpxtpx:cad>89</gpxtpx:cad>
          </gpxtpx:TrackPointExtension>
        </extensions>
      </trkpt>
      <trkpt lat="32.0155722555" lon="120.893749064">
        <ele>6.8</ele>
        <time>2026-08-07T15:33:39+0800</time>
        <extensions>
          <gpxtpx:TrackPointExtension>
            <gpxtpx:hr>162</gpxtpx:hr>
            <gpxtpx:cad>89</gpxtpx:cad>
          </gpxtpx:TrackPointExtension>
        </extensions>
      </trkpt>
      <trkpt lat="32.0155987423" lon="120.89373976">
        <ele>6.6</ele>
        <time>2026-08-07T15:33:40+0800</time>
        <extensions>
          <gpxtpx:TrackPointExtension>
            <gpxtpx:hr>163</gpxtpx:hr>
            <gpxtpx:cad>89</gpxtpx:cad>
          </gpxtpx:TrackPointExtension>
        </extensions>
      </trkpt>
      <trkpt lat="32.0156339463" lon="120.893743532">
        <ele>6.6</ele>
        <time>2026-08-07T15:33:41+0800</time>
        <extensions>
          <gpxtpx:TrackPointExtension>
            <gpxtpx:hr>164</gpxtpx:hr>
            <gpxtpx:cad>88</gpxtpx:cad>
          </gpxtpx:TrackPointExtension>
        </extensions>
      </trkpt>
      <trkpt lat="32.0156608522" lon="120.893735066">
        <ele>6.4</ele>
        <time>2026-08-07T15:33:42+0800</time>
        <extensions>
          <gpxtpx:TrackPointExtension>
            <gpxtpx:hr>164</gpxtpx:hr>
            <gpxtpx:cad>88</gpxtpx:cad>
          </gpxtpx:TrackPointExtension>
        </extensions>
      </trkpt>
      <trkpt lat="32.0156953018" lon="120.893738503">
        <ele>6.4</ele>
        <time>2026-08-07T15:33:43+0800</time>
        <extensions>
          <gpxtpx:TrackPointExtension>
            <gpxtpx:hr>163</gpxtpx:hr>
            <gpxtpx:cad>88</gpxtpx:cad>
          </gpxtpx:TrackPointExtension>
        </extensions>
      </trkpt>
      <trkpt lat="32.0157217048" lon="120.893731378">
        <ele>6.4</ele>
        <time>2026-08-07T15:33:44+0800</time>
        <extensions>
          <gpxtpx:TrackPointExtension>
            <gpxtpx:hr>163</gpxtpx:hr>
            <gpxtpx:cad>88</gpxtpx:cad>
          </gpxtpx:TrackPointExtension>
        </extensions>
      </trkpt>
      <trkpt lat="32.0157595072" lon="120.89373691">
        <ele>6.4</ele>
        <time>2026-08-07T15:33:45+0800</time>
        <extensions>
          <gpxtpx:TrackPointExtension>
            <gpxtpx:hr>164</gpxtpx:hr>
            <gpxtpx:cad>88</gpxtpx:cad>
          </gpxtpx:TrackPointExtension>
        </extensions>
      </trkpt>
      <trkpt lat="32.0157843176" lon="120.893731713">
        <ele>6.4</ele>
        <time>2026-08-07T15:33:46+0800</time>
        <extensions>
          <gpxtpx:TrackPointExtension>
            <gpxtpx:hr>164</gpxtpx:hr>
            <gpxtpx:cad>88</gpxtpx:cad>
          </gpxtpx:TrackPointExtension>
        </extensions>
      </trkpt>
      <trkpt lat="32.0158156659" lon="120.893736491">
        <ele>6.6</ele>
        <time>2026-08-07T15:33:47+0800</time>
        <extensions>
          <gpxtpx:TrackPointExtension>
            <gpxtpx:hr>165</gpxtpx:hr>
            <gpxtpx:cad>88</gpxtpx:cad>
          </gpxtpx:TrackPointExtension>
        </extensions>
      </trkpt>
      <trkpt lat="32.0158373751" lon="120.893742861">
        <ele>6.6</ele>
        <time>2026-08-07T15:33:48+0800</time>
        <extensions>
          <gpxtpx:TrackPointExtension>
            <gpxtpx:hr>165</gpxtpx:hr>
            <gpxtpx:cad>88</gpxtpx:cad>
          </gpxtpx:TrackPointExtension>
        </extensions>
      </trkpt>
      <trkpt lat="32.015868891" lon="120.893764822">
        <ele>6.6</ele>
        <time>2026-08-07T15:33:49+0800</time>
        <extensions>
          <gpxtpx:TrackPointExtension>
            <gpxtpx:hr>166</gpxtpx:hr>
            <gpxtpx:cad>88</gpxtpx:cad>
          </gpxtpx:TrackPointExtension>
        </extensions>
      </trkpt>
      <trkpt lat="32.015882805" lon="120.89378871">
        <ele>6.6</ele>
        <time>2026-08-07T15:33:50+0800</time>
        <extensions>
          <gpxtpx:TrackPointExtension>
            <gpxtpx:hr>166</gpxtpx:hr>
            <gpxtpx:cad>87</gpxtpx:cad>
          </gpxtpx:TrackPointExtension>
        </extensions>
      </trkpt>
      <trkpt lat="32.0158994012" lon="120.893800361">
        <ele>6.8</ele>
        <time>2026-08-07T15:33:51+0800</time>
        <extensions>
          <gpxtpx:TrackPointExtension>
            <gpxtpx:hr>165</gpxtpx:hr>
            <gpxtpx:cad>87</gpxtpx:cad>
          </gpxtpx:TrackPointExtension>
        </extensions>
      </trkpt>
      <trkpt lat="32.0159175899" lon="120.893832967">
        <ele>6.8</ele>
        <time>2026-08-07T15:33:52+0800</time>
        <extensions>
          <gpxtpx:TrackPointExtension>
            <gpxtpx:hr>166</gpxtpx:hr>
            <gpxtpx:cad>86</gpxtpx:cad>
          </gpxtpx:TrackPointExtension>
        </extensions>
      </trkpt>
      <trkpt lat="32.0159246307" lon="120.893852329">
        <ele>6.8</ele>
        <time>2026-08-07T15:33:53+0800</time>
        <extensions>
          <gpxtpx:TrackPointExtension>
            <gpxtpx:hr>166</gpxtpx:hr>
            <gpxtpx:cad>85</gpxtpx:cad>
          </gpxtpx:TrackPointExtension>
        </extensions>
      </trkpt>
      <trkpt lat="32.015922619" lon="120.89389164">
        <ele>7.0</ele>
        <time>2026-08-07T15:33:54+0800</time>
        <extensions>
          <gpxtpx:TrackPointExtension>
            <gpxtpx:hr>167</gpxtpx:hr>
            <gpxtpx:cad>85</gpxtpx:cad>
          </gpxtpx:TrackPointExtension>
        </extensions>
      </trkpt>
      <trkpt lat="32.0159178413" lon="120.893922737">
        <ele>7.0</ele>
        <time>2026-08-07T15:33:55+0800</time>
        <extensions>
          <gpxtpx:TrackPointExtension>
            <gpxtpx:hr>167</gpxtpx:hr>
            <gpxtpx:cad>85</gpxtpx:cad>
          </gpxtpx:TrackPointExtension>
        </extensions>
      </trkpt>
      <trkpt lat="32.0159102138" lon="120.893957773">
        <ele>6.8</ele>
        <time>2026-08-07T15:33:56+0800</time>
        <extensions>
          <gpxtpx:TrackPointExtension>
            <gpxtpx:hr>168</gpxtpx:hr>
            <gpxtpx:cad>85</gpxtpx:cad>
          </gpxtpx:TrackPointExtension>
        </extensions>
      </trkpt>
      <trkpt lat="32.0159001555" lon="120.893985936">
        <ele>6.8</ele>
        <time>2026-08-07T15:33:57+0800</time>
        <extensions>
          <gpxtpx:TrackPointExtension>
            <gpxtpx:hr>167</gpxtpx:hr>
            <gpxtpx:cad>85</gpxtpx:cad>
          </gpxtpx:TrackPointExtension>
        </extensions>
      </trkpt>
      <trkpt lat="32.0158902649" lon="120.894022649">
        <ele>6.8</ele>
        <time>2026-08-07T15:33:58+0800</time>
        <extensions>
          <gpxtpx:TrackPointExtension>
            <gpxtpx:hr>167</gpxtpx:hr>
            <gpxtpx:cad>87</gpxtpx:cad>
          </gpxtpx:TrackPointExtension>
        </extensions>
      </trkpt>
      <trkpt lat="32.0158806257" lon="120.894050309">
        <ele>6.8</ele>
        <time>2026-08-07T15:33:59+0800</time>
        <extensions>
          <gpxtpx:TrackPointExtension>
            <gpxtpx:hr>167</gpxtpx:hr>
            <gpxtpx:cad>87</gpxtpx:cad>
          </gpxtpx:TrackPointExtension>
        </extensions>
      </trkpt>
      <trkpt lat="32.0158788655" lon="120.894085346">
        <ele>6.8</ele>
        <time>2026-08-07T15:34:00+0800</time>
        <extensions>
          <gpxtpx:TrackPointExtension>
            <gpxtpx:hr>168</gpxtpx:hr>
            <gpxtpx:cad>88</gpxtpx:cad>
          </gpxtpx:TrackPointExtension>
        </extensions>
      </trkpt>
      <trkpt lat="32.0158774406" lon="120.8941177">
        <ele>7.0</ele>
        <time>2026-08-07T15:34:01+0800</time>
        <extensions>
          <gpxtpx:TrackPointExtension>
            <gpxtpx:hr>169</gpxtpx:hr>
            <gpxtpx:cad>88</gpxtpx:cad>
          </gpxtpx:TrackPointExtension>
        </extensions>
      </trkpt>
      <trkpt lat="32.0158740878" lon="120.894158268">
        <ele>7.0</ele>
        <time>2026-08-07T15:34:02+0800</time>
        <extensions>
          <gpxtpx:TrackPointExtension>
            <gpxtpx:hr>169</gpxtpx:hr>
            <gpxtpx:cad>89</gpxtpx:cad>
          </gpxtpx:TrackPointExtension>
        </extensions>
      </trkpt>
      <trkpt lat="32.0158723276" lon="120.894195987">
        <ele>7.0</ele>
        <time>2026-08-07T15:34:03+0800</time>
        <extensions>
          <gpxtpx:TrackPointExtension>
            <gpxtpx:hr>169</gpxtpx:hr>
            <gpxtpx:cad>89</gpxtpx:cad>
          </gpxtpx:TrackPointExtension>
        </extensions>
      </trkpt>
      <trkpt lat="32.0158729982" lon="120.894239573">
        <ele>7.0</ele>
        <time>2026-08-07T15:34:04+0800</time>
        <extensions>
          <gpxtpx:TrackPointExtension>
            <gpxtpx:hr>169</gpxtpx:hr>
            <gpxtpx:cad>89</gpxtpx:cad>
          </gpxtpx:TrackPointExtension>
        </extensions>
      </trkpt>
      <trkpt lat="32.0158692263" lon="120.894278297">
        <ele>6.8</ele>
        <time>2026-08-07T15:34:05+0800</time>
        <extensions>
          <gpxtpx:TrackPointExtension>
            <gpxtpx:hr>168</gpxtpx:hr>
            <gpxtpx:cad>89</gpxtpx:cad>
          </gpxtpx:TrackPointExtension>
        </extensions>
      </trkpt>
      <trkpt lat="32.0158667956" lon="120.89431568">
        <ele>6.8</ele>
        <time>2026-08-07T15:34:06+0800</time>
        <extensions>
          <gpxtpx:TrackPointExtension>
            <gpxtpx:hr>169</gpxtpx:hr>
            <gpxtpx:cad>89</gpxtpx:cad>
          </gpxtpx:TrackPointExtension>
        </extensions>
      </trkpt>
      <trkpt lat="32.0158551447" lon="120.894351136">
        <ele>6.6</ele>
        <time>2026-08-07T15:34:07+0800</time>
        <extensions>
          <gpxtpx:TrackPointExtension>
            <gpxtpx:hr>169</gpxtpx:hr>
            <gpxtpx:cad>89</gpxtpx:cad>
          </gpxtpx:TrackPointExtension>
        </extensions>
      </trkpt>
      <trkpt lat="32.0158520434" lon="120.894386424">
        <ele>6.6</ele>
        <time>2026-08-07T15:34:08+0800</time>
        <extensions>
          <gpxtpx:TrackPointExtension>
            <gpxtpx:hr>169</gpxtpx:hr>
            <gpxtpx:cad>89</gpxtpx:cad>
          </gpxtpx:TrackPointExtension>
        </extensions>
      </trkpt>
      <trkpt lat="32.0158463437" lon="120.894419532">
        <ele>6.6</ele>
        <time>2026-08-07T15:34:09+0800</time>
        <extensions>
          <gpxtpx:TrackPointExtension>
            <gpxtpx:hr>169</gpxtpx:hr>
            <gpxtpx:cad>88</gpxtpx:cad>
          </gpxtpx:TrackPointExtension>
        </extensions>
      </trkpt>
      <trkpt lat="32.0158483554" lon="120.89445943">
        <ele>6.6</ele>
        <time>2026-08-07T15:34:10+0800</time>
        <extensions>
          <gpxtpx:TrackPointExtension>
            <gpxtpx:hr>169</gpxtpx:hr>
            <gpxtpx:cad>88</gpxtpx:cad>
          </gpxtpx:TrackPointExtension>
        </extensions>
      </trkpt>
      <trkpt lat="32.0158409793" lon="120.894499747">
        <ele>6.6</ele>
        <time>2026-08-07T15:34:11+0800</time>
        <extensions>
          <gpxtpx:TrackPointExtension>
            <gpxtpx:hr>169</gpxtpx:hr>
            <gpxtpx:cad>89</gpxtpx:cad>
          </gpxtpx:TrackPointExtension>
        </extensions>
      </trkpt>
      <trkpt lat="32.0158429071" lon="120.89453252">
        <ele>6.6</ele>
        <time>2026-08-07T15:34:12+0800</time>
        <extensions>
          <gpxtpx:TrackPointExtension>
            <gpxtpx:hr>169</gpxtpx:hr>
            <gpxtpx:cad>89</gpxtpx:cad>
          </gpxtpx:TrackPointExtension>
        </extensions>
      </trkpt>
      <trkpt lat="32.0158358663" lon="120.894575939">
        <ele>6.6</ele>
        <time>2026-08-07T15:34:13+0800</time>
        <extensions>
          <gpxtpx:TrackPointExtension>
            <gpxtpx:hr>169</gpxtpx:hr>
            <gpxtpx:cad>89</gpxtpx:cad>
          </gpxtpx:TrackPointExtension>
        </extensions>
      </trkpt>
      <trkpt lat="32.0158334356" lon="120.894602677">
        <ele>6.6</ele>
        <time>2026-08-07T15:34:14+0800</time>
        <extensions>
          <gpxtpx:TrackPointExtension>
            <gpxtpx:hr>170</gpxtpx:hr>
            <gpxtpx:cad>89</gpxtpx:cad>
          </gpxtpx:TrackPointExtension>
        </extensions>
      </trkpt>
      <trkpt lat="32.0158312563" lon="120.894646095">
        <ele>6.6</ele>
        <time>2026-08-07T15:34:15+0800</time>
        <extensions>
          <gpxtpx:TrackPointExtension>
            <gpxtpx:hr>171</gpxtpx:hr>
            <gpxtpx:cad>88</gpxtpx:cad>
          </gpxtpx:TrackPointExtension>
        </extensions>
      </trkpt>
      <trkpt lat="32.0158268977" lon="120.894671408">
        <ele>6.4</ele>
        <time>2026-08-07T15:34:16+0800</time>
        <extensions>
          <gpxtpx:TrackPointExtension>
            <gpxtpx:hr>170</gpxtpx:hr>
            <gpxtpx:cad>88</gpxtpx:cad>
          </gpxtpx:TrackPointExtension>
        </extensions>
      </trkpt>
      <trkpt lat="32.0158128999" lon="120.894716168">
        <ele>6.4</ele>
        <time>2026-08-07T15:34:17+0800</time>
        <extensions>
          <gpxtpx:TrackPointExtension>
            <gpxtpx:hr>170</gpxtpx:hr>
            <gpxtpx:cad>88</gpxtpx:cad>
          </gpxtpx:TrackPointExtension>
        </extensions>
      </trkpt>
      <trkpt lat="32.0158004109" lon="120.894749612">
        <ele>6.4</ele>
        <time>2026-08-07T15:34:18+0800</time>
        <extensions>
          <gpxtpx:TrackPointExtension>
            <gpxtpx:hr>170</gpxtpx:hr>
            <gpxtpx:cad>88</gpxtpx:cad>
          </gpxtpx:TrackPointExtension>
        </extensions>
      </trkpt>
      <trkpt lat="32.0157915261" lon="120.89479303">
        <ele>6.4</ele>
        <time>2026-08-07T15:34:19+0800</time>
        <extensions>
          <gpxtpx:TrackPointExtension>
            <gpxtpx:hr>170</gpxtpx:hr>
            <gpxtpx:cad>88</gpxtpx:cad>
          </gpxtpx:TrackPointExtension>
        </extensions>
      </trkpt>
      <trkpt lat="32.0157817192" lon="120.894829156">
        <ele>6.4</ele>
        <time>2026-08-07T15:34:20+0800</time>
        <extensions>
          <gpxtpx:TrackPointExtension>
            <gpxtpx:hr>170</gpxtpx:hr>
            <gpxtpx:cad>87</gpxtpx:cad>
          </gpxtpx:TrackPointExtension>
        </extensions>
      </trkpt>
      <trkpt lat="32.0157749299" lon="120.894866707">
        <ele>6.4</ele>
        <time>2026-08-07T15:34:21+0800</time>
        <extensions>
          <gpxtpx:TrackPointExtension>
            <gpxtpx:hr>170</gpxtpx:hr>
            <gpxtpx:cad>88</gpxtpx:cad>
          </gpxtpx:TrackPointExtension>
        </extensions>
      </trkpt>
      <trkpt lat="32.0157621894" lon="120.894897385">
        <ele>6.6</ele>
        <time>2026-08-07T15:34:22+0800</time>
        <extensions>
          <gpxtpx:TrackPointExtension>
            <gpxtpx:hr>170</gpxtpx:hr>
            <gpxtpx:cad>87</gpxtpx:cad>
          </gpxtpx:TrackPointExtension>
        </extensions>
      </trkpt>
      <trkpt lat="32.0157539751" lon="120.894928649">
        <ele>6.6</ele>
        <time>2026-08-07T15:34:23+0800</time>
        <extensions>
          <gpxtpx:TrackPointExtension>
            <gpxtpx:hr>170</gpxtpx:hr>
            <gpxtpx:cad>87</gpxtpx:cad>
          </gpxtpx:TrackPointExtension>
        </extensions>
      </trkpt>
      <trkpt lat="32.0157497004" lon="120.894962009">
        <ele>6.6</ele>
        <time>2026-08-07T15:34:24+0800</time>
        <extensions>
          <gpxtpx:TrackPointExtension>
            <gpxtpx:hr>171</gpxtpx:hr>
            <gpxtpx:cad>87</gpxtpx:cad>
          </gpxtpx:TrackPointExtension>
        </extensions>
      </trkpt>
      <trkpt lat="32.0157710742" lon="120.894991597">
        <ele>6.6</ele>
        <time>2026-08-07T15:34:25+0800</time>
        <extensions>
          <gpxtpx:TrackPointExtension>
            <gpxtpx:hr>171</gpxtpx:hr>
            <gpxtpx:cad>87</gpxtpx:cad>
          </gpxtpx:TrackPointExtension>
        </extensions>
      </trkpt>
      <trkpt lat="32.0157768577" lon="120.895033842">
        <ele>6.6</ele>
        <time>2026-08-07T15:34:26+0800</time>
        <extensions>
          <gpxtpx:TrackPointExtension>
            <gpxtpx:hr>171</gpxtpx:hr>
            <gpxtpx:cad>87</gpxtpx:cad>
          </gpxtpx:TrackPointExtension>
        </extensions>
      </trkpt>
      <trkpt lat="32.0157803781" lon="120.895063095">
        <ele>6.6</ele>
        <time>2026-08-07T15:34:27+0800</time>
        <extensions>
          <gpxtpx:TrackPointExtension>
            <gpxtpx:hr>172</gpxtpx:hr>
            <gpxtpx:cad>87</gpxtpx:cad>
          </gpxtpx:TrackPointExtension>
        </extensions>
      </trkpt>
      <trkpt lat="32.0157748461" lon="120.895104501">
        <ele>6.6</ele>
        <time>2026-08-07T15:34:28+0800</time>
        <extensions>
          <gpxtpx:TrackPointExtension>
            <gpxtpx:hr>171</gpxtpx:hr>
            <gpxtpx:cad>88</gpxtpx:cad>
          </gpxtpx:TrackPointExtension>
        </extensions>
      </trkpt>
      <trkpt lat="32.0157688111" lon="120.895126462">
        <ele>6.6</ele>
        <time>2026-08-07T15:34:29+0800</time>
        <extensions>
          <gpxtpx:TrackPointExtension>
            <gpxtpx:hr>171</gpxtpx:hr>
            <gpxtpx:cad>88</gpxtpx:cad>
          </gpxtpx:TrackPointExtension>
        </extensions>
      </trkpt>
      <trkpt lat="32.0157609321" lon="120.895170216">
        <ele>6.6</ele>
        <time>2026-08-07T15:34:30+0800</time>
        <extensions>
          <gpxtpx:TrackPointExtension>
            <gpxtpx:hr>172</gpxtpx:hr>
            <gpxtpx:cad>87</gpxtpx:cad>
          </gpxtpx:TrackPointExtension>
        </extensions>
      </trkpt>
      <trkpt lat="32.0157481078" lon="120.895199636">
        <ele>6.6</ele>
        <time>2026-08-07T15:34:31+0800</time>
        <extensions>
          <gpxtpx:TrackPointExtension>
            <gpxtpx:hr>172</gpxtpx:hr>
            <gpxtpx:cad>87</gpxtpx:cad>
          </gpxtpx:TrackPointExtension>
        </extensions>
      </trkpt>
      <trkpt lat="32.0157385524" lon="120.895240121">
        <ele>6.8</ele>
        <time>2026-08-07T15:34:32+0800</time>
        <extensions>
          <gpxtpx:TrackPointExtension>
            <gpxtpx:hr>172</gpxtpx:hr>
            <gpxtpx:cad>87</gpxtpx:cad>
          </gpxtpx:TrackPointExtension>
        </extensions>
      </trkpt>
      <trkpt lat="32.0157265663" lon="120.895274319">
        <ele>6.8</ele>
        <time>2026-08-07T15:34:33+0800</time>
        <extensions>
          <gpxtpx:TrackPointExtension>
            <gpxtpx:hr>172</gpxtpx:hr>
            <gpxtpx:cad>87</gpxtpx:cad>
          </gpxtpx:TrackPointExtension>
        </extensions>
      </trkpt>
      <trkpt lat="32.0157249738" lon="120.895313043">
        <ele>6.8</ele>
        <time>2026-08-07T15:34:34+0800</time>
        <extensions>
          <gpxtpx:TrackPointExtension>
            <gpxtpx:hr>172</gpxtpx:hr>
            <gpxtpx:cad>87</gpxtpx:cad>
          </gpxtpx:TrackPointExtension>
        </extensions>
      </trkpt>
      <trkpt lat="32.0157214534" lon="120.895353695">
        <ele>6.8</ele>
        <time>2026-08-07T15:34:35+0800</time>
        <extensions>
          <gpxtpx:TrackPointExtension>
            <gpxtpx:hr>171</gpxtpx:hr>
            <gpxtpx:cad>87</gpxtpx:cad>
          </gpxtpx:TrackPointExtension>
        </extensions>
      </trkpt>
      <trkpt lat="32.0157279074" lon="120.895386552">
        <ele>6.8</ele>
        <time>2026-08-07T15:34:36+0800</time>
        <extensions>
          <gpxtpx:TrackPointExtension>
            <gpxtpx:hr>171</gpxtpx:hr>
            <gpxtpx:cad>87</gpxtpx:cad>
          </gpxtpx:TrackPointExtension>
        </extensions>
      </trkpt>
      <trkpt lat="32.0157316793" lon="120.895424439">
        <ele>6.8</ele>
        <time>2026-08-07T15:34:37+0800</time>
        <extensions>
          <gpxtpx:TrackPointExtension>
            <gpxtpx:hr>171</gpxtpx:hr>
            <gpxtpx:cad>87</gpxtpx:cad>
          </gpxtpx:TrackPointExtension>
        </extensions>
      </trkpt>
      <trkpt lat="32.0157395583" lon="120.895446818">
        <ele>6.8</ele>
        <time>2026-08-07T15:34:38+0800</time>
        <extensions>
          <gpxtpx:TrackPointExtension>
            <gpxtpx:hr>171</gpxtpx:hr>
            <gpxtpx:cad>87</gpxtpx:cad>
          </gpxtpx:TrackPointExtension>
        </extensions>
      </trkpt>
      <trkpt lat="32.0157520473" lon="120.895485124">
        <ele>6.8</ele>
        <time>2026-08-07T15:34:39+0800</time>
        <extensions>
          <gpxtpx:TrackPointExtension>
            <gpxtpx:hr>171</gpxtpx:hr>
            <gpxtpx:cad>87</gpxtpx:cad>
          </gpxtpx:TrackPointExtension>
        </extensions>
      </trkpt>
      <trkpt lat="32.015760513" lon="120.89550633">
        <ele>6.8</ele>
        <time>2026-08-07T15:34:40+0800</time>
        <extensions>
          <gpxtpx:TrackPointExtension>
            <gpxtpx:hr>171</gpxtpx:hr>
            <gpxtpx:cad>86</gpxtpx:cad>
          </gpxtpx:TrackPointExtension>
        </extensions>
      </trkpt>
      <trkpt lat="32.0157824736" lon="120.895545557">
        <ele>6.8</ele>
        <time>2026-08-07T15:34:41+0800</time>
        <extensions>
          <gpxtpx:TrackPointExtension>
            <gpxtpx:hr>171</gpxtpx:hr>
            <gpxtpx:cad>86</gpxtpx:cad>
          </gpxtpx:TrackPointExtension>
        </extensions>
      </trkpt>
      <trkpt lat="32.015804518" lon="120.895568104">
        <ele>6.8</ele>
        <time>2026-08-07T15:34:42+0800</time>
        <extensions>
          <gpxtpx:TrackPointExtension>
            <gpxtpx:hr>171</gpxtpx:hr>
            <gpxtpx:cad>86</gpxtpx:cad>
          </gpxtpx:TrackPointExtension>
        </extensions>
      </trkpt>
      <trkpt lat="32.0158274006" lon="120.895584701">
        <ele>6.8</ele>
        <time>2026-08-07T15:34:43+0800</time>
        <extensions>
          <gpxtpx:TrackPointExtension>
            <gpxtpx:hr>171</gpxtpx:hr>
            <gpxtpx:cad>86</gpxtpx:cad>
          </gpxtpx:TrackPointExtension>
        </extensions>
      </trkpt>
      <trkpt lat="32.015857324" lon="120.895596016">
        <ele>6.8</ele>
        <time>2026-08-07T15:34:44+0800</time>
        <extensions>
          <gpxtpx:TrackPointExtension>
            <gpxtpx:hr>171</gpxtpx:hr>
            <gpxtpx:cad>86</gpxtpx:cad>
          </gpxtpx:TrackPointExtension>
        </extensions>
      </trkpt>
      <trkpt lat="32.015919853" lon="120.895599201">
        <ele>6.8</ele>
        <time>2026-08-07T15:34:45+0800</time>
        <extensions>
          <gpxtpx:TrackPointExtension>
            <gpxtpx:hr>171</gpxtpx:hr>
            <gpxtpx:cad>86</gpxtpx:cad>
          </gpxtpx:TrackPointExtension>
        </extensions>
      </trkpt>
      <trkpt lat="32.0159478486" lon="120.895602135">
        <ele>6.8</ele>
        <time>2026-08-07T15:34:46+0800</time>
        <extensions>
          <gpxtpx:TrackPointExtension>
            <gpxtpx:hr>171</gpxtpx:hr>
            <gpxtpx:cad>86</gpxtpx:cad>
          </gpxtpx:TrackPointExtension>
        </extensions>
      </trkpt>
      <trkpt lat="32.0159712341" lon="120.895609846">
        <ele>6.8</ele>
        <time>2026-08-07T15:34:47+0800</time>
        <extensions>
          <gpxtpx:TrackPointExtension>
            <gpxtpx:hr>171</gpxtpx:hr>
            <gpxtpx:cad>86</gpxtpx:cad>
          </gpxtpx:TrackPointExtension>
        </extensions>
      </trkpt>
      <trkpt lat="32.0159796998" lon="120.895622335">
        <ele>7.0</ele>
        <time>2026-08-07T15:34:48+0800</time>
        <extensions>
          <gpxtpx:TrackPointExtension>
            <gpxtpx:hr>170</gpxtpx:hr>
            <gpxtpx:cad>84</gpxtpx:cad>
          </gpxtpx:TrackPointExtension>
        </extensions>
      </trkpt>
      <trkpt lat="32.0159834716" lon="120.895631053">
        <ele>7.0</ele>
        <time>2026-08-07T15:34:49+0800</time>
        <extensions>
          <gpxtpx:TrackPointExtension>
            <gpxtpx:hr>170</gpxtpx:hr>
            <gpxtpx:cad>81</gpxtpx:cad>
          </gpxtpx:TrackPointExtension>
        </extensions>
      </trkpt>
      <trkpt lat="32.0159905963" lon="120.895653516">
        <ele>7.2</ele>
        <time>2026-08-07T15:34:50+0800</time>
        <extensions>
          <gpxtpx:TrackPointExtension>
            <gpxtpx:hr>170</gpxtpx:hr>
            <gpxtpx:cad>78</gpxtpx:cad>
          </gpxtpx:TrackPointExtension>
        </extensions>
      </trkpt>
      <trkpt lat="32.0159928594" lon="120.895658126">
        <ele>7.2</ele>
        <time>2026-08-07T15:34:51+0800</time>
        <extensions>
          <gpxtpx:TrackPointExtension>
            <gpxtpx:hr>170</gpxtpx:hr>
            <gpxtpx:cad>75</gpxtpx:cad>
          </gpxtpx:TrackPointExtension>
        </extensions>
      </trkpt>
    </trkseg>
  </trk>
</gpx>