<?xml version="1.0" encoding="UTF-8"?>
<gpx xmlns="http://www.topografix.com/GPX/1/1" xmlns:gpxtpx="http://www.garmin.com/xmlschemas/TrackPointExtension/v1" xmlns:xsi="http://www.w3.org/2001/XMLSchema-instance" xsi:schemaLocation="http://www.topografix.com/GPX/1/1 http://www.topografix.com/GPX/1/1/gpx.xsd" version="1.1" creator="gpx.py -- https://github.com/tkrajina/gpxpy">
  <trk>
    <name>run from tulipsport by Garmin FR255</name>
    <trkseg>
      <trkpt lat="32.0236867759" lon="120.893439269">
        <ele>9.6</ele>
        <time>2026-09-04T13:48:21+0800</time>
        <extensions>
          <gpxtpx:TrackPointExtension>
            <gpxtpx:hr>81</gpxtpx:hr>
            <gpxtpx:cad>0</gpxtpx:cad>
          </gpxtpx:TrackPointExtension>
        </extensions>
      </trkpt>
      <trkpt lat="32.0236867759" lon="120.893439269">
        <ele>9.4</ele>
        <time>2026-09-04T13:48:22+0800</time>
        <extensions>
          <gpxtpx:TrackPointExtension>
            <gpxtpx:hr>81</gpxtpx:hr>
            <gpxtpx:cad>0</gpxtpx:cad>
          </gpxtpx:TrackPointExtension>
        </extensions>
      </trkpt>
      <trkpt lat="32.0236539189" lon="120.893428205">
        <ele>9.4</ele>
        <time>2026-09-04T13:48:23+0800</time>
        <extensions>
          <gpxtpx:TrackPointExtension>
            <gpxtpx:hr>82</gpxtpx:hr>
            <gpxtpx:cad>0</gpxtpx:cad>
          </gpxtpx:TrackPointExtension>
        </extensions>
      </trkpt>
      <trkpt lat="32.0236295275" lon="120.893425522">
        <ele>9.4</ele>
        <time>2026-09-04T13:48:24+0800</time>
        <extensions>
          <gpxtpx:TrackPointExtension>
            <gpxtpx:hr>83</gpxtpx:hr>
            <gpxtpx:cad>83</gpxtpx:cad>
          </gpxtpx:TrackPointExtension>
        </extensions>
      </trkpt>
      <trkpt lat="32.0236063097" lon="120.893358551">
        <ele>9.2</ele>
        <time>2026-09-04T13:48:25+0800</time>
        <extensions>
          <gpxtpx:TrackPointExtension>
            <gpxtpx:hr>82</gpxtpx:hr>
            <gpxtpx:cad>85</gpxtpx:cad>
          </gpxtpx:TrackPointExtension>
        </extensions>
      </trkpt>
      <trkpt lat="32.0235813316" lon="120.893330555">
        <ele>9.2</ele>
        <time>2026-09-04T13:48:26+0800</time>
        <extensions>
          <gpxtpx:TrackPointExtension>
            <gpxtpx:hr>83</gpxtpx:hr>
            <gpxtpx:cad>87</gpxtpx:cad>
          </gpxtpx:TrackPointExtension>
        </extensions>
      </trkpt>
      <trkpt lat="32.0235671662" lon="120.893322174">
        <ele>9.0</ele>
        <time>2026-09-04T13:48:27+0800</time>
        <extensions>
          <gpxtpx:TrackPointExtension>
            <gpxtpx:hr>83</gpxtpx:hr>
            <gpxtpx:cad>88</gpxtpx:cad>
          </gpxtpx:TrackPointExtension>
        </extensions>
      </trkpt>
      <trkpt lat="32.0235477202" lon="120.893294681">
        <ele>9.0</ele>
        <time>2026-09-04T13:48:28+0800</time>
        <extensions>
          <gpxtpx:TrackPointExtension>
            <gpxtpx:hr>84</gpxtpx:hr>
            <gpxtpx:cad>88</gpxtpx:cad>
          </gpxtpx:TrackPointExtension>
        </extensions>
      </trkpt>
      <trkpt lat="32.0235236641" lon="120.893277414">
        <ele>9.0</ele>
        <time>2026-09-04T13:48:29+0800</time>
        <extensions>
          <gpxtpx:TrackPointExtension>
            <gpxtpx:hr>84</gpxtpx:hr>
            <gpxtpx:cad>88</gpxtpx:cad>
          </gpxtpx:TrackPointExtension>
        </extensions>
      </trkpt>
      <trkpt lat="32.0235102531" lon="120.893249502">
        <ele>9.0</ele>
        <time>2026-09-04T13:48:30+0800</time>
        <extensions>
          <gpxtpx:TrackPointExtension>
            <gpxtpx:hr>86</gpxtpx:hr>
            <gpxtpx:cad>89</gpxtpx:cad>
          </gpxtpx:TrackPointExtension>
        </extensions>
      </trkpt>
      <trkpt lat="32.0234917291" lon="120.893228715">
        <ele>9.0</ele>
        <time>2026-09-04T13:48:31+0800</time>
        <extensions>
          <gpxtpx:TrackPointExtension>
            <gpxtpx:hr>88</gpxtpx:hr>
            <gpxtpx:cad>90</gpxtpx:cad>
          </gpxtpx:TrackPointExtension>
        </extensions>
      </trkpt>
      <trkpt lat="32.023484353" lon="120.893206168">
        <ele>9.2</ele>
        <time>2026-09-04T13:48:32+0800</time>
        <extensions>
          <gpxtpx:TrackPointExtension>
            <gpxtpx:hr>89</gpxtpx:hr>
            <gpxtpx:cad>90</gpxtpx:cad>
          </gpxtpx:TrackPointExtension>
        </extensions>
      </trkpt>
      <trkpt lat="32.0234805811" lon="120.893174233">
        <ele>9.2</ele>
        <time>2026-09-04T13:48:33+0800</time>
        <extensions>
          <gpxtpx:TrackPointExtension>
            <gpxtpx:hr>90</gpxtpx:hr>
            <gpxtpx:cad>90</gpxtpx:cad>
          </gpxtpx:TrackPointExtension>
        </extensions>
      </trkpt>
      <trkpt lat="32.0234729536" lon="120.893142801">
        <ele>9.2</ele>
        <time>2026-09-04T13:48:34+0800</time>
        <extensions>
          <gpxtpx:TrackPointExtension>
            <gpxtpx:hr>90</gpxtpx:hr>
            <gpxtpx:cad>91</gpxtpx:cad>
          </gpxtpx:TrackPointExtension>
        </extensions>
      </trkpt>
      <trkpt lat="32.0234712772" lon="120.893121343">
        <ele>9.4</ele>
        <time>2026-09-04T13:48:35+0800</time>
        <extensions>
          <gpxtpx:TrackPointExtension>
            <gpxtpx:hr>92</gpxtpx:hr>
            <gpxtpx:cad>92</gpxtpx:cad>
          </gpxtpx:TrackPointExtension>
        </extensions>
      </trkpt>
      <trkpt lat="32.0234753843" lon="120.893085552">
        <ele>9.4</ele>
        <time>2026-09-04T13:48:36+0800</time>
        <extensions>
          <gpxtpx:TrackPointExtension>
            <gpxtpx:hr>93</gpxtpx:hr>
            <gpxtpx:cad>92</gpxtpx:cad>
          </gpxtpx:TrackPointExtension>
        </extensions>
      </trkpt>
      <trkpt lat="32.0234847721" lon="120.893058646">
        <ele>9.2</ele>
        <time>2026-09-04T13:48:37+0800</time>
        <extensions>
          <gpxtpx:TrackPointExtension>
            <gpxtpx:hr>95</gpxtpx:hr>
            <gpxtpx:cad>91</gpxtpx:cad>
          </gpxtpx:TrackPointExtension>
        </extensions>
      </trkpt>
      <trkpt lat="32.0234775636" lon="120.893014893">
        <ele>9.2</ele>
        <time>2026-09-04T13:48:38+0800</time>
        <extensions>
          <gpxtpx:TrackPointExtension>
            <gpxtpx:hr>96</gpxtpx:hr>
            <gpxtpx:cad>91</gpxtpx:cad>
          </gpxtpx:TrackPointExtension>
        </extensions>
      </trkpt>
      <trkpt lat="32.0234611351" lon="120.892992765">
        <ele>9.2</ele>
        <time>2026-09-04T13:48:39+0800</time>
        <extensions>
          <gpxtpx:TrackPointExtension>
            <gpxtpx:hr>98</gpxtpx:hr>
            <gpxtpx:cad>91</gpxtpx:cad>
          </gpxtpx:TrackPointExtension>
        </extensions>
      </trkpt>
      <trkpt lat="32.0234419405" lon="120.892932247">
        <ele>9.2</ele>
        <time>2026-09-04T13:48:40+0800</time>
        <extensions>
          <gpxtpx:TrackPointExtension>
            <gpxtpx:hr>99</gpxtpx:hr>
            <gpxtpx:cad>91</gpxtpx:cad>
          </gpxtpx:TrackPointExtension>
        </extensions>
      </trkpt>
      <trkpt lat="32.0234346483" lon="120.892897211">
        <ele>9.2</ele>
        <time>2026-09-04T13:48:41+0800</time>
        <extensions>
          <gpxtpx:TrackPointExtension>
            <gpxtpx:hr>100</gpxtpx:hr>
            <gpxtpx:cad>90</gpxtpx:cad>
          </gpxtpx:TrackPointExtension>
        </extensions>
      </trkpt>
      <trkpt lat="32.0234204829" lon="120.892857481">
        <ele>9.2</ele>
        <time>2026-09-04T13:48:42+0800</time>
        <extensions>
          <gpxtpx:TrackPointExtension>
            <gpxtpx:hr>102</gpxtpx:hr>
            <gpxtpx:cad>90</gpxtpx:cad>
          </gpxtpx:TrackPointExtension>
        </extensions>
      </trkpt>
      <trkpt lat="32.0234072395" lon="120.892838622">
        <ele>9.2</ele>
        <time>2026-09-04T13:48:43+0800</time>
        <extensions>
          <gpxtpx:TrackPointExtension>
            <gpxtpx:hr>103</gpxtpx:hr>
            <gpxtpx:cad>90</gpxtpx:cad>
          </gpxtpx:TrackPointExtension>
        </extensions>
      </trkpt>
      <trkpt lat="32.0233906433" lon="120.892815487">
        <ele>9.2</ele>
        <time>2026-09-04T13:48:44+0800</time>
        <extensions>
          <gpxtpx:TrackPointExtension>
            <gpxtpx:hr>105</gpxtpx:hr>
            <gpxtpx:cad>90</gpxtpx:cad>
          </gpxtpx:TrackPointExtension>
        </extensions>
      </trkpt>
      <trkpt lat="32.0233775675" lon="120.892794868">
        <ele>9.2</ele>
        <time>2026-09-04T13:48:45+0800</time>
        <extensions>
          <gpxtpx:TrackPointExtension>
            <gpxtpx:hr>106</gpxtpx:hr>
            <gpxtpx:cad>89</gpxtpx:cad>
          </gpxtpx:TrackPointExtension>
        </extensions>
      </trkpt>
      <trkpt lat="32.0233577024" lon="120.892774919">
        <ele>9.2</ele>
        <time>2026-09-04T13:48:46+0800</time>
        <extensions>
          <gpxtpx:TrackPointExtension>
            <gpxtpx:hr>108</gpxtpx:hr>
            <gpxtpx:cad>89</gpxtpx:cad>
          </gpxtpx:TrackPointExtension>
        </extensions>
      </trkpt>
      <trkpt lat="32.0233386755" lon="120.892764023">
        <ele>9.2</ele>
        <time>2026-09-04T13:48:47+0800</time>
        <extensions>
          <gpxtpx:TrackPointExtension>
            <gpxtpx:hr>110</gpxtpx:hr>
            <gpxtpx:cad>88</gpxtpx:cad>
          </gpxtpx:TrackPointExtension>
        </extensions>
      </trkpt>
      <trkpt lat="32.0233127754" lon="120.892760083">
        <ele>9.0</ele>
        <time>2026-09-04T13:48:48+0800</time>
        <extensions>
          <gpxtpx:TrackPointExtension>
            <gpxtpx:hr>112</gpxtpx:hr>
            <gpxtpx:cad>88</gpxtpx:cad>
          </gpxtpx:TrackPointExtension>
        </extensions>
      </trkpt>
      <trkpt lat="32.0232883003" lon="120.892758993">
        <ele>9.0</ele>
        <time>2026-09-04T13:48:49+0800</time>
        <extensions>
          <gpxtpx:TrackPointExtension>
            <gpxtpx:hr>114</gpxtpx:hr>
            <gpxtpx:cad>87</gpxtpx:cad>
          </gpxtpx:TrackPointExtension>
        </extensions>
      </trkpt>
      <trkpt lat="32.0232674293" lon="120.892764274">
        <ele>9.0</ele>
        <time>2026-09-04T13:48:50+0800</time>
        <extensions>
          <gpxtpx:TrackPointExtension>
            <gpxtpx:hr>116</gpxtpx:hr>
            <gpxtpx:cad>87</gpxtpx:cad>
          </gpxtpx:TrackPointExtension>
        </extensions>
      </trkpt>
      <trkpt lat="32.0232381765" lon="120.892769638">
        <ele>9.0</ele>
        <time>2026-09-04T13:48:51+0800</time>
        <extensions>
          <gpxtpx:TrackPointExtension>
            <gpxtpx:hr>117</gpxtpx:hr>
            <gpxtpx:cad>87</gpxtpx:cad>
          </gpxtpx:TrackPointExtension>
        </extensions>
      </trkpt>
      <trkpt lat="32.0232161321" lon="120.892772572">
        <ele>9.0</ele>
        <time>2026-09-04T13:48:52+0800</time>
        <extensions>
          <gpxtpx:TrackPointExtension>
            <gpxtpx:hr>118</gpxtpx:hr>
            <gpxtpx:cad>87</gpxtpx:cad>
          </gpxtpx:TrackPointExtension>
        </extensions>
      </trkpt>
      <trkpt lat="32.0231896453" lon="120.892777517">
        <ele>9.0</ele>
        <time>2026-09-04T13:48:53+0800</time>
        <extensions>
          <gpxtpx:TrackPointExtension>
            <gpxtpx:hr>118</gpxtpx:hr>
            <gpxtpx:cad>88</gpxtpx:cad>
          </gpxtpx:TrackPointExtension>
        </extensions>
      </trkpt>
      <trkpt lat="32.0231681038" lon="120.89278263">
        <ele>9.0</ele>
        <time>2026-09-04T13:48:54+0800</time>
        <extensions>
          <gpxtpx:TrackPointExtension>
            <gpxtpx:hr>119</gpxtpx:hr>
            <gpxtpx:cad>88</gpxtpx:cad>
          </gpxtpx:TrackPointExtension>
        </extensions>
      </trkpt>
      <trkpt lat="32.0231431257" lon="120.892791599">
        <ele>9.0</ele>
        <time>2026-09-04T13:48:55+0800</time>
        <extensions>
          <gpxtpx:TrackPointExtension>
            <gpxtpx:hr>119</gpxtpx:hr>
            <gpxtpx:cad>89</gpxtpx:cad>
          </gpxtpx:TrackPointExtension>
        </extensions>
      </trkpt>
      <trkpt lat="32.0231256913" lon="120.892805262">
        <ele>9.0</ele>
        <time>2026-09-04T13:48:56+0800</time>
        <extensions>
          <gpxtpx:TrackPointExtension>
            <gpxtpx:hr>119</gpxtpx:hr>
            <gpxtpx:cad>89</gpxtpx:cad>
          </gpxtpx:TrackPointExtension>
        </extensions>
      </trkpt>
      <trkpt lat="32.0231017191" lon="120.892823702">
        <ele>9.0</ele>
        <time>2026-09-04T13:48:57+0800</time>
        <extensions>
          <gpxtpx:TrackPointExtension>
            <gpxtpx:hr>120</gpxtpx:hr>
            <gpxtpx:cad>89</gpxtpx:cad>
          </gpxtpx:TrackPointExtension>
        </extensions>
      </trkpt>
      <trkpt lat="32.0230815187" lon="120.892841052">
        <ele>9.0</ele>
        <time>2026-09-04T13:48:58+0800</time>
        <extensions>
          <gpxtpx:TrackPointExtension>
            <gpxtpx:hr>119</gpxtpx:hr>
            <gpxtpx:cad>89</gpxtpx:cad>
          </gpxtpx:TrackPointExtension>
        </extensions>
      </trkpt>
      <trkpt lat="32.023054529" lon="120.892857565">
        <ele>9.0</ele>
        <time>2026-09-04T13:48:59+0800</time>
        <extensions>
          <gpxtpx:TrackPointExtension>
            <gpxtpx:hr>119</gpxtpx:hr>
            <gpxtpx:cad>89</gpxtpx:cad>
          </gpxtpx:TrackPointExtension>
        </extensions>
      </trkpt>
      <trkpt lat="32.0230375137" lon="120.892875837">
        <ele>9.0</ele>
        <time>2026-09-04T13:49:00+0800</time>
        <extensions>
          <gpxtpx:TrackPointExtension>
            <gpxtpx:hr>119</gpxtpx:hr>
            <gpxtpx:cad>89</gpxtpx:cad>
          </gpxtpx:TrackPointExtension>
        </extensions>
      </trkpt>
      <trkpt lat="32.0230070036" lon="120.892890757">
        <ele>9.0</ele>
        <time>2026-09-04T13:49:01+0800</time>
        <extensions>
          <gpxtpx:TrackPointExtension>
            <gpxtpx:hr>119</gpxtpx:hr>
            <gpxtpx:cad>89</gpxtpx:cad>
          </gpxtpx:TrackPointExtension>
        </extensions>
      </trkpt>
      <trkpt lat="32.0229900721" lon="120.892909449">
        <ele>9.0</ele>
        <time>2026-09-04T13:49:02+0800</time>
        <extensions>
          <gpxtpx:TrackPointExtension>
            <gpxtpx:hr>118</gpxtpx:hr>
            <gpxtpx:cad>89</gpxtpx:cad>
          </gpxtpx:TrackPointExtension>
        </extensions>
      </trkpt>
      <trkpt lat="32.022956796" lon="120.892927973">
        <ele>9.0</ele>
        <time>2026-09-04T13:49:03+0800</time>
        <extensions>
          <gpxtpx:TrackPointExtension>
            <gpxtpx:hr>118</gpxtpx:hr>
            <gpxtpx:cad>89</gpxtpx:cad>
          </gpxtpx:TrackPointExtension>
        </extensions>
      </trkpt>
      <trkpt lat="32.0229358412" lon="120.892947">
        <ele>9.0</ele>
        <time>2026-09-04T13:49:04+0800</time>
        <extensions>
          <gpxtpx:TrackPointExtension>
            <gpxtpx:hr>118</gpxtpx:hr>
            <gpxtpx:cad>89</gpxtpx:cad>
          </gpxtpx:TrackPointExtension>
        </extensions>
      </trkpt>
      <trkpt lat="32.022898877" lon="120.892960494">
        <ele>9.2</ele>
        <time>2026-09-04T13:49:05+0800</time>
        <extensions>
          <gpxtpx:TrackPointExtension>
            <gpxtpx:hr>118</gpxtpx:hr>
            <gpxtpx:cad>89</gpxtpx:cad>
          </gpxtpx:TrackPointExtension>
        </extensions>
      </trkpt>
      <trkpt lat="32.0228754077" lon="120.892977761">
        <ele>9.2</ele>
        <time>2026-09-04T13:49:06+0800</time>
        <extensions>
          <gpxtpx:TrackPointExtension>
            <gpxtpx:hr>119</gpxtpx:hr>
            <gpxtpx:cad>88</gpxtpx:cad>
          </gpxtpx:TrackPointExtension>
        </extensions>
      </trkpt>
      <trkpt lat="32.0228362642" lon="120.89299134">
        <ele>9.2</ele>
        <time>2026-09-04T13:49:07+0800</time>
        <extensions>
          <gpxtpx:TrackPointExtension>
            <gpxtpx:hr>118</gpxtpx:hr>
            <gpxtpx:cad>88</gpxtpx:cad>
          </gpxtpx:TrackPointExtension>
        </extensions>
      </trkpt>
      <trkpt lat="32.0228136331" lon="120.893000476">
        <ele>9.2</ele>
        <time>2026-09-04T13:49:08+0800</time>
        <extensions>
          <gpxtpx:TrackPointExtension>
            <gpxtpx:hr>118</gpxtpx:hr>
            <gpxtpx:cad>88</gpxtpx:cad>
          </gpxtpx:TrackPointExtension>
        </extensions>
      </trkpt>
      <trkpt lat="32.022781698" lon="120.89300978">
        <ele>9.2</ele>
        <time>2026-09-04T13:49:09+0800</time>
        <extensions>
          <gpxtpx:TrackPointExtension>
            <gpxtpx:hr>118</gpxtpx:hr>
            <gpxtpx:cad>88</gpxtpx:cad>
          </gpxtpx:TrackPointExtension>
        </extensions>
      </trkpt>
      <trkpt lat="32.0227596536" lon="120.893011456">
        <ele>9.2</ele>
        <time>2026-09-04T13:49:10+0800</time>
        <extensions>
          <gpxtpx:TrackPointExtension>
            <gpxtpx:hr>119</gpxtpx:hr>
            <gpxtpx:cad>89</gpxtpx:cad>
          </gpxtpx:TrackPointExtension>
        </extensions>
      </trkpt>
      <trkpt lat="32.0227243658" lon="120.893016988">
        <ele>9.2</ele>
        <time>2026-09-04T13:49:11+0800</time>
        <extensions>
          <gpxtpx:TrackPointExtension>
            <gpxtpx:hr>119</gpxtpx:hr>
            <gpxtpx:cad>89</gpxtpx:cad>
          </gpxtpx:TrackPointExtension>
        </extensions>
      </trkpt>
      <trkpt lat="32.0226985496" lon="120.893030483">
        <ele>9.2</ele>
        <time>2026-09-04T13:49:12+0800</time>
        <extensions>
          <gpxtpx:TrackPointExtension>
            <gpxtpx:hr>120</gpxtpx:hr>
            <gpxtpx:cad>89</gpxtpx:cad>
          </gpxtpx:TrackPointExtension>
        </extensions>
      </trkpt>
      <trkpt lat="32.0226681232" lon="120.893037692">
        <ele>9.2</ele>
        <time>2026-09-04T13:49:13+0800</time>
        <extensions>
          <gpxtpx:TrackPointExtension>
            <gpxtpx:hr>120</gpxtpx:hr>
            <gpxtpx:cad>89</gpxtpx:cad>
          </gpxtpx:TrackPointExtension>
        </extensions>
      </trkpt>
      <trkpt lat="32.0226454921" lon="120.893044984">
        <ele>9.2</ele>
        <time>2026-09-04T13:49:14+0800</time>
        <extensions>
          <gpxtpx:TrackPointExtension>
            <gpxtpx:hr>121</gpxtpx:hr>
            <gpxtpx:cad>89</gpxtpx:cad>
          </gpxtpx:TrackPointExtension>
        </extensions>
      </trkpt>
      <trkpt lat="32.0226090308" lon="120.893051522">
        <ele>9.2</ele>
        <time>2026-09-04T13:49:15+0800</time>
        <extensions>
          <gpxtpx:TrackPointExtension>
            <gpxtpx:hr>122</gpxtpx:hr>
            <gpxtpx:cad>89</gpxtpx:cad>
          </gpxtpx:TrackPointExtension>
        </extensions>
      </trkpt>
      <trkpt lat="32.0225874055" lon="120.893061496">
        <ele>9.2</ele>
        <time>2026-09-04T13:49:16+0800</time>
        <extensions>
          <gpxtpx:TrackPointExtension>
            <gpxtpx:hr>123</gpxtpx:hr>
            <gpxtpx:cad>90</gpxtpx:cad>
          </gpxtpx:TrackPointExtension>
        </extensions>
      </trkpt>
      <trkpt lat="32.0225504413" lon="120.893064262">
        <ele>9.2</ele>
        <time>2026-09-04T13:49:17+0800</time>
        <extensions>
          <gpxtpx:TrackPointExtension>
            <gpxtpx:hr>123</gpxtpx:hr>
            <gpxtpx:cad>90</gpxtpx:cad>
          </gpxtpx:TrackPointExtension>
        </extensions>
      </trkpt>
      <trkpt lat="32.0225316659" lon="120.893070884">
        <ele>9.2</ele>
        <time>2026-09-04T13:49:18+0800</time>
        <extensions>
          <gpxtpx:TrackPointExtension>
            <gpxtpx:hr>123</gpxtpx:hr>
            <gpxtpx:cad>90</gpxtpx:cad>
          </gpxtpx:TrackPointExtension>
        </extensions>
      </trkpt>
      <trkpt lat="32.0224964619" lon="120.89306795">
        <ele>9.2</ele>
        <time>2026-09-04T13:49:19+0800</time>
        <extensions>
          <gpxtpx:TrackPointExtension>
            <gpxtpx:hr>124</gpxtpx:hr>
            <gpxtpx:cad>90</gpxtpx:cad>
          </gpxtpx:TrackPointExtension>
        </extensions>
      </trkpt>
      <trkpt lat="32.0224764291" lon="120.893072644">
        <ele>9.2</ele>
        <time>2026-09-04T13:49:20+0800</time>
        <extensions>
          <gpxtpx:TrackPointExtension>
            <gpxtpx:hr>125</gpxtpx:hr>
            <gpxtpx:cad>90</gpxtpx:cad>
          </gpxtpx:TrackPointExtension>
        </extensions>
      </trkpt>
      <trkpt lat="32.0224414766" lon="120.893073985">
        <ele>9.2</ele>
        <time>2026-09-04T13:49:21+0800</time>
        <extensions>
          <gpxtpx:TrackPointExtension>
            <gpxtpx:hr>125</gpxtpx:hr>
            <gpxtpx:cad>90</gpxtpx:cad>
          </gpxtpx:TrackPointExtension>
        </extensions>
      </trkpt>
      <trkpt lat="32.0224164985" lon="120.893072477">
        <ele>9.2</ele>
        <time>2026-09-04T13:49:22+0800</time>
        <extensions>
          <gpxtpx:TrackPointExtension>
            <gpxtpx:hr>126</gpxtpx:hr>
            <gpxtpx:cad>90</gpxtpx:cad>
          </gpxtpx:TrackPointExtension>
        </extensions>
      </trkpt>
      <trkpt lat="32.0223817974" lon="120.893070716">
        <ele>9.2</ele>
        <time>2026-09-04T13:49:23+0800</time>
        <extensions>
          <gpxtpx:TrackPointExtension>
            <gpxtpx:hr>127</gpxtpx:hr>
            <gpxtpx:cad>90</gpxtpx:cad>
          </gpxtpx:TrackPointExtension>
        </extensions>
      </trkpt>
      <trkpt lat="32.0223510358" lon="120.893071974">
        <ele>9.2</ele>
        <time>2026-09-04T13:49:24+0800</time>
        <extensions>
          <gpxtpx:TrackPointExtension>
            <gpxtpx:hr>127</gpxtpx:hr>
            <gpxtpx:cad>90</gpxtpx:cad>
          </gpxtpx:TrackPointExtension>
        </extensions>
      </trkpt>
      <trkpt lat="32.0223231241" lon="120.893075326">
        <ele>9.4</ele>
        <time>2026-09-04T13:49:25+0800</time>
        <extensions>
          <gpxtpx:TrackPointExtension>
            <gpxtpx:hr>128</gpxtpx:hr>
            <gpxtpx:cad>89</gpxtpx:cad>
          </gpxtpx:TrackPointExtension>
        </extensions>
      </trkpt>
      <trkpt lat="32.0222989842" lon="120.893074907">
        <ele>9.4</ele>
        <time>2026-09-04T13:49:26+0800</time>
        <extensions>
          <gpxtpx:TrackPointExtension>
            <gpxtpx:hr>129</gpxtpx:hr>
            <gpxtpx:cad>90</gpxtpx:cad>
          </gpxtpx:TrackPointExtension>
        </extensions>
      </trkpt>
      <trkpt lat="32.0222716592" lon="120.893068705">
        <ele>9.4</ele>
        <time>2026-09-04T13:49:27+0800</time>
        <extensions>
          <gpxtpx:TrackPointExtension>
            <gpxtpx:hr>129</gpxtpx:hr>
            <gpxtpx:cad>90</gpxtpx:cad>
          </gpxtpx:TrackPointExtension>
        </extensions>
      </trkpt>
      <trkpt lat="32.0222468488" lon="120.89306334">
        <ele>9.4</ele>
        <time>2026-09-04T13:49:28+0800</time>
        <extensions>
          <gpxtpx:TrackPointExtension>
            <gpxtpx:hr>129</gpxtpx:hr>
            <gpxtpx:cad>90</gpxtpx:cad>
          </gpxtpx:TrackPointExtension>
        </extensions>
      </trkpt>
      <trkpt lat="32.0222067833" lon="120.893056802">
        <ele>9.4</ele>
        <time>2026-09-04T13:49:29+0800</time>
        <extensions>
          <gpxtpx:TrackPointExtension>
            <gpxtpx:hr>130</gpxtpx:hr>
            <gpxtpx:cad>90</gpxtpx:cad>
          </gpxtpx:TrackPointExtension>
        </extensions>
      </trkpt>
      <trkpt lat="32.0221841522" lon="120.893057724">
        <ele>9.4</ele>
        <time>2026-09-04T13:49:30+0800</time>
        <extensions>
          <gpxtpx:TrackPointExtension>
            <gpxtpx:hr>130</gpxtpx:hr>
            <gpxtpx:cad>90</gpxtpx:cad>
          </gpxtpx:TrackPointExtension>
        </extensions>
      </trkpt>
      <trkpt lat="32.0221534744" lon="120.893057808">
        <ele>9.4</ele>
        <time>2026-09-04T13:49:31+0800</time>
        <extensions>
          <gpxtpx:TrackPointExtension>
            <gpxtpx:hr>131</gpxtpx:hr>
            <gpxtpx:cad>90</gpxtpx:cad>
          </gpxtpx:TrackPointExtension>
        </extensions>
      </trkpt>
      <trkpt lat="32.0221319329" lon="120.893060826">
        <ele>9.2</ele>
        <time>2026-09-04T13:49:32+0800</time>
        <extensions>
          <gpxtpx:TrackPointExtension>
            <gpxtpx:hr>131</gpxtpx:hr>
            <gpxtpx:cad>90</gpxtpx:cad>
          </gpxtpx:TrackPointExtension>
        </extensions>
      </trkpt>
      <trkpt lat="32.0220967289" lon="120.893059317">
        <ele>9.2</ele>
        <time>2026-09-04T13:49:33+0800</time>
        <extensions>
          <gpxtpx:TrackPointExtension>
            <gpxtpx:hr>132</gpxtpx:hr>
            <gpxtpx:cad>90</gpxtpx:cad>
          </gpxtpx:TrackPointExtension>
        </extensions>
      </trkpt>
      <trkpt lat="32.0220768638" lon="120.893060993">
        <ele>9.2</ele>
        <time>2026-09-04T13:49:34+0800</time>
        <extensions>
          <gpxtpx:TrackPointExtension>
            <gpxtpx:hr>132</gpxtpx:hr>
            <gpxtpx:cad>90</gpxtpx:cad>
          </gpxtpx:TrackPointExtension>
        </extensions>
      </trkpt>
      <trkpt lat="32.022047611" lon="120.893052863">
        <ele>9.4</ele>
        <time>2026-09-04T13:49:35+0800</time>
        <extensions>
          <gpxtpx:TrackPointExtension>
            <gpxtpx:hr>132</gpxtpx:hr>
            <gpxtpx:cad>91</gpxtpx:cad>
          </gpxtpx:TrackPointExtension>
        </extensions>
      </trkpt>
      <trkpt lat="32.0220238902" lon="120.893054958">
        <ele>9.2</ele>
        <time>2026-09-04T13:49:36+0800</time>
        <extensions>
          <gpxtpx:TrackPointExtension>
            <gpxtpx:hr>132</gpxtpx:hr>
            <gpxtpx:cad>90</gpxtpx:cad>
          </gpxtpx:TrackPointExtension>
        </extensions>
      </trkpt>
      <trkpt lat="32.0219930448" lon="120.893052695">
        <ele>9.4</ele>
        <time>2026-09-04T13:49:37+0800</time>
        <extensions>
          <gpxtpx:TrackPointExtension>
            <gpxtpx:hr>132</gpxtpx:hr>
            <gpxtpx:cad>91</gpxtpx:cad>
          </gpxtpx:TrackPointExtension>
        </extensions>
      </trkpt>
      <trkpt lat="32.0219694078" lon="120.893051857">
        <ele>9.4</ele>
        <time>2026-09-04T13:49:38+0800</time>
        <extensions>
          <gpxtpx:TrackPointExtension>
            <gpxtpx:hr>132</gpxtpx:hr>
            <gpxtpx:cad>90</gpxtpx:cad>
          </gpxtpx:TrackPointExtension>
        </extensions>
      </trkpt>
      <trkpt lat="32.0219381433" lon="120.893043727">
        <ele>9.4</ele>
        <time>2026-09-04T13:49:39+0800</time>
        <extensions>
          <gpxtpx:TrackPointExtension>
            <gpxtpx:hr>133</gpxtpx:hr>
            <gpxtpx:cad>91</gpxtpx:cad>
          </gpxtpx:TrackPointExtension>
        </extensions>
      </trkpt>
      <trkpt lat="32.02191283" lon="120.893036183">
        <ele>9.4</ele>
        <time>2026-09-04T13:49:40+0800</time>
        <extensions>
          <gpxtpx:TrackPointExtension>
            <gpxtpx:hr>133</gpxtpx:hr>
            <gpxtpx:cad>91</gpxtpx:cad>
          </gpxtpx:TrackPointExtension>
        </extensions>
      </trkpt>
      <trkpt lat="32.0218782965" lon="120.893021096">
        <ele>9.4</ele>
        <time>2026-09-04T13:49:41+0800</time>
        <extensions>
          <gpxtpx:TrackPointExtension>
            <gpxtpx:hr>132</gpxtpx:hr>
            <gpxtpx:cad>90</gpxtpx:cad>
          </gpxtpx:TrackPointExtension>
        </extensions>
      </trkpt>
      <trkpt lat="32.0218531508" lon="120.89302076">
        <ele>9.4</ele>
        <time>2026-09-04T13:49:42+0800</time>
        <extensions>
          <gpxtpx:TrackPointExtension>
            <gpxtpx:hr>133</gpxtpx:hr>
            <gpxtpx:cad>90</gpxtpx:cad>
          </gpxtpx:TrackPointExtension>
        </extensions>
      </trkpt>
      <trkpt lat="32.0218190365" lon="120.893008271">
        <ele>9.4</ele>
        <time>2026-09-04T13:49:43+0800</time>
        <extensions>
          <gpxtpx:TrackPointExtension>
            <gpxtpx:hr>132</gpxtpx:hr>
            <gpxtpx:cad>91</gpxtpx:cad>
          </gpxtpx:TrackPointExtension>
        </extensions>
      </trkpt>
      <trkpt lat="32.0217901189" lon="120.893000141">
        <ele>9.4</ele>
        <time>2026-09-04T13:49:44+0800</time>
        <extensions>
          <gpxtpx:TrackPointExtension>
            <gpxtpx:hr>132</gpxtpx:hr>
            <gpxtpx:cad>91</gpxtpx:cad>
          </gpxtpx:TrackPointExtension>
        </extensions>
      </trkpt>
      <trkpt lat="32.0217618719" lon="120.892989244">
        <ele>9.6</ele>
        <time>2026-09-04T13:49:45+0800</time>
        <extensions>
          <gpxtpx:TrackPointExtension>
            <gpxtpx:hr>132</gpxtpx:hr>
            <gpxtpx:cad>91</gpxtpx:cad>
          </gpxtpx:TrackPointExtension>
        </extensions>
      </trkpt>
      <trkpt lat="32.0217373129" lon="120.892980192">
        <ele>9.4</ele>
        <time>2026-09-04T13:49:46+0800</time>
        <extensions>
          <gpxtpx:TrackPointExtension>
            <gpxtpx:hr>132</gpxtpx:hr>
            <gpxtpx:cad>91</gpxtpx:cad>
          </gpxtpx:TrackPointExtension>
        </extensions>
      </trkpt>
      <trkpt lat="32.0217099041" lon="120.892973486">
        <ele>9.4</ele>
        <time>2026-09-04T13:49:47+0800</time>
        <extensions>
          <gpxtpx:TrackPointExtension>
            <gpxtpx:hr>132</gpxtpx:hr>
            <gpxtpx:cad>91</gpxtpx:cad>
          </gpxtpx:TrackPointExtension>
        </extensions>
      </trkpt>
      <trkpt lat="32.0216819923" lon="120.892965104">
        <ele>9.4</ele>
        <time>2026-09-04T13:49:48+0800</time>
        <extensions>
          <gpxtpx:TrackPointExtension>
            <gpxtpx:hr>132</gpxtpx:hr>
            <gpxtpx:cad>90</gpxtpx:cad>
          </gpxtpx:TrackPointExtension>
        </extensions>
      </trkpt>
      <trkpt lat="32.0216539968" lon="120.892953454">
        <ele>9.4</ele>
        <time>2026-09-04T13:49:49+0800</time>
        <extensions>
          <gpxtpx:TrackPointExtension>
            <gpxtpx:hr>132</gpxtpx:hr>
            <gpxtpx:cad>90</gpxtpx:cad>
          </gpxtpx:TrackPointExtension>
        </extensions>
      </trkpt>
      <trkpt lat="32.0216345508" lon="120.892949514">
        <ele>9.4</ele>
        <time>2026-09-04T13:49:50+0800</time>
        <extensions>
          <gpxtpx:TrackPointExtension>
            <gpxtpx:hr>132</gpxtpx:hr>
            <gpxtpx:cad>90</gpxtpx:cad>
          </gpxtpx:TrackPointExtension>
        </extensions>
      </trkpt>
      <trkpt lat="32.0216048788" lon="120.892939791">
        <ele>9.4</ele>
        <time>2026-09-04T13:49:51+0800</time>
        <extensions>
          <gpxtpx:TrackPointExtension>
            <gpxtpx:hr>133</gpxtpx:hr>
            <gpxtpx:cad>89</gpxtpx:cad>
          </gpxtpx:TrackPointExtension>
        </extensions>
      </trkpt>
      <trkpt lat="32.0215789787" lon="120.892930403">
        <ele>9.4</ele>
        <time>2026-09-04T13:49:52+0800</time>
        <extensions>
          <gpxtpx:TrackPointExtension>
            <gpxtpx:hr>133</gpxtpx:hr>
            <gpxtpx:cad>89</gpxtpx:cad>
          </gpxtpx:TrackPointExtension>
        </extensions>
      </trkpt>
      <trkpt lat="32.0215489715" lon="120.892920094">
        <ele>9.6</ele>
        <time>2026-09-04T13:49:53+0800</time>
        <extensions>
          <gpxtpx:TrackPointExtension>
            <gpxtpx:hr>133</gpxtpx:hr>
            <gpxtpx:cad>90</gpxtpx:cad>
          </gpxtpx:TrackPointExtension>
        </extensions>
      </trkpt>
      <trkpt lat="32.0215226524" lon="120.89291146">
        <ele>9.6</ele>
        <time>2026-09-04T13:49:54+0800</time>
        <extensions>
          <gpxtpx:TrackPointExtension>
            <gpxtpx:hr>133</gpxtpx:hr>
            <gpxtpx:cad>90</gpxtpx:cad>
          </gpxtpx:TrackPointExtension>
        </extensions>
      </trkpt>
      <trkpt lat="32.0214948244" lon="120.89289587">
        <ele>9.6</ele>
        <time>2026-09-04T13:49:55+0800</time>
        <extensions>
          <gpxtpx:TrackPointExtension>
            <gpxtpx:hr>134</gpxtpx:hr>
            <gpxtpx:cad>90</gpxtpx:cad>
          </gpxtpx:TrackPointExtension>
        </extensions>
      </trkpt>
      <trkpt lat="32.0214682538" lon="120.892886734">
        <ele>9.6</ele>
        <time>2026-09-04T13:49:56+0800</time>
        <extensions>
          <gpxtpx:TrackPointExtension>
            <gpxtpx:hr>134</gpxtpx:hr>
            <gpxtpx:cad>90</gpxtpx:cad>
          </gpxtpx:TrackPointExtension>
        </extensions>
      </trkpt>
      <trkpt lat="32.0214407612" lon="120.892872401">
        <ele>9.6</ele>
        <time>2026-09-04T13:49:57+0800</time>
        <extensions>
          <gpxtpx:TrackPointExtension>
            <gpxtpx:hr>134</gpxtpx:hr>
            <gpxtpx:cad>90</gpxtpx:cad>
          </gpxtpx:TrackPointExtension>
        </extensions>
      </trkpt>
      <trkpt lat="32.0214188006" lon="120.8928579">
        <ele>9.6</ele>
        <time>2026-09-04T13:49:58+0800</time>
        <extensions>
          <gpxtpx:TrackPointExtension>
            <gpxtpx:hr>134</gpxtpx:hr>
            <gpxtpx:cad>90</gpxtpx:cad>
          </gpxtpx:TrackPointExtension>
        </extensions>
      </trkpt>
      <trkpt lat="32.0213944931" lon="120.892841723">
        <ele>9.8</ele>
        <time>2026-09-04T13:49:59+0800</time>
        <extensions>
          <gpxtpx:TrackPointExtension>
            <gpxtpx:hr>133</gpxtpx:hr>
            <gpxtpx:cad>90</gpxtpx:cad>
          </gpxtpx:TrackPointExtension>
        </extensions>
      </trkpt>
      <trkpt lat="32.021370437" lon="120.892827474">
        <ele>9.8</ele>
        <time>2026-09-04T13:50:00+0800</time>
        <extensions>
          <gpxtpx:TrackPointExtension>
            <gpxtpx:hr>134</gpxtpx:hr>
            <gpxtpx:cad>90</gpxtpx:cad>
          </gpxtpx:TrackPointExtension>
        </extensions>
      </trkpt>
      <trkpt lat="32.0213435311" lon="120.892805681">
        <ele>9.8</ele>
        <time>2026-09-04T13:50:01+0800</time>
        <extensions>
          <gpxtpx:TrackPointExtension>
            <gpxtpx:hr>134</gpxtpx:hr>
            <gpxtpx:cad>90</gpxtpx:cad>
          </gpxtpx:TrackPointExtension>
        </extensions>
      </trkpt>
      <trkpt lat="32.0213229116" lon="120.892789504">
        <ele>9.8</ele>
        <time>2026-09-04T13:50:02+0800</time>
        <extensions>
          <gpxtpx:TrackPointExtension>
            <gpxtpx:hr>134</gpxtpx:hr>
            <gpxtpx:cad>90</gpxtpx:cad>
          </gpxtpx:TrackPointExtension>
        </extensions>
      </trkpt>
      <trkpt lat="32.0212996937" lon="120.892766118">
        <ele>9.8</ele>
        <time>2026-09-04T13:50:03+0800</time>
        <extensions>
          <gpxtpx:TrackPointExtension>
            <gpxtpx:hr>134</gpxtpx:hr>
            <gpxtpx:cad>89</gpxtpx:cad>
          </gpxtpx:TrackPointExtension>
        </extensions>
      </trkpt>
      <trkpt lat="32.0212821756" lon="120.892750109">
        <ele>9.8</ele>
        <time>2026-09-04T13:50:04+0800</time>
        <extensions>
          <gpxtpx:TrackPointExtension>
            <gpxtpx:hr>135</gpxtpx:hr>
            <gpxtpx:cad>89</gpxtpx:cad>
          </gpxtpx:TrackPointExtension>
        </extensions>
      </trkpt>
      <trkpt lat="32.0212602988" lon="120.892724544">
        <ele>9.8</ele>
        <time>2026-09-04T13:50:05+0800</time>
        <extensions>
          <gpxtpx:TrackPointExtension>
            <gpxtpx:hr>134</gpxtpx:hr>
            <gpxtpx:cad>89</gpxtpx:cad>
          </gpxtpx:TrackPointExtension>
        </extensions>
      </trkpt>
      <trkpt lat="32.0212406851" lon="120.892709792">
        <ele>9.8</ele>
        <time>2026-09-04T13:50:06+0800</time>
        <extensions>
          <gpxtpx:TrackPointExtension>
            <gpxtpx:hr>134</gpxtpx:hr>
            <gpxtpx:cad>89</gpxtpx:cad>
          </gpxtpx:TrackPointExtension>
        </extensions>
      </trkpt>
      <trkpt lat="32.0212166291" lon="120.892677438">
        <ele>9.8</ele>
        <time>2026-09-04T13:50:07+0800</time>
        <extensions>
          <gpxtpx:TrackPointExtension>
            <gpxtpx:hr>134</gpxtpx:hr>
            <gpxtpx:cad>89</gpxtpx:cad>
          </gpxtpx:TrackPointExtension>
        </extensions>
      </trkpt>
      <trkpt lat="32.0212005358" lon="120.892660506">
        <ele>9.8</ele>
        <time>2026-09-04T13:50:08+0800</time>
        <extensions>
          <gpxtpx:TrackPointExtension>
            <gpxtpx:hr>134</gpxtpx:hr>
            <gpxtpx:cad>89</gpxtpx:cad>
          </gpxtpx:TrackPointExtension>
        </extensions>
      </trkpt>
      <trkpt lat="32.0211794134" lon="120.892631169">
        <ele>9.8</ele>
        <time>2026-09-04T13:50:09+0800</time>
        <extensions>
          <gpxtpx:TrackPointExtension>
            <gpxtpx:hr>134</gpxtpx:hr>
            <gpxtpx:cad>89</gpxtpx:cad>
          </gpxtpx:TrackPointExtension>
        </extensions>
      </trkpt>
      <trkpt lat="32.0211657509" lon="120.892614154">
        <ele>9.8</ele>
        <time>2026-09-04T13:50:10+0800</time>
        <extensions>
          <gpxtpx:TrackPointExtension>
            <gpxtpx:hr>134</gpxtpx:hr>
            <gpxtpx:cad>89</gpxtpx:cad>
          </gpxtpx:TrackPointExtension>
        </extensions>
      </trkpt>
      <trkpt lat="32.0211433712" lon="120.892584901">
        <ele>9.8</ele>
        <time>2026-09-04T13:50:11+0800</time>
        <extensions>
          <gpxtpx:TrackPointExtension>
            <gpxtpx:hr>134</gpxtpx:hr>
            <gpxtpx:cad>89</gpxtpx:cad>
          </gpxtpx:TrackPointExtension>
        </extensions>
      </trkpt>
      <trkpt lat="32.0211302117" lon="120.892570149">
        <ele>9.8</ele>
        <time>2026-09-04T13:50:12+0800</time>
        <extensions>
          <gpxtpx:TrackPointExtension>
            <gpxtpx:hr>133</gpxtpx:hr>
            <gpxtpx:cad>89</gpxtpx:cad>
          </gpxtpx:TrackPointExtension>
        </extensions>
      </trkpt>
      <trkpt lat="32.0211125258" lon="120.89253989">
        <ele>9.8</ele>
        <time>2026-09-04T13:50:13+0800</time>
        <extensions>
          <gpxtpx:TrackPointExtension>
            <gpxtpx:hr>134</gpxtpx:hr>
            <gpxtpx:cad>89</gpxtpx:cad>
          </gpxtpx:TrackPointExtension>
        </extensions>
      </trkpt>
      <trkpt lat="32.0210983604" lon="120.892518265">
        <ele>9.8</ele>
        <time>2026-09-04T13:50:14+0800</time>
        <extensions>
          <gpxtpx:TrackPointExtension>
            <gpxtpx:hr>134</gpxtpx:hr>
            <gpxtpx:cad>89</gpxtpx:cad>
          </gpxtpx:TrackPointExtension>
        </extensions>
      </trkpt>
      <trkpt lat="32.0210754778" lon="120.892483564">
        <ele>9.8</ele>
        <time>2026-09-04T13:50:15+0800</time>
        <extensions>
          <gpxtpx:TrackPointExtension>
            <gpxtpx:hr>133</gpxtpx:hr>
            <gpxtpx:cad>89</gpxtpx:cad>
          </gpxtpx:TrackPointExtension>
        </extensions>
      </trkpt>
      <trkpt lat="32.0210593008" lon="120.892459676">
        <ele>9.8</ele>
        <time>2026-09-04T13:50:16+0800</time>
        <extensions>
          <gpxtpx:TrackPointExtension>
            <gpxtpx:hr>134</gpxtpx:hr>
            <gpxtpx:cad>89</gpxtpx:cad>
          </gpxtpx:TrackPointExtension>
        </extensions>
      </trkpt>
      <trkpt lat="32.0210432075" lon="120.892427741">
        <ele>9.8</ele>
        <time>2026-09-04T13:50:17+0800</time>
        <extensions>
          <gpxtpx:TrackPointExtension>
            <gpxtpx:hr>133</gpxtpx:hr>
            <gpxtpx:cad>89</gpxtpx:cad>
          </gpxtpx:TrackPointExtension>
        </extensions>
      </trkpt>
      <trkpt lat="32.0210302155" lon="120.892409133">
        <ele>10.0</ele>
        <time>2026-09-04T13:50:18+0800</time>
        <extensions>
          <gpxtpx:TrackPointExtension>
            <gpxtpx:hr>133</gpxtpx:hr>
            <gpxtpx:cad>89</gpxtpx:cad>
          </gpxtpx:TrackPointExtension>
        </extensions>
      </trkpt>
      <trkpt lat="32.0210120268" lon="120.89237594">
        <ele>10.0</ele>
        <time>2026-09-04T13:50:19+0800</time>
        <extensions>
          <gpxtpx:TrackPointExtension>
            <gpxtpx:hr>132</gpxtpx:hr>
            <gpxtpx:cad>89</gpxtpx:cad>
          </gpxtpx:TrackPointExtension>
        </extensions>
      </trkpt>
      <trkpt lat="32.0209966041" lon="120.892348532">
        <ele>10.0</ele>
        <time>2026-09-04T13:50:20+0800</time>
        <extensions>
          <gpxtpx:TrackPointExtension>
            <gpxtpx:hr>132</gpxtpx:hr>
            <gpxtpx:cad>89</gpxtpx:cad>
          </gpxtpx:TrackPointExtension>
        </extensions>
      </trkpt>
      <trkpt lat="32.0209848695" lon="120.892315675">
        <ele>10.0</ele>
        <time>2026-09-04T13:50:21+0800</time>
        <extensions>
          <gpxtpx:TrackPointExtension>
            <gpxtpx:hr>132</gpxtpx:hr>
            <gpxtpx:cad>89</gpxtpx:cad>
          </gpxtpx:TrackPointExtension>
        </extensions>
      </trkpt>
      <trkpt lat="32.0209734701" lon="120.892293127">
        <ele>10.0</ele>
        <time>2026-09-04T13:50:22+0800</time>
        <extensions>
          <gpxtpx:TrackPointExtension>
            <gpxtpx:hr>131</gpxtpx:hr>
            <gpxtpx:cad>89</gpxtpx:cad>
          </gpxtpx:TrackPointExtension>
        </extensions>
      </trkpt>
      <trkpt lat="32.0209624059" lon="120.89226027">
        <ele>10.0</ele>
        <time>2026-09-04T13:50:23+0800</time>
        <extensions>
          <gpxtpx:TrackPointExtension>
            <gpxtpx:hr>131</gpxtpx:hr>
            <gpxtpx:cad>89</gpxtpx:cad>
          </gpxtpx:TrackPointExtension>
        </extensions>
      </trkpt>
      <trkpt lat="32.0209587179" lon="120.892229341">
        <ele>10.0</ele>
        <time>2026-09-04T13:50:24+0800</time>
        <extensions>
          <gpxtpx:TrackPointExtension>
            <gpxtpx:hr>130</gpxtpx:hr>
            <gpxtpx:cad>89</gpxtpx:cad>
          </gpxtpx:TrackPointExtension>
        </extensions>
      </trkpt>
      <trkpt lat="32.0209528506" lon="120.892196735">
        <ele>10.0</ele>
        <time>2026-09-04T13:50:25+0800</time>
        <extensions>
          <gpxtpx:TrackPointExtension>
            <gpxtpx:hr>130</gpxtpx:hr>
            <gpxtpx:cad>89</gpxtpx:cad>
          </gpxtpx:TrackPointExtension>
        </extensions>
      </trkpt>
      <trkpt lat="32.0209485758" lon="120.892162286">
        <ele>10.0</ele>
        <time>2026-09-04T13:50:26+0800</time>
        <extensions>
          <gpxtpx:TrackPointExtension>
            <gpxtpx:hr>129</gpxtpx:hr>
            <gpxtpx:cad>88</gpxtpx:cad>
          </gpxtpx:TrackPointExtension>
        </extensions>
      </trkpt>
      <trkpt lat="32.0209401101" lon="120.892130518">
        <ele>10.0</ele>
        <time>2026-09-04T13:50:27+0800</time>
        <extensions>
          <gpxtpx:TrackPointExtension>
            <gpxtpx:hr>129</gpxtpx:hr>
            <gpxtpx:cad>88</gpxtpx:cad>
          </gpxtpx:TrackPointExtension>
        </extensions>
      </trkpt>
      <trkpt lat="32.0209391043" lon="120.892096069">
        <ele>10.0</ele>
        <time>2026-09-04T13:50:28+0800</time>
        <extensions>
          <gpxtpx:TrackPointExtension>
            <gpxtpx:hr>128</gpxtpx:hr>
            <gpxtpx:cad>88</gpxtpx:cad>
          </gpxtpx:TrackPointExtension>
        </extensions>
      </trkpt>
      <trkpt lat="32.0209365897" lon="120.892068828">
        <ele>10.0</ele>
        <time>2026-09-04T13:50:29+0800</time>
        <extensions>
          <gpxtpx:TrackPointExtension>
            <gpxtpx:hr>127</gpxtpx:hr>
            <gpxtpx:cad>89</gpxtpx:cad>
          </gpxtpx:TrackPointExtension>
        </extensions>
      </trkpt>
      <trkpt lat="32.0209355" lon="120.892035468">
        <ele>9.8</ele>
        <time>2026-09-04T13:50:30+0800</time>
        <extensions>
          <gpxtpx:TrackPointExtension>
            <gpxtpx:hr>126</gpxtpx:hr>
            <gpxtpx:cad>88</gpxtpx:cad>
          </gpxtpx:TrackPointExtension>
        </extensions>
      </trkpt>
      <trkpt lat="32.0209287107" lon="120.892008143">
        <ele>9.8</ele>
        <time>2026-09-04T13:50:31+0800</time>
        <extensions>
          <gpxtpx:TrackPointExtension>
            <gpxtpx:hr>126</gpxtpx:hr>
            <gpxtpx:cad>88</gpxtpx:cad>
          </gpxtpx:TrackPointExtension>
        </extensions>
      </trkpt>
      <trkpt lat="32.0209225919" lon="120.891979644">
        <ele>9.8</ele>
        <time>2026-09-04T13:50:32+0800</time>
        <extensions>
          <gpxtpx:TrackPointExtension>
            <gpxtpx:hr>126</gpxtpx:hr>
            <gpxtpx:cad>89</gpxtpx:cad>
          </gpxtpx:TrackPointExtension>
        </extensions>
      </trkpt>
      <trkpt lat="32.0209197421" lon="120.891952654">
        <ele>9.8</ele>
        <time>2026-09-04T13:50:33+0800</time>
        <extensions>
          <gpxtpx:TrackPointExtension>
            <gpxtpx:hr>126</gpxtpx:hr>
            <gpxtpx:cad>89</gpxtpx:cad>
          </gpxtpx:TrackPointExtension>
        </extensions>
      </trkpt>
      <trkpt lat="32.0209159702" lon="120.891919546">
        <ele>10.0</ele>
        <time>2026-09-04T13:50:34+0800</time>
        <extensions>
          <gpxtpx:TrackPointExtension>
            <gpxtpx:hr>126</gpxtpx:hr>
            <gpxtpx:cad>90</gpxtpx:cad>
          </gpxtpx:TrackPointExtension>
        </extensions>
      </trkpt>
      <trkpt lat="32.0209091809" lon="120.891891886">
        <ele>10.0</ele>
        <time>2026-09-04T13:50:35+0800</time>
        <extensions>
          <gpxtpx:TrackPointExtension>
            <gpxtpx:hr>125</gpxtpx:hr>
            <gpxtpx:cad>90</gpxtpx:cad>
          </gpxtpx:TrackPointExtension>
        </extensions>
      </trkpt>
      <trkpt lat="32.0209047385" lon="120.89186213">
        <ele>10.0</ele>
        <time>2026-09-04T13:50:36+0800</time>
        <extensions>
          <gpxtpx:TrackPointExtension>
            <gpxtpx:hr>126</gpxtpx:hr>
            <gpxtpx:cad>90</gpxtpx:cad>
          </gpxtpx:TrackPointExtension>
        </extensions>
      </trkpt>
      <trkpt lat="32.0208973624" lon="120.891829692">
        <ele>10.0</ele>
        <time>2026-09-04T13:50:37+0800</time>
        <extensions>
          <gpxtpx:TrackPointExtension>
            <gpxtpx:hr>126</gpxtpx:hr>
            <gpxtpx:cad>90</gpxtpx:cad>
          </gpxtpx:TrackPointExtension>
        </extensions>
      </trkpt>
      <trkpt lat="32.0208949316" lon="120.891794823">
        <ele>10.0</ele>
        <time>2026-09-04T13:50:38+0800</time>
        <extensions>
          <gpxtpx:TrackPointExtension>
            <gpxtpx:hr>127</gpxtpx:hr>
            <gpxtpx:cad>91</gpxtpx:cad>
          </gpxtpx:TrackPointExtension>
        </extensions>
      </trkpt>
      <trkpt lat="32.0208861306" lon="120.891764397">
        <ele>10.0</ele>
        <time>2026-09-04T13:50:39+0800</time>
        <extensions>
          <gpxtpx:TrackPointExtension>
            <gpxtpx:hr>128</gpxtpx:hr>
            <gpxtpx:cad>90</gpxtpx:cad>
          </gpxtpx:TrackPointExtension>
        </extensions>
      </trkpt>
      <trkpt lat="32.0208803471" lon="120.891739419">
        <ele>10.0</ele>
        <time>2026-09-04T13:50:40+0800</time>
        <extensions>
          <gpxtpx:TrackPointExtension>
            <gpxtpx:hr>129</gpxtpx:hr>
            <gpxtpx:cad>90</gpxtpx:cad>
          </gpxtpx:TrackPointExtension>
        </extensions>
      </trkpt>
      <trkpt lat="32.0208726358" lon="120.891708992">
        <ele>10.0</ele>
        <time>2026-09-04T13:50:41+0800</time>
        <extensions>
          <gpxtpx:TrackPointExtension>
            <gpxtpx:hr>130</gpxtpx:hr>
            <gpxtpx:cad>90</gpxtpx:cad>
          </gpxtpx:TrackPointExtension>
        </extensions>
      </trkpt>
      <trkpt lat="32.0208735578" lon="120.891677644">
        <ele>10.0</ele>
        <time>2026-09-04T13:50:42+0800</time>
        <extensions>
          <gpxtpx:TrackPointExtension>
            <gpxtpx:hr>130</gpxtpx:hr>
            <gpxtpx:cad>90</gpxtpx:cad>
          </gpxtpx:TrackPointExtension>
        </extensions>
      </trkpt>
      <trkpt lat="32.0208704565" lon="120.891647805">
        <ele>10.0</ele>
        <time>2026-09-04T13:50:43+0800</time>
        <extensions>
          <gpxtpx:TrackPointExtension>
            <gpxtpx:hr>130</gpxtpx:hr>
            <gpxtpx:cad>89</gpxtpx:cad>
          </gpxtpx:TrackPointExtension>
        </extensions>
      </trkpt>
      <trkpt lat="32.0208752342" lon="120.891613523">
        <ele>10.0</ele>
        <time>2026-09-04T13:50:44+0800</time>
        <extensions>
          <gpxtpx:TrackPointExtension>
            <gpxtpx:hr>130</gpxtpx:hr>
            <gpxtpx:cad>89</gpxtpx:cad>
          </gpxtpx:TrackPointExtension>
        </extensions>
      </trkpt>
      <trkpt lat="32.0208691992" lon="120.891587539">
        <ele>10.0</ele>
        <time>2026-09-04T13:50:45+0800</time>
        <extensions>
          <gpxtpx:TrackPointExtension>
            <gpxtpx:hr>129</gpxtpx:hr>
            <gpxtpx:cad>89</gpxtpx:cad>
          </gpxtpx:TrackPointExtension>
        </extensions>
      </trkpt>
      <trkpt lat="32.0208670199" lon="120.891552335">
        <ele>9.8</ele>
        <time>2026-09-04T13:50:46+0800</time>
        <extensions>
          <gpxtpx:TrackPointExtension>
            <gpxtpx:hr>130</gpxtpx:hr>
            <gpxtpx:cad>89</gpxtpx:cad>
          </gpxtpx:TrackPointExtension>
        </extensions>
      </trkpt>
      <trkpt lat="32.0208642539" lon="120.891525848">
        <ele>10.0</ele>
        <time>2026-09-04T13:50:47+0800</time>
        <extensions>
          <gpxtpx:TrackPointExtension>
            <gpxtpx:hr>130</gpxtpx:hr>
            <gpxtpx:cad>89</gpxtpx:cad>
          </gpxtpx:TrackPointExtension>
        </extensions>
      </trkpt>
      <trkpt lat="32.0208658464" lon="120.891495254">
        <ele>10.0</ele>
        <time>2026-09-04T13:50:48+0800</time>
        <extensions>
          <gpxtpx:TrackPointExtension>
            <gpxtpx:hr>130</gpxtpx:hr>
            <gpxtpx:cad>89</gpxtpx:cad>
          </gpxtpx:TrackPointExtension>
        </extensions>
      </trkpt>
      <trkpt lat="32.0208652597" lon="120.89146072">
        <ele>10.0</ele>
        <time>2026-09-04T13:50:49+0800</time>
        <extensions>
          <gpxtpx:TrackPointExtension>
            <gpxtpx:hr>131</gpxtpx:hr>
            <gpxtpx:cad>89</gpxtpx:cad>
          </gpxtpx:TrackPointExtension>
        </extensions>
      </trkpt>
      <trkpt lat="32.0208664332" lon="120.891425684">
        <ele>10.0</ele>
        <time>2026-09-04T13:50:50+0800</time>
        <extensions>
          <gpxtpx:TrackPointExtension>
            <gpxtpx:hr>130</gpxtpx:hr>
            <gpxtpx:cad>89</gpxtpx:cad>
          </gpxtpx:TrackPointExtension>
        </extensions>
      </trkpt>
      <trkpt lat="32.0208619069" lon="120.891399365">
        <ele>10.0</ele>
        <time>2026-09-04T13:50:51+0800</time>
        <extensions>
          <gpxtpx:TrackPointExtension>
            <gpxtpx:hr>130</gpxtpx:hr>
            <gpxtpx:cad>89</gpxtpx:cad>
          </gpxtpx:TrackPointExtension>
        </extensions>
      </trkpt>
      <trkpt lat="32.0208642539" lon="120.891361227">
        <ele>10.0</ele>
        <time>2026-09-04T13:50:52+0800</time>
        <extensions>
          <gpxtpx:TrackPointExtension>
            <gpxtpx:hr>131</gpxtpx:hr>
            <gpxtpx:cad>89</gpxtpx:cad>
          </gpxtpx:TrackPointExtension>
        </extensions>
      </trkpt>
      <trkpt lat="32.0208588056" lon="120.891330717">
        <ele>10.0</ele>
        <time>2026-09-04T13:50:53+0800</time>
        <extensions>
          <gpxtpx:TrackPointExtension>
            <gpxtpx:hr>130</gpxtpx:hr>
            <gpxtpx:cad>89</gpxtpx:cad>
          </gpxtpx:TrackPointExtension>
        </extensions>
      </trkpt>
      <trkpt lat="32.0208596438" lon="120.891291993">
        <ele>9.8</ele>
        <time>2026-09-04T13:50:54+0800</time>
        <extensions>
          <gpxtpx:TrackPointExtension>
            <gpxtpx:hr>130</gpxtpx:hr>
            <gpxtpx:cad>89</gpxtpx:cad>
          </gpxtpx:TrackPointExtension>
        </extensions>
      </trkpt>
      <trkpt lat="32.020855369" lon="120.89126802">
        <ele>9.8</ele>
        <time>2026-09-04T13:50:55+0800</time>
        <extensions>
          <gpxtpx:TrackPointExtension>
            <gpxtpx:hr>130</gpxtpx:hr>
            <gpxtpx:cad>88</gpxtpx:cad>
          </gpxtpx:TrackPointExtension>
        </extensions>
      </trkpt>
      <trkpt lat="32.0208552852" lon="120.891231643">
        <ele>9.8</ele>
        <time>2026-09-04T13:50:56+0800</time>
        <extensions>
          <gpxtpx:TrackPointExtension>
            <gpxtpx:hr>131</gpxtpx:hr>
            <gpxtpx:cad>88</gpxtpx:cad>
          </gpxtpx:TrackPointExtension>
        </extensions>
      </trkpt>
      <trkpt lat="32.0208520163" lon="120.891201217">
        <ele>10.0</ele>
        <time>2026-09-04T13:50:57+0800</time>
        <extensions>
          <gpxtpx:TrackPointExtension>
            <gpxtpx:hr>131</gpxtpx:hr>
            <gpxtpx:cad>88</gpxtpx:cad>
          </gpxtpx:TrackPointExtension>
        </extensions>
      </trkpt>
      <trkpt lat="32.0208557043" lon="120.89116618">
        <ele>10.0</ele>
        <time>2026-09-04T13:50:58+0800</time>
        <extensions>
          <gpxtpx:TrackPointExtension>
            <gpxtpx:hr>131</gpxtpx:hr>
            <gpxtpx:cad>88</gpxtpx:cad>
          </gpxtpx:TrackPointExtension>
        </extensions>
      </trkpt>
      <trkpt lat="32.0208597276" lon="120.891137095">
        <ele>10.0</ele>
        <time>2026-09-04T13:50:59+0800</time>
        <extensions>
          <gpxtpx:TrackPointExtension>
            <gpxtpx:hr>131</gpxtpx:hr>
            <gpxtpx:cad>88</gpxtpx:cad>
          </gpxtpx:TrackPointExtension>
        </extensions>
      </trkpt>
      <trkpt lat="32.0208640862" lon="120.891103148">
        <ele>10.0</ele>
        <time>2026-09-04T13:51:00+0800</time>
        <extensions>
          <gpxtpx:TrackPointExtension>
            <gpxtpx:hr>131</gpxtpx:hr>
            <gpxtpx:cad>88</gpxtpx:cad>
          </gpxtpx:TrackPointExtension>
        </extensions>
      </trkpt>
      <trkpt lat="32.0208679419" lon="120.891073141">
        <ele>10.0</ele>
        <time>2026-09-04T13:51:01+0800</time>
        <extensions>
          <gpxtpx:TrackPointExtension>
            <gpxtpx:hr>131</gpxtpx:hr>
            <gpxtpx:cad>88</gpxtpx:cad>
          </gpxtpx:TrackPointExtension>
        </extensions>
      </trkpt>
      <trkpt lat="32.0208672713" lon="120.891038524">
        <ele>10.0</ele>
        <time>2026-09-04T13:51:02+0800</time>
        <extensions>
          <gpxtpx:TrackPointExtension>
            <gpxtpx:hr>131</gpxtpx:hr>
            <gpxtpx:cad>88</gpxtpx:cad>
          </gpxtpx:TrackPointExtension>
        </extensions>
      </trkpt>
      <trkpt lat="32.0208724681" lon="120.891003991">
        <ele>10.0</ele>
        <time>2026-09-04T13:51:03+0800</time>
        <extensions>
          <gpxtpx:TrackPointExtension>
            <gpxtpx:hr>131</gpxtpx:hr>
            <gpxtpx:cad>88</gpxtpx:cad>
          </gpxtpx:TrackPointExtension>
        </extensions>
      </trkpt>
      <trkpt lat="32.0208723005" lon="120.890972055">
        <ele>10.0</ele>
        <time>2026-09-04T13:51:04+0800</time>
        <extensions>
          <gpxtpx:TrackPointExtension>
            <gpxtpx:hr>131</gpxtpx:hr>
            <gpxtpx:cad>88</gpxtpx:cad>
          </gpxtpx:TrackPointExtension>
        </extensions>
      </trkpt>
      <trkpt lat="32.0208803471" lon="120.890936516">
        <ele>10.0</ele>
        <time>2026-09-04T13:51:05+0800</time>
        <extensions>
          <gpxtpx:TrackPointExtension>
            <gpxtpx:hr>131</gpxtpx:hr>
            <gpxtpx:cad>88</gpxtpx:cad>
          </gpxtpx:TrackPointExtension>
        </extensions>
      </trkpt>
      <trkpt lat="32.0208836161" lon="120.890904497">
        <ele>10.2</ele>
        <time>2026-09-04T13:51:06+0800</time>
        <extensions>
          <gpxtpx:TrackPointExtension>
            <gpxtpx:hr>131</gpxtpx:hr>
            <gpxtpx:cad>88</gpxtpx:cad>
          </gpxtpx:TrackPointExtension>
        </extensions>
      </trkpt>
      <trkpt lat="32.0208844543" lon="120.890871556">
        <ele>10.2</ele>
        <time>2026-09-04T13:51:07+0800</time>
        <extensions>
          <gpxtpx:TrackPointExtension>
            <gpxtpx:hr>131</gpxtpx:hr>
            <gpxtpx:cad>88</gpxtpx:cad>
          </gpxtpx:TrackPointExtension>
        </extensions>
      </trkpt>
      <trkpt lat="32.0208836161" lon="120.890844315">
        <ele>10.2</ele>
        <time>2026-09-04T13:51:08+0800</time>
        <extensions>
          <gpxtpx:TrackPointExtension>
            <gpxtpx:hr>130</gpxtpx:hr>
            <gpxtpx:cad>88</gpxtpx:cad>
          </gpxtpx:TrackPointExtension>
        </extensions>
      </trkpt>
      <trkpt lat="32.0208909921" lon="120.89081062">
        <ele>10.4</ele>
        <time>2026-09-04T13:51:09+0800</time>
        <extensions>
          <gpxtpx:TrackPointExtension>
            <gpxtpx:hr>130</gpxtpx:hr>
            <gpxtpx:cad>89</gpxtpx:cad>
          </gpxtpx:TrackPointExtension>
        </extensions>
      </trkpt>
      <trkpt lat="32.0208914112" lon="120.890786899">
        <ele>10.4</ele>
        <time>2026-09-04T13:51:10+0800</time>
        <extensions>
          <gpxtpx:TrackPointExtension>
            <gpxtpx:hr>130</gpxtpx:hr>
            <gpxtpx:cad>89</gpxtpx:cad>
          </gpxtpx:TrackPointExtension>
        </extensions>
      </trkpt>
      <trkpt lat="32.020900799" lon="120.890748762">
        <ele>10.4</ele>
        <time>2026-09-04T13:51:11+0800</time>
        <extensions>
          <gpxtpx:TrackPointExtension>
            <gpxtpx:hr>131</gpxtpx:hr>
            <gpxtpx:cad>88</gpxtpx:cad>
          </gpxtpx:TrackPointExtension>
        </extensions>
      </trkpt>
      <trkpt lat="32.0209006313" lon="120.890723197">
        <ele>10.4</ele>
        <time>2026-09-04T13:51:12+0800</time>
        <extensions>
          <gpxtpx:TrackPointExtension>
            <gpxtpx:hr>131</gpxtpx:hr>
            <gpxtpx:cad>88</gpxtpx:cad>
          </gpxtpx:TrackPointExtension>
        </extensions>
      </trkpt>
      <trkpt lat="32.0209148806" lon="120.890683718">
        <ele>10.4</ele>
        <time>2026-09-04T13:51:13+0800</time>
        <extensions>
          <gpxtpx:TrackPointExtension>
            <gpxtpx:hr>131</gpxtpx:hr>
            <gpxtpx:cad>88</gpxtpx:cad>
          </gpxtpx:TrackPointExtension>
        </extensions>
      </trkpt>
      <trkpt lat="32.0209194068" lon="120.890654633">
        <ele>10.4</ele>
        <time>2026-09-04T13:51:14+0800</time>
        <extensions>
          <gpxtpx:TrackPointExtension>
            <gpxtpx:hr>131</gpxtpx:hr>
            <gpxtpx:cad>88</gpxtpx:cad>
          </gpxtpx:TrackPointExtension>
        </extensions>
      </trkpt>
      <trkpt lat="32.0209375117" lon="120.890619177">
        <ele>10.4</ele>
        <time>2026-09-04T13:51:15+0800</time>
        <extensions>
          <gpxtpx:TrackPointExtension>
            <gpxtpx:hr>132</gpxtpx:hr>
            <gpxtpx:cad>88</gpxtpx:cad>
          </gpxtpx:TrackPointExtension>
        </extensions>
      </trkpt>
      <trkpt lat="32.020944804" lon="120.890592271">
        <ele>10.4</ele>
        <time>2026-09-04T13:51:16+0800</time>
        <extensions>
          <gpxtpx:TrackPointExtension>
            <gpxtpx:hr>133</gpxtpx:hr>
            <gpxtpx:cad>89</gpxtpx:cad>
          </gpxtpx:TrackPointExtension>
        </extensions>
      </trkpt>
      <trkpt lat="32.0209537726" lon="120.890554134">
        <ele>10.4</ele>
        <time>2026-09-04T13:51:17+0800</time>
        <extensions>
          <gpxtpx:TrackPointExtension>
            <gpxtpx:hr>133</gpxtpx:hr>
            <gpxtpx:cad>89</gpxtpx:cad>
          </gpxtpx:TrackPointExtension>
        </extensions>
      </trkpt>
      <trkpt lat="32.0209556166" lon="120.890529994">
        <ele>10.4</ele>
        <time>2026-09-04T13:51:18+0800</time>
        <extensions>
          <gpxtpx:TrackPointExtension>
            <gpxtpx:hr>134</gpxtpx:hr>
            <gpxtpx:cad>89</gpxtpx:cad>
          </gpxtpx:TrackPointExtension>
        </extensions>
      </trkpt>
      <trkpt lat="32.0209638309" lon="120.890497304">
        <ele>10.4</ele>
        <time>2026-09-04T13:51:19+0800</time>
        <extensions>
          <gpxtpx:TrackPointExtension>
            <gpxtpx:hr>134</gpxtpx:hr>
            <gpxtpx:cad>89</gpxtpx:cad>
          </gpxtpx:TrackPointExtension>
        </extensions>
      </trkpt>
      <trkpt lat="32.0209682733" lon="120.890476936">
        <ele>10.2</ele>
        <time>2026-09-04T13:51:20+0800</time>
        <extensions>
          <gpxtpx:TrackPointExtension>
            <gpxtpx:hr>135</gpxtpx:hr>
            <gpxtpx:cad>89</gpxtpx:cad>
          </gpxtpx:TrackPointExtension>
        </extensions>
      </trkpt>
      <trkpt lat="32.0209821034" lon="120.890443157">
        <ele>10.2</ele>
        <time>2026-09-04T13:51:21+0800</time>
        <extensions>
          <gpxtpx:TrackPointExtension>
            <gpxtpx:hr>135</gpxtpx:hr>
            <gpxtpx:cad>89</gpxtpx:cad>
          </gpxtpx:TrackPointExtension>
        </extensions>
      </trkpt>
      <trkpt lat="32.0209826063" lon="120.890417425">
        <ele>10.2</ele>
        <time>2026-09-04T13:51:22+0800</time>
        <extensions>
          <gpxtpx:TrackPointExtension>
            <gpxtpx:hr>135</gpxtpx:hr>
            <gpxtpx:cad>90</gpxtpx:cad>
          </gpxtpx:TrackPointExtension>
        </extensions>
      </trkpt>
      <trkpt lat="32.0209939219" lon="120.890379203">
        <ele>10.2</ele>
        <time>2026-09-04T13:51:23+0800</time>
        <extensions>
          <gpxtpx:TrackPointExtension>
            <gpxtpx:hr>135</gpxtpx:hr>
            <gpxtpx:cad>89</gpxtpx:cad>
          </gpxtpx:TrackPointExtension>
        </extensions>
      </trkpt>
      <trkpt lat="32.0209976099" lon="120.890355231">
        <ele>10.2</ele>
        <time>2026-09-04T13:51:24+0800</time>
        <extensions>
          <gpxtpx:TrackPointExtension>
            <gpxtpx:hr>134</gpxtpx:hr>
            <gpxtpx:cad>89</gpxtpx:cad>
          </gpxtpx:TrackPointExtension>
        </extensions>
      </trkpt>
      <trkpt lat="32.0210090093" lon="120.890321033">
        <ele>10.2</ele>
        <time>2026-09-04T13:51:25+0800</time>
        <extensions>
          <gpxtpx:TrackPointExtension>
            <gpxtpx:hr>134</gpxtpx:hr>
            <gpxtpx:cad>89</gpxtpx:cad>
          </gpxtpx:TrackPointExtension>
        </extensions>
      </trkpt>
      <trkpt lat="32.0210171398" lon="120.890295552">
        <ele>10.2</ele>
        <time>2026-09-04T13:51:26+0800</time>
        <extensions>
          <gpxtpx:TrackPointExtension>
            <gpxtpx:hr>134</gpxtpx:hr>
            <gpxtpx:cad>89</gpxtpx:cad>
          </gpxtpx:TrackPointExtension>
        </extensions>
      </trkpt>
      <trkpt lat="32.0210311376" lon="120.890262024">
        <ele>10.2</ele>
        <time>2026-09-04T13:51:27+0800</time>
        <extensions>
          <gpxtpx:TrackPointExtension>
            <gpxtpx:hr>134</gpxtpx:hr>
            <gpxtpx:cad>89</gpxtpx:cad>
          </gpxtpx:TrackPointExtension>
        </extensions>
      </trkpt>
      <trkpt lat="32.0210393518" lon="120.890232604">
        <ele>10.2</ele>
        <time>2026-09-04T13:51:28+0800</time>
        <extensions>
          <gpxtpx:TrackPointExtension>
            <gpxtpx:hr>135</gpxtpx:hr>
            <gpxtpx:cad>89</gpxtpx:cad>
          </gpxtpx:TrackPointExtension>
        </extensions>
      </trkpt>
      <trkpt lat="32.0210509188" lon="120.890202178">
        <ele>10.4</ele>
        <time>2026-09-04T13:51:29+0800</time>
        <extensions>
          <gpxtpx:TrackPointExtension>
            <gpxtpx:hr>135</gpxtpx:hr>
            <gpxtpx:cad>89</gpxtpx:cad>
          </gpxtpx:TrackPointExtension>
        </extensions>
      </trkpt>
      <trkpt lat="32.0210572891" lon="120.89017041">
        <ele>10.4</ele>
        <time>2026-09-04T13:51:30+0800</time>
        <extensions>
          <gpxtpx:TrackPointExtension>
            <gpxtpx:hr>135</gpxtpx:hr>
            <gpxtpx:cad>88</gpxtpx:cad>
          </gpxtpx:TrackPointExtension>
        </extensions>
      </trkpt>
      <trkpt lat="32.0210622344" lon="120.890135122">
        <ele>10.4</ele>
        <time>2026-09-04T13:51:31+0800</time>
        <extensions>
          <gpxtpx:TrackPointExtension>
            <gpxtpx:hr>135</gpxtpx:hr>
            <gpxtpx:cad>88</gpxtpx:cad>
          </gpxtpx:TrackPointExtension>
        </extensions>
      </trkpt>
      <trkpt lat="32.0210677665" lon="120.890102014">
        <ele>10.2</ele>
        <time>2026-09-04T13:51:32+0800</time>
        <extensions>
          <gpxtpx:TrackPointExtension>
            <gpxtpx:hr>135</gpxtpx:hr>
            <gpxtpx:cad>88</gpxtpx:cad>
          </gpxtpx:TrackPointExtension>
        </extensions>
      </trkpt>
      <trkpt lat="32.0210748911" lon="120.890071336">
        <ele>10.2</ele>
        <time>2026-09-04T13:51:33+0800</time>
        <extensions>
          <gpxtpx:TrackPointExtension>
            <gpxtpx:hr>134</gpxtpx:hr>
            <gpxtpx:cad>88</gpxtpx:cad>
          </gpxtpx:TrackPointExtension>
        </extensions>
      </trkpt>
      <trkpt lat="32.0210818481" lon="120.890041832">
        <ele>10.2</ele>
        <time>2026-09-04T13:51:34+0800</time>
        <extensions>
          <gpxtpx:TrackPointExtension>
            <gpxtpx:hr>134</gpxtpx:hr>
            <gpxtpx:cad>88</gpxtpx:cad>
          </gpxtpx:TrackPointExtension>
        </extensions>
      </trkpt>
      <trkpt lat="32.0210909843" lon="120.890010986">
        <ele>10.2</ele>
        <time>2026-09-04T13:51:35+0800</time>
        <extensions>
          <gpxtpx:TrackPointExtension>
            <gpxtpx:hr>134</gpxtpx:hr>
            <gpxtpx:cad>88</gpxtpx:cad>
          </gpxtpx:TrackPointExtension>
        </extensions>
      </trkpt>
      <trkpt lat="32.0211030543" lon="120.8899788">
        <ele>10.2</ele>
        <time>2026-09-04T13:51:36+0800</time>
        <extensions>
          <gpxtpx:TrackPointExtension>
            <gpxtpx:hr>133</gpxtpx:hr>
            <gpxtpx:cad>88</gpxtpx:cad>
          </gpxtpx:TrackPointExtension>
        </extensions>
      </trkpt>
      <trkpt lat="32.0211105142" lon="120.889952481">
        <ele>10.2</ele>
        <time>2026-09-04T13:51:37+0800</time>
        <extensions>
          <gpxtpx:TrackPointExtension>
            <gpxtpx:hr>133</gpxtpx:hr>
            <gpxtpx:cad>89</gpxtpx:cad>
          </gpxtpx:TrackPointExtension>
        </extensions>
      </trkpt>
      <trkpt lat="32.0211241767" lon="120.889920043">
        <ele>10.2</ele>
        <time>2026-09-04T13:51:38+0800</time>
        <extensions>
          <gpxtpx:TrackPointExtension>
            <gpxtpx:hr>134</gpxtpx:hr>
            <gpxtpx:cad>89</gpxtpx:cad>
          </gpxtpx:TrackPointExtension>
        </extensions>
      </trkpt>
      <trkpt lat="32.021131888" lon="120.889890119">
        <ele>10.2</ele>
        <time>2026-09-04T13:51:39+0800</time>
        <extensions>
          <gpxtpx:TrackPointExtension>
            <gpxtpx:hr>134</gpxtpx:hr>
            <gpxtpx:cad>89</gpxtpx:cad>
          </gpxtpx:TrackPointExtension>
        </extensions>
      </trkpt>
      <trkpt lat="32.0211383421" lon="120.88985391">
        <ele>10.2</ele>
        <time>2026-09-04T13:51:40+0800</time>
        <extensions>
          <gpxtpx:TrackPointExtension>
            <gpxtpx:hr>134</gpxtpx:hr>
            <gpxtpx:cad>89</gpxtpx:cad>
          </gpxtpx:TrackPointExtension>
        </extensions>
      </trkpt>
      <trkpt lat="32.0211471431" lon="120.889823064">
        <ele>10.2</ele>
        <time>2026-09-04T13:51:41+0800</time>
        <extensions>
          <gpxtpx:TrackPointExtension>
            <gpxtpx:hr>133</gpxtpx:hr>
            <gpxtpx:cad>89</gpxtpx:cad>
          </gpxtpx:TrackPointExtension>
        </extensions>
      </trkpt>
      <trkpt lat="32.0211574528" lon="120.889790626">
        <ele>10.2</ele>
        <time>2026-09-04T13:51:42+0800</time>
        <extensions>
          <gpxtpx:TrackPointExtension>
            <gpxtpx:hr>133</gpxtpx:hr>
            <gpxtpx:cad>89</gpxtpx:cad>
          </gpxtpx:TrackPointExtension>
        </extensions>
      </trkpt>
      <trkpt lat="32.021163404" lon="120.8897602">
        <ele>10.2</ele>
        <time>2026-09-04T13:51:43+0800</time>
        <extensions>
          <gpxtpx:TrackPointExtension>
            <gpxtpx:hr>133</gpxtpx:hr>
            <gpxtpx:cad>89</gpxtpx:cad>
          </gpxtpx:TrackPointExtension>
        </extensions>
      </trkpt>
      <trkpt lat="32.0211732946" lon="120.889729187">
        <ele>10.2</ele>
        <time>2026-09-04T13:51:44+0800</time>
        <extensions>
          <gpxtpx:TrackPointExtension>
            <gpxtpx:hr>133</gpxtpx:hr>
            <gpxtpx:cad>89</gpxtpx:cad>
          </gpxtpx:TrackPointExtension>
        </extensions>
      </trkpt>
      <trkpt lat="32.0211773179" lon="120.889703119">
        <ele>10.2</ele>
        <time>2026-09-04T13:51:45+0800</time>
        <extensions>
          <gpxtpx:TrackPointExtension>
            <gpxtpx:hr>133</gpxtpx:hr>
            <gpxtpx:cad>89</gpxtpx:cad>
          </gpxtpx:TrackPointExtension>
        </extensions>
      </trkpt>
      <trkpt lat="32.0211945008" lon="120.889673783">
        <ele>10.4</ele>
        <time>2026-09-04T13:51:46+0800</time>
        <extensions>
          <gpxtpx:TrackPointExtension>
            <gpxtpx:hr>132</gpxtpx:hr>
            <gpxtpx:cad>89</gpxtpx:cad>
          </gpxtpx:TrackPointExtension>
        </extensions>
      </trkpt>
      <trkpt lat="32.0212040562" lon="120.889649726">
        <ele>10.4</ele>
        <time>2026-09-04T13:51:47+0800</time>
        <extensions>
          <gpxtpx:TrackPointExtension>
            <gpxtpx:hr>133</gpxtpx:hr>
            <gpxtpx:cad>89</gpxtpx:cad>
          </gpxtpx:TrackPointExtension>
        </extensions>
      </trkpt>
      <trkpt lat="32.0212206524" lon="120.88962215">
        <ele>10.4</ele>
        <time>2026-09-04T13:51:48+0800</time>
        <extensions>
          <gpxtpx:TrackPointExtension>
            <gpxtpx:hr>133</gpxtpx:hr>
            <gpxtpx:cad>89</gpxtpx:cad>
          </gpxtpx:TrackPointExtension>
        </extensions>
      </trkpt>
      <trkpt lat="32.0212307945" lon="120.889598513">
        <ele>10.2</ele>
        <time>2026-09-04T13:51:49+0800</time>
        <extensions>
          <gpxtpx:TrackPointExtension>
            <gpxtpx:hr>133</gpxtpx:hr>
            <gpxtpx:cad>89</gpxtpx:cad>
          </gpxtpx:TrackPointExtension>
        </extensions>
      </trkpt>
      <trkpt lat="32.0212470554" lon="120.88956641">
        <ele>10.2</ele>
        <time>2026-09-04T13:51:50+0800</time>
        <extensions>
          <gpxtpx:TrackPointExtension>
            <gpxtpx:hr>132</gpxtpx:hr>
            <gpxtpx:cad>89</gpxtpx:cad>
          </gpxtpx:TrackPointExtension>
        </extensions>
      </trkpt>
      <trkpt lat="32.0212563593" lon="120.889538918">
        <ele>10.2</ele>
        <time>2026-09-04T13:51:51+0800</time>
        <extensions>
          <gpxtpx:TrackPointExtension>
            <gpxtpx:hr>133</gpxtpx:hr>
            <gpxtpx:cad>89</gpxtpx:cad>
          </gpxtpx:TrackPointExtension>
        </extensions>
      </trkpt>
      <trkpt lat="32.0212710276" lon="120.889506731">
        <ele>10.2</ele>
        <time>2026-09-04T13:51:52+0800</time>
        <extensions>
          <gpxtpx:TrackPointExtension>
            <gpxtpx:hr>133</gpxtpx:hr>
            <gpxtpx:cad>89</gpxtpx:cad>
          </gpxtpx:TrackPointExtension>
        </extensions>
      </trkpt>
      <trkpt lat="32.0212780684" lon="120.889478484">
        <ele>10.0</ele>
        <time>2026-09-04T13:51:53+0800</time>
        <extensions>
          <gpxtpx:TrackPointExtension>
            <gpxtpx:hr>132</gpxtpx:hr>
            <gpxtpx:cad>89</gpxtpx:cad>
          </gpxtpx:TrackPointExtension>
        </extensions>
      </trkpt>
      <trkpt lat="32.0212928206" lon="120.889445459">
        <ele>10.2</ele>
        <time>2026-09-04T13:51:54+0800</time>
        <extensions>
          <gpxtpx:TrackPointExtension>
            <gpxtpx:hr>132</gpxtpx:hr>
            <gpxtpx:cad>88</gpxtpx:cad>
          </gpxtpx:TrackPointExtension>
        </extensions>
      </trkpt>
      <trkpt lat="32.0213036332" lon="120.889414363">
        <ele>10.2</ele>
        <time>2026-09-04T13:51:55+0800</time>
        <extensions>
          <gpxtpx:TrackPointExtension>
            <gpxtpx:hr>132</gpxtpx:hr>
            <gpxtpx:cad>89</gpxtpx:cad>
          </gpxtpx:TrackPointExtension>
        </extensions>
      </trkpt>
      <trkpt lat="32.0213107578" lon="120.889375554">
        <ele>10.2</ele>
        <time>2026-09-04T13:51:56+0800</time>
        <extensions>
          <gpxtpx:TrackPointExtension>
            <gpxtpx:hr>132</gpxtpx:hr>
            <gpxtpx:cad>88</gpxtpx:cad>
          </gpxtpx:TrackPointExtension>
        </extensions>
      </trkpt>
      <trkpt lat="32.0213241689" lon="120.889347475">
        <ele>10.2</ele>
        <time>2026-09-04T13:51:57+0800</time>
        <extensions>
          <gpxtpx:TrackPointExtension>
            <gpxtpx:hr>132</gpxtpx:hr>
            <gpxtpx:cad>88</gpxtpx:cad>
          </gpxtpx:TrackPointExtension>
        </extensions>
      </trkpt>
      <trkpt lat="32.0213322155" lon="120.889317133">
        <ele>10.4</ele>
        <time>2026-09-04T13:51:58+0800</time>
        <extensions>
          <gpxtpx:TrackPointExtension>
            <gpxtpx:hr>132</gpxtpx:hr>
            <gpxtpx:cad>88</gpxtpx:cad>
          </gpxtpx:TrackPointExtension>
        </extensions>
      </trkpt>
      <trkpt lat="32.0213393401" lon="120.889290059">
        <ele>10.4</ele>
        <time>2026-09-04T13:51:59+0800</time>
        <extensions>
          <gpxtpx:TrackPointExtension>
            <gpxtpx:hr>132</gpxtpx:hr>
            <gpxtpx:cad>88</gpxtpx:cad>
          </gpxtpx:TrackPointExtension>
        </extensions>
      </trkpt>
      <trkpt lat="32.0213338919" lon="120.889267679">
        <ele>10.4</ele>
        <time>2026-09-04T13:52:00+0800</time>
        <extensions>
          <gpxtpx:TrackPointExtension>
            <gpxtpx:hr>133</gpxtpx:hr>
            <gpxtpx:cad>88</gpxtpx:cad>
          </gpxtpx:TrackPointExtension>
        </extensions>
      </trkpt>
      <trkpt lat="32.021312099" lon="120.889251921">
        <ele>10.4</ele>
        <time>2026-09-04T13:52:01+0800</time>
        <extensions>
          <gpxtpx:TrackPointExtension>
            <gpxtpx:hr>132</gpxtpx:hr>
            <gpxtpx:cad>88</gpxtpx:cad>
          </gpxtpx:TrackPointExtension>
        </extensions>
      </trkpt>
      <trkpt lat="32.0212870371" lon="120.889243037">
        <ele>10.4</ele>
        <time>2026-09-04T13:52:02+0800</time>
        <extensions>
          <gpxtpx:TrackPointExtension>
            <gpxtpx:hr>132</gpxtpx:hr>
            <gpxtpx:cad>88</gpxtpx:cad>
          </gpxtpx:TrackPointExtension>
        </extensions>
      </trkpt>
      <trkpt lat="32.0212561917" lon="120.889230464">
        <ele>10.4</ele>
        <time>2026-09-04T13:52:03+0800</time>
        <extensions>
          <gpxtpx:TrackPointExtension>
            <gpxtpx:hr>132</gpxtpx:hr>
            <gpxtpx:cad>88</gpxtpx:cad>
          </gpxtpx:TrackPointExtension>
        </extensions>
      </trkpt>
      <trkpt lat="32.0212276094" lon="120.889231553">
        <ele>10.2</ele>
        <time>2026-09-04T13:52:04+0800</time>
        <extensions>
          <gpxtpx:TrackPointExtension>
            <gpxtpx:hr>132</gpxtpx:hr>
            <gpxtpx:cad>88</gpxtpx:cad>
          </gpxtpx:TrackPointExtension>
        </extensions>
      </trkpt>
      <trkpt lat="32.021194417" lon="120.889230967">
        <ele>10.2</ele>
        <time>2026-09-04T13:52:05+0800</time>
        <extensions>
          <gpxtpx:TrackPointExtension>
            <gpxtpx:hr>132</gpxtpx:hr>
            <gpxtpx:cad>87</gpxtpx:cad>
          </gpxtpx:TrackPointExtension>
        </extensions>
      </trkpt>
      <trkpt lat="32.0211664215" lon="120.889224177">
        <ele>10.2</ele>
        <time>2026-09-04T13:52:06+0800</time>
        <extensions>
          <gpxtpx:TrackPointExtension>
            <gpxtpx:hr>133</gpxtpx:hr>
            <gpxtpx:cad>86</gpxtpx:cad>
          </gpxtpx:TrackPointExtension>
        </extensions>
      </trkpt>
      <trkpt lat="32.0211341511" lon="120.889220573">
        <ele>10.2</ele>
        <time>2026-09-04T13:52:07+0800</time>
        <extensions>
          <gpxtpx:TrackPointExtension>
            <gpxtpx:hr>133</gpxtpx:hr>
            <gpxtpx:cad>86</gpxtpx:cad>
          </gpxtpx:TrackPointExtension>
        </extensions>
      </trkpt>
      <trkpt lat="32.0211057365" lon="120.889216298">
        <ele>10.2</ele>
        <time>2026-09-04T13:52:08+0800</time>
        <extensions>
          <gpxtpx:TrackPointExtension>
            <gpxtpx:hr>133</gpxtpx:hr>
            <gpxtpx:cad>86</gpxtpx:cad>
          </gpxtpx:TrackPointExtension>
        </extensions>
      </trkpt>
      <trkpt lat="32.0210774895" lon="120.889204983">
        <ele>10.2</ele>
        <time>2026-09-04T13:52:09+0800</time>
        <extensions>
          <gpxtpx:TrackPointExtension>
            <gpxtpx:hr>133</gpxtpx:hr>
            <gpxtpx:cad>87</gpxtpx:cad>
          </gpxtpx:TrackPointExtension>
        </extensions>
      </trkpt>
      <trkpt lat="32.0210523438" lon="120.889191655">
        <ele>10.2</ele>
        <time>2026-09-04T13:52:10+0800</time>
        <extensions>
          <gpxtpx:TrackPointExtension>
            <gpxtpx:hr>134</gpxtpx:hr>
            <gpxtpx:cad>87</gpxtpx:cad>
          </gpxtpx:TrackPointExtension>
        </extensions>
      </trkpt>
      <trkpt lat="32.0210303832" lon="120.8891821">
        <ele>10.2</ele>
        <time>2026-09-04T13:52:11+0800</time>
        <extensions>
          <gpxtpx:TrackPointExtension>
            <gpxtpx:hr>134</gpxtpx:hr>
            <gpxtpx:cad>87</gpxtpx:cad>
          </gpxtpx:TrackPointExtension>
        </extensions>
      </trkpt>
      <trkpt lat="32.0210063271" lon="120.889174975">
        <ele>10.2</ele>
        <time>2026-09-04T13:52:12+0800</time>
        <extensions>
          <gpxtpx:TrackPointExtension>
            <gpxtpx:hr>134</gpxtpx:hr>
            <gpxtpx:cad>88</gpxtpx:cad>
          </gpxtpx:TrackPointExtension>
        </extensions>
      </trkpt>
      <trkpt lat="32.0209849533" lon="120.889167516">
        <ele>10.2</ele>
        <time>2026-09-04T13:52:13+0800</time>
        <extensions>
          <gpxtpx:TrackPointExtension>
            <gpxtpx:hr>133</gpxtpx:hr>
            <gpxtpx:cad>89</gpxtpx:cad>
          </gpxtpx:TrackPointExtension>
        </extensions>
      </trkpt>
      <trkpt lat="32.0209558681" lon="120.889167096">
        <ele>10.2</ele>
        <time>2026-09-04T13:52:14+0800</time>
        <extensions>
          <gpxtpx:TrackPointExtension>
            <gpxtpx:hr>133</gpxtpx:hr>
            <gpxtpx:cad>89</gpxtpx:cad>
          </gpxtpx:TrackPointExtension>
        </extensions>
      </trkpt>
      <trkpt lat="32.0209320635" lon="120.889159888">
        <ele>10.2</ele>
        <time>2026-09-04T13:52:15+0800</time>
        <extensions>
          <gpxtpx:TrackPointExtension>
            <gpxtpx:hr>133</gpxtpx:hr>
            <gpxtpx:cad>89</gpxtpx:cad>
          </gpxtpx:TrackPointExtension>
        </extensions>
      </trkpt>
      <trkpt lat="32.0209008828" lon="120.889150668">
        <ele>10.2</ele>
        <time>2026-09-04T13:52:16+0800</time>
        <extensions>
          <gpxtpx:TrackPointExtension>
            <gpxtpx:hr>133</gpxtpx:hr>
            <gpxtpx:cad>88</gpxtpx:cad>
          </gpxtpx:TrackPointExtension>
        </extensions>
      </trkpt>
      <trkpt lat="32.0208785869" lon="120.889141951">
        <ele>10.2</ele>
        <time>2026-09-04T13:52:17+0800</time>
        <extensions>
          <gpxtpx:TrackPointExtension>
            <gpxtpx:hr>134</gpxtpx:hr>
            <gpxtpx:cad>88</gpxtpx:cad>
          </gpxtpx:TrackPointExtension>
        </extensions>
      </trkpt>
      <trkpt lat="32.0208515972" lon="120.889131054">
        <ele>10.4</ele>
        <time>2026-09-04T13:52:18+0800</time>
        <extensions>
          <gpxtpx:TrackPointExtension>
            <gpxtpx:hr>133</gpxtpx:hr>
            <gpxtpx:cad>87</gpxtpx:cad>
          </gpxtpx:TrackPointExtension>
        </extensions>
      </trkpt>
      <trkpt lat="32.0208327379" lon="120.889116554">
        <ele>10.4</ele>
        <time>2026-09-04T13:52:19+0800</time>
        <extensions>
          <gpxtpx:TrackPointExtension>
            <gpxtpx:hr>133</gpxtpx:hr>
            <gpxtpx:cad>87</gpxtpx:cad>
          </gpxtpx:TrackPointExtension>
        </extensions>
      </trkpt>
      <trkpt lat="32.0208132081" lon="120.889103562">
        <ele>10.4</ele>
        <time>2026-09-04T13:52:20+0800</time>
        <extensions>
          <gpxtpx:TrackPointExtension>
            <gpxtpx:hr>134</gpxtpx:hr>
            <gpxtpx:cad>87</gpxtpx:cad>
          </gpxtpx:TrackPointExtension>
        </extensions>
      </trkpt>
      <trkpt lat="32.0207941812" lon="120.889091324">
        <ele>10.2</ele>
        <time>2026-09-04T13:52:21+0800</time>
        <extensions>
          <gpxtpx:TrackPointExtension>
            <gpxtpx:hr>133</gpxtpx:hr>
            <gpxtpx:cad>87</gpxtpx:cad>
          </gpxtpx:TrackPointExtension>
        </extensions>
      </trkpt>
      <trkpt lat="32.0207707118" lon="120.889078584">
        <ele>10.2</ele>
        <time>2026-09-04T13:52:22+0800</time>
        <extensions>
          <gpxtpx:TrackPointExtension>
            <gpxtpx:hr>133</gpxtpx:hr>
            <gpxtpx:cad>87</gpxtpx:cad>
          </gpxtpx:TrackPointExtension>
        </extensions>
      </trkpt>
      <trkpt lat="32.0207464043" lon="120.889062658">
        <ele>10.0</ele>
        <time>2026-09-04T13:52:23+0800</time>
        <extensions>
          <gpxtpx:TrackPointExtension>
            <gpxtpx:hr>133</gpxtpx:hr>
            <gpxtpx:cad>87</gpxtpx:cad>
          </gpxtpx:TrackPointExtension>
        </extensions>
      </trkpt>
      <trkpt lat="32.0207206719" lon="120.88904975">
        <ele>10.0</ele>
        <time>2026-09-04T13:52:24+0800</time>
        <extensions>
          <gpxtpx:TrackPointExtension>
            <gpxtpx:hr>133</gpxtpx:hr>
            <gpxtpx:cad>87</gpxtpx:cad>
          </gpxtpx:TrackPointExtension>
        </extensions>
      </trkpt>
      <trkpt lat="32.0206946041" lon="120.88903659">
        <ele>10.0</ele>
        <time>2026-09-04T13:52:25+0800</time>
        <extensions>
          <gpxtpx:TrackPointExtension>
            <gpxtpx:hr>133</gpxtpx:hr>
            <gpxtpx:cad>88</gpxtpx:cad>
          </gpxtpx:TrackPointExtension>
        </extensions>
      </trkpt>
      <trkpt lat="32.0206716377" lon="120.889028208">
        <ele>10.2</ele>
        <time>2026-09-04T13:52:26+0800</time>
        <extensions>
          <gpxtpx:TrackPointExtension>
            <gpxtpx:hr>133</gpxtpx:hr>
            <gpxtpx:cad>88</gpxtpx:cad>
          </gpxtpx:TrackPointExtension>
        </extensions>
      </trkpt>
      <trkpt lat="32.020644648" lon="120.889020162">
        <ele>10.2</ele>
        <time>2026-09-04T13:52:27+0800</time>
        <extensions>
          <gpxtpx:TrackPointExtension>
            <gpxtpx:hr>133</gpxtpx:hr>
            <gpxtpx:cad>88</gpxtpx:cad>
          </gpxtpx:TrackPointExtension>
        </extensions>
      </trkpt>
      <trkpt lat="32.0206192508" lon="120.889016306">
        <ele>10.2</ele>
        <time>2026-09-04T13:52:28+0800</time>
        <extensions>
          <gpxtpx:TrackPointExtension>
            <gpxtpx:hr>132</gpxtpx:hr>
            <gpxtpx:cad>89</gpxtpx:cad>
          </gpxtpx:TrackPointExtension>
        </extensions>
      </trkpt>
      <trkpt lat="32.020594608" lon="120.889014546">
        <ele>10.2</ele>
        <time>2026-09-04T13:52:29+0800</time>
        <extensions>
          <gpxtpx:TrackPointExtension>
            <gpxtpx:hr>133</gpxtpx:hr>
            <gpxtpx:cad>89</gpxtpx:cad>
          </gpxtpx:TrackPointExtension>
        </extensions>
      </trkpt>
      <trkpt lat="32.0205670316" lon="120.889015635">
        <ele>10.2</ele>
        <time>2026-09-04T13:52:30+0800</time>
        <extensions>
          <gpxtpx:TrackPointExtension>
            <gpxtpx:hr>132</gpxtpx:hr>
            <gpxtpx:cad>89</gpxtpx:cad>
          </gpxtpx:TrackPointExtension>
        </extensions>
      </trkpt>
      <trkpt lat="32.0205388684" lon="120.889013791">
        <ele>10.2</ele>
        <time>2026-09-04T13:52:31+0800</time>
        <extensions>
          <gpxtpx:TrackPointExtension>
            <gpxtpx:hr>132</gpxtpx:hr>
            <gpxtpx:cad>89</gpxtpx:cad>
          </gpxtpx:TrackPointExtension>
        </extensions>
      </trkpt>
      <trkpt lat="32.0205128007" lon="120.889011864">
        <ele>10.2</ele>
        <time>2026-09-04T13:52:32+0800</time>
        <extensions>
          <gpxtpx:TrackPointExtension>
            <gpxtpx:hr>132</gpxtpx:hr>
            <gpxtpx:cad>89</gpxtpx:cad>
          </gpxtpx:TrackPointExtension>
        </extensions>
      </trkpt>
      <trkpt lat="32.0204812009" lon="120.888999291">
        <ele>10.2</ele>
        <time>2026-09-04T13:52:33+0800</time>
        <extensions>
          <gpxtpx:TrackPointExtension>
            <gpxtpx:hr>132</gpxtpx:hr>
            <gpxtpx:cad>88</gpxtpx:cad>
          </gpxtpx:TrackPointExtension>
        </extensions>
      </trkpt>
      <trkpt lat="32.0204604138" lon="120.888993088">
        <ele>10.2</ele>
        <time>2026-09-04T13:52:34+0800</time>
        <extensions>
          <gpxtpx:TrackPointExtension>
            <gpxtpx:hr>132</gpxtpx:hr>
            <gpxtpx:cad>88</gpxtpx:cad>
          </gpxtpx:TrackPointExtension>
        </extensions>
      </trkpt>
      <trkpt lat="32.0204284787" lon="120.888981689">
        <ele>10.2</ele>
        <time>2026-09-04T13:52:35+0800</time>
        <extensions>
          <gpxtpx:TrackPointExtension>
            <gpxtpx:hr>132</gpxtpx:hr>
            <gpxtpx:cad>88</gpxtpx:cad>
          </gpxtpx:TrackPointExtension>
        </extensions>
      </trkpt>
      <trkpt lat="32.0204044227" lon="120.888982359">
        <ele>10.2</ele>
        <time>2026-09-04T13:52:36+0800</time>
        <extensions>
          <gpxtpx:TrackPointExtension>
            <gpxtpx:hr>132</gpxtpx:hr>
            <gpxtpx:cad>88</gpxtpx:cad>
          </gpxtpx:TrackPointExtension>
        </extensions>
      </trkpt>
      <trkpt lat="32.0203739963" lon="120.888975989">
        <ele>10.2</ele>
        <time>2026-09-04T13:52:37+0800</time>
        <extensions>
          <gpxtpx:TrackPointExtension>
            <gpxtpx:hr>131</gpxtpx:hr>
            <gpxtpx:cad>88</gpxtpx:cad>
          </gpxtpx:TrackPointExtension>
        </extensions>
      </trkpt>
      <trkpt lat="32.0203502756" lon="120.888972217">
        <ele>10.2</ele>
        <time>2026-09-04T13:52:38+0800</time>
        <extensions>
          <gpxtpx:TrackPointExtension>
            <gpxtpx:hr>131</gpxtpx:hr>
            <gpxtpx:cad>88</gpxtpx:cad>
          </gpxtpx:TrackPointExtension>
        </extensions>
      </trkpt>
      <trkpt lat="32.0203180052" lon="120.888959728">
        <ele>10.2</ele>
        <time>2026-09-04T13:52:39+0800</time>
        <extensions>
          <gpxtpx:TrackPointExtension>
            <gpxtpx:hr>131</gpxtpx:hr>
            <gpxtpx:cad>88</gpxtpx:cad>
          </gpxtpx:TrackPointExtension>
        </extensions>
      </trkpt>
      <trkpt lat="32.020298643" lon="120.888955286">
        <ele>10.2</ele>
        <time>2026-09-04T13:52:40+0800</time>
        <extensions>
          <gpxtpx:TrackPointExtension>
            <gpxtpx:hr>131</gpxtpx:hr>
            <gpxtpx:cad>89</gpxtpx:cad>
          </gpxtpx:TrackPointExtension>
        </extensions>
      </trkpt>
      <trkpt lat="32.0202688873" lon="120.888947155">
        <ele>10.2</ele>
        <time>2026-09-04T13:52:41+0800</time>
        <extensions>
          <gpxtpx:TrackPointExtension>
            <gpxtpx:hr>131</gpxtpx:hr>
            <gpxtpx:cad>89</gpxtpx:cad>
          </gpxtpx:TrackPointExtension>
        </extensions>
      </trkpt>
      <trkpt lat="32.0202450827" lon="120.888943886">
        <ele>10.4</ele>
        <time>2026-09-04T13:52:42+0800</time>
        <extensions>
          <gpxtpx:TrackPointExtension>
            <gpxtpx:hr>131</gpxtpx:hr>
            <gpxtpx:cad>89</gpxtpx:cad>
          </gpxtpx:TrackPointExtension>
        </extensions>
      </trkpt>
      <trkpt lat="32.0202170033" lon="120.88893651">
        <ele>10.4</ele>
        <time>2026-09-04T13:52:43+0800</time>
        <extensions>
          <gpxtpx:TrackPointExtension>
            <gpxtpx:hr>132</gpxtpx:hr>
            <gpxtpx:cad>89</gpxtpx:cad>
          </gpxtpx:TrackPointExtension>
        </extensions>
      </trkpt>
      <trkpt lat="32.0201963" lon="120.888927123">
        <ele>10.4</ele>
        <time>2026-09-04T13:52:44+0800</time>
        <extensions>
          <gpxtpx:TrackPointExtension>
            <gpxtpx:hr>132</gpxtpx:hr>
            <gpxtpx:cad>89</gpxtpx:cad>
          </gpxtpx:TrackPointExtension>
        </extensions>
      </trkpt>
      <trkpt lat="32.0201722439" lon="120.888922177">
        <ele>10.4</ele>
        <time>2026-09-04T13:52:45+0800</time>
        <extensions>
          <gpxtpx:TrackPointExtension>
            <gpxtpx:hr>132</gpxtpx:hr>
            <gpxtpx:cad>88</gpxtpx:cad>
          </gpxtpx:TrackPointExtension>
        </extensions>
      </trkpt>
      <trkpt lat="32.0201439969" lon="120.88890994">
        <ele>10.4</ele>
        <time>2026-09-04T13:52:46+0800</time>
        <extensions>
          <gpxtpx:TrackPointExtension>
            <gpxtpx:hr>132</gpxtpx:hr>
            <gpxtpx:cad>88</gpxtpx:cad>
          </gpxtpx:TrackPointExtension>
        </extensions>
      </trkpt>
      <trkpt lat="32.0201146603" lon="120.88890072">
        <ele>10.4</ele>
        <time>2026-09-04T13:52:47+0800</time>
        <extensions>
          <gpxtpx:TrackPointExtension>
            <gpxtpx:hr>132</gpxtpx:hr>
            <gpxtpx:cad>88</gpxtpx:cad>
          </gpxtpx:TrackPointExtension>
        </extensions>
      </trkpt>
      <trkpt lat="32.0200857427" lon="120.888891248">
        <ele>10.6</ele>
        <time>2026-09-04T13:52:48+0800</time>
        <extensions>
          <gpxtpx:TrackPointExtension>
            <gpxtpx:hr>132</gpxtpx:hr>
            <gpxtpx:cad>88</gpxtpx:cad>
          </gpxtpx:TrackPointExtension>
        </extensions>
      </trkpt>
      <trkpt lat="32.0200646203" lon="120.888887225">
        <ele>10.6</ele>
        <time>2026-09-04T13:52:49+0800</time>
        <extensions>
          <gpxtpx:TrackPointExtension>
            <gpxtpx:hr>133</gpxtpx:hr>
            <gpxtpx:cad>88</gpxtpx:cad>
          </gpxtpx:TrackPointExtension>
        </extensions>
      </trkpt>
      <trkpt lat="32.0200366247" lon="120.888872808">
        <ele>10.4</ele>
        <time>2026-09-04T13:52:50+0800</time>
        <extensions>
          <gpxtpx:TrackPointExtension>
            <gpxtpx:hr>133</gpxtpx:hr>
            <gpxtpx:cad>88</gpxtpx:cad>
          </gpxtpx:TrackPointExtension>
        </extensions>
      </trkpt>
      <trkpt lat="32.0200111438" lon="120.888866773">
        <ele>10.4</ele>
        <time>2026-09-04T13:52:51+0800</time>
        <extensions>
          <gpxtpx:TrackPointExtension>
            <gpxtpx:hr>134</gpxtpx:hr>
            <gpxtpx:cad>88</gpxtpx:cad>
          </gpxtpx:TrackPointExtension>
        </extensions>
      </trkpt>
      <trkpt lat="32.0199830644" lon="120.888855457">
        <ele>10.4</ele>
        <time>2026-09-04T13:52:52+0800</time>
        <extensions>
          <gpxtpx:TrackPointExtension>
            <gpxtpx:hr>135</gpxtpx:hr>
            <gpxtpx:cad>88</gpxtpx:cad>
          </gpxtpx:TrackPointExtension>
        </extensions>
      </trkpt>
      <trkpt lat="32.0199585892" lon="120.888848249">
        <ele>10.4</ele>
        <time>2026-09-04T13:52:53+0800</time>
        <extensions>
          <gpxtpx:TrackPointExtension>
            <gpxtpx:hr>136</gpxtpx:hr>
            <gpxtpx:cad>89</gpxtpx:cad>
          </gpxtpx:TrackPointExtension>
        </extensions>
      </trkpt>
      <trkpt lat="32.0199328568" lon="120.888836347">
        <ele>10.4</ele>
        <time>2026-09-04T13:52:54+0800</time>
        <extensions>
          <gpxtpx:TrackPointExtension>
            <gpxtpx:hr>136</gpxtpx:hr>
            <gpxtpx:cad>89</gpxtpx:cad>
          </gpxtpx:TrackPointExtension>
        </extensions>
      </trkpt>
      <trkpt lat="32.019910058" lon="120.888831234">
        <ele>10.4</ele>
        <time>2026-09-04T13:52:55+0800</time>
        <extensions>
          <gpxtpx:TrackPointExtension>
            <gpxtpx:hr>136</gpxtpx:hr>
            <gpxtpx:cad>89</gpxtpx:cad>
          </gpxtpx:TrackPointExtension>
        </extensions>
      </trkpt>
      <trkpt lat="32.0198798832" lon="120.888824863">
        <ele>10.4</ele>
        <time>2026-09-04T13:52:56+0800</time>
        <extensions>
          <gpxtpx:TrackPointExtension>
            <gpxtpx:hr>136</gpxtpx:hr>
            <gpxtpx:cad>89</gpxtpx:cad>
          </gpxtpx:TrackPointExtension>
        </extensions>
      </trkpt>
      <trkpt lat="32.0198551565" lon="120.888823355">
        <ele>10.4</ele>
        <time>2026-09-04T13:52:57+0800</time>
        <extensions>
          <gpxtpx:TrackPointExtension>
            <gpxtpx:hr>137</gpxtpx:hr>
            <gpxtpx:cad>89</gpxtpx:cad>
          </gpxtpx:TrackPointExtension>
        </extensions>
      </trkpt>
      <trkpt lat="32.019828083" lon="120.888821678">
        <ele>10.4</ele>
        <time>2026-09-04T13:52:58+0800</time>
        <extensions>
          <gpxtpx:TrackPointExtension>
            <gpxtpx:hr>137</gpxtpx:hr>
            <gpxtpx:cad>89</gpxtpx:cad>
          </gpxtpx:TrackPointExtension>
        </extensions>
      </trkpt>
      <trkpt lat="32.0198046975" lon="120.888819834">
        <ele>10.4</ele>
        <time>2026-09-04T13:52:59+0800</time>
        <extensions>
          <gpxtpx:TrackPointExtension>
            <gpxtpx:hr>137</gpxtpx:hr>
            <gpxtpx:cad>89</gpxtpx:cad>
          </gpxtpx:TrackPointExtension>
        </extensions>
      </trkpt>
      <trkpt lat="32.0197760314" lon="120.888815308">
        <ele>10.4</ele>
        <time>2026-09-04T13:53:00+0800</time>
        <extensions>
          <gpxtpx:TrackPointExtension>
            <gpxtpx:hr>137</gpxtpx:hr>
            <gpxtpx:cad>89</gpxtpx:cad>
          </gpxtpx:TrackPointExtension>
        </extensions>
      </trkpt>
      <trkpt lat="32.0197544061" lon="120.888811368">
        <ele>10.4</ele>
        <time>2026-09-04T13:53:01+0800</time>
        <extensions>
          <gpxtpx:TrackPointExtension>
            <gpxtpx:hr>137</gpxtpx:hr>
            <gpxtpx:cad>89</gpxtpx:cad>
          </gpxtpx:TrackPointExtension>
        </extensions>
      </trkpt>
      <trkpt lat="32.0197181962" lon="120.888803825">
        <ele>10.6</ele>
        <time>2026-09-04T13:53:02+0800</time>
        <extensions>
          <gpxtpx:TrackPointExtension>
            <gpxtpx:hr>137</gpxtpx:hr>
            <gpxtpx:cad>88</gpxtpx:cad>
          </gpxtpx:TrackPointExtension>
        </extensions>
      </trkpt>
      <trkpt lat="32.0196870994" lon="120.888802567">
        <ele>10.6</ele>
        <time>2026-09-04T13:53:03+0800</time>
        <extensions>
          <gpxtpx:TrackPointExtension>
            <gpxtpx:hr>137</gpxtpx:hr>
            <gpxtpx:cad>88</gpxtpx:cad>
          </gpxtpx:TrackPointExtension>
        </extensions>
      </trkpt>
      <trkpt lat="32.0196550805" lon="120.888802316">
        <ele>10.6</ele>
        <time>2026-09-04T13:53:04+0800</time>
        <extensions>
          <gpxtpx:TrackPointExtension>
            <gpxtpx:hr>136</gpxtpx:hr>
            <gpxtpx:cad>88</gpxtpx:cad>
          </gpxtpx:TrackPointExtension>
        </extensions>
      </trkpt>
      <trkpt lat="32.0196261629" lon="120.888799215">
        <ele>10.6</ele>
        <time>2026-09-04T13:53:05+0800</time>
        <extensions>
          <gpxtpx:TrackPointExtension>
            <gpxtpx:hr>137</gpxtpx:hr>
            <gpxtpx:cad>88</gpxtpx:cad>
          </gpxtpx:TrackPointExtension>
        </extensions>
      </trkpt>
      <trkpt lat="32.019599257" lon="120.888805082">
        <ele>10.8</ele>
        <time>2026-09-04T13:53:06+0800</time>
        <extensions>
          <gpxtpx:TrackPointExtension>
            <gpxtpx:hr>137</gpxtpx:hr>
            <gpxtpx:cad>87</gpxtpx:cad>
          </gpxtpx:TrackPointExtension>
        </extensions>
      </trkpt>
      <trkpt lat="32.0195715968" lon="120.888810195">
        <ele>10.8</ele>
        <time>2026-09-04T13:53:07+0800</time>
        <extensions>
          <gpxtpx:TrackPointExtension>
            <gpxtpx:hr>136</gpxtpx:hr>
            <gpxtpx:cad>87</gpxtpx:cad>
          </gpxtpx:TrackPointExtension>
        </extensions>
      </trkpt>
      <trkpt lat="32.0195531566" lon="120.888820002">
        <ele>10.6</ele>
        <time>2026-09-04T13:53:08+0800</time>
        <extensions>
          <gpxtpx:TrackPointExtension>
            <gpxtpx:hr>137</gpxtpx:hr>
            <gpxtpx:cad>87</gpxtpx:cad>
          </gpxtpx:TrackPointExtension>
        </extensions>
      </trkpt>
      <trkpt lat="32.01953304" lon="120.888828216">
        <ele>10.6</ele>
        <time>2026-09-04T13:53:09+0800</time>
        <extensions>
          <gpxtpx:TrackPointExtension>
            <gpxtpx:hr>136</gpxtpx:hr>
            <gpxtpx:cad>86</gpxtpx:cad>
          </gpxtpx:TrackPointExtension>
        </extensions>
      </trkpt>
      <trkpt lat="32.019512672" lon="120.888827294">
        <ele>10.6</ele>
        <time>2026-09-04T13:53:10+0800</time>
        <extensions>
          <gpxtpx:TrackPointExtension>
            <gpxtpx:hr>136</gpxtpx:hr>
            <gpxtpx:cad>83</gpxtpx:cad>
          </gpxtpx:TrackPointExtension>
        </extensions>
      </trkpt>
      <trkpt lat="32.0194896217" lon="120.888816901">
        <ele>10.6</ele>
        <time>2026-09-04T13:53:11+0800</time>
        <extensions>
          <gpxtpx:TrackPointExtension>
            <gpxtpx:hr>136</gpxtpx:hr>
            <gpxtpx:cad>83</gpxtpx:cad>
          </gpxtpx:TrackPointExtension>
        </extensions>
      </trkpt>
      <trkpt lat="32.0194703434" lon="120.888816649">
        <ele>10.6</ele>
        <time>2026-09-04T13:53:12+0800</time>
        <extensions>
          <gpxtpx:TrackPointExtension>
            <gpxtpx:hr>135</gpxtpx:hr>
            <gpxtpx:cad>81</gpxtpx:cad>
          </gpxtpx:TrackPointExtension>
        </extensions>
      </trkpt>
      <trkpt lat="32.0194412582" lon="120.888811871">
        <ele>10.4</ele>
        <time>2026-09-04T13:53:13+0800</time>
        <extensions>
          <gpxtpx:TrackPointExtension>
            <gpxtpx:hr>135</gpxtpx:hr>
            <gpxtpx:cad>81</gpxtpx:cad>
          </gpxtpx:TrackPointExtension>
        </extensions>
      </trkpt>
      <trkpt lat="32.0194253325" lon="120.888823438">
        <ele>10.4</ele>
        <time>2026-09-04T13:53:14+0800</time>
        <extensions>
          <gpxtpx:TrackPointExtension>
            <gpxtpx:hr>135</gpxtpx:hr>
            <gpxtpx:cad>81</gpxtpx:cad>
          </gpxtpx:TrackPointExtension>
        </extensions>
      </trkpt>
      <trkpt lat="32.0194062218" lon="120.888845315">
        <ele>10.4</ele>
        <time>2026-09-04T13:53:15+0800</time>
        <extensions>
          <gpxtpx:TrackPointExtension>
            <gpxtpx:hr>135</gpxtpx:hr>
            <gpxtpx:cad>80</gpxtpx:cad>
          </gpxtpx:TrackPointExtension>
        </extensions>
      </trkpt>
      <trkpt lat="32.0193929784" lon="120.888872305">
        <ele>10.4</ele>
        <time>2026-09-04T13:53:16+0800</time>
        <extensions>
          <gpxtpx:TrackPointExtension>
            <gpxtpx:hr>136</gpxtpx:hr>
            <gpxtpx:cad>81</gpxtpx:cad>
          </gpxtpx:TrackPointExtension>
        </extensions>
      </trkpt>
      <trkpt lat="32.0193776395" lon="120.888912287">
        <ele>10.4</ele>
        <time>2026-09-04T13:53:17+0800</time>
        <extensions>
          <gpxtpx:TrackPointExtension>
            <gpxtpx:hr>136</gpxtpx:hr>
            <gpxtpx:cad>81</gpxtpx:cad>
          </gpxtpx:TrackPointExtension>
        </extensions>
      </trkpt>
      <trkpt lat="32.0193665754" lon="120.888937348">
        <ele>10.4</ele>
        <time>2026-09-04T13:53:18+0800</time>
        <extensions>
          <gpxtpx:TrackPointExtension>
            <gpxtpx:hr>136</gpxtpx:hr>
            <gpxtpx:cad>81</gpxtpx:cad>
          </gpxtpx:TrackPointExtension>
        </extensions>
      </trkpt>
      <trkpt lat="32.0193569362" lon="120.888973642">
        <ele>10.4</ele>
        <time>2026-09-04T13:53:19+0800</time>
        <extensions>
          <gpxtpx:TrackPointExtension>
            <gpxtpx:hr>136</gpxtpx:hr>
            <gpxtpx:cad>86</gpxtpx:cad>
          </gpxtpx:TrackPointExtension>
        </extensions>
      </trkpt>
      <trkpt lat="32.0193511527" lon="120.889001973">
        <ele>10.4</ele>
        <time>2026-09-04T13:53:20+0800</time>
        <extensions>
          <gpxtpx:TrackPointExtension>
            <gpxtpx:hr>137</gpxtpx:hr>
            <gpxtpx:cad>86</gpxtpx:cad>
          </gpxtpx:TrackPointExtension>
        </extensions>
      </trkpt>
      <trkpt lat="32.0193472132" lon="120.889041452">
        <ele>10.4</ele>
        <time>2026-09-04T13:53:21+0800</time>
        <extensions>
          <gpxtpx:TrackPointExtension>
            <gpxtpx:hr>137</gpxtpx:hr>
            <gpxtpx:cad>87</gpxtpx:cad>
          </gpxtpx:TrackPointExtension>
        </extensions>
      </trkpt>
      <trkpt lat="32.0193437766" lon="120.889074979">
        <ele>10.4</ele>
        <time>2026-09-04T13:53:22+0800</time>
        <extensions>
          <gpxtpx:TrackPointExtension>
            <gpxtpx:hr>137</gpxtpx:hr>
            <gpxtpx:cad>87</gpxtpx:cad>
          </gpxtpx:TrackPointExtension>
        </extensions>
      </trkpt>
      <trkpt lat="32.019339921" lon="120.889111944">
        <ele>10.4</ele>
        <time>2026-09-04T13:53:23+0800</time>
        <extensions>
          <gpxtpx:TrackPointExtension>
            <gpxtpx:hr>136</gpxtpx:hr>
            <gpxtpx:cad>88</gpxtpx:cad>
          </gpxtpx:TrackPointExtension>
        </extensions>
      </trkpt>
      <trkpt lat="32.0193293598" lon="120.889144968">
        <ele>10.4</ele>
        <time>2026-09-04T13:53:24+0800</time>
        <extensions>
          <gpxtpx:TrackPointExtension>
            <gpxtpx:hr>137</gpxtpx:hr>
            <gpxtpx:cad>88</gpxtpx:cad>
          </gpxtpx:TrackPointExtension>
        </extensions>
      </trkpt>
      <trkpt lat="32.0193257555" lon="120.889182016">
        <ele>10.4</ele>
        <time>2026-09-04T13:53:25+0800</time>
        <extensions>
          <gpxtpx:TrackPointExtension>
            <gpxtpx:hr>137</gpxtpx:hr>
            <gpxtpx:cad>88</gpxtpx:cad>
          </gpxtpx:TrackPointExtension>
        </extensions>
      </trkpt>
      <trkpt lat="32.0193167869" lon="120.889215795">
        <ele>10.4</ele>
        <time>2026-09-04T13:53:26+0800</time>
        <extensions>
          <gpxtpx:TrackPointExtension>
            <gpxtpx:hr>137</gpxtpx:hr>
            <gpxtpx:cad>88</gpxtpx:cad>
          </gpxtpx:TrackPointExtension>
        </extensions>
      </trkpt>
      <trkpt lat="32.0193128474" lon="120.889247814">
        <ele>10.2</ele>
        <time>2026-09-04T13:53:27+0800</time>
        <extensions>
          <gpxtpx:TrackPointExtension>
            <gpxtpx:hr>137</gpxtpx:hr>
            <gpxtpx:cad>88</gpxtpx:cad>
          </gpxtpx:TrackPointExtension>
        </extensions>
      </trkpt>
      <trkpt lat="32.0193050522" lon="120.889283773">
        <ele>10.4</ele>
        <time>2026-09-04T13:53:28+0800</time>
        <extensions>
          <gpxtpx:TrackPointExtension>
            <gpxtpx:hr>137</gpxtpx:hr>
            <gpxtpx:cad>88</gpxtpx:cad>
          </gpxtpx:TrackPointExtension>
        </extensions>
      </trkpt>
      <trkpt lat="32.0193017833" lon="120.8893173">
        <ele>10.4</ele>
        <time>2026-09-04T13:53:29+0800</time>
        <extensions>
          <gpxtpx:TrackPointExtension>
            <gpxtpx:hr>137</gpxtpx:hr>
            <gpxtpx:cad>88</gpxtpx:cad>
          </gpxtpx:TrackPointExtension>
        </extensions>
      </trkpt>
      <trkpt lat="32.0192960836" lon="120.88934957">
        <ele>10.4</ele>
        <time>2026-09-04T13:53:30+0800</time>
        <extensions>
          <gpxtpx:TrackPointExtension>
            <gpxtpx:hr>138</gpxtpx:hr>
            <gpxtpx:cad>88</gpxtpx:cad>
          </gpxtpx:TrackPointExtension>
        </extensions>
      </trkpt>
      <trkpt lat="32.019296838" lon="120.889380248">
        <ele>10.4</ele>
        <time>2026-09-04T13:53:31+0800</time>
        <extensions>
          <gpxtpx:TrackPointExtension>
            <gpxtpx:hr>138</gpxtpx:hr>
            <gpxtpx:cad>88</gpxtpx:cad>
          </gpxtpx:TrackPointExtension>
        </extensions>
      </trkpt>
      <trkpt lat="32.0192939043" lon="120.889418637">
        <ele>10.6</ele>
        <time>2026-09-04T13:53:32+0800</time>
        <extensions>
          <gpxtpx:TrackPointExtension>
            <gpxtpx:hr>138</gpxtpx:hr>
            <gpxtpx:cad>88</gpxtpx:cad>
          </gpxtpx:TrackPointExtension>
        </extensions>
      </trkpt>
      <trkpt lat="32.0192976762" lon="120.889446968">
        <ele>10.4</ele>
        <time>2026-09-04T13:53:33+0800</time>
        <extensions>
          <gpxtpx:TrackPointExtension>
            <gpxtpx:hr>138</gpxtpx:hr>
            <gpxtpx:cad>89</gpxtpx:cad>
          </gpxtpx:TrackPointExtension>
        </extensions>
      </trkpt>
      <trkpt lat="32.0192925632" lon="120.889489967">
        <ele>10.6</ele>
        <time>2026-09-04T13:53:34+0800</time>
        <extensions>
          <gpxtpx:TrackPointExtension>
            <gpxtpx:hr>139</gpxtpx:hr>
            <gpxtpx:cad>89</gpxtpx:cad>
          </gpxtpx:TrackPointExtension>
        </extensions>
      </trkpt>
      <trkpt lat="32.019298682" lon="120.889520478">
        <ele>10.6</ele>
        <time>2026-09-04T13:53:35+0800</time>
        <extensions>
          <gpxtpx:TrackPointExtension>
            <gpxtpx:hr>138</gpxtpx:hr>
            <gpxtpx:cad>89</gpxtpx:cad>
          </gpxtpx:TrackPointExtension>
        </extensions>
      </trkpt>
      <trkpt lat="32.0192941558" lon="120.889562219">
        <ele>10.6</ele>
        <time>2026-09-04T13:53:36+0800</time>
        <extensions>
          <gpxtpx:TrackPointExtension>
            <gpxtpx:hr>138</gpxtpx:hr>
            <gpxtpx:cad>89</gpxtpx:cad>
          </gpxtpx:TrackPointExtension>
        </extensions>
      </trkpt>
      <trkpt lat="32.0192948263" lon="120.889594574">
        <ele>10.6</ele>
        <time>2026-09-04T13:53:37+0800</time>
        <extensions>
          <gpxtpx:TrackPointExtension>
            <gpxtpx:hr>138</gpxtpx:hr>
            <gpxtpx:cad>89</gpxtpx:cad>
          </gpxtpx:TrackPointExtension>
        </extensions>
      </trkpt>
      <trkpt lat="32.0192881208" lon="120.889636986">
        <ele>10.6</ele>
        <time>2026-09-04T13:53:38+0800</time>
        <extensions>
          <gpxtpx:TrackPointExtension>
            <gpxtpx:hr>139</gpxtpx:hr>
            <gpxtpx:cad>89</gpxtpx:cad>
          </gpxtpx:TrackPointExtension>
        </extensions>
      </trkpt>
      <trkpt lat="32.0192822535" lon="120.889672609">
        <ele>10.8</ele>
        <time>2026-09-04T13:53:39+0800</time>
        <extensions>
          <gpxtpx:TrackPointExtension>
            <gpxtpx:hr>139</gpxtpx:hr>
            <gpxtpx:cad>89</gpxtpx:cad>
          </gpxtpx:TrackPointExtension>
        </extensions>
      </trkpt>
      <trkpt lat="32.0192739554" lon="120.889710495">
        <ele>10.6</ele>
        <time>2026-09-04T13:53:40+0800</time>
        <extensions>
          <gpxtpx:TrackPointExtension>
            <gpxtpx:hr>139</gpxtpx:hr>
            <gpxtpx:cad>89</gpxtpx:cad>
          </gpxtpx:TrackPointExtension>
        </extensions>
      </trkpt>
      <trkpt lat="32.0192742907" lon="120.889738575">
        <ele>10.6</ele>
        <time>2026-09-04T13:53:41+0800</time>
        <extensions>
          <gpxtpx:TrackPointExtension>
            <gpxtpx:hr>140</gpxtpx:hr>
            <gpxtpx:cad>89</gpxtpx:cad>
          </gpxtpx:TrackPointExtension>
        </extensions>
      </trkpt>
      <trkpt lat="32.0192649029" lon="120.88977755">
        <ele>10.6</ele>
        <time>2026-09-04T13:53:42+0800</time>
        <extensions>
          <gpxtpx:TrackPointExtension>
            <gpxtpx:hr>140</gpxtpx:hr>
            <gpxtpx:cad>89</gpxtpx:cad>
          </gpxtpx:TrackPointExtension>
        </extensions>
      </trkpt>
      <trkpt lat="32.0192598738" lon="120.889803199">
        <ele>10.8</ele>
        <time>2026-09-04T13:53:43+0800</time>
        <extensions>
          <gpxtpx:TrackPointExtension>
            <gpxtpx:hr>141</gpxtpx:hr>
            <gpxtpx:cad>89</gpxtpx:cad>
          </gpxtpx:TrackPointExtension>
        </extensions>
      </trkpt>
      <trkpt lat="32.0192491449" lon="120.8898436">
        <ele>10.6</ele>
        <time>2026-09-04T13:53:44+0800</time>
        <extensions>
          <gpxtpx:TrackPointExtension>
            <gpxtpx:hr>141</gpxtpx:hr>
            <gpxtpx:cad>89</gpxtpx:cad>
          </gpxtpx:TrackPointExtension>
        </extensions>
      </trkpt>
      <trkpt lat="32.0192404278" lon="120.889870422">
        <ele>10.8</ele>
        <time>2026-09-04T13:53:45+0800</time>
        <extensions>
          <gpxtpx:TrackPointExtension>
            <gpxtpx:hr>142</gpxtpx:hr>
            <gpxtpx:cad>89</gpxtpx:cad>
          </gpxtpx:TrackPointExtension>
        </extensions>
      </trkpt>
      <trkpt lat="32.0192290284" lon="120.889907554">
        <ele>10.8</ele>
        <time>2026-09-04T13:53:46+0800</time>
        <extensions>
          <gpxtpx:TrackPointExtension>
            <gpxtpx:hr>142</gpxtpx:hr>
            <gpxtpx:cad>89</gpxtpx:cad>
          </gpxtpx:TrackPointExtension>
        </extensions>
      </trkpt>
      <trkpt lat="32.0192212332" lon="120.889937561">
        <ele>10.8</ele>
        <time>2026-09-04T13:53:47+0800</time>
        <extensions>
          <gpxtpx:TrackPointExtension>
            <gpxtpx:hr>142</gpxtpx:hr>
            <gpxtpx:cad>89</gpxtpx:cad>
          </gpxtpx:TrackPointExtension>
        </extensions>
      </trkpt>
      <trkpt lat="32.0192130189" lon="120.889978465">
        <ele>10.8</ele>
        <time>2026-09-04T13:53:48+0800</time>
        <extensions>
          <gpxtpx:TrackPointExtension>
            <gpxtpx:hr>143</gpxtpx:hr>
            <gpxtpx:cad>89</gpxtpx:cad>
          </gpxtpx:TrackPointExtension>
        </extensions>
      </trkpt>
      <trkpt lat="32.0192007814" lon="120.890011154">
        <ele>10.8</ele>
        <time>2026-09-04T13:53:49+0800</time>
        <extensions>
          <gpxtpx:TrackPointExtension>
            <gpxtpx:hr>143</gpxtpx:hr>
            <gpxtpx:cad>89</gpxtpx:cad>
          </gpxtpx:TrackPointExtension>
        </extensions>
      </trkpt>
      <trkpt lat="32.019194914" lon="120.890049459">
        <ele>10.8</ele>
        <time>2026-09-04T13:53:50+0800</time>
        <extensions>
          <gpxtpx:TrackPointExtension>
            <gpxtpx:hr>143</gpxtpx:hr>
            <gpxtpx:cad>89</gpxtpx:cad>
          </gpxtpx:TrackPointExtension>
        </extensions>
      </trkpt>
      <trkpt lat="32.019189382" lon="120.890083155">
        <ele>10.8</ele>
        <time>2026-09-04T13:53:51+0800</time>
        <extensions>
          <gpxtpx:TrackPointExtension>
            <gpxtpx:hr>144</gpxtpx:hr>
            <gpxtpx:cad>89</gpxtpx:cad>
          </gpxtpx:TrackPointExtension>
        </extensions>
      </trkpt>
      <trkpt lat="32.0191861968" lon="120.89013462">
        <ele>10.8</ele>
        <time>2026-09-04T13:53:52+0800</time>
        <extensions>
          <gpxtpx:TrackPointExtension>
            <gpxtpx:hr>144</gpxtpx:hr>
            <gpxtpx:cad>90</gpxtpx:cad>
          </gpxtpx:TrackPointExtension>
        </extensions>
      </trkpt>
      <trkpt lat="32.0191764738" lon="120.890166806">
        <ele>10.8</ele>
        <time>2026-09-04T13:53:53+0800</time>
        <extensions>
          <gpxtpx:TrackPointExtension>
            <gpxtpx:hr>144</gpxtpx:hr>
            <gpxtpx:cad>90</gpxtpx:cad>
          </gpxtpx:TrackPointExtension>
        </extensions>
      </trkpt>
      <trkpt lat="32.019173624" lon="120.890204022">
        <ele>10.8</ele>
        <time>2026-09-04T13:53:54+0800</time>
        <extensions>
          <gpxtpx:TrackPointExtension>
            <gpxtpx:hr>144</gpxtpx:hr>
            <gpxtpx:cad>89</gpxtpx:cad>
          </gpxtpx:TrackPointExtension>
        </extensions>
      </trkpt>
      <trkpt lat="32.0191643201" lon="120.890232688">
        <ele>10.8</ele>
        <time>2026-09-04T13:53:55+0800</time>
        <extensions>
          <gpxtpx:TrackPointExtension>
            <gpxtpx:hr>145</gpxtpx:hr>
            <gpxtpx:cad>89</gpxtpx:cad>
          </gpxtpx:TrackPointExtension>
        </extensions>
      </trkpt>
      <trkpt lat="32.0191589557" lon="120.890272837">
        <ele>10.8</ele>
        <time>2026-09-04T13:53:56+0800</time>
        <extensions>
          <gpxtpx:TrackPointExtension>
            <gpxtpx:hr>144</gpxtpx:hr>
            <gpxtpx:cad>90</gpxtpx:cad>
          </gpxtpx:TrackPointExtension>
        </extensions>
      </trkpt>
      <trkpt lat="32.0191553514" lon="120.890304772">
        <ele>10.8</ele>
        <time>2026-09-04T13:53:57+0800</time>
        <extensions>
          <gpxtpx:TrackPointExtension>
            <gpxtpx:hr>144</gpxtpx:hr>
            <gpxtpx:cad>90</gpxtpx:cad>
          </gpxtpx:TrackPointExtension>
        </extensions>
      </trkpt>
      <trkpt lat="32.0191465504" lon="120.890349112">
        <ele>10.8</ele>
        <time>2026-09-04T13:53:58+0800</time>
        <extensions>
          <gpxtpx:TrackPointExtension>
            <gpxtpx:hr>145</gpxtpx:hr>
            <gpxtpx:cad>90</gpxtpx:cad>
          </gpxtpx:TrackPointExtension>
        </extensions>
      </trkpt>
      <trkpt lat="32.0191381685" lon="120.890379036">
        <ele>10.8</ele>
        <time>2026-09-04T13:53:59+0800</time>
        <extensions>
          <gpxtpx:TrackPointExtension>
            <gpxtpx:hr>145</gpxtpx:hr>
            <gpxtpx:cad>90</gpxtpx:cad>
          </gpxtpx:TrackPointExtension>
        </extensions>
      </trkpt>
      <trkpt lat="32.0191307925" lon="120.890419437">
        <ele>10.6</ele>
        <time>2026-09-04T13:54:00+0800</time>
        <extensions>
          <gpxtpx:TrackPointExtension>
            <gpxtpx:hr>145</gpxtpx:hr>
            <gpxtpx:cad>90</gpxtpx:cad>
          </gpxtpx:TrackPointExtension>
        </extensions>
      </trkpt>
      <trkpt lat="32.0191271883" lon="120.890451958">
        <ele>10.8</ele>
        <time>2026-09-04T13:54:01+0800</time>
        <extensions>
          <gpxtpx:TrackPointExtension>
            <gpxtpx:hr>146</gpxtpx:hr>
            <gpxtpx:cad>90</gpxtpx:cad>
          </gpxtpx:TrackPointExtension>
        </extensions>
      </trkpt>
      <trkpt lat="32.0191183034" lon="120.890492359">
        <ele>10.8</ele>
        <time>2026-09-04T13:54:02+0800</time>
        <extensions>
          <gpxtpx:TrackPointExtension>
            <gpxtpx:hr>146</gpxtpx:hr>
            <gpxtpx:cad>90</gpxtpx:cad>
          </gpxtpx:TrackPointExtension>
        </extensions>
      </trkpt>
      <trkpt lat="32.0191123523" lon="120.890524546">
        <ele>10.8</ele>
        <time>2026-09-04T13:54:03+0800</time>
        <extensions>
          <gpxtpx:TrackPointExtension>
            <gpxtpx:hr>146</gpxtpx:hr>
            <gpxtpx:cad>90</gpxtpx:cad>
          </gpxtpx:TrackPointExtension>
        </extensions>
      </trkpt>
      <trkpt lat="32.0191055629" lon="120.890568718">
        <ele>10.8</ele>
        <time>2026-09-04T13:54:04+0800</time>
        <extensions>
          <gpxtpx:TrackPointExtension>
            <gpxtpx:hr>146</gpxtpx:hr>
            <gpxtpx:cad>90</gpxtpx:cad>
          </gpxtpx:TrackPointExtension>
        </extensions>
      </trkpt>
      <trkpt lat="32.0191060659" lon="120.89059772">
        <ele>10.8</ele>
        <time>2026-09-04T13:54:05+0800</time>
        <extensions>
          <gpxtpx:TrackPointExtension>
            <gpxtpx:hr>146</gpxtpx:hr>
            <gpxtpx:cad>90</gpxtpx:cad>
          </gpxtpx:TrackPointExtension>
        </extensions>
      </trkpt>
      <trkpt lat="32.019099528" lon="120.890639713">
        <ele>10.8</ele>
        <time>2026-09-04T13:54:06+0800</time>
        <extensions>
          <gpxtpx:TrackPointExtension>
            <gpxtpx:hr>146</gpxtpx:hr>
            <gpxtpx:cad>91</gpxtpx:cad>
          </gpxtpx:TrackPointExtension>
        </extensions>
      </trkpt>
      <trkpt lat="32.0190984383" lon="120.890665362">
        <ele>10.6</ele>
        <time>2026-09-04T13:54:07+0800</time>
        <extensions>
          <gpxtpx:TrackPointExtension>
            <gpxtpx:hr>146</gpxtpx:hr>
            <gpxtpx:cad>91</gpxtpx:cad>
          </gpxtpx:TrackPointExtension>
        </extensions>
      </trkpt>
      <trkpt lat="32.0190861169" lon="120.890700733">
        <ele>10.6</ele>
        <time>2026-09-04T13:54:08+0800</time>
        <extensions>
          <gpxtpx:TrackPointExtension>
            <gpxtpx:hr>147</gpxtpx:hr>
            <gpxtpx:cad>91</gpxtpx:cad>
          </gpxtpx:TrackPointExtension>
        </extensions>
      </trkpt>
      <trkpt lat="32.0190859493" lon="120.890730154">
        <ele>10.6</ele>
        <time>2026-09-04T13:54:09+0800</time>
        <extensions>
          <gpxtpx:TrackPointExtension>
            <gpxtpx:hr>147</gpxtpx:hr>
            <gpxtpx:cad>91</gpxtpx:cad>
          </gpxtpx:TrackPointExtension>
        </extensions>
      </trkpt>
      <trkpt lat="32.019075891" lon="120.890769213">
        <ele>10.6</ele>
        <time>2026-09-04T13:54:10+0800</time>
        <extensions>
          <gpxtpx:TrackPointExtension>
            <gpxtpx:hr>147</gpxtpx:hr>
            <gpxtpx:cad>91</gpxtpx:cad>
          </gpxtpx:TrackPointExtension>
        </extensions>
      </trkpt>
      <trkpt lat="32.0190741308" lon="120.890806764">
        <ele>10.6</ele>
        <time>2026-09-04T13:54:11+0800</time>
        <extensions>
          <gpxtpx:TrackPointExtension>
            <gpxtpx:hr>147</gpxtpx:hr>
            <gpxtpx:cad>91</gpxtpx:cad>
          </gpxtpx:TrackPointExtension>
        </extensions>
      </trkpt>
      <trkpt lat="32.019061977" lon="120.890846243">
        <ele>10.6</ele>
        <time>2026-09-04T13:54:12+0800</time>
        <extensions>
          <gpxtpx:TrackPointExtension>
            <gpxtpx:hr>147</gpxtpx:hr>
            <gpxtpx:cad>91</gpxtpx:cad>
          </gpxtpx:TrackPointExtension>
        </extensions>
      </trkpt>
      <trkpt lat="32.0190541819" lon="120.89088195">
        <ele>10.6</ele>
        <time>2026-09-04T13:54:13+0800</time>
        <extensions>
          <gpxtpx:TrackPointExtension>
            <gpxtpx:hr>147</gpxtpx:hr>
            <gpxtpx:cad>91</gpxtpx:cad>
          </gpxtpx:TrackPointExtension>
        </extensions>
      </trkpt>
      <trkpt lat="32.0190446265" lon="120.890920758">
        <ele>10.6</ele>
        <time>2026-09-04T13:54:14+0800</time>
        <extensions>
          <gpxtpx:TrackPointExtension>
            <gpxtpx:hr>147</gpxtpx:hr>
            <gpxtpx:cad>90</gpxtpx:cad>
          </gpxtpx:TrackPointExtension>
        </extensions>
      </trkpt>
      <trkpt lat="32.0190430339" lon="120.890957722">
        <ele>10.6</ele>
        <time>2026-09-04T13:54:15+0800</time>
        <extensions>
          <gpxtpx:TrackPointExtension>
            <gpxtpx:hr>147</gpxtpx:hr>
            <gpxtpx:cad>90</gpxtpx:cad>
          </gpxtpx:TrackPointExtension>
        </extensions>
      </trkpt>
      <trkpt lat="32.0190318022" lon="120.890993346">
        <ele>10.6</ele>
        <time>2026-09-04T13:54:16+0800</time>
        <extensions>
          <gpxtpx:TrackPointExtension>
            <gpxtpx:hr>147</gpxtpx:hr>
            <gpxtpx:cad>91</gpxtpx:cad>
          </gpxtpx:TrackPointExtension>
        </extensions>
      </trkpt>
      <trkpt lat="32.0190306287" lon="120.891030645">
        <ele>10.6</ele>
        <time>2026-09-04T13:54:17+0800</time>
        <extensions>
          <gpxtpx:TrackPointExtension>
            <gpxtpx:hr>147</gpxtpx:hr>
            <gpxtpx:cad>90</gpxtpx:cad>
          </gpxtpx:TrackPointExtension>
        </extensions>
      </trkpt>
      <trkpt lat="32.0190202352" lon="120.891066017">
        <ele>10.6</ele>
        <time>2026-09-04T13:54:18+0800</time>
        <extensions>
          <gpxtpx:TrackPointExtension>
            <gpxtpx:hr>147</gpxtpx:hr>
            <gpxtpx:cad>90</gpxtpx:cad>
          </gpxtpx:TrackPointExtension>
        </extensions>
      </trkpt>
      <trkpt lat="32.0190187264" lon="120.891096862">
        <ele>10.6</ele>
        <time>2026-09-04T13:54:19+0800</time>
        <extensions>
          <gpxtpx:TrackPointExtension>
            <gpxtpx:hr>147</gpxtpx:hr>
            <gpxtpx:cad>90</gpxtpx:cad>
          </gpxtpx:TrackPointExtension>
        </extensions>
      </trkpt>
      <trkpt lat="32.0190117694" lon="120.891132653">
        <ele>10.6</ele>
        <time>2026-09-04T13:54:20+0800</time>
        <extensions>
          <gpxtpx:TrackPointExtension>
            <gpxtpx:hr>147</gpxtpx:hr>
            <gpxtpx:cad>90</gpxtpx:cad>
          </gpxtpx:TrackPointExtension>
        </extensions>
      </trkpt>
      <trkpt lat="32.0190080814" lon="120.891166683">
        <ele>10.6</ele>
        <time>2026-09-04T13:54:21+0800</time>
        <extensions>
          <gpxtpx:TrackPointExtension>
            <gpxtpx:hr>147</gpxtpx:hr>
            <gpxtpx:cad>90</gpxtpx:cad>
          </gpxtpx:TrackPointExtension>
        </extensions>
      </trkpt>
      <trkpt lat="32.0190004539" lon="120.891204569">
        <ele>10.6</ele>
        <time>2026-09-04T13:54:22+0800</time>
        <extensions>
          <gpxtpx:TrackPointExtension>
            <gpxtpx:hr>147</gpxtpx:hr>
            <gpxtpx:cad>90</gpxtpx:cad>
          </gpxtpx:TrackPointExtension>
        </extensions>
      </trkpt>
      <trkpt lat="32.0189965982" lon="120.891233906">
        <ele>10.6</ele>
        <time>2026-09-04T13:54:23+0800</time>
        <extensions>
          <gpxtpx:TrackPointExtension>
            <gpxtpx:hr>146</gpxtpx:hr>
            <gpxtpx:cad>90</gpxtpx:cad>
          </gpxtpx:TrackPointExtension>
        </extensions>
      </trkpt>
      <trkpt lat="32.0189877972" lon="120.891264416">
        <ele>10.6</ele>
        <time>2026-09-04T13:54:24+0800</time>
        <extensions>
          <gpxtpx:TrackPointExtension>
            <gpxtpx:hr>147</gpxtpx:hr>
            <gpxtpx:cad>90</gpxtpx:cad>
          </gpxtpx:TrackPointExtension>
        </extensions>
      </trkpt>
      <trkpt lat="32.0189841092" lon="120.891296184">
        <ele>10.6</ele>
        <time>2026-09-04T13:54:25+0800</time>
        <extensions>
          <gpxtpx:TrackPointExtension>
            <gpxtpx:hr>147</gpxtpx:hr>
            <gpxtpx:cad>90</gpxtpx:cad>
          </gpxtpx:TrackPointExtension>
        </extensions>
      </trkpt>
      <trkpt lat="32.018969357" lon="120.89132837">
        <ele>10.6</ele>
        <time>2026-09-04T13:54:26+0800</time>
        <extensions>
          <gpxtpx:TrackPointExtension>
            <gpxtpx:hr>147</gpxtpx:hr>
            <gpxtpx:cad>91</gpxtpx:cad>
          </gpxtpx:TrackPointExtension>
        </extensions>
      </trkpt>
      <trkpt lat="32.0189629029" lon="120.891362065">
        <ele>10.6</ele>
        <time>2026-09-04T13:54:27+0800</time>
        <extensions>
          <gpxtpx:TrackPointExtension>
            <gpxtpx:hr>147</gpxtpx:hr>
            <gpxtpx:cad>90</gpxtpx:cad>
          </gpxtpx:TrackPointExtension>
        </extensions>
      </trkpt>
      <trkpt lat="32.018949911" lon="120.891394671">
        <ele>10.6</ele>
        <time>2026-09-04T13:54:28+0800</time>
        <extensions>
          <gpxtpx:TrackPointExtension>
            <gpxtpx:hr>146</gpxtpx:hr>
            <gpxtpx:cad>90</gpxtpx:cad>
          </gpxtpx:TrackPointExtension>
        </extensions>
      </trkpt>
      <trkpt lat="32.01894111" lon="120.891424008">
        <ele>10.6</ele>
        <time>2026-09-04T13:54:29+0800</time>
        <extensions>
          <gpxtpx:TrackPointExtension>
            <gpxtpx:hr>146</gpxtpx:hr>
            <gpxtpx:cad>90</gpxtpx:cad>
          </gpxtpx:TrackPointExtension>
        </extensions>
      </trkpt>
      <trkpt lat="32.0189284533" lon="120.891459296">
        <ele>10.8</ele>
        <time>2026-09-04T13:54:30+0800</time>
        <extensions>
          <gpxtpx:TrackPointExtension>
            <gpxtpx:hr>146</gpxtpx:hr>
            <gpxtpx:cad>90</gpxtpx:cad>
          </gpxtpx:TrackPointExtension>
        </extensions>
      </trkpt>
      <trkpt lat="32.0189238433" lon="120.891491482">
        <ele>10.8</ele>
        <time>2026-09-04T13:54:31+0800</time>
        <extensions>
          <gpxtpx:TrackPointExtension>
            <gpxtpx:hr>146</gpxtpx:hr>
            <gpxtpx:cad>90</gpxtpx:cad>
          </gpxtpx:TrackPointExtension>
        </extensions>
      </trkpt>
      <trkpt lat="32.0189122763" lon="120.891524758">
        <ele>10.8</ele>
        <time>2026-09-04T13:54:32+0800</time>
        <extensions>
          <gpxtpx:TrackPointExtension>
            <gpxtpx:hr>146</gpxtpx:hr>
            <gpxtpx:cad>89</gpxtpx:cad>
          </gpxtpx:TrackPointExtension>
        </extensions>
      </trkpt>
      <trkpt lat="32.0189133659" lon="120.891558956">
        <ele>10.8</ele>
        <time>2026-09-04T13:54:33+0800</time>
        <extensions>
          <gpxtpx:TrackPointExtension>
            <gpxtpx:hr>146</gpxtpx:hr>
            <gpxtpx:cad>89</gpxtpx:cad>
          </gpxtpx:TrackPointExtension>
        </extensions>
      </trkpt>
      <trkpt lat="32.0189038105" lon="120.891594328">
        <ele>10.8</ele>
        <time>2026-09-04T13:54:34+0800</time>
        <extensions>
          <gpxtpx:TrackPointExtension>
            <gpxtpx:hr>145</gpxtpx:hr>
            <gpxtpx:cad>89</gpxtpx:cad>
          </gpxtpx:TrackPointExtension>
        </extensions>
      </trkpt>
      <trkpt lat="32.0189026371" lon="120.89162685">
        <ele>10.8</ele>
        <time>2026-09-04T13:54:35+0800</time>
        <extensions>
          <gpxtpx:TrackPointExtension>
            <gpxtpx:hr>145</gpxtpx:hr>
            <gpxtpx:cad>89</gpxtpx:cad>
          </gpxtpx:TrackPointExtension>
        </extensions>
      </trkpt>
      <trkpt lat="32.0188965183" lon="120.891666496">
        <ele>10.8</ele>
        <time>2026-09-04T13:54:36+0800</time>
        <extensions>
          <gpxtpx:TrackPointExtension>
            <gpxtpx:hr>145</gpxtpx:hr>
            <gpxtpx:cad>89</gpxtpx:cad>
          </gpxtpx:TrackPointExtension>
        </extensions>
      </trkpt>
      <trkpt lat="32.0189014636" lon="120.891699772">
        <ele>10.8</ele>
        <time>2026-09-04T13:54:37+0800</time>
        <extensions>
          <gpxtpx:TrackPointExtension>
            <gpxtpx:hr>145</gpxtpx:hr>
            <gpxtpx:cad>89</gpxtpx:cad>
          </gpxtpx:TrackPointExtension>
        </extensions>
      </trkpt>
      <trkpt lat="32.0188976079" lon="120.891740425">
        <ele>10.8</ele>
        <time>2026-09-04T13:54:38+0800</time>
        <extensions>
          <gpxtpx:TrackPointExtension>
            <gpxtpx:hr>146</gpxtpx:hr>
            <gpxtpx:cad>89</gpxtpx:cad>
          </gpxtpx:TrackPointExtension>
        </extensions>
      </trkpt>
      <trkpt lat="32.0188983623" lon="120.891766995">
        <ele>11.0</ele>
        <time>2026-09-04T13:54:39+0800</time>
        <extensions>
          <gpxtpx:TrackPointExtension>
            <gpxtpx:hr>145</gpxtpx:hr>
            <gpxtpx:cad>89</gpxtpx:cad>
          </gpxtpx:TrackPointExtension>
        </extensions>
      </trkpt>
      <trkpt lat="32.018891992" lon="120.891809156">
        <ele>11.0</ele>
        <time>2026-09-04T13:54:40+0800</time>
        <extensions>
          <gpxtpx:TrackPointExtension>
            <gpxtpx:hr>145</gpxtpx:hr>
            <gpxtpx:cad>88</gpxtpx:cad>
          </gpxtpx:TrackPointExtension>
        </extensions>
      </trkpt>
      <trkpt lat="32.0188898128" lon="120.891837571">
        <ele>10.8</ele>
        <time>2026-09-04T13:54:41+0800</time>
        <extensions>
          <gpxtpx:TrackPointExtension>
            <gpxtpx:hr>146</gpxtpx:hr>
            <gpxtpx:cad>88</gpxtpx:cad>
          </gpxtpx:TrackPointExtension>
        </extensions>
      </trkpt>
      <trkpt lat="32.0188824367" lon="120.891877217">
        <ele>10.8</ele>
        <time>2026-09-04T13:54:42+0800</time>
        <extensions>
          <gpxtpx:TrackPointExtension>
            <gpxtpx:hr>145</gpxtpx:hr>
            <gpxtpx:cad>88</gpxtpx:cad>
          </gpxtpx:TrackPointExtension>
        </extensions>
      </trkpt>
      <trkpt lat="32.0188724622" lon="120.891904877">
        <ele>10.8</ele>
        <time>2026-09-04T13:54:43+0800</time>
        <extensions>
          <gpxtpx:TrackPointExtension>
            <gpxtpx:hr>145</gpxtpx:hr>
            <gpxtpx:cad>88</gpxtpx:cad>
          </gpxtpx:TrackPointExtension>
        </extensions>
      </trkpt>
      <trkpt lat="32.0188663434" lon="120.891945949">
        <ele>10.8</ele>
        <time>2026-09-04T13:54:44+0800</time>
        <extensions>
          <gpxtpx:TrackPointExtension>
            <gpxtpx:hr>146</gpxtpx:hr>
            <gpxtpx:cad>88</gpxtpx:cad>
          </gpxtpx:TrackPointExtension>
        </extensions>
      </trkpt>
      <trkpt lat="32.0188586321" lon="120.891976124">
        <ele>10.8</ele>
        <time>2026-09-04T13:54:45+0800</time>
        <extensions>
          <gpxtpx:TrackPointExtension>
            <gpxtpx:hr>145</gpxtpx:hr>
            <gpxtpx:cad>88</gpxtpx:cad>
          </gpxtpx:TrackPointExtension>
        </extensions>
      </trkpt>
      <trkpt lat="32.0188486576" lon="120.8920151">
        <ele>10.6</ele>
        <time>2026-09-04T13:54:46+0800</time>
        <extensions>
          <gpxtpx:TrackPointExtension>
            <gpxtpx:hr>145</gpxtpx:hr>
            <gpxtpx:cad>88</gpxtpx:cad>
          </gpxtpx:TrackPointExtension>
        </extensions>
      </trkpt>
      <trkpt lat="32.018842455" lon="120.89204628">
        <ele>10.6</ele>
        <time>2026-09-04T13:54:47+0800</time>
        <extensions>
          <gpxtpx:TrackPointExtension>
            <gpxtpx:hr>145</gpxtpx:hr>
            <gpxtpx:cad>89</gpxtpx:cad>
          </gpxtpx:TrackPointExtension>
        </extensions>
      </trkpt>
      <trkpt lat="32.0188330673" lon="120.892084586">
        <ele>10.6</ele>
        <time>2026-09-04T13:54:48+0800</time>
        <extensions>
          <gpxtpx:TrackPointExtension>
            <gpxtpx:hr>145</gpxtpx:hr>
            <gpxtpx:cad>89</gpxtpx:cad>
          </gpxtpx:TrackPointExtension>
        </extensions>
      </trkpt>
      <trkpt lat="32.0188315585" lon="120.892116018">
        <ele>10.6</ele>
        <time>2026-09-04T13:54:49+0800</time>
        <extensions>
          <gpxtpx:TrackPointExtension>
            <gpxtpx:hr>144</gpxtpx:hr>
            <gpxtpx:cad>89</gpxtpx:cad>
          </gpxtpx:TrackPointExtension>
        </extensions>
      </trkpt>
      <trkpt lat="32.0188260265" lon="120.892155832">
        <ele>10.6</ele>
        <time>2026-09-04T13:54:50+0800</time>
        <extensions>
          <gpxtpx:TrackPointExtension>
            <gpxtpx:hr>144</gpxtpx:hr>
            <gpxtpx:cad>90</gpxtpx:cad>
          </gpxtpx:TrackPointExtension>
        </extensions>
      </trkpt>
      <trkpt lat="32.018822087" lon="120.892187934">
        <ele>10.6</ele>
        <time>2026-09-04T13:54:51+0800</time>
        <extensions>
          <gpxtpx:TrackPointExtension>
            <gpxtpx:hr>144</gpxtpx:hr>
            <gpxtpx:cad>90</gpxtpx:cad>
          </gpxtpx:TrackPointExtension>
        </extensions>
      </trkpt>
      <trkpt lat="32.0188156329" lon="120.892230431">
        <ele>10.6</ele>
        <time>2026-09-04T13:54:52+0800</time>
        <extensions>
          <gpxtpx:TrackPointExtension>
            <gpxtpx:hr>144</gpxtpx:hr>
            <gpxtpx:cad>90</gpxtpx:cad>
          </gpxtpx:TrackPointExtension>
        </extensions>
      </trkpt>
      <trkpt lat="32.0188054908" lon="120.892258761">
        <ele>10.6</ele>
        <time>2026-09-04T13:54:53+0800</time>
        <extensions>
          <gpxtpx:TrackPointExtension>
            <gpxtpx:hr>144</gpxtpx:hr>
            <gpxtpx:cad>90</gpxtpx:cad>
          </gpxtpx:TrackPointExtension>
        </extensions>
      </trkpt>
      <trkpt lat="32.0188022219" lon="120.892295977">
        <ele>10.6</ele>
        <time>2026-09-04T13:54:54+0800</time>
        <extensions>
          <gpxtpx:TrackPointExtension>
            <gpxtpx:hr>144</gpxtpx:hr>
            <gpxtpx:cad>90</gpxtpx:cad>
          </gpxtpx:TrackPointExtension>
        </extensions>
      </trkpt>
      <trkpt lat="32.0187987015" lon="120.892328415">
        <ele>10.6</ele>
        <time>2026-09-04T13:54:55+0800</time>
        <extensions>
          <gpxtpx:TrackPointExtension>
            <gpxtpx:hr>144</gpxtpx:hr>
            <gpxtpx:cad>90</gpxtpx:cad>
          </gpxtpx:TrackPointExtension>
        </extensions>
      </trkpt>
      <trkpt lat="32.0187948458" lon="120.892361859">
        <ele>10.6</ele>
        <time>2026-09-04T13:54:56+0800</time>
        <extensions>
          <gpxtpx:TrackPointExtension>
            <gpxtpx:hr>144</gpxtpx:hr>
            <gpxtpx:cad>89</gpxtpx:cad>
          </gpxtpx:TrackPointExtension>
        </extensions>
      </trkpt>
      <trkpt lat="32.018782692" lon="120.892388681">
        <ele>10.8</ele>
        <time>2026-09-04T13:54:57+0800</time>
        <extensions>
          <gpxtpx:TrackPointExtension>
            <gpxtpx:hr>144</gpxtpx:hr>
            <gpxtpx:cad>89</gpxtpx:cad>
          </gpxtpx:TrackPointExtension>
        </extensions>
      </trkpt>
      <trkpt lat="32.0187763218" lon="120.892430171">
        <ele>10.8</ele>
        <time>2026-09-04T13:54:58+0800</time>
        <extensions>
          <gpxtpx:TrackPointExtension>
            <gpxtpx:hr>143</gpxtpx:hr>
            <gpxtpx:cad>89</gpxtpx:cad>
          </gpxtpx:TrackPointExtension>
        </extensions>
      </trkpt>
      <trkpt lat="32.0187750645" lon="120.892463028">
        <ele>10.8</ele>
        <time>2026-09-04T13:54:59+0800</time>
        <extensions>
          <gpxtpx:TrackPointExtension>
            <gpxtpx:hr>144</gpxtpx:hr>
            <gpxtpx:cad>89</gpxtpx:cad>
          </gpxtpx:TrackPointExtension>
        </extensions>
      </trkpt>
      <trkpt lat="32.0187654253" lon="120.892507201">
        <ele>10.8</ele>
        <time>2026-09-04T13:55:00+0800</time>
        <extensions>
          <gpxtpx:TrackPointExtension>
            <gpxtpx:hr>144</gpxtpx:hr>
            <gpxtpx:cad>89</gpxtpx:cad>
          </gpxtpx:TrackPointExtension>
        </extensions>
      </trkpt>
      <trkpt lat="32.0187520143" lon="120.892534778">
        <ele>10.8</ele>
        <time>2026-09-04T13:55:01+0800</time>
        <extensions>
          <gpxtpx:TrackPointExtension>
            <gpxtpx:hr>144</gpxtpx:hr>
            <gpxtpx:cad>90</gpxtpx:cad>
          </gpxtpx:TrackPointExtension>
        </extensions>
      </trkpt>
      <trkpt lat="32.0187424589" lon="120.892580878">
        <ele>10.8</ele>
        <time>2026-09-04T13:55:02+0800</time>
        <extensions>
          <gpxtpx:TrackPointExtension>
            <gpxtpx:hr>144</gpxtpx:hr>
            <gpxtpx:cad>90</gpxtpx:cad>
          </gpxtpx:TrackPointExtension>
        </extensions>
      </trkpt>
      <trkpt lat="32.0187334064" lon="120.892611975">
        <ele>10.8</ele>
        <time>2026-09-04T13:55:03+0800</time>
        <extensions>
          <gpxtpx:TrackPointExtension>
            <gpxtpx:hr>144</gpxtpx:hr>
            <gpxtpx:cad>90</gpxtpx:cad>
          </gpxtpx:TrackPointExtension>
        </extensions>
      </trkpt>
      <trkpt lat="32.0187274553" lon="120.892646173">
        <ele>10.8</ele>
        <time>2026-09-04T13:55:04+0800</time>
        <extensions>
          <gpxtpx:TrackPointExtension>
            <gpxtpx:hr>144</gpxtpx:hr>
            <gpxtpx:cad>90</gpxtpx:cad>
          </gpxtpx:TrackPointExtension>
        </extensions>
      </trkpt>
      <trkpt lat="32.0187198278" lon="120.892679114">
        <ele>10.8</ele>
        <time>2026-09-04T13:55:05+0800</time>
        <extensions>
          <gpxtpx:TrackPointExtension>
            <gpxtpx:hr>144</gpxtpx:hr>
            <gpxtpx:cad>90</gpxtpx:cad>
          </gpxtpx:TrackPointExtension>
        </extensions>
      </trkpt>
      <trkpt lat="32.0187219232" lon="120.89272337">
        <ele>10.6</ele>
        <time>2026-09-04T13:55:06+0800</time>
        <extensions>
          <gpxtpx:TrackPointExtension>
            <gpxtpx:hr>145</gpxtpx:hr>
            <gpxtpx:cad>90</gpxtpx:cad>
          </gpxtpx:TrackPointExtension>
        </extensions>
      </trkpt>
      <trkpt lat="32.0187165588" lon="120.89275212">
        <ele>10.6</ele>
        <time>2026-09-04T13:55:07+0800</time>
        <extensions>
          <gpxtpx:TrackPointExtension>
            <gpxtpx:hr>145</gpxtpx:hr>
            <gpxtpx:cad>90</gpxtpx:cad>
          </gpxtpx:TrackPointExtension>
        </extensions>
      </trkpt>
      <trkpt lat="32.0187080931" lon="120.892795119">
        <ele>10.6</ele>
        <time>2026-09-04T13:55:08+0800</time>
        <extensions>
          <gpxtpx:TrackPointExtension>
            <gpxtpx:hr>145</gpxtpx:hr>
            <gpxtpx:cad>90</gpxtpx:cad>
          </gpxtpx:TrackPointExtension>
        </extensions>
      </trkpt>
      <trkpt lat="32.018700717" lon="120.892826132">
        <ele>10.8</ele>
        <time>2026-09-04T13:55:09+0800</time>
        <extensions>
          <gpxtpx:TrackPointExtension>
            <gpxtpx:hr>145</gpxtpx:hr>
            <gpxtpx:cad>90</gpxtpx:cad>
          </gpxtpx:TrackPointExtension>
        </extensions>
      </trkpt>
      <trkpt lat="32.0186938439" lon="120.892860917">
        <ele>10.8</ele>
        <time>2026-09-04T13:55:10+0800</time>
        <extensions>
          <gpxtpx:TrackPointExtension>
            <gpxtpx:hr>145</gpxtpx:hr>
            <gpxtpx:cad>90</gpxtpx:cad>
          </gpxtpx:TrackPointExtension>
        </extensions>
      </trkpt>
      <trkpt lat="32.0186848752" lon="120.892886566">
        <ele>10.8</ele>
        <time>2026-09-04T13:55:11+0800</time>
        <extensions>
          <gpxtpx:TrackPointExtension>
            <gpxtpx:hr>145</gpxtpx:hr>
            <gpxtpx:cad>90</gpxtpx:cad>
          </gpxtpx:TrackPointExtension>
        </extensions>
      </trkpt>
      <trkpt lat="32.0186686143" lon="120.892920345">
        <ele>10.8</ele>
        <time>2026-09-04T13:55:12+0800</time>
        <extensions>
          <gpxtpx:TrackPointExtension>
            <gpxtpx:hr>145</gpxtpx:hr>
            <gpxtpx:cad>90</gpxtpx:cad>
          </gpxtpx:TrackPointExtension>
        </extensions>
      </trkpt>
      <trkpt lat="32.0186515991" lon="120.892943814">
        <ele>10.8</ele>
        <time>2026-09-04T13:55:13+0800</time>
        <extensions>
          <gpxtpx:TrackPointExtension>
            <gpxtpx:hr>145</gpxtpx:hr>
            <gpxtpx:cad>90</gpxtpx:cad>
          </gpxtpx:TrackPointExtension>
        </extensions>
      </trkpt>
      <trkpt lat="32.0186339132" lon="120.89297072">
        <ele>10.8</ele>
        <time>2026-09-04T13:55:14+0800</time>
        <extensions>
          <gpxtpx:TrackPointExtension>
            <gpxtpx:hr>145</gpxtpx:hr>
            <gpxtpx:cad>90</gpxtpx:cad>
          </gpxtpx:TrackPointExtension>
        </extensions>
      </trkpt>
      <trkpt lat="32.0186135452" lon="120.892997123">
        <ele>10.8</ele>
        <time>2026-09-04T13:55:15+0800</time>
        <extensions>
          <gpxtpx:TrackPointExtension>
            <gpxtpx:hr>144</gpxtpx:hr>
            <gpxtpx:cad>90</gpxtpx:cad>
          </gpxtpx:TrackPointExtension>
        </extensions>
      </trkpt>
      <trkpt lat="32.0185938478" lon="120.89302646">
        <ele>10.6</ele>
        <time>2026-09-04T13:55:16+0800</time>
        <extensions>
          <gpxtpx:TrackPointExtension>
            <gpxtpx:hr>144</gpxtpx:hr>
            <gpxtpx:cad>89</gpxtpx:cad>
          </gpxtpx:TrackPointExtension>
        </extensions>
      </trkpt>
      <trkpt lat="32.0185795147" lon="120.893052863">
        <ele>10.6</ele>
        <time>2026-09-04T13:55:17+0800</time>
        <extensions>
          <gpxtpx:TrackPointExtension>
            <gpxtpx:hr>144</gpxtpx:hr>
            <gpxtpx:cad>90</gpxtpx:cad>
          </gpxtpx:TrackPointExtension>
        </extensions>
      </trkpt>
      <trkpt lat="32.0185530279" lon="120.893074069">
        <ele>10.6</ele>
        <time>2026-09-04T13:55:18+0800</time>
        <extensions>
          <gpxtpx:TrackPointExtension>
            <gpxtpx:hr>144</gpxtpx:hr>
            <gpxtpx:cad>89</gpxtpx:cad>
          </gpxtpx:TrackPointExtension>
        </extensions>
      </trkpt>
      <trkpt lat="32.0185319893" lon="120.893095275">
        <ele>10.6</ele>
        <time>2026-09-04T13:55:19+0800</time>
        <extensions>
          <gpxtpx:TrackPointExtension>
            <gpxtpx:hr>144</gpxtpx:hr>
            <gpxtpx:cad>90</gpxtpx:cad>
          </gpxtpx:TrackPointExtension>
        </extensions>
      </trkpt>
      <trkpt lat="32.0185078494" lon="120.893116314">
        <ele>10.6</ele>
        <time>2026-09-04T13:55:20+0800</time>
        <extensions>
          <gpxtpx:TrackPointExtension>
            <gpxtpx:hr>144</gpxtpx:hr>
            <gpxtpx:cad>90</gpxtpx:cad>
          </gpxtpx:TrackPointExtension>
        </extensions>
      </trkpt>
      <trkpt lat="32.0184842125" lon="120.893138777">
        <ele>10.6</ele>
        <time>2026-09-04T13:55:21+0800</time>
        <extensions>
          <gpxtpx:TrackPointExtension>
            <gpxtpx:hr>144</gpxtpx:hr>
            <gpxtpx:cad>90</gpxtpx:cad>
          </gpxtpx:TrackPointExtension>
        </extensions>
      </trkpt>
      <trkpt lat="32.0184631739" lon="120.893169371">
        <ele>10.6</ele>
        <time>2026-09-04T13:55:22+0800</time>
        <extensions>
          <gpxtpx:TrackPointExtension>
            <gpxtpx:hr>144</gpxtpx:hr>
            <gpxtpx:cad>89</gpxtpx:cad>
          </gpxtpx:TrackPointExtension>
        </extensions>
      </trkpt>
      <trkpt lat="32.0184468292" lon="120.893196445">
        <ele>10.6</ele>
        <time>2026-09-04T13:55:23+0800</time>
        <extensions>
          <gpxtpx:TrackPointExtension>
            <gpxtpx:hr>143</gpxtpx:hr>
            <gpxtpx:cad>89</gpxtpx:cad>
          </gpxtpx:TrackPointExtension>
        </extensions>
      </trkpt>
      <trkpt lat="32.0184301492" lon="120.893226368">
        <ele>10.6</ele>
        <time>2026-09-04T13:55:24+0800</time>
        <extensions>
          <gpxtpx:TrackPointExtension>
            <gpxtpx:hr>144</gpxtpx:hr>
            <gpxtpx:cad>89</gpxtpx:cad>
          </gpxtpx:TrackPointExtension>
        </extensions>
      </trkpt>
      <trkpt lat="32.0184145588" lon="120.893255202">
        <ele>10.4</ele>
        <time>2026-09-04T13:55:25+0800</time>
        <extensions>
          <gpxtpx:TrackPointExtension>
            <gpxtpx:hr>144</gpxtpx:hr>
            <gpxtpx:cad>89</gpxtpx:cad>
          </gpxtpx:TrackPointExtension>
        </extensions>
      </trkpt>
      <trkpt lat="32.0184048358" lon="120.893289568">
        <ele>10.6</ele>
        <time>2026-09-04T13:55:26+0800</time>
        <extensions>
          <gpxtpx:TrackPointExtension>
            <gpxtpx:hr>143</gpxtpx:hr>
            <gpxtpx:cad>89</gpxtpx:cad>
          </gpxtpx:TrackPointExtension>
        </extensions>
      </trkpt>
      <trkpt lat="32.0183925144" lon="120.893323263">
        <ele>10.6</ele>
        <time>2026-09-04T13:55:27+0800</time>
        <extensions>
          <gpxtpx:TrackPointExtension>
            <gpxtpx:hr>144</gpxtpx:hr>
            <gpxtpx:cad>89</gpxtpx:cad>
          </gpxtpx:TrackPointExtension>
        </extensions>
      </trkpt>
      <trkpt lat="32.0183887426" lon="120.893353019">
        <ele>10.6</ele>
        <time>2026-09-04T13:55:28+0800</time>
        <extensions>
          <gpxtpx:TrackPointExtension>
            <gpxtpx:hr>144</gpxtpx:hr>
            <gpxtpx:cad>89</gpxtpx:cad>
          </gpxtpx:TrackPointExtension>
        </extensions>
      </trkpt>
      <trkpt lat="32.0183776785" lon="120.893385792">
        <ele>10.6</ele>
        <time>2026-09-04T13:55:29+0800</time>
        <extensions>
          <gpxtpx:TrackPointExtension>
            <gpxtpx:hr>144</gpxtpx:hr>
            <gpxtpx:cad>88</gpxtpx:cad>
          </gpxtpx:TrackPointExtension>
        </extensions>
      </trkpt>
      <trkpt lat="32.0183780976" lon="120.893415045">
        <ele>10.6</ele>
        <time>2026-09-04T13:55:30+0800</time>
        <extensions>
          <gpxtpx:TrackPointExtension>
            <gpxtpx:hr>144</gpxtpx:hr>
            <gpxtpx:cad>89</gpxtpx:cad>
          </gpxtpx:TrackPointExtension>
        </extensions>
      </trkpt>
      <trkpt lat="32.0183682907" lon="120.893456116">
        <ele>10.8</ele>
        <time>2026-09-04T13:55:31+0800</time>
        <extensions>
          <gpxtpx:TrackPointExtension>
            <gpxtpx:hr>144</gpxtpx:hr>
            <gpxtpx:cad>88</gpxtpx:cad>
          </gpxtpx:TrackPointExtension>
        </extensions>
      </trkpt>
      <trkpt lat="32.0183730684" lon="120.893485453">
        <ele>10.8</ele>
        <time>2026-09-04T13:55:32+0800</time>
        <extensions>
          <gpxtpx:TrackPointExtension>
            <gpxtpx:hr>143</gpxtpx:hr>
            <gpxtpx:cad>88</gpxtpx:cad>
          </gpxtpx:TrackPointExtension>
        </extensions>
      </trkpt>
      <trkpt lat="32.0183659438" lon="120.893525099">
        <ele>10.8</ele>
        <time>2026-09-04T13:55:33+0800</time>
        <extensions>
          <gpxtpx:TrackPointExtension>
            <gpxtpx:hr>144</gpxtpx:hr>
            <gpxtpx:cad>88</gpxtpx:cad>
          </gpxtpx:TrackPointExtension>
        </extensions>
      </trkpt>
      <trkpt lat="32.0183666144" lon="120.893552257">
        <ele>10.8</ele>
        <time>2026-09-04T13:55:34+0800</time>
        <extensions>
          <gpxtpx:TrackPointExtension>
            <gpxtpx:hr>144</gpxtpx:hr>
            <gpxtpx:cad>88</gpxtpx:cad>
          </gpxtpx:TrackPointExtension>
        </extensions>
      </trkpt>
      <trkpt lat="32.0183620881" lon="120.893590814">
        <ele>10.8</ele>
        <time>2026-09-04T13:55:35+0800</time>
        <extensions>
          <gpxtpx:TrackPointExtension>
            <gpxtpx:hr>144</gpxtpx:hr>
            <gpxtpx:cad>88</gpxtpx:cad>
          </gpxtpx:TrackPointExtension>
        </extensions>
      </trkpt>
      <trkpt lat="32.0183575619" lon="120.893616211">
        <ele>10.8</ele>
        <time>2026-09-04T13:55:36+0800</time>
        <extensions>
          <gpxtpx:TrackPointExtension>
            <gpxtpx:hr>144</gpxtpx:hr>
            <gpxtpx:cad>88</gpxtpx:cad>
          </gpxtpx:TrackPointExtension>
        </extensions>
      </trkpt>
      <trkpt lat="32.0183387026" lon="120.893650157">
        <ele>10.8</ele>
        <time>2026-09-04T13:55:37+0800</time>
        <extensions>
          <gpxtpx:TrackPointExtension>
            <gpxtpx:hr>144</gpxtpx:hr>
            <gpxtpx:cad>88</gpxtpx:cad>
          </gpxtpx:TrackPointExtension>
        </extensions>
      </trkpt>
      <trkpt lat="32.0183256269" lon="120.893676979">
        <ele>11.0</ele>
        <time>2026-09-04T13:55:38+0800</time>
        <extensions>
          <gpxtpx:TrackPointExtension>
            <gpxtpx:hr>144</gpxtpx:hr>
            <gpxtpx:cad>88</gpxtpx:cad>
          </gpxtpx:TrackPointExtension>
        </extensions>
      </trkpt>
      <trkpt lat="32.0183069352" lon="120.893704807">
        <ele>11.0</ele>
        <time>2026-09-04T13:55:39+0800</time>
        <extensions>
          <gpxtpx:TrackPointExtension>
            <gpxtpx:hr>143</gpxtpx:hr>
            <gpxtpx:cad>88</gpxtpx:cad>
          </gpxtpx:TrackPointExtension>
        </extensions>
      </trkpt>
      <trkpt lat="32.0182848908" lon="120.893729366">
        <ele>11.0</ele>
        <time>2026-09-04T13:55:40+0800</time>
        <extensions>
          <gpxtpx:TrackPointExtension>
            <gpxtpx:hr>144</gpxtpx:hr>
            <gpxtpx:cad>88</gpxtpx:cad>
          </gpxtpx:TrackPointExtension>
        </extensions>
      </trkpt>
      <trkpt lat="32.0182664506" lon="120.893757613">
        <ele>11.2</ele>
        <time>2026-09-04T13:55:41+0800</time>
        <extensions>
          <gpxtpx:TrackPointExtension>
            <gpxtpx:hr>144</gpxtpx:hr>
            <gpxtpx:cad>88</gpxtpx:cad>
          </gpxtpx:TrackPointExtension>
        </extensions>
      </trkpt>
      <trkpt lat="32.0182495192" lon="120.893788794">
        <ele>11.2</ele>
        <time>2026-09-04T13:55:42+0800</time>
        <extensions>
          <gpxtpx:TrackPointExtension>
            <gpxtpx:hr>144</gpxtpx:hr>
            <gpxtpx:cad>88</gpxtpx:cad>
          </gpxtpx:TrackPointExtension>
        </extensions>
      </trkpt>
      <trkpt lat="32.0182357728" lon="120.89382031">
        <ele>11.2</ele>
        <time>2026-09-04T13:55:43+0800</time>
        <extensions>
          <gpxtpx:TrackPointExtension>
            <gpxtpx:hr>144</gpxtpx:hr>
            <gpxtpx:cad>88</gpxtpx:cad>
          </gpxtpx:TrackPointExtension>
        </extensions>
      </trkpt>
      <trkpt lat="32.0182166621" lon="120.893848138">
        <ele>11.2</ele>
        <time>2026-09-04T13:55:44+0800</time>
        <extensions>
          <gpxtpx:TrackPointExtension>
            <gpxtpx:hr>144</gpxtpx:hr>
            <gpxtpx:cad>88</gpxtpx:cad>
          </gpxtpx:TrackPointExtension>
        </extensions>
      </trkpt>
      <trkpt lat="32.018210711" lon="120.893878397">
        <ele>11.2</ele>
        <time>2026-09-04T13:55:45+0800</time>
        <extensions>
          <gpxtpx:TrackPointExtension>
            <gpxtpx:hr>144</gpxtpx:hr>
            <gpxtpx:cad>88</gpxtpx:cad>
          </gpxtpx:TrackPointExtension>
        </extensions>
      </trkpt>
      <trkpt lat="32.0181985572" lon="120.893915193">
        <ele>11.0</ele>
        <time>2026-09-04T13:55:46+0800</time>
        <extensions>
          <gpxtpx:TrackPointExtension>
            <gpxtpx:hr>145</gpxtpx:hr>
            <gpxtpx:cad>88</gpxtpx:cad>
          </gpxtpx:TrackPointExtension>
        </extensions>
      </trkpt>
      <trkpt lat="32.0181951206" lon="120.89394981">
        <ele>11.0</ele>
        <time>2026-09-04T13:55:47+0800</time>
        <extensions>
          <gpxtpx:TrackPointExtension>
            <gpxtpx:hr>145</gpxtpx:hr>
            <gpxtpx:cad>88</gpxtpx:cad>
          </gpxtpx:TrackPointExtension>
        </extensions>
      </trkpt>
      <trkpt lat="32.0181842241" lon="120.893989205">
        <ele>10.8</ele>
        <time>2026-09-04T13:55:48+0800</time>
        <extensions>
          <gpxtpx:TrackPointExtension>
            <gpxtpx:hr>145</gpxtpx:hr>
            <gpxtpx:cad>89</gpxtpx:cad>
          </gpxtpx:TrackPointExtension>
        </extensions>
      </trkpt>
      <trkpt lat="32.0181850623" lon="120.894026421">
        <ele>10.6</ele>
        <time>2026-09-04T13:55:49+0800</time>
        <extensions>
          <gpxtpx:TrackPointExtension>
            <gpxtpx:hr>145</gpxtpx:hr>
            <gpxtpx:cad>89</gpxtpx:cad>
          </gpxtpx:TrackPointExtension>
        </extensions>
      </trkpt>
      <trkpt lat="32.0181758422" lon="120.894065984">
        <ele>10.6</ele>
        <time>2026-09-04T13:55:50+0800</time>
        <extensions>
          <gpxtpx:TrackPointExtension>
            <gpxtpx:hr>146</gpxtpx:hr>
            <gpxtpx:cad>89</gpxtpx:cad>
          </gpxtpx:TrackPointExtension>
        </extensions>
      </trkpt>
      <trkpt lat="32.0181743335" lon="120.894100852">
        <ele>10.6</ele>
        <time>2026-09-04T13:55:51+0800</time>
        <extensions>
          <gpxtpx:TrackPointExtension>
            <gpxtpx:hr>147</gpxtpx:hr>
            <gpxtpx:cad>89</gpxtpx:cad>
          </gpxtpx:TrackPointExtension>
        </extensions>
      </trkpt>
      <trkpt lat="32.018165784" lon="120.894138571">
        <ele>10.6</ele>
        <time>2026-09-04T13:55:52+0800</time>
        <extensions>
          <gpxtpx:TrackPointExtension>
            <gpxtpx:hr>147</gpxtpx:hr>
            <gpxtpx:cad>89</gpxtpx:cad>
          </gpxtpx:TrackPointExtension>
        </extensions>
      </trkpt>
      <trkpt lat="32.0181602519" lon="120.8941695">
        <ele>10.6</ele>
        <time>2026-09-04T13:55:53+0800</time>
        <extensions>
          <gpxtpx:TrackPointExtension>
            <gpxtpx:hr>148</gpxtpx:hr>
            <gpxtpx:cad>89</gpxtpx:cad>
          </gpxtpx:TrackPointExtension>
        </extensions>
      </trkpt>
      <trkpt lat="32.0181487687" lon="120.894210907">
        <ele>10.6</ele>
        <time>2026-09-04T13:55:54+0800</time>
        <extensions>
          <gpxtpx:TrackPointExtension>
            <gpxtpx:hr>148</gpxtpx:hr>
            <gpxtpx:cad>89</gpxtpx:cad>
          </gpxtpx:TrackPointExtension>
        </extensions>
      </trkpt>
      <trkpt lat="32.0181494392" lon="120.894244267">
        <ele>10.6</ele>
        <time>2026-09-04T13:55:55+0800</time>
        <extensions>
          <gpxtpx:TrackPointExtension>
            <gpxtpx:hr>148</gpxtpx:hr>
            <gpxtpx:cad>89</gpxtpx:cad>
          </gpxtpx:TrackPointExtension>
        </extensions>
      </trkpt>
      <trkpt lat="32.0181450807" lon="120.894287685">
        <ele>10.6</ele>
        <time>2026-09-04T13:55:56+0800</time>
        <extensions>
          <gpxtpx:TrackPointExtension>
            <gpxtpx:hr>148</gpxtpx:hr>
            <gpxtpx:cad>88</gpxtpx:cad>
          </gpxtpx:TrackPointExtension>
        </extensions>
      </trkpt>
      <trkpt lat="32.0181471761" lon="120.894316938">
        <ele>10.6</ele>
        <time>2026-09-04T13:55:57+0800</time>
        <extensions>
          <gpxtpx:TrackPointExtension>
            <gpxtpx:hr>148</gpxtpx:hr>
            <gpxtpx:cad>88</gpxtpx:cad>
          </gpxtpx:TrackPointExtension>
        </extensions>
      </trkpt>
      <trkpt lat="32.0181434043" lon="120.894352393">
        <ele>10.6</ele>
        <time>2026-09-04T13:55:58+0800</time>
        <extensions>
          <gpxtpx:TrackPointExtension>
            <gpxtpx:hr>147</gpxtpx:hr>
            <gpxtpx:cad>88</gpxtpx:cad>
          </gpxtpx:TrackPointExtension>
        </extensions>
      </trkpt>
      <trkpt lat="32.0181426499" lon="120.894377455">
        <ele>10.6</ele>
        <time>2026-09-04T13:55:59+0800</time>
        <extensions>
          <gpxtpx:TrackPointExtension>
            <gpxtpx:hr>147</gpxtpx:hr>
            <gpxtpx:cad>88</gpxtpx:cad>
          </gpxtpx:TrackPointExtension>
        </extensions>
      </trkpt>
      <trkpt lat="32.018132424" lon="120.894413665">
        <ele>10.8</ele>
        <time>2026-09-04T13:56:00+0800</time>
        <extensions>
          <gpxtpx:TrackPointExtension>
            <gpxtpx:hr>147</gpxtpx:hr>
            <gpxtpx:cad>89</gpxtpx:cad>
          </gpxtpx:TrackPointExtension>
        </extensions>
      </trkpt>
      <trkpt lat="32.0181299932" lon="120.894441744">
        <ele>10.8</ele>
        <time>2026-09-04T13:56:01+0800</time>
        <extensions>
          <gpxtpx:TrackPointExtension>
            <gpxtpx:hr>147</gpxtpx:hr>
            <gpxtpx:cad>89</gpxtpx:cad>
          </gpxtpx:TrackPointExtension>
        </extensions>
      </trkpt>
      <trkpt lat="32.0181221142" lon="120.894485079">
        <ele>10.8</ele>
        <time>2026-09-04T13:56:02+0800</time>
        <extensions>
          <gpxtpx:TrackPointExtension>
            <gpxtpx:hr>147</gpxtpx:hr>
            <gpxtpx:cad>89</gpxtpx:cad>
          </gpxtpx:TrackPointExtension>
        </extensions>
      </trkpt>
      <trkpt lat="32.0181206055" lon="120.894514499">
        <ele>10.8</ele>
        <time>2026-09-04T13:56:03+0800</time>
        <extensions>
          <gpxtpx:TrackPointExtension>
            <gpxtpx:hr>148</gpxtpx:hr>
            <gpxtpx:cad>89</gpxtpx:cad>
          </gpxtpx:TrackPointExtension>
        </extensions>
      </trkpt>
      <trkpt lat="32.0181153249" lon="120.894557163">
        <ele>11.0</ele>
        <time>2026-09-04T13:56:04+0800</time>
        <extensions>
          <gpxtpx:TrackPointExtension>
            <gpxtpx:hr>148</gpxtpx:hr>
            <gpxtpx:cad>90</gpxtpx:cad>
          </gpxtpx:TrackPointExtension>
        </extensions>
      </trkpt>
      <trkpt lat="32.0181084517" lon="120.894589685">
        <ele>11.0</ele>
        <time>2026-09-04T13:56:05+0800</time>
        <extensions>
          <gpxtpx:TrackPointExtension>
            <gpxtpx:hr>148</gpxtpx:hr>
            <gpxtpx:cad>90</gpxtpx:cad>
          </gpxtpx:TrackPointExtension>
        </extensions>
      </trkpt>
      <trkpt lat="32.0181030873" lon="120.894626984">
        <ele>11.2</ele>
        <time>2026-09-04T13:56:06+0800</time>
        <extensions>
          <gpxtpx:TrackPointExtension>
            <gpxtpx:hr>148</gpxtpx:hr>
            <gpxtpx:cad>90</gpxtpx:cad>
          </gpxtpx:TrackPointExtension>
        </extensions>
      </trkpt>
      <trkpt lat="32.0181030035" lon="120.894655734">
        <ele>11.2</ele>
        <time>2026-09-04T13:56:07+0800</time>
        <extensions>
          <gpxtpx:TrackPointExtension>
            <gpxtpx:hr>147</gpxtpx:hr>
            <gpxtpx:cad>90</gpxtpx:cad>
          </gpxtpx:TrackPointExtension>
        </extensions>
      </trkpt>
      <trkpt lat="32.0180908497" lon="120.894698147">
        <ele>11.0</ele>
        <time>2026-09-04T13:56:08+0800</time>
        <extensions>
          <gpxtpx:TrackPointExtension>
            <gpxtpx:hr>147</gpxtpx:hr>
            <gpxtpx:cad>90</gpxtpx:cad>
          </gpxtpx:TrackPointExtension>
        </extensions>
      </trkpt>
      <trkpt lat="32.0180855691" lon="120.894728741">
        <ele>11.0</ele>
        <time>2026-09-04T13:56:09+0800</time>
        <extensions>
          <gpxtpx:TrackPointExtension>
            <gpxtpx:hr>147</gpxtpx:hr>
            <gpxtpx:cad>90</gpxtpx:cad>
          </gpxtpx:TrackPointExtension>
        </extensions>
      </trkpt>
      <trkpt lat="32.018071739" lon="120.894771237">
        <ele>11.0</ele>
        <time>2026-09-04T13:56:10+0800</time>
        <extensions>
          <gpxtpx:TrackPointExtension>
            <gpxtpx:hr>148</gpxtpx:hr>
            <gpxtpx:cad>90</gpxtpx:cad>
          </gpxtpx:TrackPointExtension>
        </extensions>
      </trkpt>
      <trkpt lat="32.0180682186" lon="120.894798394">
        <ele>10.8</ele>
        <time>2026-09-04T13:56:11+0800</time>
        <extensions>
          <gpxtpx:TrackPointExtension>
            <gpxtpx:hr>148</gpxtpx:hr>
            <gpxtpx:cad>90</gpxtpx:cad>
          </gpxtpx:TrackPointExtension>
        </extensions>
      </trkpt>
      <trkpt lat="32.0180570707" lon="120.894837957">
        <ele>10.8</ele>
        <time>2026-09-04T13:56:12+0800</time>
        <extensions>
          <gpxtpx:TrackPointExtension>
            <gpxtpx:hr>148</gpxtpx:hr>
            <gpxtpx:cad>90</gpxtpx:cad>
          </gpxtpx:TrackPointExtension>
        </extensions>
      </trkpt>
      <trkpt lat="32.018055981" lon="120.89486503">
        <ele>10.8</ele>
        <time>2026-09-04T13:56:13+0800</time>
        <extensions>
          <gpxtpx:TrackPointExtension>
            <gpxtpx:hr>148</gpxtpx:hr>
            <gpxtpx:cad>90</gpxtpx:cad>
          </gpxtpx:TrackPointExtension>
        </extensions>
      </trkpt>
      <trkpt lat="32.0180478506" lon="120.89490585">
        <ele>10.8</ele>
        <time>2026-09-04T13:56:14+0800</time>
        <extensions>
          <gpxtpx:TrackPointExtension>
            <gpxtpx:hr>149</gpxtpx:hr>
            <gpxtpx:cad>90</gpxtpx:cad>
          </gpxtpx:TrackPointExtension>
        </extensions>
      </trkpt>
      <trkpt lat="32.0180482697" lon="120.894938037">
        <ele>10.8</ele>
        <time>2026-09-04T13:56:15+0800</time>
        <extensions>
          <gpxtpx:TrackPointExtension>
            <gpxtpx:hr>149</gpxtpx:hr>
            <gpxtpx:cad>90</gpxtpx:cad>
          </gpxtpx:TrackPointExtension>
        </extensions>
      </trkpt>
      <trkpt lat="32.0180377923" lon="120.894975336">
        <ele>10.8</ele>
        <time>2026-09-04T13:56:16+0800</time>
        <extensions>
          <gpxtpx:TrackPointExtension>
            <gpxtpx:hr>150</gpxtpx:hr>
            <gpxtpx:cad>90</gpxtpx:cad>
          </gpxtpx:TrackPointExtension>
        </extensions>
      </trkpt>
      <trkpt lat="32.0180317573" lon="120.895006349">
        <ele>10.8</ele>
        <time>2026-09-04T13:56:17+0800</time>
        <extensions>
          <gpxtpx:TrackPointExtension>
            <gpxtpx:hr>150</gpxtpx:hr>
            <gpxtpx:cad>90</gpxtpx:cad>
          </gpxtpx:TrackPointExtension>
        </extensions>
      </trkpt>
      <trkpt lat="32.0180220343" lon="120.895041134">
        <ele>11.0</ele>
        <time>2026-09-04T13:56:18+0800</time>
        <extensions>
          <gpxtpx:TrackPointExtension>
            <gpxtpx:hr>150</gpxtpx:hr>
            <gpxtpx:cad>90</gpxtpx:cad>
          </gpxtpx:TrackPointExtension>
        </extensions>
      </trkpt>
      <trkpt lat="32.0180216152" lon="120.895067286">
        <ele>11.0</ele>
        <time>2026-09-04T13:56:19+0800</time>
        <extensions>
          <gpxtpx:TrackPointExtension>
            <gpxtpx:hr>151</gpxtpx:hr>
            <gpxtpx:cad>89</gpxtpx:cad>
          </gpxtpx:TrackPointExtension>
        </extensions>
      </trkpt>
      <trkpt lat="32.0180146582" lon="120.895114057">
        <ele>11.0</ele>
        <time>2026-09-04T13:56:20+0800</time>
        <extensions>
          <gpxtpx:TrackPointExtension>
            <gpxtpx:hr>151</gpxtpx:hr>
            <gpxtpx:cad>90</gpxtpx:cad>
          </gpxtpx:TrackPointExtension>
        </extensions>
      </trkpt>
      <trkpt lat="32.0180137362" lon="120.895142639">
        <ele>11.0</ele>
        <time>2026-09-04T13:56:21+0800</time>
        <extensions>
          <gpxtpx:TrackPointExtension>
            <gpxtpx:hr>151</gpxtpx:hr>
            <gpxtpx:cad>89</gpxtpx:cad>
          </gpxtpx:TrackPointExtension>
        </extensions>
      </trkpt>
      <trkpt lat="32.0180085395" lon="120.895183207">
        <ele>11.0</ele>
        <time>2026-09-04T13:56:22+0800</time>
        <extensions>
          <gpxtpx:TrackPointExtension>
            <gpxtpx:hr>152</gpxtpx:hr>
            <gpxtpx:cad>89</gpxtpx:cad>
          </gpxtpx:TrackPointExtension>
        </extensions>
      </trkpt>
      <trkpt lat="32.0180076174" lon="120.895212041">
        <ele>10.8</ele>
        <time>2026-09-04T13:56:23+0800</time>
        <extensions>
          <gpxtpx:TrackPointExtension>
            <gpxtpx:hr>152</gpxtpx:hr>
            <gpxtpx:cad>89</gpxtpx:cad>
          </gpxtpx:TrackPointExtension>
        </extensions>
      </trkpt>
      <trkpt lat="32.0180000737" lon="120.895251771">
        <ele>10.8</ele>
        <time>2026-09-04T13:56:24+0800</time>
        <extensions>
          <gpxtpx:TrackPointExtension>
            <gpxtpx:hr>152</gpxtpx:hr>
            <gpxtpx:cad>89</gpxtpx:cad>
          </gpxtpx:TrackPointExtension>
        </extensions>
      </trkpt>
      <trkpt lat="32.0179956313" lon="120.895281862">
        <ele>10.8</ele>
        <time>2026-09-04T13:56:25+0800</time>
        <extensions>
          <gpxtpx:TrackPointExtension>
            <gpxtpx:hr>151</gpxtpx:hr>
            <gpxtpx:cad>90</gpxtpx:cad>
          </gpxtpx:TrackPointExtension>
        </extensions>
      </trkpt>
      <trkpt lat="32.0179899316" lon="120.895323018">
        <ele>10.8</ele>
        <time>2026-09-04T13:56:26+0800</time>
        <extensions>
          <gpxtpx:TrackPointExtension>
            <gpxtpx:hr>151</gpxtpx:hr>
            <gpxtpx:cad>89</gpxtpx:cad>
          </gpxtpx:TrackPointExtension>
        </extensions>
      </trkpt>
      <trkpt lat="32.0179894287" lon="120.895353779">
        <ele>10.8</ele>
        <time>2026-09-04T13:56:27+0800</time>
        <extensions>
          <gpxtpx:TrackPointExtension>
            <gpxtpx:hr>152</gpxtpx:hr>
            <gpxtpx:cad>90</gpxtpx:cad>
          </gpxtpx:TrackPointExtension>
        </extensions>
      </trkpt>
      <trkpt lat="32.0179763529" lon="120.89539133">
        <ele>10.8</ele>
        <time>2026-09-04T13:56:28+0800</time>
        <extensions>
          <gpxtpx:TrackPointExtension>
            <gpxtpx:hr>152</gpxtpx:hr>
            <gpxtpx:cad>89</gpxtpx:cad>
          </gpxtpx:TrackPointExtension>
        </extensions>
      </trkpt>
      <trkpt lat="32.0179709047" lon="120.89541899">
        <ele>10.8</ele>
        <time>2026-09-04T13:56:29+0800</time>
        <extensions>
          <gpxtpx:TrackPointExtension>
            <gpxtpx:hr>151</gpxtpx:hr>
            <gpxtpx:cad>89</gpxtpx:cad>
          </gpxtpx:TrackPointExtension>
        </extensions>
      </trkpt>
      <trkpt lat="32.017964283" lon="120.895454865">
        <ele>10.8</ele>
        <time>2026-09-04T13:56:30+0800</time>
        <extensions>
          <gpxtpx:TrackPointExtension>
            <gpxtpx:hr>151</gpxtpx:hr>
            <gpxtpx:cad>89</gpxtpx:cad>
          </gpxtpx:TrackPointExtension>
        </extensions>
      </trkpt>
      <trkpt lat="32.0179533865" lon="120.895481603">
        <ele>10.8</ele>
        <time>2026-09-04T13:56:31+0800</time>
        <extensions>
          <gpxtpx:TrackPointExtension>
            <gpxtpx:hr>151</gpxtpx:hr>
            <gpxtpx:cad>89</gpxtpx:cad>
          </gpxtpx:TrackPointExtension>
        </extensions>
      </trkpt>
      <trkpt lat="32.0179442503" lon="120.895521836">
        <ele>11.0</ele>
        <time>2026-09-04T13:56:32+0800</time>
        <extensions>
          <gpxtpx:TrackPointExtension>
            <gpxtpx:hr>152</gpxtpx:hr>
            <gpxtpx:cad>89</gpxtpx:cad>
          </gpxtpx:TrackPointExtension>
        </extensions>
      </trkpt>
      <trkpt lat="32.0179340243" lon="120.895551005">
        <ele>11.0</ele>
        <time>2026-09-04T13:56:33+0800</time>
        <extensions>
          <gpxtpx:TrackPointExtension>
            <gpxtpx:hr>151</gpxtpx:hr>
            <gpxtpx:cad>89</gpxtpx:cad>
          </gpxtpx:TrackPointExtension>
        </extensions>
      </trkpt>
      <trkpt lat="32.0179233793" lon="120.895589981">
        <ele>11.0</ele>
        <time>2026-09-04T13:56:34+0800</time>
        <extensions>
          <gpxtpx:TrackPointExtension>
            <gpxtpx:hr>151</gpxtpx:hr>
            <gpxtpx:cad>89</gpxtpx:cad>
          </gpxtpx:TrackPointExtension>
        </extensions>
      </trkpt>
      <trkpt lat="32.0179192722" lon="120.895620156">
        <ele>11.0</ele>
        <time>2026-09-04T13:56:35+0800</time>
        <extensions>
          <gpxtpx:TrackPointExtension>
            <gpxtpx:hr>151</gpxtpx:hr>
            <gpxtpx:cad>89</gpxtpx:cad>
          </gpxtpx:TrackPointExtension>
        </extensions>
      </trkpt>
      <trkpt lat="32.0179116447" lon="120.895654773">
        <ele>10.8</ele>
        <time>2026-09-04T13:56:36+0800</time>
        <extensions>
          <gpxtpx:TrackPointExtension>
            <gpxtpx:hr>150</gpxtpx:hr>
            <gpxtpx:cad>89</gpxtpx:cad>
          </gpxtpx:TrackPointExtension>
        </extensions>
      </trkpt>
      <trkpt lat="32.0179018378" lon="120.895681093">
        <ele>11.0</ele>
        <time>2026-09-04T13:56:37+0800</time>
        <extensions>
          <gpxtpx:TrackPointExtension>
            <gpxtpx:hr>150</gpxtpx:hr>
            <gpxtpx:cad>89</gpxtpx:cad>
          </gpxtpx:TrackPointExtension>
        </extensions>
      </trkpt>
      <trkpt lat="32.0178910252" lon="120.895717638">
        <ele>11.0</ele>
        <time>2026-09-04T13:56:38+0800</time>
        <extensions>
          <gpxtpx:TrackPointExtension>
            <gpxtpx:hr>150</gpxtpx:hr>
            <gpxtpx:cad>89</gpxtpx:cad>
          </gpxtpx:TrackPointExtension>
        </extensions>
      </trkpt>
      <trkpt lat="32.0178779494" lon="120.89574161">
        <ele>11.0</ele>
        <time>2026-09-04T13:56:39+0800</time>
        <extensions>
          <gpxtpx:TrackPointExtension>
            <gpxtpx:hr>150</gpxtpx:hr>
            <gpxtpx:cad>89</gpxtpx:cad>
          </gpxtpx:TrackPointExtension>
        </extensions>
      </trkpt>
      <trkpt lat="32.0178651251" lon="120.895777065">
        <ele>11.0</ele>
        <time>2026-09-04T13:56:40+0800</time>
        <extensions>
          <gpxtpx:TrackPointExtension>
            <gpxtpx:hr>150</gpxtpx:hr>
            <gpxtpx:cad>89</gpxtpx:cad>
          </gpxtpx:TrackPointExtension>
        </extensions>
      </trkpt>
      <trkpt lat="32.017856827" lon="120.895806653">
        <ele>11.0</ele>
        <time>2026-09-04T13:56:41+0800</time>
        <extensions>
          <gpxtpx:TrackPointExtension>
            <gpxtpx:hr>150</gpxtpx:hr>
            <gpxtpx:cad>89</gpxtpx:cad>
          </gpxtpx:TrackPointExtension>
        </extensions>
      </trkpt>
      <trkpt lat="32.0178468525" lon="120.895845378">
        <ele>11.0</ele>
        <time>2026-09-04T13:56:42+0800</time>
        <extensions>
          <gpxtpx:TrackPointExtension>
            <gpxtpx:hr>149</gpxtpx:hr>
            <gpxtpx:cad>90</gpxtpx:cad>
          </gpxtpx:TrackPointExtension>
        </extensions>
      </trkpt>
      <trkpt lat="32.0178372134" lon="120.895878403">
        <ele>11.0</ele>
        <time>2026-09-04T13:56:43+0800</time>
        <extensions>
          <gpxtpx:TrackPointExtension>
            <gpxtpx:hr>149</gpxtpx:hr>
            <gpxtpx:cad>89</gpxtpx:cad>
          </gpxtpx:TrackPointExtension>
        </extensions>
      </trkpt>
      <trkpt lat="32.0178312622" lon="120.895916373">
        <ele>11.0</ele>
        <time>2026-09-04T13:56:44+0800</time>
        <extensions>
          <gpxtpx:TrackPointExtension>
            <gpxtpx:hr>149</gpxtpx:hr>
            <gpxtpx:cad>89</gpxtpx:cad>
          </gpxtpx:TrackPointExtension>
        </extensions>
      </trkpt>
      <trkpt lat="32.0178263169" lon="120.895946128">
        <ele>11.0</ele>
        <time>2026-09-04T13:56:45+0800</time>
        <extensions>
          <gpxtpx:TrackPointExtension>
            <gpxtpx:hr>149</gpxtpx:hr>
            <gpxtpx:cad>89</gpxtpx:cad>
          </gpxtpx:TrackPointExtension>
        </extensions>
      </trkpt>
      <trkpt lat="32.0178178512" lon="120.895981416">
        <ele>11.0</ele>
        <time>2026-09-04T13:56:46+0800</time>
        <extensions>
          <gpxtpx:TrackPointExtension>
            <gpxtpx:hr>149</gpxtpx:hr>
            <gpxtpx:cad>89</gpxtpx:cad>
          </gpxtpx:TrackPointExtension>
        </extensions>
      </trkpt>
      <trkpt lat="32.0178078767" lon="120.896011088">
        <ele>11.0</ele>
        <time>2026-09-04T13:56:47+0800</time>
        <extensions>
          <gpxtpx:TrackPointExtension>
            <gpxtpx:hr>148</gpxtpx:hr>
            <gpxtpx:cad>89</gpxtpx:cad>
          </gpxtpx:TrackPointExtension>
        </extensions>
      </trkpt>
      <trkpt lat="32.0178041048" lon="120.896047717">
        <ele>11.0</ele>
        <time>2026-09-04T13:56:48+0800</time>
        <extensions>
          <gpxtpx:TrackPointExtension>
            <gpxtpx:hr>148</gpxtpx:hr>
            <gpxtpx:cad>89</gpxtpx:cad>
          </gpxtpx:TrackPointExtension>
        </extensions>
      </trkpt>
      <trkpt lat="32.0177918673" lon="120.896080155">
        <ele>11.0</ele>
        <time>2026-09-04T13:56:49+0800</time>
        <extensions>
          <gpxtpx:TrackPointExtension>
            <gpxtpx:hr>147</gpxtpx:hr>
            <gpxtpx:cad>89</gpxtpx:cad>
          </gpxtpx:TrackPointExtension>
        </extensions>
      </trkpt>
      <trkpt lat="32.0177896041" lon="120.896115946">
        <ele>11.0</ele>
        <time>2026-09-04T13:56:50+0800</time>
        <extensions>
          <gpxtpx:TrackPointExtension>
            <gpxtpx:hr>145</gpxtpx:hr>
            <gpxtpx:cad>89</gpxtpx:cad>
          </gpxtpx:TrackPointExtension>
        </extensions>
      </trkpt>
      <trkpt lat="32.0177813061" lon="120.896149306">
        <ele>11.0</ele>
        <time>2026-09-04T13:56:51+0800</time>
        <extensions>
          <gpxtpx:TrackPointExtension>
            <gpxtpx:hr>144</gpxtpx:hr>
            <gpxtpx:cad>89</gpxtpx:cad>
          </gpxtpx:TrackPointExtension>
        </extensions>
      </trkpt>
      <trkpt lat="32.0177815575" lon="120.896181324">
        <ele>11.0</ele>
        <time>2026-09-04T13:56:52+0800</time>
        <extensions>
          <gpxtpx:TrackPointExtension>
            <gpxtpx:hr>144</gpxtpx:hr>
            <gpxtpx:cad>89</gpxtpx:cad>
          </gpxtpx:TrackPointExtension>
        </extensions>
      </trkpt>
      <trkpt lat="32.0177762769" lon="120.896219546">
        <ele>11.0</ele>
        <time>2026-09-04T13:56:53+0800</time>
        <extensions>
          <gpxtpx:TrackPointExtension>
            <gpxtpx:hr>144</gpxtpx:hr>
            <gpxtpx:cad>89</gpxtpx:cad>
          </gpxtpx:TrackPointExtension>
        </extensions>
      </trkpt>
      <trkpt lat="32.017777618" lon="120.896254079">
        <ele>11.2</ele>
        <time>2026-09-04T13:56:54+0800</time>
        <extensions>
          <gpxtpx:TrackPointExtension>
            <gpxtpx:hr>144</gpxtpx:hr>
            <gpxtpx:cad>89</gpxtpx:cad>
          </gpxtpx:TrackPointExtension>
        </extensions>
      </trkpt>
      <trkpt lat="32.0177687332" lon="120.896289535">
        <ele>11.2</ele>
        <time>2026-09-04T13:56:55+0800</time>
        <extensions>
          <gpxtpx:TrackPointExtension>
            <gpxtpx:hr>143</gpxtpx:hr>
            <gpxtpx:cad>88</gpxtpx:cad>
          </gpxtpx:TrackPointExtension>
        </extensions>
      </trkpt>
      <trkpt lat="32.0177702419" lon="120.896321135">
        <ele>11.2</ele>
        <time>2026-09-04T13:56:56+0800</time>
        <extensions>
          <gpxtpx:TrackPointExtension>
            <gpxtpx:hr>144</gpxtpx:hr>
            <gpxtpx:cad>88</gpxtpx:cad>
          </gpxtpx:TrackPointExtension>
        </extensions>
      </trkpt>
      <trkpt lat="32.0177635364" lon="120.896360613">
        <ele>11.2</ele>
        <time>2026-09-04T13:56:57+0800</time>
        <extensions>
          <gpxtpx:TrackPointExtension>
            <gpxtpx:hr>144</gpxtpx:hr>
            <gpxtpx:cad>88</gpxtpx:cad>
          </gpxtpx:TrackPointExtension>
        </extensions>
      </trkpt>
      <trkpt lat="32.0177629497" lon="120.896392632">
        <ele>11.2</ele>
        <time>2026-09-04T13:56:58+0800</time>
        <extensions>
          <gpxtpx:TrackPointExtension>
            <gpxtpx:hr>144</gpxtpx:hr>
            <gpxtpx:cad>88</gpxtpx:cad>
          </gpxtpx:TrackPointExtension>
        </extensions>
      </trkpt>
      <trkpt lat="32.0177575015" lon="120.896438397">
        <ele>11.2</ele>
        <time>2026-09-04T13:56:59+0800</time>
        <extensions>
          <gpxtpx:TrackPointExtension>
            <gpxtpx:hr>145</gpxtpx:hr>
            <gpxtpx:cad>89</gpxtpx:cad>
          </gpxtpx:TrackPointExtension>
        </extensions>
      </trkpt>
      <trkpt lat="32.0177524723" lon="120.896461867">
        <ele>11.4</ele>
        <time>2026-09-04T13:57:00+0800</time>
        <extensions>
          <gpxtpx:TrackPointExtension>
            <gpxtpx:hr>145</gpxtpx:hr>
            <gpxtpx:cad>88</gpxtpx:cad>
          </gpxtpx:TrackPointExtension>
        </extensions>
      </trkpt>
      <trkpt lat="32.0177432522" lon="120.896493299">
        <ele>11.4</ele>
        <time>2026-09-04T13:57:01+0800</time>
        <extensions>
          <gpxtpx:TrackPointExtension>
            <gpxtpx:hr>145</gpxtpx:hr>
            <gpxtpx:cad>88</gpxtpx:cad>
          </gpxtpx:TrackPointExtension>
        </extensions>
      </trkpt>
      <trkpt lat="32.0177371334" lon="120.896518277">
        <ele>11.4</ele>
        <time>2026-09-04T13:57:02+0800</time>
        <extensions>
          <gpxtpx:TrackPointExtension>
            <gpxtpx:hr>146</gpxtpx:hr>
            <gpxtpx:cad>88</gpxtpx:cad>
          </gpxtpx:TrackPointExtension>
        </extensions>
      </trkpt>
      <trkpt lat="32.0177304279" lon="120.896552727">
        <ele>11.4</ele>
        <time>2026-09-04T13:57:03+0800</time>
        <extensions>
          <gpxtpx:TrackPointExtension>
            <gpxtpx:hr>146</gpxtpx:hr>
            <gpxtpx:cad>88</gpxtpx:cad>
          </gpxtpx:TrackPointExtension>
        </extensions>
      </trkpt>
      <trkpt lat="32.0177279972" lon="120.896582985">
        <ele>11.4</ele>
        <time>2026-09-04T13:57:04+0800</time>
        <extensions>
          <gpxtpx:TrackPointExtension>
            <gpxtpx:hr>146</gpxtpx:hr>
            <gpxtpx:cad>89</gpxtpx:cad>
          </gpxtpx:TrackPointExtension>
        </extensions>
      </trkpt>
      <trkpt lat="32.0177246444" lon="120.89661425">
        <ele>11.2</ele>
        <time>2026-09-04T13:57:05+0800</time>
        <extensions>
          <gpxtpx:TrackPointExtension>
            <gpxtpx:hr>147</gpxtpx:hr>
            <gpxtpx:cad>89</gpxtpx:cad>
          </gpxtpx:TrackPointExtension>
        </extensions>
      </trkpt>
      <trkpt lat="32.0177178551" lon="120.896642078">
        <ele>11.2</ele>
        <time>2026-09-04T13:57:06+0800</time>
        <extensions>
          <gpxtpx:TrackPointExtension>
            <gpxtpx:hr>148</gpxtpx:hr>
            <gpxtpx:cad>89</gpxtpx:cad>
          </gpxtpx:TrackPointExtension>
        </extensions>
      </trkpt>
      <trkpt lat="32.0177088864" lon="120.896676946">
        <ele>11.2</ele>
        <time>2026-09-04T13:57:07+0800</time>
        <extensions>
          <gpxtpx:TrackPointExtension>
            <gpxtpx:hr>148</gpxtpx:hr>
            <gpxtpx:cad>88</gpxtpx:cad>
          </gpxtpx:TrackPointExtension>
        </extensions>
      </trkpt>
      <trkpt lat="32.0176949725" lon="120.896709049">
        <ele>11.2</ele>
        <time>2026-09-04T13:57:08+0800</time>
        <extensions>
          <gpxtpx:TrackPointExtension>
            <gpxtpx:hr>148</gpxtpx:hr>
            <gpxtpx:cad>89</gpxtpx:cad>
          </gpxtpx:TrackPointExtension>
        </extensions>
      </trkpt>
      <trkpt lat="32.0176875126" lon="120.896749618">
        <ele>11.2</ele>
        <time>2026-09-04T13:57:09+0800</time>
        <extensions>
          <gpxtpx:TrackPointExtension>
            <gpxtpx:hr>149</gpxtpx:hr>
            <gpxtpx:cad>89</gpxtpx:cad>
          </gpxtpx:TrackPointExtension>
        </extensions>
      </trkpt>
      <trkpt lat="32.0176722575" lon="120.896781804">
        <ele>11.2</ele>
        <time>2026-09-04T13:57:10+0800</time>
        <extensions>
          <gpxtpx:TrackPointExtension>
            <gpxtpx:hr>149</gpxtpx:hr>
            <gpxtpx:cad>89</gpxtpx:cad>
          </gpxtpx:TrackPointExtension>
        </extensions>
      </trkpt>
      <trkpt lat="32.017667396" lon="120.896817176">
        <ele>11.2</ele>
        <time>2026-09-04T13:57:11+0800</time>
        <extensions>
          <gpxtpx:TrackPointExtension>
            <gpxtpx:hr>149</gpxtpx:hr>
            <gpxtpx:cad>89</gpxtpx:cad>
          </gpxtpx:TrackPointExtension>
        </extensions>
      </trkpt>
      <trkpt lat="32.0176559966" lon="120.896850871">
        <ele>11.2</ele>
        <time>2026-09-04T13:57:12+0800</time>
        <extensions>
          <gpxtpx:TrackPointExtension>
            <gpxtpx:hr>150</gpxtpx:hr>
            <gpxtpx:cad>88</gpxtpx:cad>
          </gpxtpx:TrackPointExtension>
        </extensions>
      </trkpt>
      <trkpt lat="32.0176533144" lon="120.896882638">
        <ele>11.2</ele>
        <time>2026-09-04T13:57:13+0800</time>
        <extensions>
          <gpxtpx:TrackPointExtension>
            <gpxtpx:hr>150</gpxtpx:hr>
            <gpxtpx:cad>88</gpxtpx:cad>
          </gpxtpx:TrackPointExtension>
        </extensions>
      </trkpt>
      <trkpt lat="32.0176406577" lon="120.896912897">
        <ele>11.2</ele>
        <time>2026-09-04T13:57:14+0800</time>
        <extensions>
          <gpxtpx:TrackPointExtension>
            <gpxtpx:hr>149</gpxtpx:hr>
            <gpxtpx:cad>88</gpxtpx:cad>
          </gpxtpx:TrackPointExtension>
        </extensions>
      </trkpt>
      <trkpt lat="32.0176397357" lon="120.896945335">
        <ele>11.4</ele>
        <time>2026-09-04T13:57:15+0800</time>
        <extensions>
          <gpxtpx:TrackPointExtension>
            <gpxtpx:hr>149</gpxtpx:hr>
            <gpxtpx:cad>88</gpxtpx:cad>
          </gpxtpx:TrackPointExtension>
        </extensions>
      </trkpt>
      <trkpt lat="32.0176334493" lon="120.896978611">
        <ele>11.4</ele>
        <time>2026-09-04T13:57:16+0800</time>
        <extensions>
          <gpxtpx:TrackPointExtension>
            <gpxtpx:hr>150</gpxtpx:hr>
            <gpxtpx:cad>88</gpxtpx:cad>
          </gpxtpx:TrackPointExtension>
        </extensions>
      </trkpt>
      <trkpt lat="32.0176334493" lon="120.897008786">
        <ele>11.4</ele>
        <time>2026-09-04T13:57:17+0800</time>
        <extensions>
          <gpxtpx:TrackPointExtension>
            <gpxtpx:hr>150</gpxtpx:hr>
            <gpxtpx:cad>88</gpxtpx:cad>
          </gpxtpx:TrackPointExtension>
        </extensions>
      </trkpt>
      <trkpt lat="32.0176197868" lon="120.897047427">
        <ele>11.4</ele>
        <time>2026-09-04T13:57:18+0800</time>
        <extensions>
          <gpxtpx:TrackPointExtension>
            <gpxtpx:hr>150</gpxtpx:hr>
            <gpxtpx:cad>89</gpxtpx:cad>
          </gpxtpx:TrackPointExtension>
        </extensions>
      </trkpt>
      <trkpt lat="32.0176139195" lon="120.897077937">
        <ele>11.4</ele>
        <time>2026-09-04T13:57:19+0800</time>
        <extensions>
          <gpxtpx:TrackPointExtension>
            <gpxtpx:hr>150</gpxtpx:hr>
            <gpxtpx:cad>89</gpxtpx:cad>
          </gpxtpx:TrackPointExtension>
        </extensions>
      </trkpt>
      <trkpt lat="32.0176053699" lon="120.89711071">
        <ele>11.4</ele>
        <time>2026-09-04T13:57:20+0800</time>
        <extensions>
          <gpxtpx:TrackPointExtension>
            <gpxtpx:hr>150</gpxtpx:hr>
            <gpxtpx:cad>89</gpxtpx:cad>
          </gpxtpx:TrackPointExtension>
        </extensions>
      </trkpt>
      <trkpt lat="32.0176033583" lon="120.897141472">
        <ele>11.4</ele>
        <time>2026-09-04T13:57:21+0800</time>
        <extensions>
          <gpxtpx:TrackPointExtension>
            <gpxtpx:hr>149</gpxtpx:hr>
            <gpxtpx:cad>89</gpxtpx:cad>
          </gpxtpx:TrackPointExtension>
        </extensions>
      </trkpt>
      <trkpt lat="32.0175952278" lon="120.897181453">
        <ele>11.6</ele>
        <time>2026-09-04T13:57:22+0800</time>
        <extensions>
          <gpxtpx:TrackPointExtension>
            <gpxtpx:hr>149</gpxtpx:hr>
            <gpxtpx:cad>89</gpxtpx:cad>
          </gpxtpx:TrackPointExtension>
        </extensions>
      </trkpt>
      <trkpt lat="32.0175932162" lon="120.89721431">
        <ele>11.4</ele>
        <time>2026-09-04T13:57:23+0800</time>
        <extensions>
          <gpxtpx:TrackPointExtension>
            <gpxtpx:hr>149</gpxtpx:hr>
            <gpxtpx:cad>89</gpxtpx:cad>
          </gpxtpx:TrackPointExtension>
        </extensions>
      </trkpt>
      <trkpt lat="32.0175864268" lon="120.897254543">
        <ele>11.4</ele>
        <time>2026-09-04T13:57:24+0800</time>
        <extensions>
          <gpxtpx:TrackPointExtension>
            <gpxtpx:hr>149</gpxtpx:hr>
            <gpxtpx:cad>89</gpxtpx:cad>
          </gpxtpx:TrackPointExtension>
        </extensions>
      </trkpt>
      <trkpt lat="32.0175833255" lon="120.897282455">
        <ele>11.4</ele>
        <time>2026-09-04T13:57:25+0800</time>
        <extensions>
          <gpxtpx:TrackPointExtension>
            <gpxtpx:hr>149</gpxtpx:hr>
            <gpxtpx:cad>89</gpxtpx:cad>
          </gpxtpx:TrackPointExtension>
        </extensions>
      </trkpt>
      <trkpt lat="32.0175746921" lon="120.897325706">
        <ele>11.4</ele>
        <time>2026-09-04T13:57:26+0800</time>
        <extensions>
          <gpxtpx:TrackPointExtension>
            <gpxtpx:hr>149</gpxtpx:hr>
            <gpxtpx:cad>89</gpxtpx:cad>
          </gpxtpx:TrackPointExtension>
        </extensions>
      </trkpt>
      <trkpt lat="32.0175693277" lon="120.897356048">
        <ele>11.4</ele>
        <time>2026-09-04T13:57:27+0800</time>
        <extensions>
          <gpxtpx:TrackPointExtension>
            <gpxtpx:hr>149</gpxtpx:hr>
            <gpxtpx:cad>89</gpxtpx:cad>
          </gpxtpx:TrackPointExtension>
        </extensions>
      </trkpt>
      <trkpt lat="32.0175598562" lon="120.89739955">
        <ele>11.4</ele>
        <time>2026-09-04T13:57:28+0800</time>
        <extensions>
          <gpxtpx:TrackPointExtension>
            <gpxtpx:hr>148</gpxtpx:hr>
            <gpxtpx:cad>89</gpxtpx:cad>
          </gpxtpx:TrackPointExtension>
        </extensions>
      </trkpt>
      <trkpt lat="32.0175527316" lon="120.897425869">
        <ele>11.4</ele>
        <time>2026-09-04T13:57:29+0800</time>
        <extensions>
          <gpxtpx:TrackPointExtension>
            <gpxtpx:hr>149</gpxtpx:hr>
            <gpxtpx:cad>89</gpxtpx:cad>
          </gpxtpx:TrackPointExtension>
        </extensions>
      </trkpt>
      <trkpt lat="32.0175462775" lon="120.897466438">
        <ele>11.4</ele>
        <time>2026-09-04T13:57:30+0800</time>
        <extensions>
          <gpxtpx:TrackPointExtension>
            <gpxtpx:hr>149</gpxtpx:hr>
            <gpxtpx:cad>89</gpxtpx:cad>
          </gpxtpx:TrackPointExtension>
        </extensions>
      </trkpt>
      <trkpt lat="32.0175426733" lon="120.897497954">
        <ele>11.4</ele>
        <time>2026-09-04T13:57:31+0800</time>
        <extensions>
          <gpxtpx:TrackPointExtension>
            <gpxtpx:hr>148</gpxtpx:hr>
            <gpxtpx:cad>89</gpxtpx:cad>
          </gpxtpx:TrackPointExtension>
        </extensions>
      </trkpt>
      <trkpt lat="32.0175348781" lon="120.897539612">
        <ele>11.4</ele>
        <time>2026-09-04T13:57:32+0800</time>
        <extensions>
          <gpxtpx:TrackPointExtension>
            <gpxtpx:hr>149</gpxtpx:hr>
            <gpxtpx:cad>89</gpxtpx:cad>
          </gpxtpx:TrackPointExtension>
        </extensions>
      </trkpt>
      <trkpt lat="32.0175342076" lon="120.897566937">
        <ele>11.4</ele>
        <time>2026-09-04T13:57:33+0800</time>
        <extensions>
          <gpxtpx:TrackPointExtension>
            <gpxtpx:hr>149</gpxtpx:hr>
            <gpxtpx:cad>89</gpxtpx:cad>
          </gpxtpx:TrackPointExtension>
        </extensions>
      </trkpt>
      <trkpt lat="32.0175229758" lon="120.897610774">
        <ele>11.2</ele>
        <time>2026-09-04T13:57:34+0800</time>
        <extensions>
          <gpxtpx:TrackPointExtension>
            <gpxtpx:hr>148</gpxtpx:hr>
            <gpxtpx:cad>89</gpxtpx:cad>
          </gpxtpx:TrackPointExtension>
        </extensions>
      </trkpt>
      <trkpt lat="32.0175198745" lon="120.897637932">
        <ele>11.2</ele>
        <time>2026-09-04T13:57:35+0800</time>
        <extensions>
          <gpxtpx:TrackPointExtension>
            <gpxtpx:hr>149</gpxtpx:hr>
            <gpxtpx:cad>89</gpxtpx:cad>
          </gpxtpx:TrackPointExtension>
        </extensions>
      </trkpt>
      <trkpt lat="32.017511325" lon="120.897680176">
        <ele>11.2</ele>
        <time>2026-09-04T13:57:36+0800</time>
        <extensions>
          <gpxtpx:TrackPointExtension>
            <gpxtpx:hr>149</gpxtpx:hr>
            <gpxtpx:cad>89</gpxtpx:cad>
          </gpxtpx:TrackPointExtension>
        </extensions>
      </trkpt>
      <trkpt lat="32.0175019372" lon="120.897708675">
        <ele>11.4</ele>
        <time>2026-09-04T13:57:37+0800</time>
        <extensions>
          <gpxtpx:TrackPointExtension>
            <gpxtpx:hr>148</gpxtpx:hr>
            <gpxtpx:cad>89</gpxtpx:cad>
          </gpxtpx:TrackPointExtension>
        </extensions>
      </trkpt>
      <trkpt lat="32.0174933877" lon="120.897745891">
        <ele>11.4</ele>
        <time>2026-09-04T13:57:38+0800</time>
        <extensions>
          <gpxtpx:TrackPointExtension>
            <gpxtpx:hr>149</gpxtpx:hr>
            <gpxtpx:cad>89</gpxtpx:cad>
          </gpxtpx:TrackPointExtension>
        </extensions>
      </trkpt>
      <trkpt lat="32.0174842514" lon="120.897773886">
        <ele>11.4</ele>
        <time>2026-09-04T13:57:39+0800</time>
        <extensions>
          <gpxtpx:TrackPointExtension>
            <gpxtpx:hr>149</gpxtpx:hr>
            <gpxtpx:cad>89</gpxtpx:cad>
          </gpxtpx:TrackPointExtension>
        </extensions>
      </trkpt>
      <trkpt lat="32.0174764562" lon="120.897810599">
        <ele>11.4</ele>
        <time>2026-09-04T13:57:40+0800</time>
        <extensions>
          <gpxtpx:TrackPointExtension>
            <gpxtpx:hr>149</gpxtpx:hr>
            <gpxtpx:cad>89</gpxtpx:cad>
          </gpxtpx:TrackPointExtension>
        </extensions>
      </trkpt>
      <trkpt lat="32.0174644701" lon="120.897841947">
        <ele>11.4</ele>
        <time>2026-09-04T13:57:41+0800</time>
        <extensions>
          <gpxtpx:TrackPointExtension>
            <gpxtpx:hr>148</gpxtpx:hr>
            <gpxtpx:cad>89</gpxtpx:cad>
          </gpxtpx:TrackPointExtension>
        </extensions>
      </trkpt>
      <trkpt lat="32.0174555015" lon="120.897876145">
        <ele>11.4</ele>
        <time>2026-09-04T13:57:42+0800</time>
        <extensions>
          <gpxtpx:TrackPointExtension>
            <gpxtpx:hr>149</gpxtpx:hr>
            <gpxtpx:cad>89</gpxtpx:cad>
          </gpxtpx:TrackPointExtension>
        </extensions>
      </trkpt>
      <trkpt lat="32.0174417552" lon="120.897905147">
        <ele>11.4</ele>
        <time>2026-09-04T13:57:43+0800</time>
        <extensions>
          <gpxtpx:TrackPointExtension>
            <gpxtpx:hr>148</gpxtpx:hr>
            <gpxtpx:cad>89</gpxtpx:cad>
          </gpxtpx:TrackPointExtension>
        </extensions>
      </trkpt>
      <trkpt lat="32.0174342114" lon="120.897944458">
        <ele>11.4</ele>
        <time>2026-09-04T13:57:44+0800</time>
        <extensions>
          <gpxtpx:TrackPointExtension>
            <gpxtpx:hr>148</gpxtpx:hr>
            <gpxtpx:cad>89</gpxtpx:cad>
          </gpxtpx:TrackPointExtension>
        </extensions>
      </trkpt>
      <trkpt lat="32.017418202" lon="120.897976728">
        <ele>11.4</ele>
        <time>2026-09-04T13:57:45+0800</time>
        <extensions>
          <gpxtpx:TrackPointExtension>
            <gpxtpx:hr>148</gpxtpx:hr>
            <gpxtpx:cad>89</gpxtpx:cad>
          </gpxtpx:TrackPointExtension>
        </extensions>
      </trkpt>
      <trkpt lat="32.0174130052" lon="120.898012603">
        <ele>11.4</ele>
        <time>2026-09-04T13:57:46+0800</time>
        <extensions>
          <gpxtpx:TrackPointExtension>
            <gpxtpx:hr>149</gpxtpx:hr>
            <gpxtpx:cad>89</gpxtpx:cad>
          </gpxtpx:TrackPointExtension>
        </extensions>
      </trkpt>
      <trkpt lat="32.0173982531" lon="120.898046046">
        <ele>11.4</ele>
        <time>2026-09-04T13:57:47+0800</time>
        <extensions>
          <gpxtpx:TrackPointExtension>
            <gpxtpx:hr>148</gpxtpx:hr>
            <gpxtpx:cad>89</gpxtpx:cad>
          </gpxtpx:TrackPointExtension>
        </extensions>
      </trkpt>
      <trkpt lat="32.0173938107" lon="120.898081502">
        <ele>11.4</ele>
        <time>2026-09-04T13:57:48+0800</time>
        <extensions>
          <gpxtpx:TrackPointExtension>
            <gpxtpx:hr>148</gpxtpx:hr>
            <gpxtpx:cad>89</gpxtpx:cad>
          </gpxtpx:TrackPointExtension>
        </extensions>
      </trkpt>
      <trkpt lat="32.01738392" lon="120.898116622">
        <ele>11.4</ele>
        <time>2026-09-04T13:57:49+0800</time>
        <extensions>
          <gpxtpx:TrackPointExtension>
            <gpxtpx:hr>148</gpxtpx:hr>
            <gpxtpx:cad>89</gpxtpx:cad>
          </gpxtpx:TrackPointExtension>
        </extensions>
      </trkpt>
      <trkpt lat="32.0173870213" lon="120.898147468">
        <ele>11.4</ele>
        <time>2026-09-04T13:57:50+0800</time>
        <extensions>
          <gpxtpx:TrackPointExtension>
            <gpxtpx:hr>147</gpxtpx:hr>
            <gpxtpx:cad>88</gpxtpx:cad>
          </gpxtpx:TrackPointExtension>
        </extensions>
      </trkpt>
      <trkpt lat="32.0173813216" lon="120.898185521">
        <ele>11.4</ele>
        <time>2026-09-04T13:57:51+0800</time>
        <extensions>
          <gpxtpx:TrackPointExtension>
            <gpxtpx:hr>147</gpxtpx:hr>
            <gpxtpx:cad>88</gpxtpx:cad>
          </gpxtpx:TrackPointExtension>
        </extensions>
      </trkpt>
      <trkpt lat="32.017378388" lon="120.898211841">
        <ele>11.6</ele>
        <time>2026-09-04T13:57:52+0800</time>
        <extensions>
          <gpxtpx:TrackPointExtension>
            <gpxtpx:hr>147</gpxtpx:hr>
            <gpxtpx:cad>88</gpxtpx:cad>
          </gpxtpx:TrackPointExtension>
        </extensions>
      </trkpt>
      <trkpt lat="32.0173700061" lon="120.898255343">
        <ele>11.6</ele>
        <time>2026-09-04T13:57:53+0800</time>
        <extensions>
          <gpxtpx:TrackPointExtension>
            <gpxtpx:hr>147</gpxtpx:hr>
            <gpxtpx:cad>88</gpxtpx:cad>
          </gpxtpx:TrackPointExtension>
        </extensions>
      </trkpt>
      <trkpt lat="32.0173650607" lon="120.898283254">
        <ele>11.6</ele>
        <time>2026-09-04T13:57:54+0800</time>
        <extensions>
          <gpxtpx:TrackPointExtension>
            <gpxtpx:hr>147</gpxtpx:hr>
            <gpxtpx:cad>88</gpxtpx:cad>
          </gpxtpx:TrackPointExtension>
        </extensions>
      </trkpt>
      <trkpt lat="32.0173581038" lon="120.898324912">
        <ele>11.6</ele>
        <time>2026-09-04T13:57:55+0800</time>
        <extensions>
          <gpxtpx:TrackPointExtension>
            <gpxtpx:hr>147</gpxtpx:hr>
            <gpxtpx:cad>88</gpxtpx:cad>
          </gpxtpx:TrackPointExtension>
        </extensions>
      </trkpt>
      <trkpt lat="32.0173593611" lon="120.898353746">
        <ele>11.6</ele>
        <time>2026-09-04T13:57:56+0800</time>
        <extensions>
          <gpxtpx:TrackPointExtension>
            <gpxtpx:hr>147</gpxtpx:hr>
            <gpxtpx:cad>88</gpxtpx:cad>
          </gpxtpx:TrackPointExtension>
        </extensions>
      </trkpt>
      <trkpt lat="32.0173524041" lon="120.898396829">
        <ele>11.6</ele>
        <time>2026-09-04T13:57:57+0800</time>
        <extensions>
          <gpxtpx:TrackPointExtension>
            <gpxtpx:hr>147</gpxtpx:hr>
            <gpxtpx:cad>88</gpxtpx:cad>
          </gpxtpx:TrackPointExtension>
        </extensions>
      </trkpt>
      <trkpt lat="32.0173451118" lon="120.89842868">
        <ele>11.6</ele>
        <time>2026-09-04T13:57:58+0800</time>
        <extensions>
          <gpxtpx:TrackPointExtension>
            <gpxtpx:hr>147</gpxtpx:hr>
            <gpxtpx:cad>88</gpxtpx:cad>
          </gpxtpx:TrackPointExtension>
        </extensions>
      </trkpt>
      <trkpt lat="32.017340418" lon="120.898467069">
        <ele>11.6</ele>
        <time>2026-09-04T13:57:59+0800</time>
        <extensions>
          <gpxtpx:TrackPointExtension>
            <gpxtpx:hr>147</gpxtpx:hr>
            <gpxtpx:cad>88</gpxtpx:cad>
          </gpxtpx:TrackPointExtension>
        </extensions>
      </trkpt>
      <trkpt lat="32.0173363108" lon="120.898498334">
        <ele>11.6</ele>
        <time>2026-09-04T13:58:00+0800</time>
        <extensions>
          <gpxtpx:TrackPointExtension>
            <gpxtpx:hr>146</gpxtpx:hr>
            <gpxtpx:cad>88</gpxtpx:cad>
          </gpxtpx:TrackPointExtension>
        </extensions>
      </trkpt>
      <trkpt lat="32.0173300244" lon="120.89853555">
        <ele>11.8</ele>
        <time>2026-09-04T13:58:01+0800</time>
        <extensions>
          <gpxtpx:TrackPointExtension>
            <gpxtpx:hr>146</gpxtpx:hr>
            <gpxtpx:cad>88</gpxtpx:cad>
          </gpxtpx:TrackPointExtension>
        </extensions>
      </trkpt>
      <trkpt lat="32.0173182059" lon="120.898567233">
        <ele>11.8</ele>
        <time>2026-09-04T13:58:02+0800</time>
        <extensions>
          <gpxtpx:TrackPointExtension>
            <gpxtpx:hr>146</gpxtpx:hr>
            <gpxtpx:cad>88</gpxtpx:cad>
          </gpxtpx:TrackPointExtension>
        </extensions>
      </trkpt>
      <trkpt lat="32.0173120871" lon="120.898603778">
        <ele>11.8</ele>
        <time>2026-09-04T13:58:03+0800</time>
        <extensions>
          <gpxtpx:TrackPointExtension>
            <gpxtpx:hr>146</gpxtpx:hr>
            <gpxtpx:cad>88</gpxtpx:cad>
          </gpxtpx:TrackPointExtension>
        </extensions>
      </trkpt>
      <trkpt lat="32.0172923896" lon="120.898634372">
        <ele>11.8</ele>
        <time>2026-09-04T13:58:04+0800</time>
        <extensions>
          <gpxtpx:TrackPointExtension>
            <gpxtpx:hr>147</gpxtpx:hr>
            <gpxtpx:cad>88</gpxtpx:cad>
          </gpxtpx:TrackPointExtension>
        </extensions>
      </trkpt>
      <trkpt lat="32.017277386" lon="120.898664463">
        <ele>11.8</ele>
        <time>2026-09-04T13:58:05+0800</time>
        <extensions>
          <gpxtpx:TrackPointExtension>
            <gpxtpx:hr>147</gpxtpx:hr>
            <gpxtpx:cad>88</gpxtpx:cad>
          </gpxtpx:TrackPointExtension>
        </extensions>
      </trkpt>
      <trkpt lat="32.0172468759" lon="120.898678042">
        <ele>11.8</ele>
        <time>2026-09-04T13:58:06+0800</time>
        <extensions>
          <gpxtpx:TrackPointExtension>
            <gpxtpx:hr>147</gpxtpx:hr>
            <gpxtpx:cad>88</gpxtpx:cad>
          </gpxtpx:TrackPointExtension>
        </extensions>
      </trkpt>
      <trkpt lat="32.017224161" lon="120.898692543">
        <ele>11.8</ele>
        <time>2026-09-04T13:58:07+0800</time>
        <extensions>
          <gpxtpx:TrackPointExtension>
            <gpxtpx:hr>148</gpxtpx:hr>
            <gpxtpx:cad>88</gpxtpx:cad>
          </gpxtpx:TrackPointExtension>
        </extensions>
      </trkpt>
      <trkpt lat="32.0171920583" lon="120.898695141">
        <ele>11.8</ele>
        <time>2026-09-04T13:58:08+0800</time>
        <extensions>
          <gpxtpx:TrackPointExtension>
            <gpxtpx:hr>147</gpxtpx:hr>
            <gpxtpx:cad>88</gpxtpx:cad>
          </gpxtpx:TrackPointExtension>
        </extensions>
      </trkpt>
      <trkpt lat="32.0171666611" lon="120.898697237">
        <ele>11.8</ele>
        <time>2026-09-04T13:58:09+0800</time>
        <extensions>
          <gpxtpx:TrackPointExtension>
            <gpxtpx:hr>147</gpxtpx:hr>
            <gpxtpx:cad>88</gpxtpx:cad>
          </gpxtpx:TrackPointExtension>
        </extensions>
      </trkpt>
      <trkpt lat="32.0171333011" lon="120.898685334">
        <ele>11.8</ele>
        <time>2026-09-04T13:58:10+0800</time>
        <extensions>
          <gpxtpx:TrackPointExtension>
            <gpxtpx:hr>147</gpxtpx:hr>
            <gpxtpx:cad>89</gpxtpx:cad>
          </gpxtpx:TrackPointExtension>
        </extensions>
      </trkpt>
      <trkpt lat="32.0171071496" lon="120.898676533">
        <ele>11.8</ele>
        <time>2026-09-04T13:58:11+0800</time>
        <extensions>
          <gpxtpx:TrackPointExtension>
            <gpxtpx:hr>148</gpxtpx:hr>
            <gpxtpx:cad>89</gpxtpx:cad>
          </gpxtpx:TrackPointExtension>
        </extensions>
      </trkpt>
      <trkpt lat="32.017069431" lon="120.898659937">
        <ele>12.0</ele>
        <time>2026-09-04T13:58:12+0800</time>
        <extensions>
          <gpxtpx:TrackPointExtension>
            <gpxtpx:hr>147</gpxtpx:hr>
            <gpxtpx:cad>89</gpxtpx:cad>
          </gpxtpx:TrackPointExtension>
        </extensions>
      </trkpt>
      <trkpt lat="32.0170416869" lon="120.898651555">
        <ele>12.0</ele>
        <time>2026-09-04T13:58:13+0800</time>
        <extensions>
          <gpxtpx:TrackPointExtension>
            <gpxtpx:hr>147</gpxtpx:hr>
            <gpxtpx:cad>89</gpxtpx:cad>
          </gpxtpx:TrackPointExtension>
        </extensions>
      </trkpt>
      <trkpt lat="32.0170058962" lon="120.898640072">
        <ele>12.0</ele>
        <time>2026-09-04T13:58:14+0800</time>
        <extensions>
          <gpxtpx:TrackPointExtension>
            <gpxtpx:hr>148</gpxtpx:hr>
            <gpxtpx:cad>89</gpxtpx:cad>
          </gpxtpx:TrackPointExtension>
        </extensions>
      </trkpt>
      <trkpt lat="32.0169787388" lon="120.898633199">
        <ele>12.0</ele>
        <time>2026-09-04T13:58:15+0800</time>
        <extensions>
          <gpxtpx:TrackPointExtension>
            <gpxtpx:hr>148</gpxtpx:hr>
            <gpxtpx:cad>89</gpxtpx:cad>
          </gpxtpx:TrackPointExtension>
        </extensions>
      </trkpt>
      <trkpt lat="32.0169429481" lon="120.898624063">
        <ele>11.8</ele>
        <time>2026-09-04T13:58:16+0800</time>
        <extensions>
          <gpxtpx:TrackPointExtension>
            <gpxtpx:hr>148</gpxtpx:hr>
            <gpxtpx:cad>89</gpxtpx:cad>
          </gpxtpx:TrackPointExtension>
        </extensions>
      </trkpt>
      <trkpt lat="32.0169207361" lon="120.898619201">
        <ele>11.6</ele>
        <time>2026-09-04T13:58:17+0800</time>
        <extensions>
          <gpxtpx:TrackPointExtension>
            <gpxtpx:hr>149</gpxtpx:hr>
            <gpxtpx:cad>89</gpxtpx:cad>
          </gpxtpx:TrackPointExtension>
        </extensions>
      </trkpt>
      <trkpt lat="32.0168854482" lon="120.898602353">
        <ele>11.6</ele>
        <time>2026-09-04T13:58:18+0800</time>
        <extensions>
          <gpxtpx:TrackPointExtension>
            <gpxtpx:hr>149</gpxtpx:hr>
            <gpxtpx:cad>89</gpxtpx:cad>
          </gpxtpx:TrackPointExtension>
        </extensions>
      </trkpt>
      <trkpt lat="32.016860554" lon="120.898592295">
        <ele>11.6</ele>
        <time>2026-09-04T13:58:19+0800</time>
        <extensions>
          <gpxtpx:TrackPointExtension>
            <gpxtpx:hr>149</gpxtpx:hr>
            <gpxtpx:cad>89</gpxtpx:cad>
          </gpxtpx:TrackPointExtension>
        </extensions>
      </trkpt>
      <trkpt lat="32.0168349892" lon="120.898580141">
        <ele>11.6</ele>
        <time>2026-09-04T13:58:20+0800</time>
        <extensions>
          <gpxtpx:TrackPointExtension>
            <gpxtpx:hr>149</gpxtpx:hr>
            <gpxtpx:cad>89</gpxtpx:cad>
          </gpxtpx:TrackPointExtension>
        </extensions>
      </trkpt>
      <trkpt lat="32.0168082509" lon="120.898571843">
        <ele>11.6</ele>
        <time>2026-09-04T13:58:21+0800</time>
        <extensions>
          <gpxtpx:TrackPointExtension>
            <gpxtpx:hr>148</gpxtpx:hr>
            <gpxtpx:cad>89</gpxtpx:cad>
          </gpxtpx:TrackPointExtension>
        </extensions>
      </trkpt>
      <trkpt lat="32.0167715382" lon="120.898557762">
        <ele>11.6</ele>
        <time>2026-09-04T13:58:22+0800</time>
        <extensions>
          <gpxtpx:TrackPointExtension>
            <gpxtpx:hr>149</gpxtpx:hr>
            <gpxtpx:cad>89</gpxtpx:cad>
          </gpxtpx:TrackPointExtension>
        </extensions>
      </trkpt>
      <trkpt lat="32.0167488232" lon="120.898550972">
        <ele>11.6</ele>
        <time>2026-09-04T13:58:23+0800</time>
        <extensions>
          <gpxtpx:TrackPointExtension>
            <gpxtpx:hr>149</gpxtpx:hr>
            <gpxtpx:cad>89</gpxtpx:cad>
          </gpxtpx:TrackPointExtension>
        </extensions>
      </trkpt>
      <trkpt lat="32.0167128649" lon="120.898538735">
        <ele>11.6</ele>
        <time>2026-09-04T13:58:24+0800</time>
        <extensions>
          <gpxtpx:TrackPointExtension>
            <gpxtpx:hr>148</gpxtpx:hr>
            <gpxtpx:cad>89</gpxtpx:cad>
          </gpxtpx:TrackPointExtension>
        </extensions>
      </trkpt>
      <trkpt lat="32.0166882221" lon="120.898530772">
        <ele>11.4</ele>
        <time>2026-09-04T13:58:25+0800</time>
        <extensions>
          <gpxtpx:TrackPointExtension>
            <gpxtpx:hr>149</gpxtpx:hr>
            <gpxtpx:cad>89</gpxtpx:cad>
          </gpxtpx:TrackPointExtension>
        </extensions>
      </trkpt>
      <trkpt lat="32.016652599" lon="120.898517864">
        <ele>11.4</ele>
        <time>2026-09-04T13:58:26+0800</time>
        <extensions>
          <gpxtpx:TrackPointExtension>
            <gpxtpx:hr>149</gpxtpx:hr>
            <gpxtpx:cad>89</gpxtpx:cad>
          </gpxtpx:TrackPointExtension>
        </extensions>
      </trkpt>
      <trkpt lat="32.0166277885" lon="120.898507889">
        <ele>11.4</ele>
        <time>2026-09-04T13:58:27+0800</time>
        <extensions>
          <gpxtpx:TrackPointExtension>
            <gpxtpx:hr>148</gpxtpx:hr>
            <gpxtpx:cad>89</gpxtpx:cad>
          </gpxtpx:TrackPointExtension>
        </extensions>
      </trkpt>
      <trkpt lat="32.0165912434" lon="120.898494814">
        <ele>11.4</ele>
        <time>2026-09-04T13:58:28+0800</time>
        <extensions>
          <gpxtpx:TrackPointExtension>
            <gpxtpx:hr>149</gpxtpx:hr>
            <gpxtpx:cad>89</gpxtpx:cad>
          </gpxtpx:TrackPointExtension>
        </extensions>
      </trkpt>
      <trkpt lat="32.0165660977" lon="120.898483666">
        <ele>11.2</ele>
        <time>2026-09-04T13:58:29+0800</time>
        <extensions>
          <gpxtpx:TrackPointExtension>
            <gpxtpx:hr>149</gpxtpx:hr>
            <gpxtpx:cad>89</gpxtpx:cad>
          </gpxtpx:TrackPointExtension>
        </extensions>
      </trkpt>
      <trkpt lat="32.0165320672" lon="120.898475954">
        <ele>11.2</ele>
        <time>2026-09-04T13:58:30+0800</time>
        <extensions>
          <gpxtpx:TrackPointExtension>
            <gpxtpx:hr>150</gpxtpx:hr>
            <gpxtpx:cad>89</gpxtpx:cad>
          </gpxtpx:TrackPointExtension>
        </extensions>
      </trkpt>
      <trkpt lat="32.01650206" lon="120.898466567">
        <ele>11.2</ele>
        <time>2026-09-04T13:58:31+0800</time>
        <extensions>
          <gpxtpx:TrackPointExtension>
            <gpxtpx:hr>150</gpxtpx:hr>
            <gpxtpx:cad>89</gpxtpx:cad>
          </gpxtpx:TrackPointExtension>
        </extensions>
      </trkpt>
      <trkpt lat="32.0164679457" lon="120.898460029">
        <ele>11.2</ele>
        <time>2026-09-04T13:58:32+0800</time>
        <extensions>
          <gpxtpx:TrackPointExtension>
            <gpxtpx:hr>150</gpxtpx:hr>
            <gpxtpx:cad>89</gpxtpx:cad>
          </gpxtpx:TrackPointExtension>
        </extensions>
      </trkpt>
      <trkpt lat="32.0164384414" lon="120.8984493">
        <ele>11.0</ele>
        <time>2026-09-04T13:58:33+0800</time>
        <extensions>
          <gpxtpx:TrackPointExtension>
            <gpxtpx:hr>150</gpxtpx:hr>
            <gpxtpx:cad>89</gpxtpx:cad>
          </gpxtpx:TrackPointExtension>
        </extensions>
      </trkpt>
      <trkpt lat="32.0164079312" lon="120.898444606">
        <ele>11.0</ele>
        <time>2026-09-04T13:58:34+0800</time>
        <extensions>
          <gpxtpx:TrackPointExtension>
            <gpxtpx:hr>151</gpxtpx:hr>
            <gpxtpx:cad>89</gpxtpx:cad>
          </gpxtpx:TrackPointExtension>
        </extensions>
      </trkpt>
      <trkpt lat="32.0163803548" lon="120.898430692">
        <ele>11.0</ele>
        <time>2026-09-04T13:58:35+0800</time>
        <extensions>
          <gpxtpx:TrackPointExtension>
            <gpxtpx:hr>151</gpxtpx:hr>
            <gpxtpx:cad>89</gpxtpx:cad>
          </gpxtpx:TrackPointExtension>
        </extensions>
      </trkpt>
      <trkpt lat="32.0163588133" lon="120.898423484">
        <ele>11.0</ele>
        <time>2026-09-04T13:58:36+0800</time>
        <extensions>
          <gpxtpx:TrackPointExtension>
            <gpxtpx:hr>151</gpxtpx:hr>
            <gpxtpx:cad>89</gpxtpx:cad>
          </gpxtpx:TrackPointExtension>
        </extensions>
      </trkpt>
      <trkpt lat="32.0163230225" lon="120.898409989">
        <ele>11.0</ele>
        <time>2026-09-04T13:58:37+0800</time>
        <extensions>
          <gpxtpx:TrackPointExtension>
            <gpxtpx:hr>151</gpxtpx:hr>
            <gpxtpx:cad>88</gpxtpx:cad>
          </gpxtpx:TrackPointExtension>
        </extensions>
      </trkpt>
      <trkpt lat="32.016298715" lon="120.898409234">
        <ele>10.8</ele>
        <time>2026-09-04T13:58:38+0800</time>
        <extensions>
          <gpxtpx:TrackPointExtension>
            <gpxtpx:hr>151</gpxtpx:hr>
            <gpxtpx:cad>88</gpxtpx:cad>
          </gpxtpx:TrackPointExtension>
        </extensions>
      </trkpt>
      <trkpt lat="32.0162659418" lon="120.898396913">
        <ele>10.8</ele>
        <time>2026-09-04T13:58:39+0800</time>
        <extensions>
          <gpxtpx:TrackPointExtension>
            <gpxtpx:hr>152</gpxtpx:hr>
            <gpxtpx:cad>88</gpxtpx:cad>
          </gpxtpx:TrackPointExtension>
        </extensions>
      </trkpt>
      <trkpt lat="32.0162454061" lon="120.898392135">
        <ele>10.8</ele>
        <time>2026-09-04T13:58:40+0800</time>
        <extensions>
          <gpxtpx:TrackPointExtension>
            <gpxtpx:hr>151</gpxtpx:hr>
            <gpxtpx:cad>88</gpxtpx:cad>
          </gpxtpx:TrackPointExtension>
        </extensions>
      </trkpt>
      <trkpt lat="32.0162110403" lon="120.898377551">
        <ele>10.8</ele>
        <time>2026-09-04T13:58:41+0800</time>
        <extensions>
          <gpxtpx:TrackPointExtension>
            <gpxtpx:hr>151</gpxtpx:hr>
            <gpxtpx:cad>88</gpxtpx:cad>
          </gpxtpx:TrackPointExtension>
        </extensions>
      </trkpt>
      <trkpt lat="32.0161877386" lon="120.898370259">
        <ele>10.8</ele>
        <time>2026-09-04T13:58:42+0800</time>
        <extensions>
          <gpxtpx:TrackPointExtension>
            <gpxtpx:hr>152</gpxtpx:hr>
            <gpxtpx:cad>88</gpxtpx:cad>
          </gpxtpx:TrackPointExtension>
        </extensions>
      </trkpt>
      <trkpt lat="32.0161522832" lon="120.898355171">
        <ele>10.8</ele>
        <time>2026-09-04T13:58:43+0800</time>
        <extensions>
          <gpxtpx:TrackPointExtension>
            <gpxtpx:hr>151</gpxtpx:hr>
            <gpxtpx:cad>88</gpxtpx:cad>
          </gpxtpx:TrackPointExtension>
        </extensions>
      </trkpt>
      <trkpt lat="32.0161302388" lon="120.898350393">
        <ele>10.8</ele>
        <time>2026-09-04T13:58:44+0800</time>
        <extensions>
          <gpxtpx:TrackPointExtension>
            <gpxtpx:hr>151</gpxtpx:hr>
            <gpxtpx:cad>89</gpxtpx:cad>
          </gpxtpx:TrackPointExtension>
        </extensions>
      </trkpt>
      <trkpt lat="32.0160928555" lon="120.89833891">
        <ele>10.8</ele>
        <time>2026-09-04T13:58:45+0800</time>
        <extensions>
          <gpxtpx:TrackPointExtension>
            <gpxtpx:hr>152</gpxtpx:hr>
            <gpxtpx:cad>88</gpxtpx:cad>
          </gpxtpx:TrackPointExtension>
        </extensions>
      </trkpt>
      <trkpt lat="32.0160693023" lon="120.898331366">
        <ele>10.8</ele>
        <time>2026-09-04T13:58:46+0800</time>
        <extensions>
          <gpxtpx:TrackPointExtension>
            <gpxtpx:hr>151</gpxtpx:hr>
            <gpxtpx:cad>88</gpxtpx:cad>
          </gpxtpx:TrackPointExtension>
        </extensions>
      </trkpt>
      <trkpt lat="32.0160311647" lon="120.898316698">
        <ele>10.8</ele>
        <time>2026-09-04T13:58:47+0800</time>
        <extensions>
          <gpxtpx:TrackPointExtension>
            <gpxtpx:hr>151</gpxtpx:hr>
            <gpxtpx:cad>88</gpxtpx:cad>
          </gpxtpx:TrackPointExtension>
        </extensions>
      </trkpt>
      <trkpt lat="32.0160066895" lon="120.898309238">
        <ele>10.8</ele>
        <time>2026-09-04T13:58:48+0800</time>
        <extensions>
          <gpxtpx:TrackPointExtension>
            <gpxtpx:hr>152</gpxtpx:hr>
            <gpxtpx:cad>89</gpxtpx:cad>
          </gpxtpx:TrackPointExtension>
        </extensions>
      </trkpt>
      <trkpt lat="32.0159670431" lon="120.898298007">
        <ele>10.8</ele>
        <time>2026-09-04T13:58:49+0800</time>
        <extensions>
          <gpxtpx:TrackPointExtension>
            <gpxtpx:hr>151</gpxtpx:hr>
            <gpxtpx:cad>89</gpxtpx:cad>
          </gpxtpx:TrackPointExtension>
        </extensions>
      </trkpt>
      <trkpt lat="32.0159413945" lon="120.898292642">
        <ele>10.8</ele>
        <time>2026-09-04T13:58:50+0800</time>
        <extensions>
          <gpxtpx:TrackPointExtension>
            <gpxtpx:hr>151</gpxtpx:hr>
            <gpxtpx:cad>89</gpxtpx:cad>
          </gpxtpx:TrackPointExtension>
        </extensions>
      </trkpt>
      <trkpt lat="32.0159076992" lon="120.898284595">
        <ele>10.8</ele>
        <time>2026-09-04T13:58:51+0800</time>
        <extensions>
          <gpxtpx:TrackPointExtension>
            <gpxtpx:hr>152</gpxtpx:hr>
            <gpxtpx:cad>89</gpxtpx:cad>
          </gpxtpx:TrackPointExtension>
        </extensions>
      </trkpt>
      <trkpt lat="32.0158799551" lon="120.898274789">
        <ele>10.8</ele>
        <time>2026-09-04T13:58:52+0800</time>
        <extensions>
          <gpxtpx:TrackPointExtension>
            <gpxtpx:hr>152</gpxtpx:hr>
            <gpxtpx:cad>89</gpxtpx:cad>
          </gpxtpx:TrackPointExtension>
        </extensions>
      </trkpt>
      <trkpt lat="32.0158470981" lon="120.898263976">
        <ele>10.8</ele>
        <time>2026-09-04T13:58:53+0800</time>
        <extensions>
          <gpxtpx:TrackPointExtension>
            <gpxtpx:hr>152</gpxtpx:hr>
            <gpxtpx:cad>89</gpxtpx:cad>
          </gpxtpx:TrackPointExtension>
        </extensions>
      </trkpt>
      <trkpt lat="32.0158231258" lon="120.898250565">
        <ele>10.8</ele>
        <time>2026-09-04T13:58:54+0800</time>
        <extensions>
          <gpxtpx:TrackPointExtension>
            <gpxtpx:hr>152</gpxtpx:hr>
            <gpxtpx:cad>88</gpxtpx:cad>
          </gpxtpx:TrackPointExtension>
        </extensions>
      </trkpt>
      <trkpt lat="32.0157955494" lon="120.898242267">
        <ele>10.6</ele>
        <time>2026-09-04T13:58:55+0800</time>
        <extensions>
          <gpxtpx:TrackPointExtension>
            <gpxtpx:hr>152</gpxtpx:hr>
            <gpxtpx:cad>89</gpxtpx:cad>
          </gpxtpx:TrackPointExtension>
        </extensions>
      </trkpt>
      <trkpt lat="32.0157739241" lon="120.898229526">
        <ele>10.6</ele>
        <time>2026-09-04T13:58:56+0800</time>
        <extensions>
          <gpxtpx:TrackPointExtension>
            <gpxtpx:hr>151</gpxtpx:hr>
            <gpxtpx:cad>89</gpxtpx:cad>
          </gpxtpx:TrackPointExtension>
        </extensions>
      </trkpt>
      <trkpt lat="32.0157444198" lon="120.898216283">
        <ele>10.6</ele>
        <time>2026-09-04T13:58:57+0800</time>
        <extensions>
          <gpxtpx:TrackPointExtension>
            <gpxtpx:hr>152</gpxtpx:hr>
            <gpxtpx:cad>89</gpxtpx:cad>
          </gpxtpx:TrackPointExtension>
        </extensions>
      </trkpt>
      <trkpt lat="32.0157186873" lon="120.898206728">
        <ele>10.8</ele>
        <time>2026-09-04T13:58:58+0800</time>
        <extensions>
          <gpxtpx:TrackPointExtension>
            <gpxtpx:hr>152</gpxtpx:hr>
            <gpxtpx:cad>89</gpxtpx:cad>
          </gpxtpx:TrackPointExtension>
        </extensions>
      </trkpt>
      <trkpt lat="32.0156911109" lon="120.898200022">
        <ele>10.8</ele>
        <time>2026-09-04T13:58:59+0800</time>
        <extensions>
          <gpxtpx:TrackPointExtension>
            <gpxtpx:hr>151</gpxtpx:hr>
            <gpxtpx:cad>89</gpxtpx:cad>
          </gpxtpx:TrackPointExtension>
        </extensions>
      </trkpt>
      <trkpt lat="32.0156657137" lon="120.898187952">
        <ele>10.8</ele>
        <time>2026-09-04T13:59:00+0800</time>
        <extensions>
          <gpxtpx:TrackPointExtension>
            <gpxtpx:hr>152</gpxtpx:hr>
            <gpxtpx:cad>89</gpxtpx:cad>
          </gpxtpx:TrackPointExtension>
        </extensions>
      </trkpt>
      <trkpt lat="32.015635455" lon="120.898175715">
        <ele>10.8</ele>
        <time>2026-09-04T13:59:01+0800</time>
        <extensions>
          <gpxtpx:TrackPointExtension>
            <gpxtpx:hr>152</gpxtpx:hr>
            <gpxtpx:cad>89</gpxtpx:cad>
          </gpxtpx:TrackPointExtension>
        </extensions>
      </trkpt>
      <trkpt lat="32.0156070404" lon="120.898163645">
        <ele>10.8</ele>
        <time>2026-09-04T13:59:02+0800</time>
        <extensions>
          <gpxtpx:TrackPointExtension>
            <gpxtpx:hr>151</gpxtpx:hr>
            <gpxtpx:cad>89</gpxtpx:cad>
          </gpxtpx:TrackPointExtension>
        </extensions>
      </trkpt>
      <trkpt lat="32.0155795477" lon="120.898156939">
        <ele>10.6</ele>
        <time>2026-09-04T13:59:03+0800</time>
        <extensions>
          <gpxtpx:TrackPointExtension>
            <gpxtpx:hr>151</gpxtpx:hr>
            <gpxtpx:cad>89</gpxtpx:cad>
          </gpxtpx:TrackPointExtension>
        </extensions>
      </trkpt>
      <trkpt lat="32.0155487023" lon="120.898138667">
        <ele>10.6</ele>
        <time>2026-09-04T13:59:04+0800</time>
        <extensions>
          <gpxtpx:TrackPointExtension>
            <gpxtpx:hr>151</gpxtpx:hr>
            <gpxtpx:cad>89</gpxtpx:cad>
          </gpxtpx:TrackPointExtension>
        </extensions>
      </trkpt>
      <trkpt lat="32.015525233" lon="120.898133805">
        <ele>10.6</ele>
        <time>2026-09-04T13:59:05+0800</time>
        <extensions>
          <gpxtpx:TrackPointExtension>
            <gpxtpx:hr>151</gpxtpx:hr>
            <gpxtpx:cad>89</gpxtpx:cad>
          </gpxtpx:TrackPointExtension>
        </extensions>
      </trkpt>
      <trkpt lat="32.0154886041" lon="120.898124082">
        <ele>10.6</ele>
        <time>2026-09-04T13:59:06+0800</time>
        <extensions>
          <gpxtpx:TrackPointExtension>
            <gpxtpx:hr>152</gpxtpx:hr>
            <gpxtpx:cad>89</gpxtpx:cad>
          </gpxtpx:TrackPointExtension>
        </extensions>
      </trkpt>
      <trkpt lat="32.0154629555" lon="120.898113269">
        <ele>10.6</ele>
        <time>2026-09-04T13:59:07+0800</time>
        <extensions>
          <gpxtpx:TrackPointExtension>
            <gpxtpx:hr>151</gpxtpx:hr>
            <gpxtpx:cad>89</gpxtpx:cad>
          </gpxtpx:TrackPointExtension>
        </extensions>
      </trkpt>
      <trkpt lat="32.0154285058" lon="120.898100026">
        <ele>10.6</ele>
        <time>2026-09-04T13:59:08+0800</time>
        <extensions>
          <gpxtpx:TrackPointExtension>
            <gpxtpx:hr>151</gpxtpx:hr>
            <gpxtpx:cad>88</gpxtpx:cad>
          </gpxtpx:TrackPointExtension>
        </extensions>
      </trkpt>
      <trkpt lat="32.0154058747" lon="120.898096841">
        <ele>10.8</ele>
        <time>2026-09-04T13:59:09+0800</time>
        <extensions>
          <gpxtpx:TrackPointExtension>
            <gpxtpx:hr>152</gpxtpx:hr>
            <gpxtpx:cad>88</gpxtpx:cad>
          </gpxtpx:TrackPointExtension>
        </extensions>
      </trkpt>
      <trkpt lat="32.0153739396" lon="120.898084268">
        <ele>10.8</ele>
        <time>2026-09-04T13:59:10+0800</time>
        <extensions>
          <gpxtpx:TrackPointExtension>
            <gpxtpx:hr>151</gpxtpx:hr>
            <gpxtpx:cad>88</gpxtpx:cad>
          </gpxtpx:TrackPointExtension>
        </extensions>
      </trkpt>
      <trkpt lat="32.0153529011" lon="120.898072366">
        <ele>10.8</ele>
        <time>2026-09-04T13:59:11+0800</time>
        <extensions>
          <gpxtpx:TrackPointExtension>
            <gpxtpx:hr>151</gpxtpx:hr>
            <gpxtpx:cad>88</gpxtpx:cad>
          </gpxtpx:TrackPointExtension>
        </extensions>
      </trkpt>
      <trkpt lat="32.0153238159" lon="120.898061218">
        <ele>10.8</ele>
        <time>2026-09-04T13:59:12+0800</time>
        <extensions>
          <gpxtpx:TrackPointExtension>
            <gpxtpx:hr>152</gpxtpx:hr>
            <gpxtpx:cad>88</gpxtpx:cad>
          </gpxtpx:TrackPointExtension>
        </extensions>
      </trkpt>
      <trkpt lat="32.0153002627" lon="120.898051076">
        <ele>10.8</ele>
        <time>2026-09-04T13:59:13+0800</time>
        <extensions>
          <gpxtpx:TrackPointExtension>
            <gpxtpx:hr>151</gpxtpx:hr>
            <gpxtpx:cad>88</gpxtpx:cad>
          </gpxtpx:TrackPointExtension>
        </extensions>
      </trkpt>
      <trkpt lat="32.0152661484" lon="120.898039425">
        <ele>10.8</ele>
        <time>2026-09-04T13:59:14+0800</time>
        <extensions>
          <gpxtpx:TrackPointExtension>
            <gpxtpx:hr>151</gpxtpx:hr>
            <gpxtpx:cad>88</gpxtpx:cad>
          </gpxtpx:TrackPointExtension>
        </extensions>
      </trkpt>
      <trkpt lat="32.0152458642" lon="120.898031462">
        <ele>10.8</ele>
        <time>2026-09-04T13:59:15+0800</time>
        <extensions>
          <gpxtpx:TrackPointExtension>
            <gpxtpx:hr>152</gpxtpx:hr>
            <gpxtpx:cad>88</gpxtpx:cad>
          </gpxtpx:TrackPointExtension>
        </extensions>
      </trkpt>
      <trkpt lat="32.0152134262" lon="120.898021823">
        <ele>10.6</ele>
        <time>2026-09-04T13:59:16+0800</time>
        <extensions>
          <gpxtpx:TrackPointExtension>
            <gpxtpx:hr>152</gpxtpx:hr>
            <gpxtpx:cad>88</gpxtpx:cad>
          </gpxtpx:TrackPointExtension>
        </extensions>
      </trkpt>
      <trkpt lat="32.0151890349" lon="120.898009166">
        <ele>10.6</ele>
        <time>2026-09-04T13:59:17+0800</time>
        <extensions>
          <gpxtpx:TrackPointExtension>
            <gpxtpx:hr>152</gpxtpx:hr>
            <gpxtpx:cad>88</gpxtpx:cad>
          </gpxtpx:TrackPointExtension>
        </extensions>
      </trkpt>
      <trkpt lat="32.0151563454" lon="120.897999611">
        <ele>10.6</ele>
        <time>2026-09-04T13:59:18+0800</time>
        <extensions>
          <gpxtpx:TrackPointExtension>
            <gpxtpx:hr>151</gpxtpx:hr>
            <gpxtpx:cad>89</gpxtpx:cad>
          </gpxtpx:TrackPointExtension>
        </extensions>
      </trkpt>
      <trkpt lat="32.0151327085" lon="120.89798796">
        <ele>10.6</ele>
        <time>2026-09-04T13:59:19+0800</time>
        <extensions>
          <gpxtpx:TrackPointExtension>
            <gpxtpx:hr>152</gpxtpx:hr>
            <gpxtpx:cad>89</gpxtpx:cad>
          </gpxtpx:TrackPointExtension>
        </extensions>
      </trkpt>
      <trkpt lat="32.0150991809" lon="120.89798159">
        <ele>10.6</ele>
        <time>2026-09-04T13:59:20+0800</time>
        <extensions>
          <gpxtpx:TrackPointExtension>
            <gpxtpx:hr>152</gpxtpx:hr>
            <gpxtpx:cad>89</gpxtpx:cad>
          </gpxtpx:TrackPointExtension>
        </extensions>
      </trkpt>
      <trkpt lat="32.0150695927" lon="120.897972034">
        <ele>10.8</ele>
        <time>2026-09-04T13:59:21+0800</time>
        <extensions>
          <gpxtpx:TrackPointExtension>
            <gpxtpx:hr>151</gpxtpx:hr>
            <gpxtpx:cad>89</gpxtpx:cad>
          </gpxtpx:TrackPointExtension>
        </extensions>
      </trkpt>
      <trkpt lat="32.0150403399" lon="120.897964407">
        <ele>10.8</ele>
        <time>2026-09-04T13:59:22+0800</time>
        <extensions>
          <gpxtpx:TrackPointExtension>
            <gpxtpx:hr>151</gpxtpx:hr>
            <gpxtpx:cad>89</gpxtpx:cad>
          </gpxtpx:TrackPointExtension>
        </extensions>
      </trkpt>
      <trkpt lat="32.0150147751" lon="120.897952253">
        <ele>10.8</ele>
        <time>2026-09-04T13:59:23+0800</time>
        <extensions>
          <gpxtpx:TrackPointExtension>
            <gpxtpx:hr>150</gpxtpx:hr>
            <gpxtpx:cad>89</gpxtpx:cad>
          </gpxtpx:TrackPointExtension>
        </extensions>
      </trkpt>
      <trkpt lat="32.0149892103" lon="120.897943284">
        <ele>10.8</ele>
        <time>2026-09-04T13:59:24+0800</time>
        <extensions>
          <gpxtpx:TrackPointExtension>
            <gpxtpx:hr>150</gpxtpx:hr>
            <gpxtpx:cad>89</gpxtpx:cad>
          </gpxtpx:TrackPointExtension>
        </extensions>
      </trkpt>
      <trkpt lat="32.0149587002" lon="120.897932891">
        <ele>10.8</ele>
        <time>2026-09-04T13:59:25+0800</time>
        <extensions>
          <gpxtpx:TrackPointExtension>
            <gpxtpx:hr>149</gpxtpx:hr>
            <gpxtpx:cad>89</gpxtpx:cad>
          </gpxtpx:TrackPointExtension>
        </extensions>
      </trkpt>
      <trkpt lat="32.014932381" lon="120.897928532">
        <ele>10.8</ele>
        <time>2026-09-04T13:59:26+0800</time>
        <extensions>
          <gpxtpx:TrackPointExtension>
            <gpxtpx:hr>149</gpxtpx:hr>
            <gpxtpx:cad>89</gpxtpx:cad>
          </gpxtpx:TrackPointExtension>
        </extensions>
      </trkpt>
      <trkpt lat="32.0148997754" lon="120.897918558">
        <ele>10.8</ele>
        <time>2026-09-04T13:59:27+0800</time>
        <extensions>
          <gpxtpx:TrackPointExtension>
            <gpxtpx:hr>149</gpxtpx:hr>
            <gpxtpx:cad>89</gpxtpx:cad>
          </gpxtpx:TrackPointExtension>
        </extensions>
      </trkpt>
      <trkpt lat="32.0148755517" lon="120.897915121">
        <ele>10.8</ele>
        <time>2026-09-04T13:59:28+0800</time>
        <extensions>
          <gpxtpx:TrackPointExtension>
            <gpxtpx:hr>149</gpxtpx:hr>
            <gpxtpx:cad>88</gpxtpx:cad>
          </gpxtpx:TrackPointExtension>
        </extensions>
      </trkpt>
      <trkpt lat="32.0148450416" lon="120.897904895">
        <ele>10.8</ele>
        <time>2026-09-04T13:59:29+0800</time>
        <extensions>
          <gpxtpx:TrackPointExtension>
            <gpxtpx:hr>148</gpxtpx:hr>
            <gpxtpx:cad>88</gpxtpx:cad>
          </gpxtpx:TrackPointExtension>
        </extensions>
      </trkpt>
      <trkpt lat="32.0148245059" lon="120.897898106">
        <ele>10.8</ele>
        <time>2026-09-04T13:59:30+0800</time>
        <extensions>
          <gpxtpx:TrackPointExtension>
            <gpxtpx:hr>149</gpxtpx:hr>
            <gpxtpx:cad>88</gpxtpx:cad>
          </gpxtpx:TrackPointExtension>
        </extensions>
      </trkpt>
      <trkpt lat="32.0147949178" lon="120.897886036">
        <ele>10.8</ele>
        <time>2026-09-04T13:59:31+0800</time>
        <extensions>
          <gpxtpx:TrackPointExtension>
            <gpxtpx:hr>148</gpxtpx:hr>
            <gpxtpx:cad>88</gpxtpx:cad>
          </gpxtpx:TrackPointExtension>
        </extensions>
      </trkpt>
      <trkpt lat="32.0147634856" lon="120.897877906">
        <ele>10.8</ele>
        <time>2026-09-04T13:59:32+0800</time>
        <extensions>
          <gpxtpx:TrackPointExtension>
            <gpxtpx:hr>148</gpxtpx:hr>
            <gpxtpx:cad>88</gpxtpx:cad>
          </gpxtpx:TrackPointExtension>
        </extensions>
      </trkpt>
      <trkpt lat="32.0147326402" lon="120.89787581">
        <ele>11.0</ele>
        <time>2026-09-04T13:59:33+0800</time>
        <extensions>
          <gpxtpx:TrackPointExtension>
            <gpxtpx:hr>148</gpxtpx:hr>
            <gpxtpx:cad>88</gpxtpx:cad>
          </gpxtpx:TrackPointExtension>
        </extensions>
      </trkpt>
      <trkpt lat="32.014704477" lon="120.897866422">
        <ele>11.0</ele>
        <time>2026-09-04T13:59:34+0800</time>
        <extensions>
          <gpxtpx:TrackPointExtension>
            <gpxtpx:hr>149</gpxtpx:hr>
            <gpxtpx:cad>88</gpxtpx:cad>
          </gpxtpx:TrackPointExtension>
        </extensions>
      </trkpt>
      <trkpt lat="32.0146689378" lon="120.897859214">
        <ele>11.0</ele>
        <time>2026-09-04T13:59:35+0800</time>
        <extensions>
          <gpxtpx:TrackPointExtension>
            <gpxtpx:hr>148</gpxtpx:hr>
            <gpxtpx:cad>89</gpxtpx:cad>
          </gpxtpx:TrackPointExtension>
        </extensions>
      </trkpt>
      <trkpt lat="32.0146429539" lon="120.897847982">
        <ele>11.0</ele>
        <time>2026-09-04T13:59:36+0800</time>
        <extensions>
          <gpxtpx:TrackPointExtension>
            <gpxtpx:hr>149</gpxtpx:hr>
            <gpxtpx:cad>89</gpxtpx:cad>
          </gpxtpx:TrackPointExtension>
        </extensions>
      </trkpt>
      <trkpt lat="32.014610935" lon="120.897833062">
        <ele>11.0</ele>
        <time>2026-09-04T13:59:37+0800</time>
        <extensions>
          <gpxtpx:TrackPointExtension>
            <gpxtpx:hr>149</gpxtpx:hr>
            <gpxtpx:cad>88</gpxtpx:cad>
          </gpxtpx:TrackPointExtension>
        </extensions>
      </trkpt>
      <trkpt lat="32.014584532" lon="120.897814203">
        <ele>11.0</ele>
        <time>2026-09-04T13:59:38+0800</time>
        <extensions>
          <gpxtpx:TrackPointExtension>
            <gpxtpx:hr>149</gpxtpx:hr>
            <gpxtpx:cad>88</gpxtpx:cad>
          </gpxtpx:TrackPointExtension>
        </extensions>
      </trkpt>
      <trkpt lat="32.0145532675" lon="120.897795008">
        <ele>11.0</ele>
        <time>2026-09-04T13:59:39+0800</time>
        <extensions>
          <gpxtpx:TrackPointExtension>
            <gpxtpx:hr>149</gpxtpx:hr>
            <gpxtpx:cad>88</gpxtpx:cad>
          </gpxtpx:TrackPointExtension>
        </extensions>
      </trkpt>
      <trkpt lat="32.0145264454" lon="120.897777071">
        <ele>11.0</ele>
        <time>2026-09-04T13:59:40+0800</time>
        <extensions>
          <gpxtpx:TrackPointExtension>
            <gpxtpx:hr>149</gpxtpx:hr>
            <gpxtpx:cad>89</gpxtpx:cad>
          </gpxtpx:TrackPointExtension>
        </extensions>
      </trkpt>
      <trkpt lat="32.0145003777" lon="120.8977562">
        <ele>11.0</ele>
        <time>2026-09-04T13:59:41+0800</time>
        <extensions>
          <gpxtpx:TrackPointExtension>
            <gpxtpx:hr>150</gpxtpx:hr>
            <gpxtpx:cad>89</gpxtpx:cad>
          </gpxtpx:TrackPointExtension>
        </extensions>
      </trkpt>
      <trkpt lat="32.014481267" lon="120.897726193">
        <ele>11.0</ele>
        <time>2026-09-04T13:59:42+0800</time>
        <extensions>
          <gpxtpx:TrackPointExtension>
            <gpxtpx:hr>150</gpxtpx:hr>
            <gpxtpx:cad>89</gpxtpx:cad>
          </gpxtpx:TrackPointExtension>
        </extensions>
      </trkpt>
      <trkpt lat="32.0144634973" lon="120.897694593">
        <ele>11.0</ele>
        <time>2026-09-04T13:59:43+0800</time>
        <extensions>
          <gpxtpx:TrackPointExtension>
            <gpxtpx:hr>150</gpxtpx:hr>
            <gpxtpx:cad>89</gpxtpx:cad>
          </gpxtpx:TrackPointExtension>
        </extensions>
      </trkpt>
      <trkpt lat="32.0144541096" lon="120.89765545">
        <ele>11.0</ele>
        <time>2026-09-04T13:59:44+0800</time>
        <extensions>
          <gpxtpx:TrackPointExtension>
            <gpxtpx:hr>150</gpxtpx:hr>
            <gpxtpx:cad>89</gpxtpx:cad>
          </gpxtpx:TrackPointExtension>
        </extensions>
      </trkpt>
      <trkpt lat="32.0144406147" lon="120.897623263">
        <ele>11.2</ele>
        <time>2026-09-04T13:59:45+0800</time>
        <extensions>
          <gpxtpx:TrackPointExtension>
            <gpxtpx:hr>150</gpxtpx:hr>
            <gpxtpx:cad>89</gpxtpx:cad>
          </gpxtpx:TrackPointExtension>
        </extensions>
      </trkpt>
      <trkpt lat="32.0144313946" lon="120.89758588">
        <ele>11.0</ele>
        <time>2026-09-04T13:59:46+0800</time>
        <extensions>
          <gpxtpx:TrackPointExtension>
            <gpxtpx:hr>151</gpxtpx:hr>
            <gpxtpx:cad>89</gpxtpx:cad>
          </gpxtpx:TrackPointExtension>
        </extensions>
      </trkpt>
      <trkpt lat="32.0144152176" lon="120.89755361">
        <ele>11.0</ele>
        <time>2026-09-04T13:59:47+0800</time>
        <extensions>
          <gpxtpx:TrackPointExtension>
            <gpxtpx:hr>151</gpxtpx:hr>
            <gpxtpx:cad>89</gpxtpx:cad>
          </gpxtpx:TrackPointExtension>
        </extensions>
      </trkpt>
      <trkpt lat="32.0144031476" lon="120.897519495">
        <ele>11.0</ele>
        <time>2026-09-04T13:59:48+0800</time>
        <extensions>
          <gpxtpx:TrackPointExtension>
            <gpxtpx:hr>151</gpxtpx:hr>
            <gpxtpx:cad>89</gpxtpx:cad>
          </gpxtpx:TrackPointExtension>
        </extensions>
      </trkpt>
      <trkpt lat="32.0143882278" lon="120.897493679">
        <ele>11.0</ele>
        <time>2026-09-04T13:59:49+0800</time>
        <extensions>
          <gpxtpx:TrackPointExtension>
            <gpxtpx:hr>151</gpxtpx:hr>
            <gpxtpx:cad>89</gpxtpx:cad>
          </gpxtpx:TrackPointExtension>
        </extensions>
      </trkpt>
      <trkpt lat="32.0143783372" lon="120.897456547">
        <ele>11.0</ele>
        <time>2026-09-04T13:59:50+0800</time>
        <extensions>
          <gpxtpx:TrackPointExtension>
            <gpxtpx:hr>150</gpxtpx:hr>
            <gpxtpx:cad>89</gpxtpx:cad>
          </gpxtpx:TrackPointExtension>
        </extensions>
      </trkpt>
      <trkpt lat="32.0143623278" lon="120.897431234">
        <ele>11.0</ele>
        <time>2026-09-04T13:59:51+0800</time>
        <extensions>
          <gpxtpx:TrackPointExtension>
            <gpxtpx:hr>151</gpxtpx:hr>
            <gpxtpx:cad>89</gpxtpx:cad>
          </gpxtpx:TrackPointExtension>
        </extensions>
      </trkpt>
      <trkpt lat="32.0143559575" lon="120.897394354">
        <ele>11.0</ele>
        <time>2026-09-04T13:59:52+0800</time>
        <extensions>
          <gpxtpx:TrackPointExtension>
            <gpxtpx:hr>150</gpxtpx:hr>
            <gpxtpx:cad>89</gpxtpx:cad>
          </gpxtpx:TrackPointExtension>
        </extensions>
      </trkpt>
      <trkpt lat="32.0143437199" lon="120.897363257">
        <ele>10.8</ele>
        <time>2026-09-04T13:59:53+0800</time>
        <extensions>
          <gpxtpx:TrackPointExtension>
            <gpxtpx:hr>150</gpxtpx:hr>
            <gpxtpx:cad>89</gpxtpx:cad>
          </gpxtpx:TrackPointExtension>
        </extensions>
      </trkpt>
      <trkpt lat="32.0143355895" lon="120.897328891">
        <ele>10.8</ele>
        <time>2026-09-04T13:59:54+0800</time>
        <extensions>
          <gpxtpx:TrackPointExtension>
            <gpxtpx:hr>150</gpxtpx:hr>
            <gpxtpx:cad>90</gpxtpx:cad>
          </gpxtpx:TrackPointExtension>
        </extensions>
      </trkpt>
      <trkpt lat="32.0143231004" lon="120.897302236">
        <ele>10.8</ele>
        <time>2026-09-04T13:59:55+0800</time>
        <extensions>
          <gpxtpx:TrackPointExtension>
            <gpxtpx:hr>150</gpxtpx:hr>
            <gpxtpx:cad>90</gpxtpx:cad>
          </gpxtpx:TrackPointExtension>
        </extensions>
      </trkpt>
      <trkpt lat="32.0143164787" lon="120.897265356">
        <ele>10.8</ele>
        <time>2026-09-04T13:59:56+0800</time>
        <extensions>
          <gpxtpx:TrackPointExtension>
            <gpxtpx:hr>150</gpxtpx:hr>
            <gpxtpx:cad>89</gpxtpx:cad>
          </gpxtpx:TrackPointExtension>
        </extensions>
      </trkpt>
      <trkpt lat="32.0143013075" lon="120.897236103">
        <ele>10.8</ele>
        <time>2026-09-04T13:59:57+0800</time>
        <extensions>
          <gpxtpx:TrackPointExtension>
            <gpxtpx:hr>150</gpxtpx:hr>
            <gpxtpx:cad>89</gpxtpx:cad>
          </gpxtpx:TrackPointExtension>
        </extensions>
      </trkpt>
      <trkpt lat="32.0142966975" lon="120.897198217">
        <ele>10.8</ele>
        <time>2026-09-04T13:59:58+0800</time>
        <extensions>
          <gpxtpx:TrackPointExtension>
            <gpxtpx:hr>150</gpxtpx:hr>
            <gpxtpx:cad>90</gpxtpx:cad>
          </gpxtpx:TrackPointExtension>
        </extensions>
      </trkpt>
      <trkpt lat="32.0142794307" lon="120.89716888">
        <ele>10.8</ele>
        <time>2026-09-04T13:59:59+0800</time>
        <extensions>
          <gpxtpx:TrackPointExtension>
            <gpxtpx:hr>150</gpxtpx:hr>
            <gpxtpx:cad>90</gpxtpx:cad>
          </gpxtpx:TrackPointExtension>
        </extensions>
      </trkpt>
      <trkpt lat="32.0142711326" lon="120.897134347">
        <ele>10.6</ele>
        <time>2026-09-04T14:00:00+0800</time>
        <extensions>
          <gpxtpx:TrackPointExtension>
            <gpxtpx:hr>150</gpxtpx:hr>
            <gpxtpx:cad>89</gpxtpx:cad>
          </gpxtpx:TrackPointExtension>
        </extensions>
      </trkpt>
      <trkpt lat="32.0142534468" lon="120.897106351">
        <ele>10.6</ele>
        <time>2026-09-04T14:00:01+0800</time>
        <extensions>
          <gpxtpx:TrackPointExtension>
            <gpxtpx:hr>149</gpxtpx:hr>
            <gpxtpx:cad>89</gpxtpx:cad>
          </gpxtpx:TrackPointExtension>
        </extensions>
      </trkpt>
      <trkpt lat="32.0142414607" lon="120.897069052">
        <ele>10.6</ele>
        <time>2026-09-04T14:00:02+0800</time>
        <extensions>
          <gpxtpx:TrackPointExtension>
            <gpxtpx:hr>149</gpxtpx:hr>
            <gpxtpx:cad>89</gpxtpx:cad>
          </gpxtpx:TrackPointExtension>
        </extensions>
      </trkpt>
      <trkpt lat="32.0142301451" lon="120.897044325">
        <ele>10.6</ele>
        <time>2026-09-04T14:00:03+0800</time>
        <extensions>
          <gpxtpx:TrackPointExtension>
            <gpxtpx:hr>149</gpxtpx:hr>
            <gpxtpx:cad>89</gpxtpx:cad>
          </gpxtpx:TrackPointExtension>
        </extensions>
      </trkpt>
      <trkpt lat="32.014217237" lon="120.897008367">
        <ele>10.6</ele>
        <time>2026-09-04T14:00:04+0800</time>
        <extensions>
          <gpxtpx:TrackPointExtension>
            <gpxtpx:hr>149</gpxtpx:hr>
            <gpxtpx:cad>89</gpxtpx:cad>
          </gpxtpx:TrackPointExtension>
        </extensions>
      </trkpt>
      <trkpt lat="32.0142137166" lon="120.89697551">
        <ele>10.8</ele>
        <time>2026-09-04T14:00:05+0800</time>
        <extensions>
          <gpxtpx:TrackPointExtension>
            <gpxtpx:hr>148</gpxtpx:hr>
            <gpxtpx:cad>89</gpxtpx:cad>
          </gpxtpx:TrackPointExtension>
        </extensions>
      </trkpt>
      <trkpt lat="32.0142010599" lon="120.896947598">
        <ele>10.8</ele>
        <time>2026-09-04T14:00:06+0800</time>
        <extensions>
          <gpxtpx:TrackPointExtension>
            <gpxtpx:hr>148</gpxtpx:hr>
            <gpxtpx:cad>89</gpxtpx:cad>
          </gpxtpx:TrackPointExtension>
        </extensions>
      </trkpt>
      <trkpt lat="32.014190834" lon="120.89692262">
        <ele>10.6</ele>
        <time>2026-09-04T14:00:07+0800</time>
        <extensions>
          <gpxtpx:TrackPointExtension>
            <gpxtpx:hr>148</gpxtpx:hr>
            <gpxtpx:cad>89</gpxtpx:cad>
          </gpxtpx:TrackPointExtension>
        </extensions>
      </trkpt>
      <trkpt lat="32.0141785126" lon="120.896888757">
        <ele>10.6</ele>
        <time>2026-09-04T14:00:08+0800</time>
        <extensions>
          <gpxtpx:TrackPointExtension>
            <gpxtpx:hr>148</gpxtpx:hr>
            <gpxtpx:cad>89</gpxtpx:cad>
          </gpxtpx:TrackPointExtension>
        </extensions>
      </trkpt>
      <trkpt lat="32.0141697116" lon="120.896861432">
        <ele>10.6</ele>
        <time>2026-09-04T14:00:09+0800</time>
        <extensions>
          <gpxtpx:TrackPointExtension>
            <gpxtpx:hr>148</gpxtpx:hr>
            <gpxtpx:cad>89</gpxtpx:cad>
          </gpxtpx:TrackPointExtension>
        </extensions>
      </trkpt>
      <trkpt lat="32.0141577255" lon="120.896825055">
        <ele>10.6</ele>
        <time>2026-09-04T14:00:10+0800</time>
        <extensions>
          <gpxtpx:TrackPointExtension>
            <gpxtpx:hr>147</gpxtpx:hr>
            <gpxtpx:cad>89</gpxtpx:cad>
          </gpxtpx:TrackPointExtension>
        </extensions>
      </trkpt>
      <trkpt lat="32.0141455717" lon="120.896799238">
        <ele>10.6</ele>
        <time>2026-09-04T14:00:11+0800</time>
        <extensions>
          <gpxtpx:TrackPointExtension>
            <gpxtpx:hr>148</gpxtpx:hr>
            <gpxtpx:cad>89</gpxtpx:cad>
          </gpxtpx:TrackPointExtension>
        </extensions>
      </trkpt>
      <trkpt lat="32.0141281374" lon="120.896761771">
        <ele>10.6</ele>
        <time>2026-09-04T14:00:12+0800</time>
        <extensions>
          <gpxtpx:TrackPointExtension>
            <gpxtpx:hr>147</gpxtpx:hr>
            <gpxtpx:cad>89</gpxtpx:cad>
          </gpxtpx:TrackPointExtension>
        </extensions>
      </trkpt>
      <trkpt lat="32.0141170733" lon="120.896736709">
        <ele>10.6</ele>
        <time>2026-09-04T14:00:13+0800</time>
        <extensions>
          <gpxtpx:TrackPointExtension>
            <gpxtpx:hr>148</gpxtpx:hr>
            <gpxtpx:cad>89</gpxtpx:cad>
          </gpxtpx:TrackPointExtension>
        </extensions>
      </trkpt>
      <trkpt lat="32.014100058" lon="120.896702427">
        <ele>10.6</ele>
        <time>2026-09-04T14:00:14+0800</time>
        <extensions>
          <gpxtpx:TrackPointExtension>
            <gpxtpx:hr>148</gpxtpx:hr>
            <gpxtpx:cad>89</gpxtpx:cad>
          </gpxtpx:TrackPointExtension>
        </extensions>
      </trkpt>
      <trkpt lat="32.0140891615" lon="120.89667418">
        <ele>10.6</ele>
        <time>2026-09-04T14:00:15+0800</time>
        <extensions>
          <gpxtpx:TrackPointExtension>
            <gpxtpx:hr>148</gpxtpx:hr>
            <gpxtpx:cad>89</gpxtpx:cad>
          </gpxtpx:TrackPointExtension>
        </extensions>
      </trkpt>
      <trkpt lat="32.0140779298" lon="120.896643503">
        <ele>10.6</ele>
        <time>2026-09-04T14:00:16+0800</time>
        <extensions>
          <gpxtpx:TrackPointExtension>
            <gpxtpx:hr>148</gpxtpx:hr>
            <gpxtpx:cad>89</gpxtpx:cad>
          </gpxtpx:TrackPointExtension>
        </extensions>
      </trkpt>
      <trkpt lat="32.0140710566" lon="120.896608634">
        <ele>10.6</ele>
        <time>2026-09-04T14:00:17+0800</time>
        <extensions>
          <gpxtpx:TrackPointExtension>
            <gpxtpx:hr>148</gpxtpx:hr>
            <gpxtpx:cad>89</gpxtpx:cad>
          </gpxtpx:TrackPointExtension>
        </extensions>
      </trkpt>
      <trkpt lat="32.0140578132" lon="120.896576867">
        <ele>10.6</ele>
        <time>2026-09-04T14:00:18+0800</time>
        <extensions>
          <gpxtpx:TrackPointExtension>
            <gpxtpx:hr>148</gpxtpx:hr>
            <gpxtpx:cad>88</gpxtpx:cad>
          </gpxtpx:TrackPointExtension>
        </extensions>
      </trkpt>
      <trkpt lat="32.0140516106" lon="120.8965482">
        <ele>10.6</ele>
        <time>2026-09-04T14:00:19+0800</time>
        <extensions>
          <gpxtpx:TrackPointExtension>
            <gpxtpx:hr>149</gpxtpx:hr>
            <gpxtpx:cad>88</gpxtpx:cad>
          </gpxtpx:TrackPointExtension>
        </extensions>
      </trkpt>
      <trkpt lat="32.0140411332" lon="120.896520372">
        <ele>10.4</ele>
        <time>2026-09-04T14:00:20+0800</time>
        <extensions>
          <gpxtpx:TrackPointExtension>
            <gpxtpx:hr>148</gpxtpx:hr>
            <gpxtpx:cad>88</gpxtpx:cad>
          </gpxtpx:TrackPointExtension>
        </extensions>
      </trkpt>
      <trkpt lat="32.0140336733" lon="120.896484666">
        <ele>10.6</ele>
        <time>2026-09-04T14:00:21+0800</time>
        <extensions>
          <gpxtpx:TrackPointExtension>
            <gpxtpx:hr>148</gpxtpx:hr>
            <gpxtpx:cad>88</gpxtpx:cad>
          </gpxtpx:TrackPointExtension>
        </extensions>
      </trkpt>
      <trkpt lat="32.0140202623" lon="120.896454239">
        <ele>10.6</ele>
        <time>2026-09-04T14:00:22+0800</time>
        <extensions>
          <gpxtpx:TrackPointExtension>
            <gpxtpx:hr>148</gpxtpx:hr>
            <gpxtpx:cad>88</gpxtpx:cad>
          </gpxtpx:TrackPointExtension>
        </extensions>
      </trkpt>
      <trkpt lat="32.0140124671" lon="120.896413168">
        <ele>10.6</ele>
        <time>2026-09-04T14:00:23+0800</time>
        <extensions>
          <gpxtpx:TrackPointExtension>
            <gpxtpx:hr>149</gpxtpx:hr>
            <gpxtpx:cad>89</gpxtpx:cad>
          </gpxtpx:TrackPointExtension>
        </extensions>
      </trkpt>
      <trkpt lat="32.0139997266" lon="120.896382239">
        <ele>10.6</ele>
        <time>2026-09-04T14:00:24+0800</time>
        <extensions>
          <gpxtpx:TrackPointExtension>
            <gpxtpx:hr>148</gpxtpx:hr>
            <gpxtpx:cad>89</gpxtpx:cad>
          </gpxtpx:TrackPointExtension>
        </extensions>
      </trkpt>
      <trkpt lat="32.0139950328" lon="120.896345694">
        <ele>10.6</ele>
        <time>2026-09-04T14:00:25+0800</time>
        <extensions>
          <gpxtpx:TrackPointExtension>
            <gpxtpx:hr>148</gpxtpx:hr>
            <gpxtpx:cad>89</gpxtpx:cad>
          </gpxtpx:TrackPointExtension>
        </extensions>
      </trkpt>
      <trkpt lat="32.013984723" lon="120.896315938">
        <ele>10.6</ele>
        <time>2026-09-04T14:00:26+0800</time>
        <extensions>
          <gpxtpx:TrackPointExtension>
            <gpxtpx:hr>149</gpxtpx:hr>
            <gpxtpx:cad>88</gpxtpx:cad>
          </gpxtpx:TrackPointExtension>
        </extensions>
      </trkpt>
      <trkpt lat="32.0139756706" lon="120.896276794">
        <ele>10.6</ele>
        <time>2026-09-04T14:00:27+0800</time>
        <extensions>
          <gpxtpx:TrackPointExtension>
            <gpxtpx:hr>148</gpxtpx:hr>
            <gpxtpx:cad>89</gpxtpx:cad>
          </gpxtpx:TrackPointExtension>
        </extensions>
      </trkpt>
      <trkpt lat="32.013965277" lon="120.896246033">
        <ele>10.6</ele>
        <time>2026-09-04T14:00:28+0800</time>
        <extensions>
          <gpxtpx:TrackPointExtension>
            <gpxtpx:hr>148</gpxtpx:hr>
            <gpxtpx:cad>89</gpxtpx:cad>
          </gpxtpx:TrackPointExtension>
        </extensions>
      </trkpt>
      <trkpt lat="32.013956476" lon="120.896207895">
        <ele>10.6</ele>
        <time>2026-09-04T14:00:29+0800</time>
        <extensions>
          <gpxtpx:TrackPointExtension>
            <gpxtpx:hr>149</gpxtpx:hr>
            <gpxtpx:cad>88</gpxtpx:cad>
          </gpxtpx:TrackPointExtension>
        </extensions>
      </trkpt>
      <trkpt lat="32.0139447413" lon="120.896176966">
        <ele>10.8</ele>
        <time>2026-09-04T14:00:30+0800</time>
        <extensions>
          <gpxtpx:TrackPointExtension>
            <gpxtpx:hr>148</gpxtpx:hr>
            <gpxtpx:cad>88</gpxtpx:cad>
          </gpxtpx:TrackPointExtension>
        </extensions>
      </trkpt>
      <trkpt lat="32.0139347669" lon="120.896148132">
        <ele>10.8</ele>
        <time>2026-09-04T14:00:31+0800</time>
        <extensions>
          <gpxtpx:TrackPointExtension>
            <gpxtpx:hr>148</gpxtpx:hr>
            <gpxtpx:cad>88</gpxtpx:cad>
          </gpxtpx:TrackPointExtension>
        </extensions>
      </trkpt>
      <trkpt lat="32.0139215235" lon="120.896120556">
        <ele>10.8</ele>
        <time>2026-09-04T14:00:32+0800</time>
        <extensions>
          <gpxtpx:TrackPointExtension>
            <gpxtpx:hr>149</gpxtpx:hr>
            <gpxtpx:cad>88</gpxtpx:cad>
          </gpxtpx:TrackPointExtension>
        </extensions>
      </trkpt>
      <trkpt lat="32.0139107108" lon="120.896085016">
        <ele>10.8</ele>
        <time>2026-09-04T14:00:33+0800</time>
        <extensions>
          <gpxtpx:TrackPointExtension>
            <gpxtpx:hr>148</gpxtpx:hr>
            <gpxtpx:cad>89</gpxtpx:cad>
          </gpxtpx:TrackPointExtension>
        </extensions>
      </trkpt>
      <trkpt lat="32.0138953719" lon="120.896063978">
        <ele>10.8</ele>
        <time>2026-09-04T14:00:34+0800</time>
        <extensions>
          <gpxtpx:TrackPointExtension>
            <gpxtpx:hr>148</gpxtpx:hr>
            <gpxtpx:cad>89</gpxtpx:cad>
          </gpxtpx:TrackPointExtension>
        </extensions>
      </trkpt>
      <trkpt lat="32.0138839725" lon="120.896027349">
        <ele>10.6</ele>
        <time>2026-09-04T14:00:35+0800</time>
        <extensions>
          <gpxtpx:TrackPointExtension>
            <gpxtpx:hr>149</gpxtpx:hr>
            <gpxtpx:cad>89</gpxtpx:cad>
          </gpxtpx:TrackPointExtension>
        </extensions>
      </trkpt>
      <trkpt lat="32.0138680469" lon="120.896001365">
        <ele>10.6</ele>
        <time>2026-09-04T14:00:36+0800</time>
        <extensions>
          <gpxtpx:TrackPointExtension>
            <gpxtpx:hr>148</gpxtpx:hr>
            <gpxtpx:cad>88</gpxtpx:cad>
          </gpxtpx:TrackPointExtension>
        </extensions>
      </trkpt>
      <trkpt lat="32.0138555579" lon="120.895967586">
        <ele>10.6</ele>
        <time>2026-09-04T14:00:37+0800</time>
        <extensions>
          <gpxtpx:TrackPointExtension>
            <gpxtpx:hr>148</gpxtpx:hr>
            <gpxtpx:cad>89</gpxtpx:cad>
          </gpxtpx:TrackPointExtension>
        </extensions>
      </trkpt>
      <trkpt lat="32.0138458349" lon="120.895935819">
        <ele>10.6</ele>
        <time>2026-09-04T14:00:38+0800</time>
        <extensions>
          <gpxtpx:TrackPointExtension>
            <gpxtpx:hr>148</gpxtpx:hr>
            <gpxtpx:cad>89</gpxtpx:cad>
          </gpxtpx:TrackPointExtension>
        </extensions>
      </trkpt>
      <trkpt lat="32.0138425659" lon="120.895899525">
        <ele>10.6</ele>
        <time>2026-09-04T14:00:39+0800</time>
        <extensions>
          <gpxtpx:TrackPointExtension>
            <gpxtpx:hr>149</gpxtpx:hr>
            <gpxtpx:cad>88</gpxtpx:cad>
          </gpxtpx:TrackPointExtension>
        </extensions>
      </trkpt>
      <trkpt lat="32.0138376206" lon="120.895866668">
        <ele>10.6</ele>
        <time>2026-09-04T14:00:40+0800</time>
        <extensions>
          <gpxtpx:TrackPointExtension>
            <gpxtpx:hr>148</gpxtpx:hr>
            <gpxtpx:cad>89</gpxtpx:cad>
          </gpxtpx:TrackPointExtension>
        </extensions>
      </trkpt>
      <trkpt lat="32.0138274785" lon="120.895830458">
        <ele>10.6</ele>
        <time>2026-09-04T14:00:41+0800</time>
        <extensions>
          <gpxtpx:TrackPointExtension>
            <gpxtpx:hr>149</gpxtpx:hr>
            <gpxtpx:cad>89</gpxtpx:cad>
          </gpxtpx:TrackPointExtension>
        </extensions>
      </trkpt>
      <trkpt lat="32.0138199348" lon="120.895798691">
        <ele>10.6</ele>
        <time>2026-09-04T14:00:42+0800</time>
        <extensions>
          <gpxtpx:TrackPointExtension>
            <gpxtpx:hr>149</gpxtpx:hr>
            <gpxtpx:cad>89</gpxtpx:cad>
          </gpxtpx:TrackPointExtension>
        </extensions>
      </trkpt>
      <trkpt lat="32.0138105471" lon="120.895764828">
        <ele>10.8</ele>
        <time>2026-09-04T14:00:43+0800</time>
        <extensions>
          <gpxtpx:TrackPointExtension>
            <gpxtpx:hr>149</gpxtpx:hr>
            <gpxtpx:cad>89</gpxtpx:cad>
          </gpxtpx:TrackPointExtension>
        </extensions>
      </trkpt>
      <trkpt lat="32.0137975551" lon="120.895736413">
        <ele>10.8</ele>
        <time>2026-09-04T14:00:44+0800</time>
        <extensions>
          <gpxtpx:TrackPointExtension>
            <gpxtpx:hr>149</gpxtpx:hr>
            <gpxtpx:cad>89</gpxtpx:cad>
          </gpxtpx:TrackPointExtension>
        </extensions>
      </trkpt>
      <trkpt lat="32.0137859881" lon="120.895705651">
        <ele>10.8</ele>
        <time>2026-09-04T14:00:45+0800</time>
        <extensions>
          <gpxtpx:TrackPointExtension>
            <gpxtpx:hr>148</gpxtpx:hr>
            <gpxtpx:cad>89</gpxtpx:cad>
          </gpxtpx:TrackPointExtension>
        </extensions>
      </trkpt>
      <trkpt lat="32.0137756784" lon="120.895675812">
        <ele>10.8</ele>
        <time>2026-09-04T14:00:46+0800</time>
        <extensions>
          <gpxtpx:TrackPointExtension>
            <gpxtpx:hr>149</gpxtpx:hr>
            <gpxtpx:cad>89</gpxtpx:cad>
          </gpxtpx:TrackPointExtension>
        </extensions>
      </trkpt>
      <trkpt lat="32.0137623511" lon="120.89563977">
        <ele>10.8</ele>
        <time>2026-09-04T14:00:47+0800</time>
        <extensions>
          <gpxtpx:TrackPointExtension>
            <gpxtpx:hr>149</gpxtpx:hr>
            <gpxtpx:cad>89</gpxtpx:cad>
          </gpxtpx:TrackPointExtension>
        </extensions>
      </trkpt>
      <trkpt lat="32.0137534663" lon="120.895607416">
        <ele>10.6</ele>
        <time>2026-09-04T14:00:48+0800</time>
        <extensions>
          <gpxtpx:TrackPointExtension>
            <gpxtpx:hr>148</gpxtpx:hr>
            <gpxtpx:cad>89</gpxtpx:cad>
          </gpxtpx:TrackPointExtension>
        </extensions>
      </trkpt>
      <trkpt lat="32.0137418993" lon="120.895574559">
        <ele>10.6</ele>
        <time>2026-09-04T14:00:49+0800</time>
        <extensions>
          <gpxtpx:TrackPointExtension>
            <gpxtpx:hr>148</gpxtpx:hr>
            <gpxtpx:cad>89</gpxtpx:cad>
          </gpxtpx:TrackPointExtension>
        </extensions>
      </trkpt>
      <trkpt lat="32.013734607" lon="120.895541115">
        <ele>10.6</ele>
        <time>2026-09-04T14:00:50+0800</time>
        <extensions>
          <gpxtpx:TrackPointExtension>
            <gpxtpx:hr>148</gpxtpx:hr>
            <gpxtpx:cad>89</gpxtpx:cad>
          </gpxtpx:TrackPointExtension>
        </extensions>
      </trkpt>
      <trkpt lat="32.0137223694" lon="120.895508677">
        <ele>10.6</ele>
        <time>2026-09-04T14:00:51+0800</time>
        <extensions>
          <gpxtpx:TrackPointExtension>
            <gpxtpx:hr>148</gpxtpx:hr>
            <gpxtpx:cad>89</gpxtpx:cad>
          </gpxtpx:TrackPointExtension>
        </extensions>
      </trkpt>
      <trkpt lat="32.013716083" lon="120.895472132">
        <ele>10.6</ele>
        <time>2026-09-04T14:00:52+0800</time>
        <extensions>
          <gpxtpx:TrackPointExtension>
            <gpxtpx:hr>149</gpxtpx:hr>
            <gpxtpx:cad>89</gpxtpx:cad>
          </gpxtpx:TrackPointExtension>
        </extensions>
      </trkpt>
      <trkpt lat="32.0137066953" lon="120.895438353">
        <ele>10.8</ele>
        <time>2026-09-04T14:00:53+0800</time>
        <extensions>
          <gpxtpx:TrackPointExtension>
            <gpxtpx:hr>148</gpxtpx:hr>
            <gpxtpx:cad>89</gpxtpx:cad>
          </gpxtpx:TrackPointExtension>
        </extensions>
      </trkpt>
      <trkpt lat="32.013699403" lon="120.89539988">
        <ele>10.8</ele>
        <time>2026-09-04T14:00:54+0800</time>
        <extensions>
          <gpxtpx:TrackPointExtension>
            <gpxtpx:hr>148</gpxtpx:hr>
            <gpxtpx:cad>88</gpxtpx:cad>
          </gpxtpx:TrackPointExtension>
        </extensions>
      </trkpt>
      <trkpt lat="32.0136848185" lon="120.895365765">
        <ele>10.6</ele>
        <time>2026-09-04T14:00:55+0800</time>
        <extensions>
          <gpxtpx:TrackPointExtension>
            <gpxtpx:hr>147</gpxtpx:hr>
            <gpxtpx:cad>89</gpxtpx:cad>
          </gpxtpx:TrackPointExtension>
        </extensions>
      </trkpt>
      <trkpt lat="32.0136797894" lon="120.895326287">
        <ele>10.6</ele>
        <time>2026-09-04T14:00:56+0800</time>
        <extensions>
          <gpxtpx:TrackPointExtension>
            <gpxtpx:hr>147</gpxtpx:hr>
            <gpxtpx:cad>89</gpxtpx:cad>
          </gpxtpx:TrackPointExtension>
        </extensions>
      </trkpt>
      <trkpt lat="32.0136658754" lon="120.89529519">
        <ele>10.6</ele>
        <time>2026-09-04T14:00:57+0800</time>
        <extensions>
          <gpxtpx:TrackPointExtension>
            <gpxtpx:hr>147</gpxtpx:hr>
            <gpxtpx:cad>88</gpxtpx:cad>
          </gpxtpx:TrackPointExtension>
        </extensions>
      </trkpt>
      <trkpt lat="32.0136597566" lon="120.895256633">
        <ele>10.6</ele>
        <time>2026-09-04T14:00:58+0800</time>
        <extensions>
          <gpxtpx:TrackPointExtension>
            <gpxtpx:hr>147</gpxtpx:hr>
            <gpxtpx:cad>88</gpxtpx:cad>
          </gpxtpx:TrackPointExtension>
        </extensions>
      </trkpt>
      <trkpt lat="32.0136467647" lon="120.895228051">
        <ele>10.6</ele>
        <time>2026-09-04T14:00:59+0800</time>
        <extensions>
          <gpxtpx:TrackPointExtension>
            <gpxtpx:hr>147</gpxtpx:hr>
            <gpxtpx:cad>88</gpxtpx:cad>
          </gpxtpx:TrackPointExtension>
        </extensions>
      </trkpt>
      <trkpt lat="32.0136345271" lon="120.895191673">
        <ele>10.6</ele>
        <time>2026-09-04T14:01:00+0800</time>
        <extensions>
          <gpxtpx:TrackPointExtension>
            <gpxtpx:hr>147</gpxtpx:hr>
            <gpxtpx:cad>88</gpxtpx:cad>
          </gpxtpx:TrackPointExtension>
        </extensions>
      </trkpt>
      <trkpt lat="32.0136191044" lon="120.895165689">
        <ele>10.6</ele>
        <time>2026-09-04T14:01:01+0800</time>
        <extensions>
          <gpxtpx:TrackPointExtension>
            <gpxtpx:hr>147</gpxtpx:hr>
            <gpxtpx:cad>88</gpxtpx:cad>
          </gpxtpx:TrackPointExtension>
        </extensions>
      </trkpt>
      <trkpt lat="32.0136063639" lon="120.895121349">
        <ele>10.8</ele>
        <time>2026-09-04T14:01:02+0800</time>
        <extensions>
          <gpxtpx:TrackPointExtension>
            <gpxtpx:hr>146</gpxtpx:hr>
            <gpxtpx:cad>88</gpxtpx:cad>
          </gpxtpx:TrackPointExtension>
        </extensions>
      </trkpt>
      <trkpt lat="32.0135957189" lon="120.895088408">
        <ele>10.8</ele>
        <time>2026-09-04T14:01:03+0800</time>
        <extensions>
          <gpxtpx:TrackPointExtension>
            <gpxtpx:hr>146</gpxtpx:hr>
            <gpxtpx:cad>88</gpxtpx:cad>
          </gpxtpx:TrackPointExtension>
        </extensions>
      </trkpt>
      <trkpt lat="32.0136009995" lon="120.895046247">
        <ele>10.8</ele>
        <time>2026-09-04T14:01:04+0800</time>
        <extensions>
          <gpxtpx:TrackPointExtension>
            <gpxtpx:hr>146</gpxtpx:hr>
            <gpxtpx:cad>88</gpxtpx:cad>
          </gpxtpx:TrackPointExtension>
        </extensions>
      </trkpt>
      <trkpt lat="32.0136157516" lon="120.895016659">
        <ele>10.8</ele>
        <time>2026-09-04T14:01:05+0800</time>
        <extensions>
          <gpxtpx:TrackPointExtension>
            <gpxtpx:hr>146</gpxtpx:hr>
            <gpxtpx:cad>88</gpxtpx:cad>
          </gpxtpx:TrackPointExtension>
        </extensions>
      </trkpt>
      <trkpt lat="32.0136442501" lon="120.894985814">
        <ele>10.6</ele>
        <time>2026-09-04T14:01:06+0800</time>
        <extensions>
          <gpxtpx:TrackPointExtension>
            <gpxtpx:hr>145</gpxtpx:hr>
            <gpxtpx:cad>88</gpxtpx:cad>
          </gpxtpx:TrackPointExtension>
        </extensions>
      </trkpt>
      <trkpt lat="32.0136673842" lon="120.894982712">
        <ele>10.6</ele>
        <time>2026-09-04T14:01:07+0800</time>
        <extensions>
          <gpxtpx:TrackPointExtension>
            <gpxtpx:hr>146</gpxtpx:hr>
            <gpxtpx:cad>88</gpxtpx:cad>
          </gpxtpx:TrackPointExtension>
        </extensions>
      </trkpt>
      <trkpt lat="32.0136968046" lon="120.894983131">
        <ele>10.6</ele>
        <time>2026-09-04T14:01:08+0800</time>
        <extensions>
          <gpxtpx:TrackPointExtension>
            <gpxtpx:hr>146</gpxtpx:hr>
            <gpxtpx:cad>88</gpxtpx:cad>
          </gpxtpx:TrackPointExtension>
        </extensions>
      </trkpt>
      <trkpt lat="32.0137275662" lon="120.894992435">
        <ele>10.4</ele>
        <time>2026-09-04T14:01:09+0800</time>
        <extensions>
          <gpxtpx:TrackPointExtension>
            <gpxtpx:hr>145</gpxtpx:hr>
            <gpxtpx:cad>88</gpxtpx:cad>
          </gpxtpx:TrackPointExtension>
        </extensions>
      </trkpt>
      <trkpt lat="32.0137584955" lon="120.894997129">
        <ele>10.6</ele>
        <time>2026-09-04T14:01:10+0800</time>
        <extensions>
          <gpxtpx:TrackPointExtension>
            <gpxtpx:hr>146</gpxtpx:hr>
            <gpxtpx:cad>88</gpxtpx:cad>
          </gpxtpx:TrackPointExtension>
        </extensions>
      </trkpt>
      <trkpt lat="32.0137919392" lon="120.895005679">
        <ele>10.6</ele>
        <time>2026-09-04T14:01:11+0800</time>
        <extensions>
          <gpxtpx:TrackPointExtension>
            <gpxtpx:hr>146</gpxtpx:hr>
            <gpxtpx:cad>88</gpxtpx:cad>
          </gpxtpx:TrackPointExtension>
        </extensions>
      </trkpt>
      <trkpt lat="32.0138143189" lon="120.89500987">
        <ele>10.6</ele>
        <time>2026-09-04T14:01:12+0800</time>
        <extensions>
          <gpxtpx:TrackPointExtension>
            <gpxtpx:hr>145</gpxtpx:hr>
            <gpxtpx:cad>88</gpxtpx:cad>
          </gpxtpx:TrackPointExtension>
        </extensions>
      </trkpt>
      <trkpt lat="32.0138398837" lon="120.895014815">
        <ele>10.6</ele>
        <time>2026-09-04T14:01:13+0800</time>
        <extensions>
          <gpxtpx:TrackPointExtension>
            <gpxtpx:hr>146</gpxtpx:hr>
            <gpxtpx:cad>88</gpxtpx:cad>
          </gpxtpx:TrackPointExtension>
        </extensions>
      </trkpt>
      <trkpt lat="32.0138651971" lon="120.895020096">
        <ele>10.8</ele>
        <time>2026-09-04T14:01:14+0800</time>
        <extensions>
          <gpxtpx:TrackPointExtension>
            <gpxtpx:hr>146</gpxtpx:hr>
            <gpxtpx:cad>89</gpxtpx:cad>
          </gpxtpx:TrackPointExtension>
        </extensions>
      </trkpt>
      <trkpt lat="32.0138940308" lon="120.89502655">
        <ele>10.6</ele>
        <time>2026-09-04T14:01:15+0800</time>
        <extensions>
          <gpxtpx:TrackPointExtension>
            <gpxtpx:hr>146</gpxtpx:hr>
            <gpxtpx:cad>89</gpxtpx:cad>
          </gpxtpx:TrackPointExtension>
        </extensions>
      </trkpt>
      <trkpt lat="32.0139193442" lon="120.895027891">
        <ele>10.6</ele>
        <time>2026-09-04T14:01:16+0800</time>
        <extensions>
          <gpxtpx:TrackPointExtension>
            <gpxtpx:hr>147</gpxtpx:hr>
            <gpxtpx:cad>89</gpxtpx:cad>
          </gpxtpx:TrackPointExtension>
        </extensions>
      </trkpt>
      <trkpt lat="32.0139511954" lon="120.895049265">
        <ele>10.6</ele>
        <time>2026-09-04T14:01:17+0800</time>
        <extensions>
          <gpxtpx:TrackPointExtension>
            <gpxtpx:hr>147</gpxtpx:hr>
            <gpxtpx:cad>89</gpxtpx:cad>
          </gpxtpx:TrackPointExtension>
        </extensions>
      </trkpt>
      <trkpt lat="32.0139827952" lon="120.895059323">
        <ele>10.6</ele>
        <time>2026-09-04T14:01:18+0800</time>
        <extensions>
          <gpxtpx:TrackPointExtension>
            <gpxtpx:hr>147</gpxtpx:hr>
            <gpxtpx:cad>89</gpxtpx:cad>
          </gpxtpx:TrackPointExtension>
        </extensions>
      </trkpt>
      <trkpt lat="32.014019005" lon="120.895077847">
        <ele>10.6</ele>
        <time>2026-09-04T14:01:19+0800</time>
        <extensions>
          <gpxtpx:TrackPointExtension>
            <gpxtpx:hr>147</gpxtpx:hr>
            <gpxtpx:cad>89</gpxtpx:cad>
          </gpxtpx:TrackPointExtension>
        </extensions>
      </trkpt>
      <trkpt lat="32.0140478387" lon="120.89508011">
        <ele>10.6</ele>
        <time>2026-09-04T14:01:20+0800</time>
        <extensions>
          <gpxtpx:TrackPointExtension>
            <gpxtpx:hr>148</gpxtpx:hr>
            <gpxtpx:cad>89</gpxtpx:cad>
          </gpxtpx:TrackPointExtension>
        </extensions>
      </trkpt>
      <trkpt lat="32.0140794385" lon="120.895090168">
        <ele>10.6</ele>
        <time>2026-09-04T14:01:21+0800</time>
        <extensions>
          <gpxtpx:TrackPointExtension>
            <gpxtpx:hr>149</gpxtpx:hr>
            <gpxtpx:cad>89</gpxtpx:cad>
          </gpxtpx:TrackPointExtension>
        </extensions>
      </trkpt>
      <trkpt lat="32.0141048357" lon="120.895095533">
        <ele>10.4</ele>
        <time>2026-09-04T14:01:22+0800</time>
        <extensions>
          <gpxtpx:TrackPointExtension>
            <gpxtpx:hr>149</gpxtpx:hr>
            <gpxtpx:cad>89</gpxtpx:cad>
          </gpxtpx:TrackPointExtension>
        </extensions>
      </trkpt>
      <trkpt lat="32.0141379442" lon="120.895114308">
        <ele>10.4</ele>
        <time>2026-09-04T14:01:23+0800</time>
        <extensions>
          <gpxtpx:TrackPointExtension>
            <gpxtpx:hr>150</gpxtpx:hr>
            <gpxtpx:cad>89</gpxtpx:cad>
          </gpxtpx:TrackPointExtension>
        </extensions>
      </trkpt>
      <trkpt lat="32.014160743" lon="120.89511632">
        <ele>10.4</ele>
        <time>2026-09-04T14:01:24+0800</time>
        <extensions>
          <gpxtpx:TrackPointExtension>
            <gpxtpx:hr>150</gpxtpx:hr>
            <gpxtpx:cad>89</gpxtpx:cad>
          </gpxtpx:TrackPointExtension>
        </extensions>
      </trkpt>
      <trkpt lat="32.014199635" lon="120.895127971">
        <ele>10.6</ele>
        <time>2026-09-04T14:01:25+0800</time>
        <extensions>
          <gpxtpx:TrackPointExtension>
            <gpxtpx:hr>150</gpxtpx:hr>
            <gpxtpx:cad>89</gpxtpx:cad>
          </gpxtpx:TrackPointExtension>
        </extensions>
      </trkpt>
      <trkpt lat="32.0142264571" lon="120.89513367">
        <ele>10.6</ele>
        <time>2026-09-04T14:01:26+0800</time>
        <extensions>
          <gpxtpx:TrackPointExtension>
            <gpxtpx:hr>151</gpxtpx:hr>
            <gpxtpx:cad>89</gpxtpx:cad>
          </gpxtpx:TrackPointExtension>
        </extensions>
      </trkpt>
      <trkpt lat="32.0142581407" lon="120.895143645">
        <ele>10.6</ele>
        <time>2026-09-04T14:01:27+0800</time>
        <extensions>
          <gpxtpx:TrackPointExtension>
            <gpxtpx:hr>151</gpxtpx:hr>
            <gpxtpx:cad>89</gpxtpx:cad>
          </gpxtpx:TrackPointExtension>
        </extensions>
      </trkpt>
      <trkpt lat="32.0142802689" lon="120.895145573">
        <ele>10.6</ele>
        <time>2026-09-04T14:01:28+0800</time>
        <extensions>
          <gpxtpx:TrackPointExtension>
            <gpxtpx:hr>151</gpxtpx:hr>
            <gpxtpx:cad>89</gpxtpx:cad>
          </gpxtpx:TrackPointExtension>
        </extensions>
      </trkpt>
      <trkpt lat="32.0143184904" lon="120.895152194">
        <ele>10.6</ele>
        <time>2026-09-04T14:01:29+0800</time>
        <extensions>
          <gpxtpx:TrackPointExtension>
            <gpxtpx:hr>151</gpxtpx:hr>
            <gpxtpx:cad>89</gpxtpx:cad>
          </gpxtpx:TrackPointExtension>
        </extensions>
      </trkpt>
      <trkpt lat="32.0143440552" lon="120.895159319">
        <ele>10.4</ele>
        <time>2026-09-04T14:01:30+0800</time>
        <extensions>
          <gpxtpx:TrackPointExtension>
            <gpxtpx:hr>151</gpxtpx:hr>
            <gpxtpx:cad>89</gpxtpx:cad>
          </gpxtpx:TrackPointExtension>
        </extensions>
      </trkpt>
      <trkpt lat="32.0143769961" lon="120.895167952">
        <ele>10.4</ele>
        <time>2026-09-04T14:01:31+0800</time>
        <extensions>
          <gpxtpx:TrackPointExtension>
            <gpxtpx:hr>151</gpxtpx:hr>
            <gpxtpx:cad>89</gpxtpx:cad>
          </gpxtpx:TrackPointExtension>
        </extensions>
      </trkpt>
      <trkpt lat="32.0144056622" lon="120.89517667">
        <ele>10.4</ele>
        <time>2026-09-04T14:01:32+0800</time>
        <extensions>
          <gpxtpx:TrackPointExtension>
            <gpxtpx:hr>152</gpxtpx:hr>
            <gpxtpx:cad>89</gpxtpx:cad>
          </gpxtpx:TrackPointExtension>
        </extensions>
      </trkpt>
      <trkpt lat="32.0144386031" lon="120.895189326">
        <ele>10.4</ele>
        <time>2026-09-04T14:01:33+0800</time>
        <extensions>
          <gpxtpx:TrackPointExtension>
            <gpxtpx:hr>152</gpxtpx:hr>
            <gpxtpx:cad>89</gpxtpx:cad>
          </gpxtpx:TrackPointExtension>
        </extensions>
      </trkpt>
      <trkpt lat="32.0144598093" lon="120.895199887">
        <ele>10.4</ele>
        <time>2026-09-04T14:01:34+0800</time>
        <extensions>
          <gpxtpx:TrackPointExtension>
            <gpxtpx:hr>152</gpxtpx:hr>
            <gpxtpx:cad>89</gpxtpx:cad>
          </gpxtpx:TrackPointExtension>
        </extensions>
      </trkpt>
      <trkpt lat="32.0144957677" lon="120.895211203">
        <ele>10.4</ele>
        <time>2026-09-04T14:01:35+0800</time>
        <extensions>
          <gpxtpx:TrackPointExtension>
            <gpxtpx:hr>152</gpxtpx:hr>
            <gpxtpx:cad>89</gpxtpx:cad>
          </gpxtpx:TrackPointExtension>
        </extensions>
      </trkpt>
      <trkpt lat="32.0145189855" lon="120.895218495">
        <ele>10.4</ele>
        <time>2026-09-04T14:01:36+0800</time>
        <extensions>
          <gpxtpx:TrackPointExtension>
            <gpxtpx:hr>153</gpxtpx:hr>
            <gpxtpx:cad>88</gpxtpx:cad>
          </gpxtpx:TrackPointExtension>
        </extensions>
      </trkpt>
      <trkpt lat="32.0145477355" lon="120.895227129">
        <ele>10.4</ele>
        <time>2026-09-04T14:01:37+0800</time>
        <extensions>
          <gpxtpx:TrackPointExtension>
            <gpxtpx:hr>153</gpxtpx:hr>
            <gpxtpx:cad>88</gpxtpx:cad>
          </gpxtpx:TrackPointExtension>
        </extensions>
      </trkpt>
      <trkpt lat="32.0145714562" lon="120.895238779">
        <ele>10.4</ele>
        <time>2026-09-04T14:01:38+0800</time>
        <extensions>
          <gpxtpx:TrackPointExtension>
            <gpxtpx:hr>153</gpxtpx:hr>
            <gpxtpx:cad>88</gpxtpx:cad>
          </gpxtpx:TrackPointExtension>
        </extensions>
      </trkpt>
      <trkpt lat="32.0146009605" lon="120.895247916">
        <ele>10.6</ele>
        <time>2026-09-04T14:01:39+0800</time>
        <extensions>
          <gpxtpx:TrackPointExtension>
            <gpxtpx:hr>153</gpxtpx:hr>
            <gpxtpx:cad>88</gpxtpx:cad>
          </gpxtpx:TrackPointExtension>
        </extensions>
      </trkpt>
      <trkpt lat="32.0146270283" lon="120.895256968">
        <ele>10.6</ele>
        <time>2026-09-04T14:01:40+0800</time>
        <extensions>
          <gpxtpx:TrackPointExtension>
            <gpxtpx:hr>153</gpxtpx:hr>
            <gpxtpx:cad>88</gpxtpx:cad>
          </gpxtpx:TrackPointExtension>
        </extensions>
      </trkpt>
      <trkpt lat="32.014655862" lon="120.895259064">
        <ele>10.6</ele>
        <time>2026-09-04T14:01:41+0800</time>
        <extensions>
          <gpxtpx:TrackPointExtension>
            <gpxtpx:hr>153</gpxtpx:hr>
            <gpxtpx:cad>88</gpxtpx:cad>
          </gpxtpx:TrackPointExtension>
        </extensions>
      </trkpt>
      <trkpt lat="32.0146867074" lon="120.895268116">
        <ele>10.6</ele>
        <time>2026-09-04T14:01:42+0800</time>
        <extensions>
          <gpxtpx:TrackPointExtension>
            <gpxtpx:hr>153</gpxtpx:hr>
            <gpxtpx:cad>88</gpxtpx:cad>
          </gpxtpx:TrackPointExtension>
        </extensions>
      </trkpt>
      <trkpt lat="32.0147140324" lon="120.895271637">
        <ele>10.6</ele>
        <time>2026-09-04T14:01:43+0800</time>
        <extensions>
          <gpxtpx:TrackPointExtension>
            <gpxtpx:hr>154</gpxtpx:hr>
            <gpxtpx:cad>88</gpxtpx:cad>
          </gpxtpx:TrackPointExtension>
        </extensions>
      </trkpt>
      <trkpt lat="32.014749404" lon="120.895287814">
        <ele>10.6</ele>
        <time>2026-09-04T14:01:44+0800</time>
        <extensions>
          <gpxtpx:TrackPointExtension>
            <gpxtpx:hr>153</gpxtpx:hr>
            <gpxtpx:cad>88</gpxtpx:cad>
          </gpxtpx:TrackPointExtension>
        </extensions>
      </trkpt>
      <trkpt lat="32.0147751365" lon="120.895289071">
        <ele>10.6</ele>
        <time>2026-09-04T14:01:45+0800</time>
        <extensions>
          <gpxtpx:TrackPointExtension>
            <gpxtpx:hr>153</gpxtpx:hr>
            <gpxtpx:cad>88</gpxtpx:cad>
          </gpxtpx:TrackPointExtension>
        </extensions>
      </trkpt>
      <trkpt lat="32.0148106758" lon="120.895301225">
        <ele>10.6</ele>
        <time>2026-09-04T14:01:46+0800</time>
        <extensions>
          <gpxtpx:TrackPointExtension>
            <gpxtpx:hr>153</gpxtpx:hr>
            <gpxtpx:cad>88</gpxtpx:cad>
          </gpxtpx:TrackPointExtension>
        </extensions>
      </trkpt>
      <trkpt lat="32.0148347318" lon="120.895300973">
        <ele>10.6</ele>
        <time>2026-09-04T14:01:47+0800</time>
        <extensions>
          <gpxtpx:TrackPointExtension>
            <gpxtpx:hr>153</gpxtpx:hr>
            <gpxtpx:cad>88</gpxtpx:cad>
          </gpxtpx:TrackPointExtension>
        </extensions>
      </trkpt>
      <trkpt lat="32.0148733724" lon="120.895313798">
        <ele>10.6</ele>
        <time>2026-09-04T14:01:48+0800</time>
        <extensions>
          <gpxtpx:TrackPointExtension>
            <gpxtpx:hr>154</gpxtpx:hr>
            <gpxtpx:cad>87</gpxtpx:cad>
          </gpxtpx:TrackPointExtension>
        </extensions>
      </trkpt>
      <trkpt lat="32.0148970094" lon="120.895317402">
        <ele>10.6</ele>
        <time>2026-09-04T14:01:49+0800</time>
        <extensions>
          <gpxtpx:TrackPointExtension>
            <gpxtpx:hr>154</gpxtpx:hr>
            <gpxtpx:cad>88</gpxtpx:cad>
          </gpxtpx:TrackPointExtension>
        </extensions>
      </trkpt>
      <trkpt lat="32.0149352308" lon="120.895333411">
        <ele>10.6</ele>
        <time>2026-09-04T14:01:50+0800</time>
        <extensions>
          <gpxtpx:TrackPointExtension>
            <gpxtpx:hr>154</gpxtpx:hr>
            <gpxtpx:cad>88</gpxtpx:cad>
          </gpxtpx:TrackPointExtension>
        </extensions>
      </trkpt>
      <trkpt lat="32.0149612147" lon="120.89534305">
        <ele>10.6</ele>
        <time>2026-09-04T14:01:51+0800</time>
        <extensions>
          <gpxtpx:TrackPointExtension>
            <gpxtpx:hr>154</gpxtpx:hr>
            <gpxtpx:cad>88</gpxtpx:cad>
          </gpxtpx:TrackPointExtension>
        </extensions>
      </trkpt>
      <trkpt lat="32.0149993524" lon="120.895354869">
        <ele>10.8</ele>
        <time>2026-09-04T14:01:52+0800</time>
        <extensions>
          <gpxtpx:TrackPointExtension>
            <gpxtpx:hr>154</gpxtpx:hr>
            <gpxtpx:cad>88</gpxtpx:cad>
          </gpxtpx:TrackPointExtension>
        </extensions>
      </trkpt>
      <trkpt lat="32.0150263421" lon="120.895359144">
        <ele>10.8</ele>
        <time>2026-09-04T14:01:53+0800</time>
        <extensions>
          <gpxtpx:TrackPointExtension>
            <gpxtpx:hr>154</gpxtpx:hr>
            <gpxtpx:cad>88</gpxtpx:cad>
          </gpxtpx:TrackPointExtension>
        </extensions>
      </trkpt>
      <trkpt lat="32.0150573552" lon="120.895369956">
        <ele>10.8</ele>
        <time>2026-09-04T14:01:54+0800</time>
        <extensions>
          <gpxtpx:TrackPointExtension>
            <gpxtpx:hr>154</gpxtpx:hr>
            <gpxtpx:cad>88</gpxtpx:cad>
          </gpxtpx:TrackPointExtension>
        </extensions>
      </trkpt>
      <trkpt lat="32.01508292" lon="120.895380098">
        <ele>10.8</ele>
        <time>2026-09-04T14:01:55+0800</time>
        <extensions>
          <gpxtpx:TrackPointExtension>
            <gpxtpx:hr>155</gpxtpx:hr>
            <gpxtpx:cad>88</gpxtpx:cad>
          </gpxtpx:TrackPointExtension>
        </extensions>
      </trkpt>
      <trkpt lat="32.0151096582" lon="120.895391498">
        <ele>10.8</ele>
        <time>2026-09-04T14:01:56+0800</time>
        <extensions>
          <gpxtpx:TrackPointExtension>
            <gpxtpx:hr>154</gpxtpx:hr>
            <gpxtpx:cad>88</gpxtpx:cad>
          </gpxtpx:TrackPointExtension>
        </extensions>
      </trkpt>
      <trkpt lat="32.0151358098" lon="120.895401305">
        <ele>10.8</ele>
        <time>2026-09-04T14:01:57+0800</time>
        <extensions>
          <gpxtpx:TrackPointExtension>
            <gpxtpx:hr>154</gpxtpx:hr>
            <gpxtpx:cad>88</gpxtpx:cad>
          </gpxtpx:TrackPointExtension>
        </extensions>
      </trkpt>
      <trkpt lat="32.0151637215" lon="120.895407926">
        <ele>10.8</ele>
        <time>2026-09-04T14:01:58+0800</time>
        <extensions>
          <gpxtpx:TrackPointExtension>
            <gpxtpx:hr>155</gpxtpx:hr>
            <gpxtpx:cad>88</gpxtpx:cad>
          </gpxtpx:TrackPointExtension>
        </extensions>
      </trkpt>
      <trkpt lat="32.0151908789" lon="120.895417817">
        <ele>10.8</ele>
        <time>2026-09-04T14:01:59+0800</time>
        <extensions>
          <gpxtpx:TrackPointExtension>
            <gpxtpx:hr>154</gpxtpx:hr>
            <gpxtpx:cad>89</gpxtpx:cad>
          </gpxtpx:TrackPointExtension>
        </extensions>
      </trkpt>
      <trkpt lat="32.0152182877" lon="120.895418236">
        <ele>10.8</ele>
        <time>2026-09-04T14:02:00+0800</time>
        <extensions>
          <gpxtpx:TrackPointExtension>
            <gpxtpx:hr>154</gpxtpx:hr>
            <gpxtpx:cad>89</gpxtpx:cad>
          </gpxtpx:TrackPointExtension>
        </extensions>
      </trkpt>
      <trkpt lat="32.0152480435" lon="120.895425361">
        <ele>10.8</ele>
        <time>2026-09-04T14:02:01+0800</time>
        <extensions>
          <gpxtpx:TrackPointExtension>
            <gpxtpx:hr>155</gpxtpx:hr>
            <gpxtpx:cad>88</gpxtpx:cad>
          </gpxtpx:TrackPointExtension>
        </extensions>
      </trkpt>
      <trkpt lat="32.0152772125" lon="120.895425277">
        <ele>10.8</ele>
        <time>2026-09-04T14:02:02+0800</time>
        <extensions>
          <gpxtpx:TrackPointExtension>
            <gpxtpx:hr>155</gpxtpx:hr>
            <gpxtpx:cad>88</gpxtpx:cad>
          </gpxtpx:TrackPointExtension>
        </extensions>
      </trkpt>
      <trkpt lat="32.0153083932" lon="120.895437347">
        <ele>10.8</ele>
        <time>2026-09-04T14:02:03+0800</time>
        <extensions>
          <gpxtpx:TrackPointExtension>
            <gpxtpx:hr>155</gpxtpx:hr>
            <gpxtpx:cad>88</gpxtpx:cad>
          </gpxtpx:TrackPointExtension>
        </extensions>
      </trkpt>
      <trkpt lat="32.0153357182" lon="120.895438436">
        <ele>10.8</ele>
        <time>2026-09-04T14:02:04+0800</time>
        <extensions>
          <gpxtpx:TrackPointExtension>
            <gpxtpx:hr>154</gpxtpx:hr>
            <gpxtpx:cad>88</gpxtpx:cad>
          </gpxtpx:TrackPointExtension>
        </extensions>
      </trkpt>
      <trkpt lat="32.0153721794" lon="120.895454865">
        <ele>10.8</ele>
        <time>2026-09-04T14:02:05+0800</time>
        <extensions>
          <gpxtpx:TrackPointExtension>
            <gpxtpx:hr>155</gpxtpx:hr>
            <gpxtpx:cad>88</gpxtpx:cad>
          </gpxtpx:TrackPointExtension>
        </extensions>
      </trkpt>
      <trkpt lat="32.0153962355" lon="120.895454111">
        <ele>10.8</ele>
        <time>2026-09-04T14:02:06+0800</time>
        <extensions>
          <gpxtpx:TrackPointExtension>
            <gpxtpx:hr>155</gpxtpx:hr>
            <gpxtpx:cad>88</gpxtpx:cad>
          </gpxtpx:TrackPointExtension>
        </extensions>
      </trkpt>
      <trkpt lat="32.0154296793" lon="120.895471126">
        <ele>10.8</ele>
        <time>2026-09-04T14:02:07+0800</time>
        <extensions>
          <gpxtpx:TrackPointExtension>
            <gpxtpx:hr>154</gpxtpx:hr>
            <gpxtpx:cad>88</gpxtpx:cad>
          </gpxtpx:TrackPointExtension>
        </extensions>
      </trkpt>
      <trkpt lat="32.0154544059" lon="120.89547758">
        <ele>10.8</ele>
        <time>2026-09-04T14:02:08+0800</time>
        <extensions>
          <gpxtpx:TrackPointExtension>
            <gpxtpx:hr>155</gpxtpx:hr>
            <gpxtpx:cad>88</gpxtpx:cad>
          </gpxtpx:TrackPointExtension>
        </extensions>
      </trkpt>
      <trkpt lat="32.0154906996" lon="120.895487303">
        <ele>10.8</ele>
        <time>2026-09-04T14:02:09+0800</time>
        <extensions>
          <gpxtpx:TrackPointExtension>
            <gpxtpx:hr>155</gpxtpx:hr>
            <gpxtpx:cad>88</gpxtpx:cad>
          </gpxtpx:TrackPointExtension>
        </extensions>
      </trkpt>
      <trkpt lat="32.0155207906" lon="120.895492919">
        <ele>11.0</ele>
        <time>2026-09-04T14:02:10+0800</time>
        <extensions>
          <gpxtpx:TrackPointExtension>
            <gpxtpx:hr>155</gpxtpx:hr>
            <gpxtpx:cad>88</gpxtpx:cad>
          </gpxtpx:TrackPointExtension>
        </extensions>
      </trkpt>
      <trkpt lat="32.0155579224" lon="120.89550524">
        <ele>11.0</ele>
        <time>2026-09-04T14:02:11+0800</time>
        <extensions>
          <gpxtpx:TrackPointExtension>
            <gpxtpx:hr>155</gpxtpx:hr>
            <gpxtpx:cad>88</gpxtpx:cad>
          </gpxtpx:TrackPointExtension>
        </extensions>
      </trkpt>
      <trkpt lat="32.0155787095" lon="120.895511443">
        <ele>11.0</ele>
        <time>2026-09-04T14:02:12+0800</time>
        <extensions>
          <gpxtpx:TrackPointExtension>
            <gpxtpx:hr>156</gpxtpx:hr>
            <gpxtpx:cad>89</gpxtpx:cad>
          </gpxtpx:TrackPointExtension>
        </extensions>
      </trkpt>
      <trkpt lat="32.0156164281" lon="120.895522004">
        <ele>11.0</ele>
        <time>2026-09-04T14:02:13+0800</time>
        <extensions>
          <gpxtpx:TrackPointExtension>
            <gpxtpx:hr>155</gpxtpx:hr>
            <gpxtpx:cad>89</gpxtpx:cad>
          </gpxtpx:TrackPointExtension>
        </extensions>
      </trkpt>
      <trkpt lat="32.015643334" lon="120.89552586">
        <ele>11.0</ele>
        <time>2026-09-04T14:02:14+0800</time>
        <extensions>
          <gpxtpx:TrackPointExtension>
            <gpxtpx:hr>155</gpxtpx:hr>
            <gpxtpx:cad>89</gpxtpx:cad>
          </gpxtpx:TrackPointExtension>
        </extensions>
      </trkpt>
      <trkpt lat="32.0156798791" lon="120.89553223">
        <ele>10.8</ele>
        <time>2026-09-04T14:02:15+0800</time>
        <extensions>
          <gpxtpx:TrackPointExtension>
            <gpxtpx:hr>155</gpxtpx:hr>
            <gpxtpx:cad>89</gpxtpx:cad>
          </gpxtpx:TrackPointExtension>
        </extensions>
      </trkpt>
      <trkpt lat="32.0157090481" lon="120.895541199">
        <ele>10.8</ele>
        <time>2026-09-04T14:02:16+0800</time>
        <extensions>
          <gpxtpx:TrackPointExtension>
            <gpxtpx:hr>155</gpxtpx:hr>
            <gpxtpx:cad>89</gpxtpx:cad>
          </gpxtpx:TrackPointExtension>
        </extensions>
      </trkpt>
      <trkpt lat="32.0157377981" lon="120.89555">
        <ele>10.8</ele>
        <time>2026-09-04T14:02:17+0800</time>
        <extensions>
          <gpxtpx:TrackPointExtension>
            <gpxtpx:hr>155</gpxtpx:hr>
            <gpxtpx:cad>89</gpxtpx:cad>
          </gpxtpx:TrackPointExtension>
        </extensions>
      </trkpt>
      <trkpt lat="32.0157613512" lon="120.895559806">
        <ele>10.8</ele>
        <time>2026-09-04T14:02:18+0800</time>
        <extensions>
          <gpxtpx:TrackPointExtension>
            <gpxtpx:hr>155</gpxtpx:hr>
            <gpxtpx:cad>89</gpxtpx:cad>
          </gpxtpx:TrackPointExtension>
        </extensions>
      </trkpt>
      <trkpt lat="32.0157919452" lon="120.895566763">
        <ele>10.6</ele>
        <time>2026-09-04T14:02:19+0800</time>
        <extensions>
          <gpxtpx:TrackPointExtension>
            <gpxtpx:hr>154</gpxtpx:hr>
            <gpxtpx:cad>89</gpxtpx:cad>
          </gpxtpx:TrackPointExtension>
        </extensions>
      </trkpt>
      <trkpt lat="32.0158148278" lon="120.895568021">
        <ele>10.6</ele>
        <time>2026-09-04T14:02:20+0800</time>
        <extensions>
          <gpxtpx:TrackPointExtension>
            <gpxtpx:hr>155</gpxtpx:hr>
            <gpxtpx:cad>89</gpxtpx:cad>
          </gpxtpx:TrackPointExtension>
        </extensions>
      </trkpt>
      <trkpt lat="32.0158460923" lon="120.895579252">
        <ele>10.6</ele>
        <time>2026-09-04T14:02:21+0800</time>
        <extensions>
          <gpxtpx:TrackPointExtension>
            <gpxtpx:hr>155</gpxtpx:hr>
            <gpxtpx:cad>89</gpxtpx:cad>
          </gpxtpx:TrackPointExtension>
        </extensions>
      </trkpt>
      <trkpt lat="32.0158768538" lon="120.895595932">
        <ele>10.6</ele>
        <time>2026-09-04T14:02:22+0800</time>
        <extensions>
          <gpxtpx:TrackPointExtension>
            <gpxtpx:hr>154</gpxtpx:hr>
            <gpxtpx:cad>89</gpxtpx:cad>
          </gpxtpx:TrackPointExtension>
        </extensions>
      </trkpt>
      <trkpt lat="32.0159049332" lon="120.895605404">
        <ele>10.6</ele>
        <time>2026-09-04T14:02:23+0800</time>
        <extensions>
          <gpxtpx:TrackPointExtension>
            <gpxtpx:hr>155</gpxtpx:hr>
            <gpxtpx:cad>89</gpxtpx:cad>
          </gpxtpx:TrackPointExtension>
        </extensions>
      </trkpt>
      <trkpt lat="32.0159350242" lon="120.895612529">
        <ele>10.6</ele>
        <time>2026-09-04T14:02:24+0800</time>
        <extensions>
          <gpxtpx:TrackPointExtension>
            <gpxtpx:hr>155</gpxtpx:hr>
            <gpxtpx:cad>89</gpxtpx:cad>
          </gpxtpx:TrackPointExtension>
        </extensions>
      </trkpt>
      <trkpt lat="32.0159635227" lon="120.895618144">
        <ele>10.6</ele>
        <time>2026-09-04T14:02:25+0800</time>
        <extensions>
          <gpxtpx:TrackPointExtension>
            <gpxtpx:hr>154</gpxtpx:hr>
            <gpxtpx:cad>89</gpxtpx:cad>
          </gpxtpx:TrackPointExtension>
        </extensions>
      </trkpt>
      <trkpt lat="32.015990261" lon="120.895624682">
        <ele>10.6</ele>
        <time>2026-09-04T14:02:26+0800</time>
        <extensions>
          <gpxtpx:TrackPointExtension>
            <gpxtpx:hr>154</gpxtpx:hr>
            <gpxtpx:cad>89</gpxtpx:cad>
          </gpxtpx:TrackPointExtension>
        </extensions>
      </trkpt>
      <trkpt lat="32.0160172507" lon="120.895624431">
        <ele>10.6</ele>
        <time>2026-09-04T14:02:27+0800</time>
        <extensions>
          <gpxtpx:TrackPointExtension>
            <gpxtpx:hr>154</gpxtpx:hr>
            <gpxtpx:cad>88</gpxtpx:cad>
          </gpxtpx:TrackPointExtension>
        </extensions>
      </trkpt>
      <trkpt lat="32.0160445757" lon="120.895636501">
        <ele>10.6</ele>
        <time>2026-09-04T14:02:28+0800</time>
        <extensions>
          <gpxtpx:TrackPointExtension>
            <gpxtpx:hr>155</gpxtpx:hr>
            <gpxtpx:cad>88</gpxtpx:cad>
          </gpxtpx:TrackPointExtension>
        </extensions>
      </trkpt>
      <trkpt lat="32.0160640217" lon="120.895643877">
        <ele>10.6</ele>
        <time>2026-09-04T14:02:29+0800</time>
        <extensions>
          <gpxtpx:TrackPointExtension>
            <gpxtpx:hr>154</gpxtpx:hr>
            <gpxtpx:cad>88</gpxtpx:cad>
          </gpxtpx:TrackPointExtension>
        </extensions>
      </trkpt>
      <trkpt lat="32.016088916" lon="120.895662317">
        <ele>10.6</ele>
        <time>2026-09-04T14:02:30+0800</time>
        <extensions>
          <gpxtpx:TrackPointExtension>
            <gpxtpx:hr>154</gpxtpx:hr>
            <gpxtpx:cad>88</gpxtpx:cad>
          </gpxtpx:TrackPointExtension>
        </extensions>
      </trkpt>
      <trkpt lat="32.0161068533" lon="120.895668101">
        <ele>10.6</ele>
        <time>2026-09-04T14:02:31+0800</time>
        <extensions>
          <gpxtpx:TrackPointExtension>
            <gpxtpx:hr>154</gpxtpx:hr>
            <gpxtpx:cad>88</gpxtpx:cad>
          </gpxtpx:TrackPointExtension>
        </extensions>
      </trkpt>
      <trkpt lat="32.0161321666" lon="120.895673046">
        <ele>10.6</ele>
        <time>2026-09-04T14:02:32+0800</time>
        <extensions>
          <gpxtpx:TrackPointExtension>
            <gpxtpx:hr>154</gpxtpx:hr>
            <gpxtpx:cad>88</gpxtpx:cad>
          </gpxtpx:TrackPointExtension>
        </extensions>
      </trkpt>
      <trkpt lat="32.0161511097" lon="120.895678662">
        <ele>10.6</ele>
        <time>2026-09-04T14:02:33+0800</time>
        <extensions>
          <gpxtpx:TrackPointExtension>
            <gpxtpx:hr>154</gpxtpx:hr>
            <gpxtpx:cad>88</gpxtpx:cad>
          </gpxtpx:TrackPointExtension>
        </extensions>
      </trkpt>
      <trkpt lat="32.0161731541" lon="120.895680254">
        <ele>10.6</ele>
        <time>2026-09-04T14:02:34+0800</time>
        <extensions>
          <gpxtpx:TrackPointExtension>
            <gpxtpx:hr>153</gpxtpx:hr>
            <gpxtpx:cad>88</gpxtpx:cad>
          </gpxtpx:TrackPointExtension>
        </extensions>
      </trkpt>
      <trkpt lat="32.0161910914" lon="120.895684445">
        <ele>10.6</ele>
        <time>2026-09-04T14:02:35+0800</time>
        <extensions>
          <gpxtpx:TrackPointExtension>
            <gpxtpx:hr>153</gpxtpx:hr>
            <gpxtpx:cad>88</gpxtpx:cad>
          </gpxtpx:TrackPointExtension>
        </extensions>
      </trkpt>
      <trkpt lat="32.016210705" lon="120.895685535">
        <ele>10.6</ele>
        <time>2026-09-04T14:02:36+0800</time>
        <extensions>
          <gpxtpx:TrackPointExtension>
            <gpxtpx:hr>153</gpxtpx:hr>
            <gpxtpx:cad>88</gpxtpx:cad>
          </gpxtpx:TrackPointExtension>
        </extensions>
      </trkpt>
      <trkpt lat="32.0162317436" lon="120.895689977">
        <ele>10.6</ele>
        <time>2026-09-04T14:02:37+0800</time>
        <extensions>
          <gpxtpx:TrackPointExtension>
            <gpxtpx:hr>153</gpxtpx:hr>
            <gpxtpx:cad>89</gpxtpx:cad>
          </gpxtpx:TrackPointExtension>
        </extensions>
      </trkpt>
      <trkpt lat="32.0162648521" lon="120.895697521">
        <ele>10.6</ele>
        <time>2026-09-04T14:02:38+0800</time>
        <extensions>
          <gpxtpx:TrackPointExtension>
            <gpxtpx:hr>152</gpxtpx:hr>
            <gpxtpx:cad>89</gpxtpx:cad>
          </gpxtpx:TrackPointExtension>
        </extensions>
      </trkpt>
      <trkpt lat="32.0162853878" lon="120.895701041">
        <ele>10.6</ele>
        <time>2026-09-04T14:02:39+0800</time>
        <extensions>
          <gpxtpx:TrackPointExtension>
            <gpxtpx:hr>152</gpxtpx:hr>
            <gpxtpx:cad>88</gpxtpx:cad>
          </gpxtpx:TrackPointExtension>
        </extensions>
      </trkpt>
      <trkpt lat="32.0163157303" lon="120.895709423">
        <ele>10.6</ele>
        <time>2026-09-04T14:02:40+0800</time>
        <extensions>
          <gpxtpx:TrackPointExtension>
            <gpxtpx:hr>152</gpxtpx:hr>
            <gpxtpx:cad>88</gpxtpx:cad>
          </gpxtpx:TrackPointExtension>
        </extensions>
      </trkpt>
      <trkpt lat="32.0163397864" lon="120.895719733">
        <ele>10.6</ele>
        <time>2026-09-04T14:02:41+0800</time>
        <extensions>
          <gpxtpx:TrackPointExtension>
            <gpxtpx:hr>152</gpxtpx:hr>
            <gpxtpx:cad>89</gpxtpx:cad>
          </gpxtpx:TrackPointExtension>
        </extensions>
      </trkpt>
      <trkpt lat="32.0163693745" lon="120.895728031">
        <ele>10.6</ele>
        <time>2026-09-04T14:02:42+0800</time>
        <extensions>
          <gpxtpx:TrackPointExtension>
            <gpxtpx:hr>152</gpxtpx:hr>
            <gpxtpx:cad>88</gpxtpx:cad>
          </gpxtpx:TrackPointExtension>
        </extensions>
      </trkpt>
      <trkpt lat="32.0163954422" lon="120.895736832">
        <ele>10.6</ele>
        <time>2026-09-04T14:02:43+0800</time>
        <extensions>
          <gpxtpx:TrackPointExtension>
            <gpxtpx:hr>152</gpxtpx:hr>
            <gpxtpx:cad>88</gpxtpx:cad>
          </gpxtpx:TrackPointExtension>
        </extensions>
      </trkpt>
      <trkpt lat="32.0164217614" lon="120.895736078">
        <ele>10.6</ele>
        <time>2026-09-04T14:02:44+0800</time>
        <extensions>
          <gpxtpx:TrackPointExtension>
            <gpxtpx:hr>152</gpxtpx:hr>
            <gpxtpx:cad>88</gpxtpx:cad>
          </gpxtpx:TrackPointExtension>
        </extensions>
      </trkpt>
      <trkpt lat="32.0164472423" lon="120.895748148">
        <ele>10.6</ele>
        <time>2026-09-04T14:02:45+0800</time>
        <extensions>
          <gpxtpx:TrackPointExtension>
            <gpxtpx:hr>152</gpxtpx:hr>
            <gpxtpx:cad>89</gpxtpx:cad>
          </gpxtpx:TrackPointExtension>
        </extensions>
      </trkpt>
      <trkpt lat="32.0164727233" lon="120.895754769">
        <ele>10.6</ele>
        <time>2026-09-04T14:02:46+0800</time>
        <extensions>
          <gpxtpx:TrackPointExtension>
            <gpxtpx:hr>151</gpxtpx:hr>
            <gpxtpx:cad>89</gpxtpx:cad>
          </gpxtpx:TrackPointExtension>
        </extensions>
      </trkpt>
      <trkpt lat="32.0164986234" lon="120.895765247">
        <ele>10.6</ele>
        <time>2026-09-04T14:02:47+0800</time>
        <extensions>
          <gpxtpx:TrackPointExtension>
            <gpxtpx:hr>151</gpxtpx:hr>
            <gpxtpx:cad>88</gpxtpx:cad>
          </gpxtpx:TrackPointExtension>
        </extensions>
      </trkpt>
      <trkpt lat="32.0165164769" lon="120.89577036">
        <ele>10.6</ele>
        <time>2026-09-04T14:02:48+0800</time>
        <extensions>
          <gpxtpx:TrackPointExtension>
            <gpxtpx:hr>151</gpxtpx:hr>
            <gpxtpx:cad>88</gpxtpx:cad>
          </gpxtpx:TrackPointExtension>
        </extensions>
      </trkpt>
      <trkpt lat="32.0165432151" lon="120.895785196">
        <ele>10.6</ele>
        <time>2026-09-04T14:02:49+0800</time>
        <extensions>
          <gpxtpx:TrackPointExtension>
            <gpxtpx:hr>150</gpxtpx:hr>
            <gpxtpx:cad>88</gpxtpx:cad>
          </gpxtpx:TrackPointExtension>
        </extensions>
      </trkpt>
      <trkpt lat="32.016563667" lon="120.895790895">
        <ele>10.4</ele>
        <time>2026-09-04T14:02:50+0800</time>
        <extensions>
          <gpxtpx:TrackPointExtension>
            <gpxtpx:hr>150</gpxtpx:hr>
            <gpxtpx:cad>88</gpxtpx:cad>
          </gpxtpx:TrackPointExtension>
        </extensions>
      </trkpt>
      <trkpt lat="32.0165897347" lon="120.89579802">
        <ele>10.4</ele>
        <time>2026-09-04T14:02:51+0800</time>
        <extensions>
          <gpxtpx:TrackPointExtension>
            <gpxtpx:hr>150</gpxtpx:hr>
            <gpxtpx:cad>88</gpxtpx:cad>
          </gpxtpx:TrackPointExtension>
        </extensions>
      </trkpt>
      <trkpt lat="32.0166169759" lon="120.895802295">
        <ele>10.4</ele>
        <time>2026-09-04T14:02:52+0800</time>
        <extensions>
          <gpxtpx:TrackPointExtension>
            <gpxtpx:hr>150</gpxtpx:hr>
            <gpxtpx:cad>88</gpxtpx:cad>
          </gpxtpx:TrackPointExtension>
        </extensions>
      </trkpt>
      <trkpt lat="32.0166440494" lon="120.895805564">
        <ele>10.4</ele>
        <time>2026-09-04T14:02:53+0800</time>
        <extensions>
          <gpxtpx:TrackPointExtension>
            <gpxtpx:hr>149</gpxtpx:hr>
            <gpxtpx:cad>88</gpxtpx:cad>
          </gpxtpx:TrackPointExtension>
        </extensions>
      </trkpt>
      <trkpt lat="32.016666932" lon="120.895811096">
        <ele>10.4</ele>
        <time>2026-09-04T14:02:54+0800</time>
        <extensions>
          <gpxtpx:TrackPointExtension>
            <gpxtpx:hr>149</gpxtpx:hr>
            <gpxtpx:cad>88</gpxtpx:cad>
          </gpxtpx:TrackPointExtension>
        </extensions>
      </trkpt>
      <trkpt lat="32.016693335" lon="120.895816963">
        <ele>10.4</ele>
        <time>2026-09-04T14:02:55+0800</time>
        <extensions>
          <gpxtpx:TrackPointExtension>
            <gpxtpx:hr>148</gpxtpx:hr>
            <gpxtpx:cad>89</gpxtpx:cad>
          </gpxtpx:TrackPointExtension>
        </extensions>
      </trkpt>
      <trkpt lat="32.0167154633" lon="120.895825513">
        <ele>10.4</ele>
        <time>2026-09-04T14:02:56+0800</time>
        <extensions>
          <gpxtpx:TrackPointExtension>
            <gpxtpx:hr>148</gpxtpx:hr>
            <gpxtpx:cad>89</gpxtpx:cad>
          </gpxtpx:TrackPointExtension>
        </extensions>
      </trkpt>
      <trkpt lat="32.016741531" lon="120.895832051">
        <ele>10.4</ele>
        <time>2026-09-04T14:02:57+0800</time>
        <extensions>
          <gpxtpx:TrackPointExtension>
            <gpxtpx:hr>148</gpxtpx:hr>
            <gpxtpx:cad>89</gpxtpx:cad>
          </gpxtpx:TrackPointExtension>
        </extensions>
      </trkpt>
      <trkpt lat="32.0167624857" lon="120.895840935">
        <ele>10.4</ele>
        <time>2026-09-04T14:02:58+0800</time>
        <extensions>
          <gpxtpx:TrackPointExtension>
            <gpxtpx:hr>148</gpxtpx:hr>
            <gpxtpx:cad>89</gpxtpx:cad>
          </gpxtpx:TrackPointExtension>
        </extensions>
      </trkpt>
      <trkpt lat="32.0167971868" lon="120.895861303">
        <ele>10.4</ele>
        <time>2026-09-04T14:02:59+0800</time>
        <extensions>
          <gpxtpx:TrackPointExtension>
            <gpxtpx:hr>149</gpxtpx:hr>
            <gpxtpx:cad>89</gpxtpx:cad>
          </gpxtpx:TrackPointExtension>
        </extensions>
      </trkpt>
      <trkpt lat="32.0168175548" lon="120.89586759">
        <ele>10.4</ele>
        <time>2026-09-04T14:03:00+0800</time>
        <extensions>
          <gpxtpx:TrackPointExtension>
            <gpxtpx:hr>148</gpxtpx:hr>
            <gpxtpx:cad>89</gpxtpx:cad>
          </gpxtpx:TrackPointExtension>
        </extensions>
      </trkpt>
      <trkpt lat="32.0168513339" lon="120.895878319">
        <ele>10.4</ele>
        <time>2026-09-04T14:03:01+0800</time>
        <extensions>
          <gpxtpx:TrackPointExtension>
            <gpxtpx:hr>148</gpxtpx:hr>
            <gpxtpx:cad>88</gpxtpx:cad>
          </gpxtpx:TrackPointExtension>
        </extensions>
      </trkpt>
      <trkpt lat="32.0168728754" lon="120.895886365">
        <ele>10.4</ele>
        <time>2026-09-04T14:03:02+0800</time>
        <extensions>
          <gpxtpx:TrackPointExtension>
            <gpxtpx:hr>148</gpxtpx:hr>
            <gpxtpx:cad>89</gpxtpx:cad>
          </gpxtpx:TrackPointExtension>
        </extensions>
      </trkpt>
      <trkpt lat="32.0169031341" lon="120.895892652">
        <ele>10.2</ele>
        <time>2026-09-04T14:03:03+0800</time>
        <extensions>
          <gpxtpx:TrackPointExtension>
            <gpxtpx:hr>147</gpxtpx:hr>
            <gpxtpx:cad>88</gpxtpx:cad>
          </gpxtpx:TrackPointExtension>
        </extensions>
      </trkpt>
      <trkpt lat="32.0169290341" lon="120.89590095">
        <ele>10.2</ele>
        <time>2026-09-04T14:03:04+0800</time>
        <extensions>
          <gpxtpx:TrackPointExtension>
            <gpxtpx:hr>147</gpxtpx:hr>
            <gpxtpx:cad>88</gpxtpx:cad>
          </gpxtpx:TrackPointExtension>
        </extensions>
      </trkpt>
      <trkpt lat="32.0169557724" lon="120.895907823">
        <ele>10.0</ele>
        <time>2026-09-04T14:03:05+0800</time>
        <extensions>
          <gpxtpx:TrackPointExtension>
            <gpxtpx:hr>147</gpxtpx:hr>
            <gpxtpx:cad>88</gpxtpx:cad>
          </gpxtpx:TrackPointExtension>
        </extensions>
      </trkpt>
      <trkpt lat="32.0169781521" lon="120.895916205">
        <ele>10.0</ele>
        <time>2026-09-04T14:03:06+0800</time>
        <extensions>
          <gpxtpx:TrackPointExtension>
            <gpxtpx:hr>147</gpxtpx:hr>
            <gpxtpx:cad>88</gpxtpx:cad>
          </gpxtpx:TrackPointExtension>
        </extensions>
      </trkpt>
      <trkpt lat="32.0170072373" lon="120.895921569">
        <ele>10.0</ele>
        <time>2026-09-04T14:03:07+0800</time>
        <extensions>
          <gpxtpx:TrackPointExtension>
            <gpxtpx:hr>147</gpxtpx:hr>
            <gpxtpx:cad>88</gpxtpx:cad>
          </gpxtpx:TrackPointExtension>
        </extensions>
      </trkpt>
      <trkpt lat="32.0170307066" lon="120.895929197">
        <ele>10.0</ele>
        <time>2026-09-04T14:03:08+0800</time>
        <extensions>
          <gpxtpx:TrackPointExtension>
            <gpxtpx:hr>147</gpxtpx:hr>
            <gpxtpx:cad>88</gpxtpx:cad>
          </gpxtpx:TrackPointExtension>
        </extensions>
      </trkpt>
      <trkpt lat="32.017058786" lon="120.895934645">
        <ele>10.0</ele>
        <time>2026-09-04T14:03:09+0800</time>
        <extensions>
          <gpxtpx:TrackPointExtension>
            <gpxtpx:hr>147</gpxtpx:hr>
            <gpxtpx:cad>89</gpxtpx:cad>
          </gpxtpx:TrackPointExtension>
        </extensions>
      </trkpt>
      <trkpt lat="32.0170787349" lon="120.895942859">
        <ele>9.8</ele>
        <time>2026-09-04T14:03:10+0800</time>
        <extensions>
          <gpxtpx:TrackPointExtension>
            <gpxtpx:hr>147</gpxtpx:hr>
            <gpxtpx:cad>89</gpxtpx:cad>
          </gpxtpx:TrackPointExtension>
        </extensions>
      </trkpt>
      <trkpt lat="32.0171099156" lon="120.895952247">
        <ele>9.8</ele>
        <time>2026-09-04T14:03:11+0800</time>
        <extensions>
          <gpxtpx:TrackPointExtension>
            <gpxtpx:hr>147</gpxtpx:hr>
            <gpxtpx:cad>89</gpxtpx:cad>
          </gpxtpx:TrackPointExtension>
        </extensions>
      </trkpt>
      <trkpt lat="32.0171312895" lon="120.895956941">
        <ele>9.8</ele>
        <time>2026-09-04T14:03:12+0800</time>
        <extensions>
          <gpxtpx:TrackPointExtension>
            <gpxtpx:hr>146</gpxtpx:hr>
            <gpxtpx:cad>90</gpxtpx:cad>
          </gpxtpx:TrackPointExtension>
        </extensions>
      </trkpt>
      <trkpt lat="32.0171617158" lon="120.895965574">
        <ele>9.8</ele>
        <time>2026-09-04T14:03:13+0800</time>
        <extensions>
          <gpxtpx:TrackPointExtension>
            <gpxtpx:hr>147</gpxtpx:hr>
            <gpxtpx:cad>91</gpxtpx:cad>
          </gpxtpx:TrackPointExtension>
        </extensions>
      </trkpt>
      <trkpt lat="32.0171921421" lon="120.895975968">
        <ele>9.8</ele>
        <time>2026-09-04T14:03:14+0800</time>
        <extensions>
          <gpxtpx:TrackPointExtension>
            <gpxtpx:hr>147</gpxtpx:hr>
            <gpxtpx:cad>91</gpxtpx:cad>
          </gpxtpx:TrackPointExtension>
        </extensions>
      </trkpt>
      <trkpt lat="32.0172158629" lon="120.89598502">
        <ele>9.8</ele>
        <time>2026-09-04T14:03:15+0800</time>
        <extensions>
          <gpxtpx:TrackPointExtension>
            <gpxtpx:hr>147</gpxtpx:hr>
            <gpxtpx:cad>91</gpxtpx:cad>
          </gpxtpx:TrackPointExtension>
        </extensions>
      </trkpt>
      <trkpt lat="32.0172386616" lon="120.895989882">
        <ele>9.8</ele>
        <time>2026-09-04T14:03:16+0800</time>
        <extensions>
          <gpxtpx:TrackPointExtension>
            <gpxtpx:hr>147</gpxtpx:hr>
            <gpxtpx:cad>91</gpxtpx:cad>
          </gpxtpx:TrackPointExtension>
        </extensions>
      </trkpt>
      <trkpt lat="32.017268585" lon="120.895999102">
        <ele>9.8</ele>
        <time>2026-09-04T14:03:17+0800</time>
        <extensions>
          <gpxtpx:TrackPointExtension>
            <gpxtpx:hr>147</gpxtpx:hr>
            <gpxtpx:cad>91</gpxtpx:cad>
          </gpxtpx:TrackPointExtension>
        </extensions>
      </trkpt>
      <trkpt lat="32.0172831696" lon="120.895999605">
        <ele>9.8</ele>
        <time>2026-09-04T14:03:18+0800</time>
        <extensions>
          <gpxtpx:TrackPointExtension>
            <gpxtpx:hr>148</gpxtpx:hr>
            <gpxtpx:cad>90</gpxtpx:cad>
          </gpxtpx:TrackPointExtension>
        </extensions>
      </trkpt>
      <trkpt lat="32.0173069742" lon="120.896006394">
        <ele>9.8</ele>
        <time>2026-09-04T14:03:19+0800</time>
        <extensions>
          <gpxtpx:TrackPointExtension>
            <gpxtpx:hr>148</gpxtpx:hr>
            <gpxtpx:cad>90</gpxtpx:cad>
          </gpxtpx:TrackPointExtension>
        </extensions>
      </trkpt>
      <trkpt lat="32.0173224807" lon="120.896013351">
        <ele>9.8</ele>
        <time>2026-09-04T14:03:20+0800</time>
        <extensions>
          <gpxtpx:TrackPointExtension>
            <gpxtpx:hr>148</gpxtpx:hr>
            <gpxtpx:cad>90</gpxtpx:cad>
          </gpxtpx:TrackPointExtension>
        </extensions>
      </trkpt>
      <trkpt lat="32.0173486322" lon="120.896018296">
        <ele>9.8</ele>
        <time>2026-09-04T14:03:21+0800</time>
        <extensions>
          <gpxtpx:TrackPointExtension>
            <gpxtpx:hr>148</gpxtpx:hr>
            <gpxtpx:cad>90</gpxtpx:cad>
          </gpxtpx:TrackPointExtension>
        </extensions>
      </trkpt>
      <trkpt lat="32.0173715148" lon="120.896025253">
        <ele>9.6</ele>
        <time>2026-09-04T14:03:22+0800</time>
        <extensions>
          <gpxtpx:TrackPointExtension>
            <gpxtpx:hr>149</gpxtpx:hr>
            <gpxtpx:cad>90</gpxtpx:cad>
          </gpxtpx:TrackPointExtension>
        </extensions>
      </trkpt>
      <trkpt lat="32.0174030308" lon="120.896034474">
        <ele>9.6</ele>
        <time>2026-09-04T14:03:23+0800</time>
        <extensions>
          <gpxtpx:TrackPointExtension>
            <gpxtpx:hr>148</gpxtpx:hr>
            <gpxtpx:cad>90</gpxtpx:cad>
          </gpxtpx:TrackPointExtension>
        </extensions>
      </trkpt>
      <trkpt lat="32.0174283441" lon="120.896042604">
        <ele>9.6</ele>
        <time>2026-09-04T14:03:24+0800</time>
        <extensions>
          <gpxtpx:TrackPointExtension>
            <gpxtpx:hr>148</gpxtpx:hr>
            <gpxtpx:cad>90</gpxtpx:cad>
          </gpxtpx:TrackPointExtension>
        </extensions>
      </trkpt>
      <trkpt lat="32.0174638834" lon="120.896050567">
        <ele>9.6</ele>
        <time>2026-09-04T14:03:25+0800</time>
        <extensions>
          <gpxtpx:TrackPointExtension>
            <gpxtpx:hr>149</gpxtpx:hr>
            <gpxtpx:cad>90</gpxtpx:cad>
          </gpxtpx:TrackPointExtension>
        </extensions>
      </trkpt>
      <trkpt lat="32.0174892806" lon="120.896057189">
        <ele>9.6</ele>
        <time>2026-09-04T14:03:26+0800</time>
        <extensions>
          <gpxtpx:TrackPointExtension>
            <gpxtpx:hr>148</gpxtpx:hr>
            <gpxtpx:cad>90</gpxtpx:cad>
          </gpxtpx:TrackPointExtension>
        </extensions>
      </trkpt>
      <trkpt lat="32.0175190363" lon="120.896062637">
        <ele>9.6</ele>
        <time>2026-09-04T14:03:27+0800</time>
        <extensions>
          <gpxtpx:TrackPointExtension>
            <gpxtpx:hr>148</gpxtpx:hr>
            <gpxtpx:cad>90</gpxtpx:cad>
          </gpxtpx:TrackPointExtension>
        </extensions>
      </trkpt>
      <trkpt lat="32.0175445173" lon="120.896068169">
        <ele>9.6</ele>
        <time>2026-09-04T14:03:28+0800</time>
        <extensions>
          <gpxtpx:TrackPointExtension>
            <gpxtpx:hr>149</gpxtpx:hr>
            <gpxtpx:cad>90</gpxtpx:cad>
          </gpxtpx:TrackPointExtension>
        </extensions>
      </trkpt>
      <trkpt lat="32.0175754465" lon="120.896072527">
        <ele>9.6</ele>
        <time>2026-09-04T14:03:29+0800</time>
        <extensions>
          <gpxtpx:TrackPointExtension>
            <gpxtpx:hr>148</gpxtpx:hr>
            <gpxtpx:cad>89</gpxtpx:cad>
          </gpxtpx:TrackPointExtension>
        </extensions>
      </trkpt>
      <trkpt lat="32.0175990835" lon="120.896077724">
        <ele>9.8</ele>
        <time>2026-09-04T14:03:30+0800</time>
        <extensions>
          <gpxtpx:TrackPointExtension>
            <gpxtpx:hr>148</gpxtpx:hr>
            <gpxtpx:cad>89</gpxtpx:cad>
          </gpxtpx:TrackPointExtension>
        </extensions>
      </trkpt>
      <trkpt lat="32.0176308509" lon="120.896086274">
        <ele>10.0</ele>
        <time>2026-09-04T14:03:31+0800</time>
        <extensions>
          <gpxtpx:TrackPointExtension>
            <gpxtpx:hr>147</gpxtpx:hr>
            <gpxtpx:cad>89</gpxtpx:cad>
          </gpxtpx:TrackPointExtension>
        </extensions>
      </trkpt>
      <trkpt lat="32.0176580083" lon="120.896094153">
        <ele>10.0</ele>
        <time>2026-09-04T14:03:32+0800</time>
        <extensions>
          <gpxtpx:TrackPointExtension>
            <gpxtpx:hr>147</gpxtpx:hr>
            <gpxtpx:cad>90</gpxtpx:cad>
          </gpxtpx:TrackPointExtension>
        </extensions>
      </trkpt>
      <trkpt lat="32.0176883508" lon="120.896101445">
        <ele>10.0</ele>
        <time>2026-09-04T14:03:33+0800</time>
        <extensions>
          <gpxtpx:TrackPointExtension>
            <gpxtpx:hr>147</gpxtpx:hr>
            <gpxtpx:cad>90</gpxtpx:cad>
          </gpxtpx:TrackPointExtension>
        </extensions>
      </trkpt>
      <trkpt lat="32.0177113172" lon="120.896106055">
        <ele>10.2</ele>
        <time>2026-09-04T14:03:34+0800</time>
        <extensions>
          <gpxtpx:TrackPointExtension>
            <gpxtpx:hr>147</gpxtpx:hr>
            <gpxtpx:cad>90</gpxtpx:cad>
          </gpxtpx:TrackPointExtension>
        </extensions>
      </trkpt>
      <trkpt lat="32.0177414082" lon="120.896118376">
        <ele>10.2</ele>
        <time>2026-09-04T14:03:35+0800</time>
        <extensions>
          <gpxtpx:TrackPointExtension>
            <gpxtpx:hr>147</gpxtpx:hr>
            <gpxtpx:cad>90</gpxtpx:cad>
          </gpxtpx:TrackPointExtension>
        </extensions>
      </trkpt>
      <trkpt lat="32.0177579205" lon="120.896133045">
        <ele>10.2</ele>
        <time>2026-09-04T14:03:36+0800</time>
        <extensions>
          <gpxtpx:TrackPointExtension>
            <gpxtpx:hr>147</gpxtpx:hr>
            <gpxtpx:cad>90</gpxtpx:cad>
          </gpxtpx:TrackPointExtension>
        </extensions>
      </trkpt>
      <trkpt lat="32.0177810546" lon="120.89615861">
        <ele>10.2</ele>
        <time>2026-09-04T14:03:37+0800</time>
        <extensions>
          <gpxtpx:TrackPointExtension>
            <gpxtpx:hr>146</gpxtpx:hr>
            <gpxtpx:cad>90</gpxtpx:cad>
          </gpxtpx:TrackPointExtension>
        </extensions>
      </trkpt>
      <trkpt lat="32.0177948847" lon="120.89618233">
        <ele>10.2</ele>
        <time>2026-09-04T14:03:38+0800</time>
        <extensions>
          <gpxtpx:TrackPointExtension>
            <gpxtpx:hr>147</gpxtpx:hr>
            <gpxtpx:cad>90</gpxtpx:cad>
          </gpxtpx:TrackPointExtension>
        </extensions>
      </trkpt>
      <trkpt lat="32.0178027637" lon="120.896221306">
        <ele>10.2</ele>
        <time>2026-09-04T14:03:39+0800</time>
        <extensions>
          <gpxtpx:TrackPointExtension>
            <gpxtpx:hr>147</gpxtpx:hr>
            <gpxtpx:cad>89</gpxtpx:cad>
          </gpxtpx:TrackPointExtension>
        </extensions>
      </trkpt>
      <trkpt lat="32.0177973155" lon="120.896249218">
        <ele>10.2</ele>
        <time>2026-09-04T14:03:40+0800</time>
        <extensions>
          <gpxtpx:TrackPointExtension>
            <gpxtpx:hr>146</gpxtpx:hr>
            <gpxtpx:cad>89</gpxtpx:cad>
          </gpxtpx:TrackPointExtension>
        </extensions>
      </trkpt>
      <trkpt lat="32.0177900232" lon="120.896289283">
        <ele>10.2</ele>
        <time>2026-09-04T14:03:41+0800</time>
        <extensions>
          <gpxtpx:TrackPointExtension>
            <gpxtpx:hr>147</gpxtpx:hr>
            <gpxtpx:cad>88</gpxtpx:cad>
          </gpxtpx:TrackPointExtension>
        </extensions>
      </trkpt>
      <trkpt lat="32.0177807193" lon="120.89631577">
        <ele>10.2</ele>
        <time>2026-09-04T14:03:42+0800</time>
        <extensions>
          <gpxtpx:TrackPointExtension>
            <gpxtpx:hr>146</gpxtpx:hr>
            <gpxtpx:cad>88</gpxtpx:cad>
          </gpxtpx:TrackPointExtension>
        </extensions>
      </trkpt>
      <trkpt lat="32.0177731756" lon="120.896350807">
        <ele>10.2</ele>
        <time>2026-09-04T14:03:43+0800</time>
        <extensions>
          <gpxtpx:TrackPointExtension>
            <gpxtpx:hr>146</gpxtpx:hr>
            <gpxtpx:cad>88</gpxtpx:cad>
          </gpxtpx:TrackPointExtension>
        </extensions>
      </trkpt>
      <trkpt lat="32.0177647099" lon="120.896379389">
        <ele>10.2</ele>
        <time>2026-09-04T14:03:44+0800</time>
        <extensions>
          <gpxtpx:TrackPointExtension>
            <gpxtpx:hr>146</gpxtpx:hr>
            <gpxtpx:cad>88</gpxtpx:cad>
          </gpxtpx:TrackPointExtension>
        </extensions>
      </trkpt>
      <trkpt lat="32.0177593455" lon="120.896410318">
        <ele>10.4</ele>
        <time>2026-09-04T14:03:45+0800</time>
        <extensions>
          <gpxtpx:TrackPointExtension>
            <gpxtpx:hr>146</gpxtpx:hr>
            <gpxtpx:cad>88</gpxtpx:cad>
          </gpxtpx:TrackPointExtension>
        </extensions>
      </trkpt>
      <trkpt lat="32.0177476108" lon="120.896439403">
        <ele>10.4</ele>
        <time>2026-09-04T14:03:46+0800</time>
        <extensions>
          <gpxtpx:TrackPointExtension>
            <gpxtpx:hr>146</gpxtpx:hr>
            <gpxtpx:cad>88</gpxtpx:cad>
          </gpxtpx:TrackPointExtension>
        </extensions>
      </trkpt>
      <trkpt lat="32.0177426655" lon="120.896471757">
        <ele>10.4</ele>
        <time>2026-09-04T14:03:47+0800</time>
        <extensions>
          <gpxtpx:TrackPointExtension>
            <gpxtpx:hr>146</gpxtpx:hr>
            <gpxtpx:cad>89</gpxtpx:cad>
          </gpxtpx:TrackPointExtension>
        </extensions>
      </trkpt>
      <trkpt lat="32.0177310985" lon="120.89650101">
        <ele>10.2</ele>
        <time>2026-09-04T14:03:48+0800</time>
        <extensions>
          <gpxtpx:TrackPointExtension>
            <gpxtpx:hr>146</gpxtpx:hr>
            <gpxtpx:cad>89</gpxtpx:cad>
          </gpxtpx:TrackPointExtension>
        </extensions>
      </trkpt>
      <trkpt lat="32.0177294221" lon="120.896530095">
        <ele>10.4</ele>
        <time>2026-09-04T14:03:49+0800</time>
        <extensions>
          <gpxtpx:TrackPointExtension>
            <gpxtpx:hr>145</gpxtpx:hr>
            <gpxtpx:cad>89</gpxtpx:cad>
          </gpxtpx:TrackPointExtension>
        </extensions>
      </trkpt>
      <trkpt lat="32.0177212916" lon="120.896560773">
        <ele>10.2</ele>
        <time>2026-09-04T14:03:50+0800</time>
        <extensions>
          <gpxtpx:TrackPointExtension>
            <gpxtpx:hr>145</gpxtpx:hr>
            <gpxtpx:cad>89</gpxtpx:cad>
          </gpxtpx:TrackPointExtension>
        </extensions>
      </trkpt>
      <trkpt lat="32.0177153405" lon="120.896581896">
        <ele>10.2</ele>
        <time>2026-09-04T14:03:51+0800</time>
        <extensions>
          <gpxtpx:TrackPointExtension>
            <gpxtpx:hr>145</gpxtpx:hr>
            <gpxtpx:cad>89</gpxtpx:cad>
          </gpxtpx:TrackPointExtension>
        </extensions>
      </trkpt>
      <trkpt lat="32.017704444" lon="120.896611065">
        <ele>10.2</ele>
        <time>2026-09-04T14:03:52+0800</time>
        <extensions>
          <gpxtpx:TrackPointExtension>
            <gpxtpx:hr>146</gpxtpx:hr>
            <gpxtpx:cad>89</gpxtpx:cad>
          </gpxtpx:TrackPointExtension>
        </extensions>
      </trkpt>
      <trkpt lat="32.0177005045" lon="120.896630511">
        <ele>10.4</ele>
        <time>2026-09-04T14:03:53+0800</time>
        <extensions>
          <gpxtpx:TrackPointExtension>
            <gpxtpx:hr>146</gpxtpx:hr>
            <gpxtpx:cad>89</gpxtpx:cad>
          </gpxtpx:TrackPointExtension>
        </extensions>
      </trkpt>
      <trkpt lat="32.0176922064" lon="120.896663871">
        <ele>10.4</ele>
        <time>2026-09-04T14:03:54+0800</time>
        <extensions>
          <gpxtpx:TrackPointExtension>
            <gpxtpx:hr>146</gpxtpx:hr>
            <gpxtpx:cad>89</gpxtpx:cad>
          </gpxtpx:TrackPointExtension>
        </extensions>
      </trkpt>
      <trkpt lat="32.0176925417" lon="120.896686083">
        <ele>10.4</ele>
        <time>2026-09-04T14:03:55+0800</time>
        <extensions>
          <gpxtpx:TrackPointExtension>
            <gpxtpx:hr>147</gpxtpx:hr>
            <gpxtpx:cad>89</gpxtpx:cad>
          </gpxtpx:TrackPointExtension>
        </extensions>
      </trkpt>
      <trkpt lat="32.0176834892" lon="120.896721957">
        <ele>10.4</ele>
        <time>2026-09-04T14:03:56+0800</time>
        <extensions>
          <gpxtpx:TrackPointExtension>
            <gpxtpx:hr>147</gpxtpx:hr>
            <gpxtpx:cad>89</gpxtpx:cad>
          </gpxtpx:TrackPointExtension>
        </extensions>
      </trkpt>
      <trkpt lat="32.0176839083" lon="120.896746935">
        <ele>10.4</ele>
        <time>2026-09-04T14:03:57+0800</time>
        <extensions>
          <gpxtpx:TrackPointExtension>
            <gpxtpx:hr>147</gpxtpx:hr>
            <gpxtpx:cad>89</gpxtpx:cad>
          </gpxtpx:TrackPointExtension>
        </extensions>
      </trkpt>
      <trkpt lat="32.017676197" lon="120.896782642">
        <ele>10.4</ele>
        <time>2026-09-04T14:03:58+0800</time>
        <extensions>
          <gpxtpx:TrackPointExtension>
            <gpxtpx:hr>146</gpxtpx:hr>
            <gpxtpx:cad>89</gpxtpx:cad>
          </gpxtpx:TrackPointExtension>
        </extensions>
      </trkpt>
      <trkpt lat="32.017677119" lon="120.89680695">
        <ele>10.4</ele>
        <time>2026-09-04T14:03:59+0800</time>
        <extensions>
          <gpxtpx:TrackPointExtension>
            <gpxtpx:hr>146</gpxtpx:hr>
            <gpxtpx:cad>89</gpxtpx:cad>
          </gpxtpx:TrackPointExtension>
        </extensions>
      </trkpt>
      <trkpt lat="32.0176735148" lon="120.896842238">
        <ele>10.4</ele>
        <time>2026-09-04T14:04:00+0800</time>
        <extensions>
          <gpxtpx:TrackPointExtension>
            <gpxtpx:hr>146</gpxtpx:hr>
            <gpxtpx:cad>89</gpxtpx:cad>
          </gpxtpx:TrackPointExtension>
        </extensions>
      </trkpt>
      <trkpt lat="32.0176732633" lon="120.896868892">
        <ele>10.4</ele>
        <time>2026-09-04T14:04:01+0800</time>
        <extensions>
          <gpxtpx:TrackPointExtension>
            <gpxtpx:hr>146</gpxtpx:hr>
            <gpxtpx:cad>89</gpxtpx:cad>
          </gpxtpx:TrackPointExtension>
        </extensions>
      </trkpt>
      <trkpt lat="32.0176661387" lon="120.896907784">
        <ele>10.4</ele>
        <time>2026-09-04T14:04:02+0800</time>
        <extensions>
          <gpxtpx:TrackPointExtension>
            <gpxtpx:hr>146</gpxtpx:hr>
            <gpxtpx:cad>89</gpxtpx:cad>
          </gpxtpx:TrackPointExtension>
        </extensions>
      </trkpt>
      <trkpt lat="32.0176644623" lon="120.896931421">
        <ele>10.4</ele>
        <time>2026-09-04T14:04:03+0800</time>
        <extensions>
          <gpxtpx:TrackPointExtension>
            <gpxtpx:hr>147</gpxtpx:hr>
            <gpxtpx:cad>89</gpxtpx:cad>
          </gpxtpx:TrackPointExtension>
        </extensions>
      </trkpt>
      <trkpt lat="32.0176527277" lon="120.896966541">
        <ele>10.4</ele>
        <time>2026-09-04T14:04:04+0800</time>
        <extensions>
          <gpxtpx:TrackPointExtension>
            <gpxtpx:hr>147</gpxtpx:hr>
            <gpxtpx:cad>89</gpxtpx:cad>
          </gpxtpx:TrackPointExtension>
        </extensions>
      </trkpt>
      <trkpt lat="32.0176501293" lon="120.896990933">
        <ele>10.4</ele>
        <time>2026-09-04T14:04:05+0800</time>
        <extensions>
          <gpxtpx:TrackPointExtension>
            <gpxtpx:hr>147</gpxtpx:hr>
            <gpxtpx:cad>89</gpxtpx:cad>
          </gpxtpx:TrackPointExtension>
        </extensions>
      </trkpt>
      <trkpt lat="32.0176430885" lon="120.897025047">
        <ele>10.4</ele>
        <time>2026-09-04T14:04:06+0800</time>
        <extensions>
          <gpxtpx:TrackPointExtension>
            <gpxtpx:hr>147</gpxtpx:hr>
            <gpxtpx:cad>89</gpxtpx:cad>
          </gpxtpx:TrackPointExtension>
        </extensions>
      </trkpt>
      <trkpt lat="32.0176395681" lon="120.897048013">
        <ele>10.6</ele>
        <time>2026-09-04T14:04:07+0800</time>
        <extensions>
          <gpxtpx:TrackPointExtension>
            <gpxtpx:hr>147</gpxtpx:hr>
            <gpxtpx:cad>89</gpxtpx:cad>
          </gpxtpx:TrackPointExtension>
        </extensions>
      </trkpt>
      <trkpt lat="32.017629426" lon="120.897086402">
        <ele>10.6</ele>
        <time>2026-09-04T14:04:08+0800</time>
        <extensions>
          <gpxtpx:TrackPointExtension>
            <gpxtpx:hr>146</gpxtpx:hr>
            <gpxtpx:cad>89</gpxtpx:cad>
          </gpxtpx:TrackPointExtension>
        </extensions>
      </trkpt>
      <trkpt lat="32.0176230557" lon="120.897108531">
        <ele>10.6</ele>
        <time>2026-09-04T14:04:09+0800</time>
        <extensions>
          <gpxtpx:TrackPointExtension>
            <gpxtpx:hr>146</gpxtpx:hr>
            <gpxtpx:cad>89</gpxtpx:cad>
          </gpxtpx:TrackPointExtension>
        </extensions>
      </trkpt>
      <trkpt lat="32.0176137518" lon="120.897143818">
        <ele>10.6</ele>
        <time>2026-09-04T14:04:10+0800</time>
        <extensions>
          <gpxtpx:TrackPointExtension>
            <gpxtpx:hr>146</gpxtpx:hr>
            <gpxtpx:cad>89</gpxtpx:cad>
          </gpxtpx:TrackPointExtension>
        </extensions>
      </trkpt>
      <trkpt lat="32.0176092256" lon="120.897171646">
        <ele>10.6</ele>
        <time>2026-09-04T14:04:11+0800</time>
        <extensions>
          <gpxtpx:TrackPointExtension>
            <gpxtpx:hr>146</gpxtpx:hr>
            <gpxtpx:cad>89</gpxtpx:cad>
          </gpxtpx:TrackPointExtension>
        </extensions>
      </trkpt>
      <trkpt lat="32.0176023524" lon="120.897210706">
        <ele>10.6</ele>
        <time>2026-09-04T14:04:12+0800</time>
        <extensions>
          <gpxtpx:TrackPointExtension>
            <gpxtpx:hr>145</gpxtpx:hr>
            <gpxtpx:cad>89</gpxtpx:cad>
          </gpxtpx:TrackPointExtension>
        </extensions>
      </trkpt>
      <trkpt lat="32.0175907016" lon="120.897237025">
        <ele>10.6</ele>
        <time>2026-09-04T14:04:13+0800</time>
        <extensions>
          <gpxtpx:TrackPointExtension>
            <gpxtpx:hr>146</gpxtpx:hr>
            <gpxtpx:cad>89</gpxtpx:cad>
          </gpxtpx:TrackPointExtension>
        </extensions>
      </trkpt>
      <trkpt lat="32.0175810624" lon="120.897267787">
        <ele>10.6</ele>
        <time>2026-09-04T14:04:14+0800</time>
        <extensions>
          <gpxtpx:TrackPointExtension>
            <gpxtpx:hr>146</gpxtpx:hr>
            <gpxtpx:cad>89</gpxtpx:cad>
          </gpxtpx:TrackPointExtension>
        </extensions>
      </trkpt>
      <trkpt lat="32.017579386" lon="120.897300309">
        <ele>10.6</ele>
        <time>2026-09-04T14:04:15+0800</time>
        <extensions>
          <gpxtpx:TrackPointExtension>
            <gpxtpx:hr>145</gpxtpx:hr>
            <gpxtpx:cad>89</gpxtpx:cad>
          </gpxtpx:TrackPointExtension>
        </extensions>
      </trkpt>
      <trkpt lat="32.0175735187" lon="120.897330735">
        <ele>10.6</ele>
        <time>2026-09-04T14:04:16+0800</time>
        <extensions>
          <gpxtpx:TrackPointExtension>
            <gpxtpx:hr>146</gpxtpx:hr>
            <gpxtpx:cad>89</gpxtpx:cad>
          </gpxtpx:TrackPointExtension>
        </extensions>
      </trkpt>
      <trkpt lat="32.0175651368" lon="120.897356384">
        <ele>10.6</ele>
        <time>2026-09-04T14:04:17+0800</time>
        <extensions>
          <gpxtpx:TrackPointExtension>
            <gpxtpx:hr>146</gpxtpx:hr>
            <gpxtpx:cad>89</gpxtpx:cad>
          </gpxtpx:TrackPointExtension>
        </extensions>
      </trkpt>
      <trkpt lat="32.0175569225" lon="120.89739209">
        <ele>10.6</ele>
        <time>2026-09-04T14:04:18+0800</time>
        <extensions>
          <gpxtpx:TrackPointExtension>
            <gpxtpx:hr>145</gpxtpx:hr>
            <gpxtpx:cad>89</gpxtpx:cad>
          </gpxtpx:TrackPointExtension>
        </extensions>
      </trkpt>
      <trkpt lat="32.0175425895" lon="120.89741623">
        <ele>10.6</ele>
        <time>2026-09-04T14:04:19+0800</time>
        <extensions>
          <gpxtpx:TrackPointExtension>
            <gpxtpx:hr>146</gpxtpx:hr>
            <gpxtpx:cad>89</gpxtpx:cad>
          </gpxtpx:TrackPointExtension>
        </extensions>
      </trkpt>
      <trkpt lat="32.0175361354" lon="120.897446992">
        <ele>10.6</ele>
        <time>2026-09-04T14:04:20+0800</time>
        <extensions>
          <gpxtpx:TrackPointExtension>
            <gpxtpx:hr>146</gpxtpx:hr>
            <gpxtpx:cad>89</gpxtpx:cad>
          </gpxtpx:TrackPointExtension>
        </extensions>
      </trkpt>
      <trkpt lat="32.0175255742" lon="120.89747658">
        <ele>10.6</ele>
        <time>2026-09-04T14:04:21+0800</time>
        <extensions>
          <gpxtpx:TrackPointExtension>
            <gpxtpx:hr>145</gpxtpx:hr>
            <gpxtpx:cad>89</gpxtpx:cad>
          </gpxtpx:TrackPointExtension>
        </extensions>
      </trkpt>
      <trkpt lat="32.0175213832" lon="120.897510611">
        <ele>10.6</ele>
        <time>2026-09-04T14:04:22+0800</time>
        <extensions>
          <gpxtpx:TrackPointExtension>
            <gpxtpx:hr>146</gpxtpx:hr>
            <gpxtpx:cad>89</gpxtpx:cad>
          </gpxtpx:TrackPointExtension>
        </extensions>
      </trkpt>
      <trkpt lat="32.0175085589" lon="120.897539947">
        <ele>10.4</ele>
        <time>2026-09-04T14:04:23+0800</time>
        <extensions>
          <gpxtpx:TrackPointExtension>
            <gpxtpx:hr>146</gpxtpx:hr>
            <gpxtpx:cad>89</gpxtpx:cad>
          </gpxtpx:TrackPointExtension>
        </extensions>
      </trkpt>
      <trkpt lat="32.017506212" lon="120.897572218">
        <ele>10.4</ele>
        <time>2026-09-04T14:04:24+0800</time>
        <extensions>
          <gpxtpx:TrackPointExtension>
            <gpxtpx:hr>145</gpxtpx:hr>
            <gpxtpx:cad>89</gpxtpx:cad>
          </gpxtpx:TrackPointExtension>
        </extensions>
      </trkpt>
      <trkpt lat="32.0174940582" lon="120.897604739">
        <ele>10.4</ele>
        <time>2026-09-04T14:04:25+0800</time>
        <extensions>
          <gpxtpx:TrackPointExtension>
            <gpxtpx:hr>146</gpxtpx:hr>
            <gpxtpx:cad>89</gpxtpx:cad>
          </gpxtpx:TrackPointExtension>
        </extensions>
      </trkpt>
      <trkpt lat="32.0174928848" lon="120.897635166">
        <ele>10.4</ele>
        <time>2026-09-04T14:04:26+0800</time>
        <extensions>
          <gpxtpx:TrackPointExtension>
            <gpxtpx:hr>146</gpxtpx:hr>
            <gpxtpx:cad>89</gpxtpx:cad>
          </gpxtpx:TrackPointExtension>
        </extensions>
      </trkpt>
      <trkpt lat="32.0174846705" lon="120.897673722">
        <ele>10.4</ele>
        <time>2026-09-04T14:04:27+0800</time>
        <extensions>
          <gpxtpx:TrackPointExtension>
            <gpxtpx:hr>145</gpxtpx:hr>
            <gpxtpx:cad>88</gpxtpx:cad>
          </gpxtpx:TrackPointExtension>
        </extensions>
      </trkpt>
      <trkpt lat="32.0174829941" lon="120.897699203">
        <ele>10.4</ele>
        <time>2026-09-04T14:04:28+0800</time>
        <extensions>
          <gpxtpx:TrackPointExtension>
            <gpxtpx:hr>146</gpxtpx:hr>
            <gpxtpx:cad>88</gpxtpx:cad>
          </gpxtpx:TrackPointExtension>
        </extensions>
      </trkpt>
      <trkpt lat="32.0174735226" lon="120.89773667">
        <ele>10.4</ele>
        <time>2026-09-04T14:04:29+0800</time>
        <extensions>
          <gpxtpx:TrackPointExtension>
            <gpxtpx:hr>146</gpxtpx:hr>
            <gpxtpx:cad>88</gpxtpx:cad>
          </gpxtpx:TrackPointExtension>
        </extensions>
      </trkpt>
      <trkpt lat="32.0174771268" lon="120.897764163">
        <ele>10.4</ele>
        <time>2026-09-04T14:04:30+0800</time>
        <extensions>
          <gpxtpx:TrackPointExtension>
            <gpxtpx:hr>145</gpxtpx:hr>
            <gpxtpx:cad>88</gpxtpx:cad>
          </gpxtpx:TrackPointExtension>
        </extensions>
      </trkpt>
      <trkpt lat="32.017470086" lon="120.89780272">
        <ele>10.4</ele>
        <time>2026-09-04T14:04:31+0800</time>
        <extensions>
          <gpxtpx:TrackPointExtension>
            <gpxtpx:hr>145</gpxtpx:hr>
            <gpxtpx:cad>88</gpxtpx:cad>
          </gpxtpx:TrackPointExtension>
        </extensions>
      </trkpt>
      <trkpt lat="32.0174612012" lon="120.897828788">
        <ele>10.4</ele>
        <time>2026-09-04T14:04:32+0800</time>
        <extensions>
          <gpxtpx:TrackPointExtension>
            <gpxtpx:hr>145</gpxtpx:hr>
            <gpxtpx:cad>88</gpxtpx:cad>
          </gpxtpx:TrackPointExtension>
        </extensions>
      </trkpt>
      <trkpt lat="32.0174533222" lon="120.897865416">
        <ele>10.4</ele>
        <time>2026-09-04T14:04:33+0800</time>
        <extensions>
          <gpxtpx:TrackPointExtension>
            <gpxtpx:hr>145</gpxtpx:hr>
            <gpxtpx:cad>88</gpxtpx:cad>
          </gpxtpx:TrackPointExtension>
        </extensions>
      </trkpt>
      <trkpt lat="32.0174518134" lon="120.897892322">
        <ele>10.4</ele>
        <time>2026-09-04T14:04:34+0800</time>
        <extensions>
          <gpxtpx:TrackPointExtension>
            <gpxtpx:hr>146</gpxtpx:hr>
            <gpxtpx:cad>88</gpxtpx:cad>
          </gpxtpx:TrackPointExtension>
        </extensions>
      </trkpt>
      <trkpt lat="32.0174431801" lon="120.897931466">
        <ele>10.4</ele>
        <time>2026-09-04T14:04:35+0800</time>
        <extensions>
          <gpxtpx:TrackPointExtension>
            <gpxtpx:hr>145</gpxtpx:hr>
            <gpxtpx:cad>88</gpxtpx:cad>
          </gpxtpx:TrackPointExtension>
        </extensions>
      </trkpt>
      <trkpt lat="32.0174384024" lon="120.897959797">
        <ele>10.6</ele>
        <time>2026-09-04T14:04:36+0800</time>
        <extensions>
          <gpxtpx:TrackPointExtension>
            <gpxtpx:hr>146</gpxtpx:hr>
            <gpxtpx:cad>88</gpxtpx:cad>
          </gpxtpx:TrackPointExtension>
        </extensions>
      </trkpt>
      <trkpt lat="32.0174292661" lon="120.897998689">
        <ele>10.6</ele>
        <time>2026-09-04T14:04:37+0800</time>
        <extensions>
          <gpxtpx:TrackPointExtension>
            <gpxtpx:hr>146</gpxtpx:hr>
            <gpxtpx:cad>89</gpxtpx:cad>
          </gpxtpx:TrackPointExtension>
        </extensions>
      </trkpt>
      <trkpt lat="32.0174174476" lon="120.898024254">
        <ele>10.6</ele>
        <time>2026-09-04T14:04:38+0800</time>
        <extensions>
          <gpxtpx:TrackPointExtension>
            <gpxtpx:hr>146</gpxtpx:hr>
            <gpxtpx:cad>89</gpxtpx:cad>
          </gpxtpx:TrackPointExtension>
        </extensions>
      </trkpt>
      <trkpt lat="32.0174083952" lon="120.89805929">
        <ele>10.6</ele>
        <time>2026-09-04T14:04:39+0800</time>
        <extensions>
          <gpxtpx:TrackPointExtension>
            <gpxtpx:hr>145</gpxtpx:hr>
            <gpxtpx:cad>89</gpxtpx:cad>
          </gpxtpx:TrackPointExtension>
        </extensions>
      </trkpt>
      <trkpt lat="32.0174017735" lon="120.898087369">
        <ele>10.6</ele>
        <time>2026-09-04T14:04:40+0800</time>
        <extensions>
          <gpxtpx:TrackPointExtension>
            <gpxtpx:hr>146</gpxtpx:hr>
            <gpxtpx:cad>89</gpxtpx:cad>
          </gpxtpx:TrackPointExtension>
        </extensions>
      </trkpt>
      <trkpt lat="32.0173979178" lon="120.898124333">
        <ele>10.6</ele>
        <time>2026-09-04T14:04:41+0800</time>
        <extensions>
          <gpxtpx:TrackPointExtension>
            <gpxtpx:hr>146</gpxtpx:hr>
            <gpxtpx:cad>89</gpxtpx:cad>
          </gpxtpx:TrackPointExtension>
        </extensions>
      </trkpt>
      <trkpt lat="32.017386267" lon="120.898153083">
        <ele>10.8</ele>
        <time>2026-09-04T14:04:42+0800</time>
        <extensions>
          <gpxtpx:TrackPointExtension>
            <gpxtpx:hr>145</gpxtpx:hr>
            <gpxtpx:cad>88</gpxtpx:cad>
          </gpxtpx:TrackPointExtension>
        </extensions>
      </trkpt>
      <trkpt lat="32.0173815731" lon="120.898187784">
        <ele>10.8</ele>
        <time>2026-09-04T14:04:43+0800</time>
        <extensions>
          <gpxtpx:TrackPointExtension>
            <gpxtpx:hr>146</gpxtpx:hr>
            <gpxtpx:cad>89</gpxtpx:cad>
          </gpxtpx:TrackPointExtension>
        </extensions>
      </trkpt>
      <trkpt lat="32.017369587" lon="120.898217792">
        <ele>10.8</ele>
        <time>2026-09-04T14:04:44+0800</time>
        <extensions>
          <gpxtpx:TrackPointExtension>
            <gpxtpx:hr>146</gpxtpx:hr>
            <gpxtpx:cad>88</gpxtpx:cad>
          </gpxtpx:TrackPointExtension>
        </extensions>
      </trkpt>
      <trkpt lat="32.0173690002" lon="120.898250565">
        <ele>10.8</ele>
        <time>2026-09-04T14:04:45+0800</time>
        <extensions>
          <gpxtpx:TrackPointExtension>
            <gpxtpx:hr>145</gpxtpx:hr>
            <gpxtpx:cad>88</gpxtpx:cad>
          </gpxtpx:TrackPointExtension>
        </extensions>
      </trkpt>
      <trkpt lat="32.0173622109" lon="120.898281746">
        <ele>10.8</ele>
        <time>2026-09-04T14:04:46+0800</time>
        <extensions>
          <gpxtpx:TrackPointExtension>
            <gpxtpx:hr>146</gpxtpx:hr>
            <gpxtpx:cad>88</gpxtpx:cad>
          </gpxtpx:TrackPointExtension>
        </extensions>
      </trkpt>
      <trkpt lat="32.0173604507" lon="120.898311669">
        <ele>10.8</ele>
        <time>2026-09-04T14:04:47+0800</time>
        <extensions>
          <gpxtpx:TrackPointExtension>
            <gpxtpx:hr>146</gpxtpx:hr>
            <gpxtpx:cad>88</gpxtpx:cad>
          </gpxtpx:TrackPointExtension>
        </extensions>
      </trkpt>
      <trkpt lat="32.0173535775" lon="120.898344861">
        <ele>10.6</ele>
        <time>2026-09-04T14:04:48+0800</time>
        <extensions>
          <gpxtpx:TrackPointExtension>
            <gpxtpx:hr>147</gpxtpx:hr>
            <gpxtpx:cad>88</gpxtpx:cad>
          </gpxtpx:TrackPointExtension>
        </extensions>
      </trkpt>
      <trkpt lat="32.0173517335" lon="120.898374701">
        <ele>10.8</ele>
        <time>2026-09-04T14:04:49+0800</time>
        <extensions>
          <gpxtpx:TrackPointExtension>
            <gpxtpx:hr>148</gpxtpx:hr>
            <gpxtpx:cad>88</gpxtpx:cad>
          </gpxtpx:TrackPointExtension>
        </extensions>
      </trkpt>
      <trkpt lat="32.0173401665" lon="120.898408061">
        <ele>10.8</ele>
        <time>2026-09-04T14:04:50+0800</time>
        <extensions>
          <gpxtpx:TrackPointExtension>
            <gpxtpx:hr>148</gpxtpx:hr>
            <gpxtpx:cad>89</gpxtpx:cad>
          </gpxtpx:TrackPointExtension>
        </extensions>
      </trkpt>
      <trkpt lat="32.0173378196" lon="120.898438068">
        <ele>10.8</ele>
        <time>2026-09-04T14:04:51+0800</time>
        <extensions>
          <gpxtpx:TrackPointExtension>
            <gpxtpx:hr>149</gpxtpx:hr>
            <gpxtpx:cad>88</gpxtpx:cad>
          </gpxtpx:TrackPointExtension>
        </extensions>
      </trkpt>
      <trkpt lat="32.0173250791" lon="120.898474781">
        <ele>10.8</ele>
        <time>2026-09-04T14:04:52+0800</time>
        <extensions>
          <gpxtpx:TrackPointExtension>
            <gpxtpx:hr>149</gpxtpx:hr>
            <gpxtpx:cad>89</gpxtpx:cad>
          </gpxtpx:TrackPointExtension>
        </extensions>
      </trkpt>
      <trkpt lat="32.0173252467" lon="120.898496658">
        <ele>10.8</ele>
        <time>2026-09-04T14:04:53+0800</time>
        <extensions>
          <gpxtpx:TrackPointExtension>
            <gpxtpx:hr>149</gpxtpx:hr>
            <gpxtpx:cad>89</gpxtpx:cad>
          </gpxtpx:TrackPointExtension>
        </extensions>
      </trkpt>
      <trkpt lat="32.0173193794" lon="120.898531275">
        <ele>11.0</ele>
        <time>2026-09-04T14:04:54+0800</time>
        <extensions>
          <gpxtpx:TrackPointExtension>
            <gpxtpx:hr>149</gpxtpx:hr>
            <gpxtpx:cad>89</gpxtpx:cad>
          </gpxtpx:TrackPointExtension>
        </extensions>
      </trkpt>
      <trkpt lat="32.0173220616" lon="120.898558013">
        <ele>11.0</ele>
        <time>2026-09-04T14:04:55+0800</time>
        <extensions>
          <gpxtpx:TrackPointExtension>
            <gpxtpx:hr>150</gpxtpx:hr>
            <gpxtpx:cad>88</gpxtpx:cad>
          </gpxtpx:TrackPointExtension>
        </extensions>
      </trkpt>
      <trkpt lat="32.0173131768" lon="120.898592966">
        <ele>11.0</ele>
        <time>2026-09-04T14:04:56+0800</time>
        <extensions>
          <gpxtpx:TrackPointExtension>
            <gpxtpx:hr>150</gpxtpx:hr>
            <gpxtpx:cad>88</gpxtpx:cad>
          </gpxtpx:TrackPointExtension>
        </extensions>
      </trkpt>
      <trkpt lat="32.0173038729" lon="120.898618363">
        <ele>11.0</ele>
        <time>2026-09-04T14:04:57+0800</time>
        <extensions>
          <gpxtpx:TrackPointExtension>
            <gpxtpx:hr>150</gpxtpx:hr>
            <gpxtpx:cad>88</gpxtpx:cad>
          </gpxtpx:TrackPointExtension>
        </extensions>
      </trkpt>
      <trkpt lat="32.0172793977" lon="120.898647616">
        <ele>11.0</ele>
        <time>2026-09-04T14:04:58+0800</time>
        <extensions>
          <gpxtpx:TrackPointExtension>
            <gpxtpx:hr>150</gpxtpx:hr>
            <gpxtpx:cad>88</gpxtpx:cad>
          </gpxtpx:TrackPointExtension>
        </extensions>
      </trkpt>
      <trkpt lat="32.0172626339" lon="120.898669492">
        <ele>11.2</ele>
        <time>2026-09-04T14:04:59+0800</time>
        <extensions>
          <gpxtpx:TrackPointExtension>
            <gpxtpx:hr>150</gpxtpx:hr>
            <gpxtpx:cad>88</gpxtpx:cad>
          </gpxtpx:TrackPointExtension>
        </extensions>
      </trkpt>
      <trkpt lat="32.0172358956" lon="120.898687178">
        <ele>11.0</ele>
        <time>2026-09-04T14:05:00+0800</time>
        <extensions>
          <gpxtpx:TrackPointExtension>
            <gpxtpx:hr>151</gpxtpx:hr>
            <gpxtpx:cad>88</gpxtpx:cad>
          </gpxtpx:TrackPointExtension>
        </extensions>
      </trkpt>
      <trkpt lat="32.0172120072" lon="120.898698075">
        <ele>11.0</ele>
        <time>2026-09-04T14:05:01+0800</time>
        <extensions>
          <gpxtpx:TrackPointExtension>
            <gpxtpx:hr>151</gpxtpx:hr>
            <gpxtpx:cad>88</gpxtpx:cad>
          </gpxtpx:TrackPointExtension>
        </extensions>
      </trkpt>
      <trkpt lat="32.0171758812" lon="120.89869665">
        <ele>11.0</ele>
        <time>2026-09-04T14:05:02+0800</time>
        <extensions>
          <gpxtpx:TrackPointExtension>
            <gpxtpx:hr>151</gpxtpx:hr>
            <gpxtpx:cad>89</gpxtpx:cad>
          </gpxtpx:TrackPointExtension>
        </extensions>
      </trkpt>
      <trkpt lat="32.0171504002" lon="120.89869271">
        <ele>11.0</ele>
        <time>2026-09-04T14:05:03+0800</time>
        <extensions>
          <gpxtpx:TrackPointExtension>
            <gpxtpx:hr>152</gpxtpx:hr>
            <gpxtpx:cad>89</gpxtpx:cad>
          </gpxtpx:TrackPointExtension>
        </extensions>
      </trkpt>
      <trkpt lat="32.0171193033" lon="120.898685083">
        <ele>11.0</ele>
        <time>2026-09-04T14:05:04+0800</time>
        <extensions>
          <gpxtpx:TrackPointExtension>
            <gpxtpx:hr>152</gpxtpx:hr>
            <gpxtpx:cad>88</gpxtpx:cad>
          </gpxtpx:TrackPointExtension>
        </extensions>
      </trkpt>
      <trkpt lat="32.0170960017" lon="120.898674186">
        <ele>11.0</ele>
        <time>2026-09-04T14:05:05+0800</time>
        <extensions>
          <gpxtpx:TrackPointExtension>
            <gpxtpx:hr>153</gpxtpx:hr>
            <gpxtpx:cad>89</gpxtpx:cad>
          </gpxtpx:TrackPointExtension>
        </extensions>
      </trkpt>
      <trkpt lat="32.0170690119" lon="120.898662619">
        <ele>11.2</ele>
        <time>2026-09-04T14:05:06+0800</time>
        <extensions>
          <gpxtpx:TrackPointExtension>
            <gpxtpx:hr>153</gpxtpx:hr>
            <gpxtpx:cad>89</gpxtpx:cad>
          </gpxtpx:TrackPointExtension>
        </extensions>
      </trkpt>
      <trkpt lat="32.0170443691" lon="120.898652477">
        <ele>11.2</ele>
        <time>2026-09-04T14:05:07+0800</time>
        <extensions>
          <gpxtpx:TrackPointExtension>
            <gpxtpx:hr>153</gpxtpx:hr>
            <gpxtpx:cad>89</gpxtpx:cad>
          </gpxtpx:TrackPointExtension>
        </extensions>
      </trkpt>
      <trkpt lat="32.0170123503" lon="120.898645017">
        <ele>11.0</ele>
        <time>2026-09-04T14:05:08+0800</time>
        <extensions>
          <gpxtpx:TrackPointExtension>
            <gpxtpx:hr>153</gpxtpx:hr>
            <gpxtpx:cad>89</gpxtpx:cad>
          </gpxtpx:TrackPointExtension>
        </extensions>
      </trkpt>
      <trkpt lat="32.0169882942" lon="120.898633953">
        <ele>11.0</ele>
        <time>2026-09-04T14:05:09+0800</time>
        <extensions>
          <gpxtpx:TrackPointExtension>
            <gpxtpx:hr>153</gpxtpx:hr>
            <gpxtpx:cad>89</gpxtpx:cad>
          </gpxtpx:TrackPointExtension>
        </extensions>
      </trkpt>
      <trkpt lat="32.0169586223" lon="120.898625823">
        <ele>11.0</ele>
        <time>2026-09-04T14:05:10+0800</time>
        <extensions>
          <gpxtpx:TrackPointExtension>
            <gpxtpx:hr>153</gpxtpx:hr>
            <gpxtpx:cad>89</gpxtpx:cad>
          </gpxtpx:TrackPointExtension>
        </extensions>
      </trkpt>
      <trkpt lat="32.0169330575" lon="120.898615597">
        <ele>11.0</ele>
        <time>2026-09-04T14:05:11+0800</time>
        <extensions>
          <gpxtpx:TrackPointExtension>
            <gpxtpx:hr>153</gpxtpx:hr>
            <gpxtpx:cad>89</gpxtpx:cad>
          </gpxtpx:TrackPointExtension>
        </extensions>
      </trkpt>
      <trkpt lat="32.0169077441" lon="120.898614088">
        <ele>11.0</ele>
        <time>2026-09-04T14:05:12+0800</time>
        <extensions>
          <gpxtpx:TrackPointExtension>
            <gpxtpx:hr>154</gpxtpx:hr>
            <gpxtpx:cad>89</gpxtpx:cad>
          </gpxtpx:TrackPointExtension>
        </extensions>
      </trkpt>
      <trkpt lat="32.0168819278" lon="120.898603443">
        <ele>10.8</ele>
        <time>2026-09-04T14:05:13+0800</time>
        <extensions>
          <gpxtpx:TrackPointExtension>
            <gpxtpx:hr>154</gpxtpx:hr>
            <gpxtpx:cad>89</gpxtpx:cad>
          </gpxtpx:TrackPointExtension>
        </extensions>
      </trkpt>
      <trkpt lat="32.0168581232" lon="120.898593888">
        <ele>10.8</ele>
        <time>2026-09-04T14:05:14+0800</time>
        <extensions>
          <gpxtpx:TrackPointExtension>
            <gpxtpx:hr>154</gpxtpx:hr>
            <gpxtpx:cad>89</gpxtpx:cad>
          </gpxtpx:TrackPointExtension>
        </extensions>
      </trkpt>
      <trkpt lat="32.0168321393" lon="120.898579638">
        <ele>10.8</ele>
        <time>2026-09-04T14:05:15+0800</time>
        <extensions>
          <gpxtpx:TrackPointExtension>
            <gpxtpx:hr>155</gpxtpx:hr>
            <gpxtpx:cad>89</gpxtpx:cad>
          </gpxtpx:TrackPointExtension>
        </extensions>
      </trkpt>
      <trkpt lat="32.0168074965" lon="120.898573939">
        <ele>10.8</ele>
        <time>2026-09-04T14:05:16+0800</time>
        <extensions>
          <gpxtpx:TrackPointExtension>
            <gpxtpx:hr>155</gpxtpx:hr>
            <gpxtpx:cad>89</gpxtpx:cad>
          </gpxtpx:TrackPointExtension>
        </extensions>
      </trkpt>
      <trkpt lat="32.016783189" lon="120.898561282">
        <ele>10.8</ele>
        <time>2026-09-04T14:05:17+0800</time>
        <extensions>
          <gpxtpx:TrackPointExtension>
            <gpxtpx:hr>155</gpxtpx:hr>
            <gpxtpx:cad>89</gpxtpx:cad>
          </gpxtpx:TrackPointExtension>
        </extensions>
      </trkpt>
      <trkpt lat="32.0167587977" lon="120.898554493">
        <ele>10.8</ele>
        <time>2026-09-04T14:05:18+0800</time>
        <extensions>
          <gpxtpx:TrackPointExtension>
            <gpxtpx:hr>156</gpxtpx:hr>
            <gpxtpx:cad>89</gpxtpx:cad>
          </gpxtpx:TrackPointExtension>
        </extensions>
      </trkpt>
      <trkpt lat="32.0167281199" lon="120.898538735">
        <ele>10.8</ele>
        <time>2026-09-04T14:05:19+0800</time>
        <extensions>
          <gpxtpx:TrackPointExtension>
            <gpxtpx:hr>156</gpxtpx:hr>
            <gpxtpx:cad>90</gpxtpx:cad>
          </gpxtpx:TrackPointExtension>
        </extensions>
      </trkpt>
      <trkpt lat="32.0167000405" lon="120.898534963">
        <ele>10.8</ele>
        <time>2026-09-04T14:05:20+0800</time>
        <extensions>
          <gpxtpx:TrackPointExtension>
            <gpxtpx:hr>156</gpxtpx:hr>
            <gpxtpx:cad>89</gpxtpx:cad>
          </gpxtpx:TrackPointExtension>
        </extensions>
      </trkpt>
      <trkpt lat="32.0166681055" lon="120.898521887">
        <ele>10.8</ele>
        <time>2026-09-04T14:05:21+0800</time>
        <extensions>
          <gpxtpx:TrackPointExtension>
            <gpxtpx:hr>155</gpxtpx:hr>
            <gpxtpx:cad>89</gpxtpx:cad>
          </gpxtpx:TrackPointExtension>
        </extensions>
      </trkpt>
      <trkpt lat="32.0166384336" lon="120.898513086">
        <ele>11.0</ele>
        <time>2026-09-04T14:05:22+0800</time>
        <extensions>
          <gpxtpx:TrackPointExtension>
            <gpxtpx:hr>156</gpxtpx:hr>
            <gpxtpx:cad>89</gpxtpx:cad>
          </gpxtpx:TrackPointExtension>
        </extensions>
      </trkpt>
      <trkpt lat="32.0165998768" lon="120.898499424">
        <ele>10.8</ele>
        <time>2026-09-04T14:05:23+0800</time>
        <extensions>
          <gpxtpx:TrackPointExtension>
            <gpxtpx:hr>156</gpxtpx:hr>
            <gpxtpx:cad>90</gpxtpx:cad>
          </gpxtpx:TrackPointExtension>
        </extensions>
      </trkpt>
      <trkpt lat="32.0165574644" lon="120.898488779">
        <ele>11.0</ele>
        <time>2026-09-04T14:05:24+0800</time>
        <extensions>
          <gpxtpx:TrackPointExtension>
            <gpxtpx:hr>156</gpxtpx:hr>
            <gpxtpx:cad>90</gpxtpx:cad>
          </gpxtpx:TrackPointExtension>
        </extensions>
      </trkpt>
      <trkpt lat="32.0165214222" lon="120.898467405">
        <ele>11.0</ele>
        <time>2026-09-04T14:05:25+0800</time>
        <extensions>
          <gpxtpx:TrackPointExtension>
            <gpxtpx:hr>156</gpxtpx:hr>
            <gpxtpx:cad>91</gpxtpx:cad>
          </gpxtpx:TrackPointExtension>
        </extensions>
      </trkpt>
      <trkpt lat="32.0164751541" lon="120.898445779">
        <ele>11.0</ele>
        <time>2026-09-04T14:05:26+0800</time>
        <extensions>
          <gpxtpx:TrackPointExtension>
            <gpxtpx:hr>156</gpxtpx:hr>
            <gpxtpx:cad>92</gpxtpx:cad>
          </gpxtpx:TrackPointExtension>
        </extensions>
      </trkpt>
      <trkpt lat="32.0164426323" lon="120.898430776">
        <ele>11.0</ele>
        <time>2026-09-04T14:05:27+0800</time>
        <extensions>
          <gpxtpx:TrackPointExtension>
            <gpxtpx:hr>157</gpxtpx:hr>
            <gpxtpx:cad>93</gpxtpx:cad>
          </gpxtpx:TrackPointExtension>
        </extensions>
      </trkpt>
      <trkpt lat="32.0163926762" lon="120.898415688">
        <ele>11.2</ele>
        <time>2026-09-04T14:05:28+0800</time>
        <extensions>
          <gpxtpx:TrackPointExtension>
            <gpxtpx:hr>157</gpxtpx:hr>
            <gpxtpx:cad>94</gpxtpx:cad>
          </gpxtpx:TrackPointExtension>
        </extensions>
      </trkpt>
      <trkpt lat="32.0163536165" lon="120.898412168">
        <ele>11.0</ele>
        <time>2026-09-04T14:05:29+0800</time>
        <extensions>
          <gpxtpx:TrackPointExtension>
            <gpxtpx:hr>157</gpxtpx:hr>
            <gpxtpx:cad>94</gpxtpx:cad>
          </gpxtpx:TrackPointExtension>
        </extensions>
      </trkpt>
      <trkpt lat="32.0163123775" lon="120.898395404">
        <ele>11.0</ele>
        <time>2026-09-04T14:05:30+0800</time>
        <extensions>
          <gpxtpx:TrackPointExtension>
            <gpxtpx:hr>157</gpxtpx:hr>
            <gpxtpx:cad>94</gpxtpx:cad>
          </gpxtpx:TrackPointExtension>
        </extensions>
      </trkpt>
      <trkpt lat="32.0162646845" lon="120.898380065">
        <ele>10.6</ele>
        <time>2026-09-04T14:05:31+0800</time>
        <extensions>
          <gpxtpx:TrackPointExtension>
            <gpxtpx:hr>157</gpxtpx:hr>
            <gpxtpx:cad>95</gpxtpx:cad>
          </gpxtpx:TrackPointExtension>
        </extensions>
      </trkpt>
      <trkpt lat="32.0162296481" lon="120.898366403">
        <ele>10.4</ele>
        <time>2026-09-04T14:05:32+0800</time>
        <extensions>
          <gpxtpx:TrackPointExtension>
            <gpxtpx:hr>157</gpxtpx:hr>
            <gpxtpx:cad>95</gpxtpx:cad>
          </gpxtpx:TrackPointExtension>
        </extensions>
      </trkpt>
      <trkpt lat="32.0161764231" lon="120.89835031">
        <ele>10.4</ele>
        <time>2026-09-04T14:05:33+0800</time>
        <extensions>
          <gpxtpx:TrackPointExtension>
            <gpxtpx:hr>156</gpxtpx:hr>
            <gpxtpx:cad>95</gpxtpx:cad>
          </gpxtpx:TrackPointExtension>
        </extensions>
      </trkpt>
      <trkpt lat="32.0161379501" lon="120.898336228">
        <ele>10.2</ele>
        <time>2026-09-04T14:05:34+0800</time>
        <extensions>
          <gpxtpx:TrackPointExtension>
            <gpxtpx:hr>157</gpxtpx:hr>
            <gpxtpx:cad>95</gpxtpx:cad>
          </gpxtpx:TrackPointExtension>
        </extensions>
      </trkpt>
      <trkpt lat="32.0160941128" lon="120.898316279">
        <ele>10.2</ele>
        <time>2026-09-04T14:05:35+0800</time>
        <extensions>
          <gpxtpx:TrackPointExtension>
            <gpxtpx:hr>157</gpxtpx:hr>
            <gpxtpx:cad>95</gpxtpx:cad>
          </gpxtpx:TrackPointExtension>
        </extensions>
      </trkpt>
      <trkpt lat="32.0160514489" lon="120.898306388">
        <ele>10.2</ele>
        <time>2026-09-04T14:05:36+0800</time>
        <extensions>
          <gpxtpx:TrackPointExtension>
            <gpxtpx:hr>157</gpxtpx:hr>
            <gpxtpx:cad>95</gpxtpx:cad>
          </gpxtpx:TrackPointExtension>
        </extensions>
      </trkpt>
      <trkpt lat="32.0160125569" lon="120.898291888">
        <ele>10.4</ele>
        <time>2026-09-04T14:05:37+0800</time>
        <extensions>
          <gpxtpx:TrackPointExtension>
            <gpxtpx:hr>158</gpxtpx:hr>
            <gpxtpx:cad>95</gpxtpx:cad>
          </gpxtpx:TrackPointExtension>
        </extensions>
      </trkpt>
      <trkpt lat="32.0159641095" lon="120.89827898">
        <ele>10.4</ele>
        <time>2026-09-04T14:05:38+0800</time>
        <extensions>
          <gpxtpx:TrackPointExtension>
            <gpxtpx:hr>159</gpxtpx:hr>
            <gpxtpx:cad>95</gpxtpx:cad>
          </gpxtpx:TrackPointExtension>
        </extensions>
      </trkpt>
      <trkpt lat="32.015932342" lon="120.898272945">
        <ele>10.4</ele>
        <time>2026-09-04T14:05:39+0800</time>
        <extensions>
          <gpxtpx:TrackPointExtension>
            <gpxtpx:hr>159</gpxtpx:hr>
            <gpxtpx:cad>95</gpxtpx:cad>
          </gpxtpx:TrackPointExtension>
        </extensions>
      </trkpt>
      <trkpt lat="32.0158815477" lon="120.898253918">
        <ele>10.4</ele>
        <time>2026-09-04T14:05:40+0800</time>
        <extensions>
          <gpxtpx:TrackPointExtension>
            <gpxtpx:hr>161</gpxtpx:hr>
            <gpxtpx:cad>95</gpxtpx:cad>
          </gpxtpx:TrackPointExtension>
        </extensions>
      </trkpt>
      <trkpt lat="32.0158543903" lon="120.898247045">
        <ele>10.4</ele>
        <time>2026-09-04T14:05:41+0800</time>
        <extensions>
          <gpxtpx:TrackPointExtension>
            <gpxtpx:hr>161</gpxtpx:hr>
            <gpxtpx:cad>95</gpxtpx:cad>
          </gpxtpx:TrackPointExtension>
        </extensions>
      </trkpt>
      <trkpt lat="32.0158130676" lon="120.898226509">
        <ele>10.4</ele>
        <time>2026-09-04T14:05:42+0800</time>
        <extensions>
          <gpxtpx:TrackPointExtension>
            <gpxtpx:hr>162</gpxtpx:hr>
            <gpxtpx:cad>94</gpxtpx:cad>
          </gpxtpx:TrackPointExtension>
        </extensions>
      </trkpt>
      <trkpt lat="32.0157714933" lon="120.898209577">
        <ele>10.4</ele>
        <time>2026-09-04T14:05:43+0800</time>
        <extensions>
          <gpxtpx:TrackPointExtension>
            <gpxtpx:hr>163</gpxtpx:hr>
            <gpxtpx:cad>94</gpxtpx:cad>
          </gpxtpx:TrackPointExtension>
        </extensions>
      </trkpt>
      <trkpt lat="32.0157339424" lon="120.898194993">
        <ele>10.4</ele>
        <time>2026-09-04T14:05:44+0800</time>
        <extensions>
          <gpxtpx:TrackPointExtension>
            <gpxtpx:hr>163</gpxtpx:hr>
            <gpxtpx:cad>93</gpxtpx:cad>
          </gpxtpx:TrackPointExtension>
        </extensions>
      </trkpt>
      <trkpt lat="32.0156895183" lon="120.898179151">
        <ele>10.4</ele>
        <time>2026-09-04T14:05:45+0800</time>
        <extensions>
          <gpxtpx:TrackPointExtension>
            <gpxtpx:hr>163</gpxtpx:hr>
            <gpxtpx:cad>93</gpxtpx:cad>
          </gpxtpx:TrackPointExtension>
        </extensions>
      </trkpt>
      <trkpt lat="32.0156595949" lon="120.89817211">
        <ele>10.4</ele>
        <time>2026-09-04T14:05:46+0800</time>
        <extensions>
          <gpxtpx:TrackPointExtension>
            <gpxtpx:hr>164</gpxtpx:hr>
            <gpxtpx:cad>93</gpxtpx:cad>
          </gpxtpx:TrackPointExtension>
        </extensions>
      </trkpt>
      <trkpt lat="32.0156111475" lon="120.898153335">
        <ele>10.4</ele>
        <time>2026-09-04T14:05:47+0800</time>
        <extensions>
          <gpxtpx:TrackPointExtension>
            <gpxtpx:hr>165</gpxtpx:hr>
            <gpxtpx:cad>93</gpxtpx:cad>
          </gpxtpx:TrackPointExtension>
        </extensions>
      </trkpt>
      <trkpt lat="32.0155778714" lon="120.898141265">
        <ele>10.2</ele>
        <time>2026-09-04T14:05:48+0800</time>
        <extensions>
          <gpxtpx:TrackPointExtension>
            <gpxtpx:hr>165</gpxtpx:hr>
            <gpxtpx:cad>93</gpxtpx:cad>
          </gpxtpx:TrackPointExtension>
        </extensions>
      </trkpt>
      <trkpt lat="32.015526155" lon="120.898122741">
        <ele>10.4</ele>
        <time>2026-09-04T14:05:49+0800</time>
        <extensions>
          <gpxtpx:TrackPointExtension>
            <gpxtpx:hr>166</gpxtpx:hr>
            <gpxtpx:cad>93</gpxtpx:cad>
          </gpxtpx:TrackPointExtension>
        </extensions>
      </trkpt>
      <trkpt lat="32.0154922921" lon="120.89811679">
        <ele>10.4</ele>
        <time>2026-09-04T14:05:50+0800</time>
        <extensions>
          <gpxtpx:TrackPointExtension>
            <gpxtpx:hr>167</gpxtpx:hr>
            <gpxtpx:cad>93</gpxtpx:cad>
          </gpxtpx:TrackPointExtension>
        </extensions>
      </trkpt>
      <trkpt lat="32.0154474489" lon="120.898101116">
        <ele>10.4</ele>
        <time>2026-09-04T14:05:51+0800</time>
        <extensions>
          <gpxtpx:TrackPointExtension>
            <gpxtpx:hr>167</gpxtpx:hr>
            <gpxtpx:cad>93</gpxtpx:cad>
          </gpxtpx:TrackPointExtension>
        </extensions>
      </trkpt>
      <trkpt lat="32.0154106524" lon="120.898092901">
        <ele>10.4</ele>
        <time>2026-09-04T14:05:52+0800</time>
        <extensions>
          <gpxtpx:TrackPointExtension>
            <gpxtpx:hr>168</gpxtpx:hr>
            <gpxtpx:cad>93</gpxtpx:cad>
          </gpxtpx:TrackPointExtension>
        </extensions>
      </trkpt>
      <trkpt lat="32.0153658092" lon="120.898075299">
        <ele>10.6</ele>
        <time>2026-09-04T14:05:53+0800</time>
        <extensions>
          <gpxtpx:TrackPointExtension>
            <gpxtpx:hr>169</gpxtpx:hr>
            <gpxtpx:cad>93</gpxtpx:cad>
          </gpxtpx:TrackPointExtension>
        </extensions>
      </trkpt>
      <trkpt lat="32.0153289288" lon="120.898060799">
        <ele>10.6</ele>
        <time>2026-09-04T14:05:54+0800</time>
        <extensions>
          <gpxtpx:TrackPointExtension>
            <gpxtpx:hr>170</gpxtpx:hr>
            <gpxtpx:cad>93</gpxtpx:cad>
          </gpxtpx:TrackPointExtension>
        </extensions>
      </trkpt>
      <trkpt lat="32.0152989216" lon="120.898046801">
        <ele>10.6</ele>
        <time>2026-09-04T14:05:55+0800</time>
        <extensions>
          <gpxtpx:TrackPointExtension>
            <gpxtpx:hr>170</gpxtpx:hr>
            <gpxtpx:cad>93</gpxtpx:cad>
          </gpxtpx:TrackPointExtension>
        </extensions>
      </trkpt>
      <trkpt lat="32.0152603649" lon="120.898032384">
        <ele>10.8</ele>
        <time>2026-09-04T14:05:56+0800</time>
        <extensions>
          <gpxtpx:TrackPointExtension>
            <gpxtpx:hr>170</gpxtpx:hr>
            <gpxtpx:cad>93</gpxtpx:cad>
          </gpxtpx:TrackPointExtension>
        </extensions>
      </trkpt>
      <trkpt lat="32.0152252447" lon="120.898026433">
        <ele>10.8</ele>
        <time>2026-09-04T14:05:57+0800</time>
        <extensions>
          <gpxtpx:TrackPointExtension>
            <gpxtpx:hr>170</gpxtpx:hr>
            <gpxtpx:cad>93</gpxtpx:cad>
          </gpxtpx:TrackPointExtension>
        </extensions>
      </trkpt>
      <trkpt lat="32.0151745342" lon="120.898011094">
        <ele>10.8</ele>
        <time>2026-09-04T14:05:58+0800</time>
        <extensions>
          <gpxtpx:TrackPointExtension>
            <gpxtpx:hr>170</gpxtpx:hr>
            <gpxtpx:cad>93</gpxtpx:cad>
          </gpxtpx:TrackPointExtension>
        </extensions>
      </trkpt>
      <trkpt lat="32.0151438564" lon="120.898008412">
        <ele>10.8</ele>
        <time>2026-09-04T14:05:59+0800</time>
        <extensions>
          <gpxtpx:TrackPointExtension>
            <gpxtpx:hr>170</gpxtpx:hr>
            <gpxtpx:cad>93</gpxtpx:cad>
          </gpxtpx:TrackPointExtension>
        </extensions>
      </trkpt>
      <trkpt lat="32.0150936488" lon="120.897987122">
        <ele>11.0</ele>
        <time>2026-09-04T14:06:00+0800</time>
        <extensions>
          <gpxtpx:TrackPointExtension>
            <gpxtpx:hr>171</gpxtpx:hr>
            <gpxtpx:cad>93</gpxtpx:cad>
          </gpxtpx:TrackPointExtension>
        </extensions>
      </trkpt>
      <trkpt lat="32.0150579419" lon="120.897978237">
        <ele>11.0</ele>
        <time>2026-09-04T14:06:01+0800</time>
        <extensions>
          <gpxtpx:TrackPointExtension>
            <gpxtpx:hr>171</gpxtpx:hr>
            <gpxtpx:cad>93</gpxtpx:cad>
          </gpxtpx:TrackPointExtension>
        </extensions>
      </trkpt>
      <trkpt lat="32.0150161162" lon="120.897960132">
        <ele>11.2</ele>
        <time>2026-09-04T14:06:02+0800</time>
        <extensions>
          <gpxtpx:TrackPointExtension>
            <gpxtpx:hr>171</gpxtpx:hr>
            <gpxtpx:cad>93</gpxtpx:cad>
          </gpxtpx:TrackPointExtension>
        </extensions>
      </trkpt>
      <trkpt lat="32.0149804931" lon="120.897950912">
        <ele>11.2</ele>
        <time>2026-09-04T14:06:03+0800</time>
        <extensions>
          <gpxtpx:TrackPointExtension>
            <gpxtpx:hr>171</gpxtpx:hr>
            <gpxtpx:cad>93</gpxtpx:cad>
          </gpxtpx:TrackPointExtension>
        </extensions>
      </trkpt>
      <trkpt lat="32.0149454568" lon="120.897937166">
        <ele>11.2</ele>
        <time>2026-09-04T14:06:04+0800</time>
        <extensions>
          <gpxtpx:TrackPointExtension>
            <gpxtpx:hr>171</gpxtpx:hr>
            <gpxtpx:cad>93</gpxtpx:cad>
          </gpxtpx:TrackPointExtension>
        </extensions>
      </trkpt>
      <trkpt lat="32.0149072353" lon="120.897923">
        <ele>11.2</ele>
        <time>2026-09-04T14:06:05+0800</time>
        <extensions>
          <gpxtpx:TrackPointExtension>
            <gpxtpx:hr>170</gpxtpx:hr>
            <gpxtpx:cad>93</gpxtpx:cad>
          </gpxtpx:TrackPointExtension>
        </extensions>
      </trkpt>
      <trkpt lat="32.0148753002" lon="120.89791378">
        <ele>11.4</ele>
        <time>2026-09-04T14:06:06+0800</time>
        <extensions>
          <gpxtpx:TrackPointExtension>
            <gpxtpx:hr>170</gpxtpx:hr>
            <gpxtpx:cad>93</gpxtpx:cad>
          </gpxtpx:TrackPointExtension>
        </extensions>
      </trkpt>
      <trkpt lat="32.0148278587" lon="120.897895759">
        <ele>11.4</ele>
        <time>2026-09-04T14:06:07+0800</time>
        <extensions>
          <gpxtpx:TrackPointExtension>
            <gpxtpx:hr>170</gpxtpx:hr>
            <gpxtpx:cad>93</gpxtpx:cad>
          </gpxtpx:TrackPointExtension>
        </extensions>
      </trkpt>
      <trkpt lat="32.0147885475" lon="120.897890814">
        <ele>11.4</ele>
        <time>2026-09-04T14:06:08+0800</time>
        <extensions>
          <gpxtpx:TrackPointExtension>
            <gpxtpx:hr>170</gpxtpx:hr>
            <gpxtpx:cad>93</gpxtpx:cad>
          </gpxtpx:TrackPointExtension>
        </extensions>
      </trkpt>
      <trkpt lat="32.0147417765" lon="120.897877989">
        <ele>11.4</ele>
        <time>2026-09-04T14:06:09+0800</time>
        <extensions>
          <gpxtpx:TrackPointExtension>
            <gpxtpx:hr>170</gpxtpx:hr>
            <gpxtpx:cad>93</gpxtpx:cad>
          </gpxtpx:TrackPointExtension>
        </extensions>
      </trkpt>
      <trkpt lat="32.0146953408" lon="120.897869356">
        <ele>11.4</ele>
        <time>2026-09-04T14:06:10+0800</time>
        <extensions>
          <gpxtpx:TrackPointExtension>
            <gpxtpx:hr>171</gpxtpx:hr>
            <gpxtpx:cad>93</gpxtpx:cad>
          </gpxtpx:TrackPointExtension>
        </extensions>
      </trkpt>
      <trkpt lat="32.0146538503" lon="120.897853849">
        <ele>11.4</ele>
        <time>2026-09-04T14:06:11+0800</time>
        <extensions>
          <gpxtpx:TrackPointExtension>
            <gpxtpx:hr>170</gpxtpx:hr>
            <gpxtpx:cad>94</gpxtpx:cad>
          </gpxtpx:TrackPointExtension>
        </extensions>
      </trkpt>
      <trkpt lat="32.0146023016" lon="120.897832811">
        <ele>11.4</ele>
        <time>2026-09-04T14:06:12+0800</time>
        <extensions>
          <gpxtpx:TrackPointExtension>
            <gpxtpx:hr>171</gpxtpx:hr>
            <gpxtpx:cad>94</gpxtpx:cad>
          </gpxtpx:TrackPointExtension>
        </extensions>
      </trkpt>
      <trkpt lat="32.0145709533" lon="120.897805821">
        <ele>11.6</ele>
        <time>2026-09-04T14:06:13+0800</time>
        <extensions>
          <gpxtpx:TrackPointExtension>
            <gpxtpx:hr>171</gpxtpx:hr>
            <gpxtpx:cad>94</gpxtpx:cad>
          </gpxtpx:TrackPointExtension>
        </extensions>
      </trkpt>
      <trkpt lat="32.0145246014" lon="120.897773551">
        <ele>11.6</ele>
        <time>2026-09-04T14:06:14+0800</time>
        <extensions>
          <gpxtpx:TrackPointExtension>
            <gpxtpx:hr>171</gpxtpx:hr>
            <gpxtpx:cad>94</gpxtpx:cad>
          </gpxtpx:TrackPointExtension>
        </extensions>
      </trkpt>
      <trkpt lat="32.0144945104" lon="120.897750501">
        <ele>11.8</ele>
        <time>2026-09-04T14:06:15+0800</time>
        <extensions>
          <gpxtpx:TrackPointExtension>
            <gpxtpx:hr>171</gpxtpx:hr>
            <gpxtpx:cad>94</gpxtpx:cad>
          </gpxtpx:TrackPointExtension>
        </extensions>
      </trkpt>
      <trkpt lat="32.0144617371" lon="120.89770331">
        <ele>11.8</ele>
        <time>2026-09-04T14:06:16+0800</time>
        <extensions>
          <gpxtpx:TrackPointExtension>
            <gpxtpx:hr>171</gpxtpx:hr>
            <gpxtpx:cad>94</gpxtpx:cad>
          </gpxtpx:TrackPointExtension>
        </extensions>
      </trkpt>
      <trkpt lat="32.0144376811" lon="120.897663664">
        <ele>11.8</ele>
        <time>2026-09-04T14:06:17+0800</time>
        <extensions>
          <gpxtpx:TrackPointExtension>
            <gpxtpx:hr>171</gpxtpx:hr>
            <gpxtpx:cad>94</gpxtpx:cad>
          </gpxtpx:TrackPointExtension>
        </extensions>
      </trkpt>
      <trkpt lat="32.0144215878" lon="120.897614127">
        <ele>12.0</ele>
        <time>2026-09-04T14:06:18+0800</time>
        <extensions>
          <gpxtpx:TrackPointExtension>
            <gpxtpx:hr>171</gpxtpx:hr>
            <gpxtpx:cad>93</gpxtpx:cad>
          </gpxtpx:TrackPointExtension>
        </extensions>
      </trkpt>
      <trkpt lat="32.0144023094" lon="120.897560986">
        <ele>12.0</ele>
        <time>2026-09-04T14:06:19+0800</time>
        <extensions>
          <gpxtpx:TrackPointExtension>
            <gpxtpx:hr>171</gpxtpx:hr>
            <gpxtpx:cad>93</gpxtpx:cad>
          </gpxtpx:TrackPointExtension>
        </extensions>
      </trkpt>
      <trkpt lat="32.0143905748" lon="120.897516394">
        <ele>12.0</ele>
        <time>2026-09-04T14:06:20+0800</time>
        <extensions>
          <gpxtpx:TrackPointExtension>
            <gpxtpx:hr>172</gpxtpx:hr>
            <gpxtpx:cad>93</gpxtpx:cad>
          </gpxtpx:TrackPointExtension>
        </extensions>
      </trkpt>
      <trkpt lat="32.0143763255" lon="120.897470964">
        <ele>12.0</ele>
        <time>2026-09-04T14:06:21+0800</time>
        <extensions>
          <gpxtpx:TrackPointExtension>
            <gpxtpx:hr>171</gpxtpx:hr>
            <gpxtpx:cad>93</gpxtpx:cad>
          </gpxtpx:TrackPointExtension>
        </extensions>
      </trkpt>
      <trkpt lat="32.0143605676" lon="120.897429725">
        <ele>11.8</ele>
        <time>2026-09-04T14:06:22+0800</time>
        <extensions>
          <gpxtpx:TrackPointExtension>
            <gpxtpx:hr>171</gpxtpx:hr>
            <gpxtpx:cad>93</gpxtpx:cad>
          </gpxtpx:TrackPointExtension>
        </extensions>
      </trkpt>
      <trkpt lat="32.0143433847" lon="120.897385888">
        <ele>11.8</ele>
        <time>2026-09-04T14:06:23+0800</time>
        <extensions>
          <gpxtpx:TrackPointExtension>
            <gpxtpx:hr>172</gpxtpx:hr>
            <gpxtpx:cad>93</gpxtpx:cad>
          </gpxtpx:TrackPointExtension>
        </extensions>
      </trkpt>
      <trkpt lat="32.0143242739" lon="120.897348924">
        <ele>11.6</ele>
        <time>2026-09-04T14:06:24+0800</time>
        <extensions>
          <gpxtpx:TrackPointExtension>
            <gpxtpx:hr>171</gpxtpx:hr>
            <gpxtpx:cad>93</gpxtpx:cad>
          </gpxtpx:TrackPointExtension>
        </extensions>
      </trkpt>
      <trkpt lat="32.0143092703" lon="120.897294944">
        <ele>11.6</ele>
        <time>2026-09-04T14:06:25+0800</time>
        <extensions>
          <gpxtpx:TrackPointExtension>
            <gpxtpx:hr>172</gpxtpx:hr>
            <gpxtpx:cad>93</gpxtpx:cad>
          </gpxtpx:TrackPointExtension>
        </extensions>
      </trkpt>
      <trkpt lat="32.0142934285" lon="120.897251442">
        <ele>11.6</ele>
        <time>2026-09-04T14:06:26+0800</time>
        <extensions>
          <gpxtpx:TrackPointExtension>
            <gpxtpx:hr>172</gpxtpx:hr>
            <gpxtpx:cad>93</gpxtpx:cad>
          </gpxtpx:TrackPointExtension>
        </extensions>
      </trkpt>
      <trkpt lat="32.0142831188" lon="120.897201905">
        <ele>11.4</ele>
        <time>2026-09-04T14:06:27+0800</time>
        <extensions>
          <gpxtpx:TrackPointExtension>
            <gpxtpx:hr>172</gpxtpx:hr>
            <gpxtpx:cad>93</gpxtpx:cad>
          </gpxtpx:TrackPointExtension>
        </extensions>
      </trkpt>
      <trkpt lat="32.0142675284" lon="120.897160331">
        <ele>11.4</ele>
        <time>2026-09-04T14:06:28+0800</time>
        <extensions>
          <gpxtpx:TrackPointExtension>
            <gpxtpx:hr>172</gpxtpx:hr>
            <gpxtpx:cad>93</gpxtpx:cad>
          </gpxtpx:TrackPointExtension>
        </extensions>
      </trkpt>
      <trkpt lat="32.0142606553" lon="120.897111716">
        <ele>11.4</ele>
        <time>2026-09-04T14:06:29+0800</time>
        <extensions>
          <gpxtpx:TrackPointExtension>
            <gpxtpx:hr>171</gpxtpx:hr>
            <gpxtpx:cad>93</gpxtpx:cad>
          </gpxtpx:TrackPointExtension>
        </extensions>
      </trkpt>
      <trkpt lat="32.014242718" lon="120.897069722">
        <ele>11.4</ele>
        <time>2026-09-04T14:06:30+0800</time>
        <extensions>
          <gpxtpx:TrackPointExtension>
            <gpxtpx:hr>171</gpxtpx:hr>
            <gpxtpx:cad>92</gpxtpx:cad>
          </gpxtpx:TrackPointExtension>
        </extensions>
      </trkpt>
      <trkpt lat="32.0142344199" lon="120.897024544">
        <ele>11.4</ele>
        <time>2026-09-04T14:06:31+0800</time>
        <extensions>
          <gpxtpx:TrackPointExtension>
            <gpxtpx:hr>171</gpxtpx:hr>
            <gpxtpx:cad>92</gpxtpx:cad>
          </gpxtpx:TrackPointExtension>
        </extensions>
      </trkpt>
      <trkpt lat="32.0142225176" lon="120.896980874">
        <ele>11.4</ele>
        <time>2026-09-04T14:06:32+0800</time>
        <extensions>
          <gpxtpx:TrackPointExtension>
            <gpxtpx:hr>172</gpxtpx:hr>
            <gpxtpx:cad>92</gpxtpx:cad>
          </gpxtpx:TrackPointExtension>
        </extensions>
      </trkpt>
      <trkpt lat="32.0142089389" lon="120.896936869">
        <ele>11.4</ele>
        <time>2026-09-04T14:06:33+0800</time>
        <extensions>
          <gpxtpx:TrackPointExtension>
            <gpxtpx:hr>172</gpxtpx:hr>
            <gpxtpx:cad>91</gpxtpx:cad>
          </gpxtpx:TrackPointExtension>
        </extensions>
      </trkpt>
      <trkpt lat="32.0141946897" lon="120.896888087">
        <ele>11.6</ele>
        <time>2026-09-04T14:06:34+0800</time>
        <extensions>
          <gpxtpx:TrackPointExtension>
            <gpxtpx:hr>172</gpxtpx:hr>
            <gpxtpx:cad>91</gpxtpx:cad>
          </gpxtpx:TrackPointExtension>
        </extensions>
      </trkpt>
      <trkpt lat="32.0141791832" lon="120.896848775">
        <ele>11.6</ele>
        <time>2026-09-04T14:06:35+0800</time>
        <extensions>
          <gpxtpx:TrackPointExtension>
            <gpxtpx:hr>172</gpxtpx:hr>
            <gpxtpx:cad>91</gpxtpx:cad>
          </gpxtpx:TrackPointExtension>
        </extensions>
      </trkpt>
      <trkpt lat="32.0141630061" lon="120.896800747">
        <ele>11.6</ele>
        <time>2026-09-04T14:06:36+0800</time>
        <extensions>
          <gpxtpx:TrackPointExtension>
            <gpxtpx:hr>173</gpxtpx:hr>
            <gpxtpx:cad>91</gpxtpx:cad>
          </gpxtpx:TrackPointExtension>
        </extensions>
      </trkpt>
      <trkpt lat="32.0141494274" lon="120.896759843">
        <ele>11.8</ele>
        <time>2026-09-04T14:06:37+0800</time>
        <extensions>
          <gpxtpx:TrackPointExtension>
            <gpxtpx:hr>173</gpxtpx:hr>
            <gpxtpx:cad>91</gpxtpx:cad>
          </gpxtpx:TrackPointExtension>
        </extensions>
      </trkpt>
      <trkpt lat="32.0141304843" lon="120.896710306">
        <ele>11.8</ele>
        <time>2026-09-04T14:06:38+0800</time>
        <extensions>
          <gpxtpx:TrackPointExtension>
            <gpxtpx:hr>173</gpxtpx:hr>
            <gpxtpx:cad>91</gpxtpx:cad>
          </gpxtpx:TrackPointExtension>
        </extensions>
      </trkpt>
      <trkpt lat="32.0141113736" lon="120.896676108">
        <ele>11.8</ele>
        <time>2026-09-04T14:06:39+0800</time>
        <extensions>
          <gpxtpx:TrackPointExtension>
            <gpxtpx:hr>173</gpxtpx:hr>
            <gpxtpx:cad>91</gpxtpx:cad>
          </gpxtpx:TrackPointExtension>
        </extensions>
      </trkpt>
      <trkpt lat="32.0140862279" lon="120.896626236">
        <ele>11.8</ele>
        <time>2026-09-04T14:06:40+0800</time>
        <extensions>
          <gpxtpx:TrackPointExtension>
            <gpxtpx:hr>174</gpxtpx:hr>
            <gpxtpx:cad>91</gpxtpx:cad>
          </gpxtpx:TrackPointExtension>
        </extensions>
      </trkpt>
      <trkpt lat="32.014068542" lon="120.896593463">
        <ele>11.8</ele>
        <time>2026-09-04T14:06:41+0800</time>
        <extensions>
          <gpxtpx:TrackPointExtension>
            <gpxtpx:hr>174</gpxtpx:hr>
            <gpxtpx:cad>91</gpxtpx:cad>
          </gpxtpx:TrackPointExtension>
        </extensions>
      </trkpt>
      <trkpt lat="32.0140413009" lon="120.896542585">
        <ele>11.8</ele>
        <time>2026-09-04T14:06:42+0800</time>
        <extensions>
          <gpxtpx:TrackPointExtension>
            <gpxtpx:hr>174</gpxtpx:hr>
            <gpxtpx:cad>91</gpxtpx:cad>
          </gpxtpx:TrackPointExtension>
        </extensions>
      </trkpt>
      <trkpt lat="32.0140247047" lon="120.89650277">
        <ele>11.8</ele>
        <time>2026-09-04T14:06:43+0800</time>
        <extensions>
          <gpxtpx:TrackPointExtension>
            <gpxtpx:hr>175</gpxtpx:hr>
            <gpxtpx:cad>91</gpxtpx:cad>
          </gpxtpx:TrackPointExtension>
        </extensions>
      </trkpt>
      <trkpt lat="32.0140125509" lon="120.896446947">
        <ele>11.8</ele>
        <time>2026-09-04T14:06:44+0800</time>
        <extensions>
          <gpxtpx:TrackPointExtension>
            <gpxtpx:hr>175</gpxtpx:hr>
            <gpxtpx:cad>92</gpxtpx:cad>
          </gpxtpx:TrackPointExtension>
        </extensions>
      </trkpt>
      <trkpt lat="32.0139967091" lon="120.896405037">
        <ele>11.8</ele>
        <time>2026-09-04T14:06:45+0800</time>
        <extensions>
          <gpxtpx:TrackPointExtension>
            <gpxtpx:hr>175</gpxtpx:hr>
            <gpxtpx:cad>92</gpxtpx:cad>
          </gpxtpx:TrackPointExtension>
        </extensions>
      </trkpt>
      <trkpt lat="32.0139809512" lon="120.896352902">
        <ele>11.8</ele>
        <time>2026-09-04T14:06:46+0800</time>
        <extensions>
          <gpxtpx:TrackPointExtension>
            <gpxtpx:hr>176</gpxtpx:hr>
            <gpxtpx:cad>92</gpxtpx:cad>
          </gpxtpx:TrackPointExtension>
        </extensions>
      </trkpt>
      <trkpt lat="32.0139627624" lon="120.896311747">
        <ele>11.8</ele>
        <time>2026-09-04T14:06:47+0800</time>
        <extensions>
          <gpxtpx:TrackPointExtension>
            <gpxtpx:hr>176</gpxtpx:hr>
            <gpxtpx:cad>92</gpxtpx:cad>
          </gpxtpx:TrackPointExtension>
        </extensions>
      </trkpt>
      <trkpt lat="32.0139485132" lon="120.896266149">
        <ele>11.8</ele>
        <time>2026-09-04T14:06:48+0800</time>
        <extensions>
          <gpxtpx:TrackPointExtension>
            <gpxtpx:hr>177</gpxtpx:hr>
            <gpxtpx:cad>92</gpxtpx:cad>
          </gpxtpx:TrackPointExtension>
        </extensions>
      </trkpt>
      <trkpt lat="32.0139331743" lon="120.896225413">
        <ele>11.6</ele>
        <time>2026-09-04T14:06:49+0800</time>
        <extensions>
          <gpxtpx:TrackPointExtension>
            <gpxtpx:hr>177</gpxtpx:hr>
            <gpxtpx:cad>92</gpxtpx:cad>
          </gpxtpx:TrackPointExtension>
        </extensions>
      </trkpt>
      <trkpt lat="32.0139164105" lon="120.896174284">
        <ele>11.6</ele>
        <time>2026-09-04T14:06:50+0800</time>
        <extensions>
          <gpxtpx:TrackPointExtension>
            <gpxtpx:hr>177</gpxtpx:hr>
            <gpxtpx:cad>92</gpxtpx:cad>
          </gpxtpx:TrackPointExtension>
        </extensions>
      </trkpt>
      <trkpt lat="32.0138975512" lon="120.89612701">
        <ele>11.6</ele>
        <time>2026-09-04T14:06:51+0800</time>
        <extensions>
          <gpxtpx:TrackPointExtension>
            <gpxtpx:hr>178</gpxtpx:hr>
            <gpxtpx:cad>92</gpxtpx:cad>
          </gpxtpx:TrackPointExtension>
        </extensions>
      </trkpt>
      <trkpt lat="32.0138813742" lon="120.896084514">
        <ele>11.6</ele>
        <time>2026-09-04T14:06:52+0800</time>
        <extensions>
          <gpxtpx:TrackPointExtension>
            <gpxtpx:hr>177</gpxtpx:hr>
            <gpxtpx:cad>92</gpxtpx:cad>
          </gpxtpx:TrackPointExtension>
        </extensions>
      </trkpt>
      <trkpt lat="32.0138677116" lon="120.896039922">
        <ele>11.6</ele>
        <time>2026-09-04T14:06:53+0800</time>
        <extensions>
          <gpxtpx:TrackPointExtension>
            <gpxtpx:hr>177</gpxtpx:hr>
            <gpxtpx:cad>92</gpxtpx:cad>
          </gpxtpx:TrackPointExtension>
        </extensions>
      </trkpt>
      <trkpt lat="32.0138582401" lon="120.896005724">
        <ele>11.6</ele>
        <time>2026-09-04T14:06:54+0800</time>
        <extensions>
          <gpxtpx:TrackPointExtension>
            <gpxtpx:hr>177</gpxtpx:hr>
            <gpxtpx:cad>92</gpxtpx:cad>
          </gpxtpx:TrackPointExtension>
        </extensions>
      </trkpt>
      <trkpt lat="32.0138454996" lon="120.895959036">
        <ele>11.6</ele>
        <time>2026-09-04T14:06:55+0800</time>
        <extensions>
          <gpxtpx:TrackPointExtension>
            <gpxtpx:hr>178</gpxtpx:hr>
            <gpxtpx:cad>92</gpxtpx:cad>
          </gpxtpx:TrackPointExtension>
        </extensions>
      </trkpt>
      <trkpt lat="32.0138324238" lon="120.895912685">
        <ele>11.8</ele>
        <time>2026-09-04T14:06:56+0800</time>
        <extensions>
          <gpxtpx:TrackPointExtension>
            <gpxtpx:hr>177</gpxtpx:hr>
            <gpxtpx:cad>92</gpxtpx:cad>
          </gpxtpx:TrackPointExtension>
        </extensions>
      </trkpt>
      <trkpt lat="32.0138234552" lon="120.895870607">
        <ele>12.0</ele>
        <time>2026-09-04T14:06:57+0800</time>
        <extensions>
          <gpxtpx:TrackPointExtension>
            <gpxtpx:hr>178</gpxtpx:hr>
            <gpxtpx:cad>92</gpxtpx:cad>
          </gpxtpx:TrackPointExtension>
        </extensions>
      </trkpt>
      <trkpt lat="32.0138099603" lon="120.895830626">
        <ele>12.0</ele>
        <time>2026-09-04T14:06:58+0800</time>
        <extensions>
          <gpxtpx:TrackPointExtension>
            <gpxtpx:hr>178</gpxtpx:hr>
            <gpxtpx:cad>92</gpxtpx:cad>
          </gpxtpx:TrackPointExtension>
        </extensions>
      </trkpt>
      <trkpt lat="32.0137998182" lon="120.895778658">
        <ele>12.0</ele>
        <time>2026-09-04T14:06:59+0800</time>
        <extensions>
          <gpxtpx:TrackPointExtension>
            <gpxtpx:hr>178</gpxtpx:hr>
            <gpxtpx:cad>92</gpxtpx:cad>
          </gpxtpx:TrackPointExtension>
        </extensions>
      </trkpt>
      <trkpt lat="32.0137878321" lon="120.895742532">
        <ele>12.0</ele>
        <time>2026-09-04T14:07:00+0800</time>
        <extensions>
          <gpxtpx:TrackPointExtension>
            <gpxtpx:hr>177</gpxtpx:hr>
            <gpxtpx:cad>92</gpxtpx:cad>
          </gpxtpx:TrackPointExtension>
        </extensions>
      </trkpt>
      <trkpt lat="32.0137760136" lon="120.895694084">
        <ele>12.0</ele>
        <time>2026-09-04T14:07:01+0800</time>
        <extensions>
          <gpxtpx:TrackPointExtension>
            <gpxtpx:hr>178</gpxtpx:hr>
            <gpxtpx:cad>92</gpxtpx:cad>
          </gpxtpx:TrackPointExtension>
        </extensions>
      </trkpt>
      <trkpt lat="32.0137641951" lon="120.895649744">
        <ele>12.2</ele>
        <time>2026-09-04T14:07:02+0800</time>
        <extensions>
          <gpxtpx:TrackPointExtension>
            <gpxtpx:hr>178</gpxtpx:hr>
            <gpxtpx:cad>92</gpxtpx:cad>
          </gpxtpx:TrackPointExtension>
        </extensions>
      </trkpt>
      <trkpt lat="32.0137517061" lon="120.895607499">
        <ele>12.0</ele>
        <time>2026-09-04T14:07:03+0800</time>
        <extensions>
          <gpxtpx:TrackPointExtension>
            <gpxtpx:hr>178</gpxtpx:hr>
            <gpxtpx:cad>92</gpxtpx:cad>
          </gpxtpx:TrackPointExtension>
        </extensions>
      </trkpt>
      <trkpt lat="32.0137351938" lon="120.895566512">
        <ele>12.0</ele>
        <time>2026-09-04T14:07:04+0800</time>
        <extensions>
          <gpxtpx:TrackPointExtension>
            <gpxtpx:hr>177</gpxtpx:hr>
            <gpxtpx:cad>92</gpxtpx:cad>
          </gpxtpx:TrackPointExtension>
        </extensions>
      </trkpt>
      <trkpt lat="32.013724884" lon="120.895522423">
        <ele>12.2</ele>
        <time>2026-09-04T14:07:05+0800</time>
        <extensions>
          <gpxtpx:TrackPointExtension>
            <gpxtpx:hr>177</gpxtpx:hr>
            <gpxtpx:cad>91</gpxtpx:cad>
          </gpxtpx:TrackPointExtension>
        </extensions>
      </trkpt>
      <trkpt lat="32.0137113892" lon="120.895474479">
        <ele>12.2</ele>
        <time>2026-09-04T14:07:06+0800</time>
        <extensions>
          <gpxtpx:TrackPointExtension>
            <gpxtpx:hr>177</gpxtpx:hr>
            <gpxtpx:cad>91</gpxtpx:cad>
          </gpxtpx:TrackPointExtension>
        </extensions>
      </trkpt>
      <trkpt lat="32.0137007441" lon="120.895430557">
        <ele>12.2</ele>
        <time>2026-09-04T14:07:07+0800</time>
        <extensions>
          <gpxtpx:TrackPointExtension>
            <gpxtpx:hr>177</gpxtpx:hr>
            <gpxtpx:cad>91</gpxtpx:cad>
          </gpxtpx:TrackPointExtension>
        </extensions>
      </trkpt>
      <trkpt lat="32.0136847347" lon="120.895385463">
        <ele>12.2</ele>
        <time>2026-09-04T14:07:08+0800</time>
        <extensions>
          <gpxtpx:TrackPointExtension>
            <gpxtpx:hr>178</gpxtpx:hr>
            <gpxtpx:cad>91</gpxtpx:cad>
          </gpxtpx:TrackPointExtension>
        </extensions>
      </trkpt>
      <trkpt lat="32.0136707369" lon="120.895345397">
        <ele>12.2</ele>
        <time>2026-09-04T14:07:09+0800</time>
        <extensions>
          <gpxtpx:TrackPointExtension>
            <gpxtpx:hr>177</gpxtpx:hr>
            <gpxtpx:cad>91</gpxtpx:cad>
          </gpxtpx:TrackPointExtension>
        </extensions>
      </trkpt>
      <trkpt lat="32.0136538893" lon="120.895296447">
        <ele>12.2</ele>
        <time>2026-09-04T14:07:10+0800</time>
        <extensions>
          <gpxtpx:TrackPointExtension>
            <gpxtpx:hr>178</gpxtpx:hr>
            <gpxtpx:cad>91</gpxtpx:cad>
          </gpxtpx:TrackPointExtension>
        </extensions>
      </trkpt>
      <trkpt lat="32.0136397239" lon="120.895256968">
        <ele>12.2</ele>
        <time>2026-09-04T14:07:11+0800</time>
        <extensions>
          <gpxtpx:TrackPointExtension>
            <gpxtpx:hr>178</gpxtpx:hr>
            <gpxtpx:cad>91</gpxtpx:cad>
          </gpxtpx:TrackPointExtension>
        </extensions>
      </trkpt>
      <trkpt lat="32.0136287436" lon="120.895209108">
        <ele>12.4</ele>
        <time>2026-09-04T14:07:12+0800</time>
        <extensions>
          <gpxtpx:TrackPointExtension>
            <gpxtpx:hr>178</gpxtpx:hr>
            <gpxtpx:cad>91</gpxtpx:cad>
          </gpxtpx:TrackPointExtension>
        </extensions>
      </trkpt>
      <trkpt lat="32.0136108063" lon="120.895174239">
        <ele>12.4</ele>
        <time>2026-09-04T14:07:13+0800</time>
        <extensions>
          <gpxtpx:TrackPointExtension>
            <gpxtpx:hr>178</gpxtpx:hr>
            <gpxtpx:cad>91</gpxtpx:cad>
          </gpxtpx:TrackPointExtension>
        </extensions>
      </trkpt>
      <trkpt lat="32.0135973953" lon="120.895123277">
        <ele>12.4</ele>
        <time>2026-09-04T14:07:14+0800</time>
        <extensions>
          <gpxtpx:TrackPointExtension>
            <gpxtpx:hr>178</gpxtpx:hr>
            <gpxtpx:cad>91</gpxtpx:cad>
          </gpxtpx:TrackPointExtension>
        </extensions>
      </trkpt>
      <trkpt lat="32.0135921147" lon="120.895077176">
        <ele>12.6</ele>
        <time>2026-09-04T14:07:15+0800</time>
        <extensions>
          <gpxtpx:TrackPointExtension>
            <gpxtpx:hr>178</gpxtpx:hr>
            <gpxtpx:cad>91</gpxtpx:cad>
          </gpxtpx:TrackPointExtension>
        </extensions>
      </trkpt>
      <trkpt lat="32.0135950483" lon="120.895033423">
        <ele>12.6</ele>
        <time>2026-09-04T14:07:16+0800</time>
        <extensions>
          <gpxtpx:TrackPointExtension>
            <gpxtpx:hr>179</gpxtpx:hr>
            <gpxtpx:cad>91</gpxtpx:cad>
          </gpxtpx:TrackPointExtension>
        </extensions>
      </trkpt>
      <trkpt lat="32.0136186015" lon="120.895002745">
        <ele>12.6</ele>
        <time>2026-09-04T14:07:17+0800</time>
        <extensions>
          <gpxtpx:TrackPointExtension>
            <gpxtpx:hr>178</gpxtpx:hr>
            <gpxtpx:cad>91</gpxtpx:cad>
          </gpxtpx:TrackPointExtension>
        </extensions>
      </trkpt>
      <trkpt lat="32.0136518776" lon="120.894968966">
        <ele>12.6</ele>
        <time>2026-09-04T14:07:18+0800</time>
        <extensions>
          <gpxtpx:TrackPointExtension>
            <gpxtpx:hr>178</gpxtpx:hr>
            <gpxtpx:cad>90</gpxtpx:cad>
          </gpxtpx:TrackPointExtension>
        </extensions>
      </trkpt>
      <trkpt lat="32.0136874169" lon="120.894958489">
        <ele>12.6</ele>
        <time>2026-09-04T14:07:19+0800</time>
        <extensions>
          <gpxtpx:TrackPointExtension>
            <gpxtpx:hr>178</gpxtpx:hr>
            <gpxtpx:cad>90</gpxtpx:cad>
          </gpxtpx:TrackPointExtension>
        </extensions>
      </trkpt>
      <trkpt lat="32.0137350261" lon="120.894970307">
        <ele>12.6</ele>
        <time>2026-09-04T14:07:20+0800</time>
        <extensions>
          <gpxtpx:TrackPointExtension>
            <gpxtpx:hr>179</gpxtpx:hr>
            <gpxtpx:cad>90</gpxtpx:cad>
          </gpxtpx:TrackPointExtension>
        </extensions>
      </trkpt>
      <trkpt lat="32.0137695596" lon="120.894981707">
        <ele>12.4</ele>
        <time>2026-09-04T14:07:21+0800</time>
        <extensions>
          <gpxtpx:TrackPointExtension>
            <gpxtpx:hr>179</gpxtpx:hr>
            <gpxtpx:cad>90</gpxtpx:cad>
          </gpxtpx:TrackPointExtension>
        </extensions>
      </trkpt>
      <trkpt lat="32.0138106309" lon="120.894987071">
        <ele>12.4</ele>
        <time>2026-09-04T14:07:22+0800</time>
        <extensions>
          <gpxtpx:TrackPointExtension>
            <gpxtpx:hr>179</gpxtpx:hr>
            <gpxtpx:cad>90</gpxtpx:cad>
          </gpxtpx:TrackPointExtension>
        </extensions>
      </trkpt>
      <trkpt lat="32.0138492715" lon="120.894999476">
        <ele>12.4</ele>
        <time>2026-09-04T14:07:23+0800</time>
        <extensions>
          <gpxtpx:TrackPointExtension>
            <gpxtpx:hr>179</gpxtpx:hr>
            <gpxtpx:cad>90</gpxtpx:cad>
          </gpxtpx:TrackPointExtension>
        </extensions>
      </trkpt>
      <trkpt lat="32.0138926059" lon="120.89500417">
        <ele>12.4</ele>
        <time>2026-09-04T14:07:24+0800</time>
        <extensions>
          <gpxtpx:TrackPointExtension>
            <gpxtpx:hr>178</gpxtpx:hr>
            <gpxtpx:cad>90</gpxtpx:cad>
          </gpxtpx:TrackPointExtension>
        </extensions>
      </trkpt>
      <trkpt lat="32.0139224455" lon="120.895013977">
        <ele>12.2</ele>
        <time>2026-09-04T14:07:25+0800</time>
        <extensions>
          <gpxtpx:TrackPointExtension>
            <gpxtpx:hr>179</gpxtpx:hr>
            <gpxtpx:cad>90</gpxtpx:cad>
          </gpxtpx:TrackPointExtension>
        </extensions>
      </trkpt>
      <trkpt lat="32.0139603317" lon="120.895024203">
        <ele>12.2</ele>
        <time>2026-09-04T14:07:26+0800</time>
        <extensions>
          <gpxtpx:TrackPointExtension>
            <gpxtpx:hr>179</gpxtpx:hr>
            <gpxtpx:cad>90</gpxtpx:cad>
          </gpxtpx:TrackPointExtension>
        </extensions>
      </trkpt>
      <trkpt lat="32.0139985532" lon="120.895035099">
        <ele>12.0</ele>
        <time>2026-09-04T14:07:27+0800</time>
        <extensions>
          <gpxtpx:TrackPointExtension>
            <gpxtpx:hr>178</gpxtpx:hr>
            <gpxtpx:cad>90</gpxtpx:cad>
          </gpxtpx:TrackPointExtension>
        </extensions>
      </trkpt>
      <trkpt lat="32.014032416" lon="120.895046582">
        <ele>12.0</ele>
        <time>2026-09-04T14:07:28+0800</time>
        <extensions>
          <gpxtpx:TrackPointExtension>
            <gpxtpx:hr>179</gpxtpx:hr>
            <gpxtpx:cad>90</gpxtpx:cad>
          </gpxtpx:TrackPointExtension>
        </extensions>
      </trkpt>
      <trkpt lat="32.0140683744" lon="120.895053288">
        <ele>11.8</ele>
        <time>2026-09-04T14:07:29+0800</time>
        <extensions>
          <gpxtpx:TrackPointExtension>
            <gpxtpx:hr>179</gpxtpx:hr>
            <gpxtpx:cad>90</gpxtpx:cad>
          </gpxtpx:TrackPointExtension>
        </extensions>
      </trkpt>
      <trkpt lat="32.0141179115" lon="120.895076087">
        <ele>11.8</ele>
        <time>2026-09-04T14:07:30+0800</time>
        <extensions>
          <gpxtpx:TrackPointExtension>
            <gpxtpx:hr>179</gpxtpx:hr>
            <gpxtpx:cad>91</gpxtpx:cad>
          </gpxtpx:TrackPointExtension>
        </extensions>
      </trkpt>
      <trkpt lat="32.014156552" lon="120.895085223">
        <ele>11.8</ele>
        <time>2026-09-04T14:07:31+0800</time>
        <extensions>
          <gpxtpx:TrackPointExtension>
            <gpxtpx:hr>180</gpxtpx:hr>
            <gpxtpx:cad>91</gpxtpx:cad>
          </gpxtpx:TrackPointExtension>
        </extensions>
      </trkpt>
      <trkpt lat="32.014204748" lon="120.895103998">
        <ele>11.8</ele>
        <time>2026-09-04T14:07:32+0800</time>
        <extensions>
          <gpxtpx:TrackPointExtension>
            <gpxtpx:hr>180</gpxtpx:hr>
            <gpxtpx:cad>90</gpxtpx:cad>
          </gpxtpx:TrackPointExtension>
        </extensions>
      </trkpt>
      <trkpt lat="32.0142446458" lon="120.895115146">
        <ele>11.8</ele>
        <time>2026-09-04T14:07:33+0800</time>
        <extensions>
          <gpxtpx:TrackPointExtension>
            <gpxtpx:hr>180</gpxtpx:hr>
            <gpxtpx:cad>90</gpxtpx:cad>
          </gpxtpx:TrackPointExtension>
        </extensions>
      </trkpt>
      <trkpt lat="32.014285801" lon="120.895130401">
        <ele>12.0</ele>
        <time>2026-09-04T14:07:34+0800</time>
        <extensions>
          <gpxtpx:TrackPointExtension>
            <gpxtpx:hr>180</gpxtpx:hr>
            <gpxtpx:cad>91</gpxtpx:cad>
          </gpxtpx:TrackPointExtension>
        </extensions>
      </trkpt>
      <trkpt lat="32.0143277943" lon="120.895139538">
        <ele>12.0</ele>
        <time>2026-09-04T14:07:35+0800</time>
        <extensions>
          <gpxtpx:TrackPointExtension>
            <gpxtpx:hr>180</gpxtpx:hr>
            <gpxtpx:cad>91</gpxtpx:cad>
          </gpxtpx:TrackPointExtension>
        </extensions>
      </trkpt>
      <trkpt lat="32.0143709611" lon="120.895151356">
        <ele>12.2</ele>
        <time>2026-09-04T14:07:36+0800</time>
        <extensions>
          <gpxtpx:TrackPointExtension>
            <gpxtpx:hr>180</gpxtpx:hr>
            <gpxtpx:cad>91</gpxtpx:cad>
          </gpxtpx:TrackPointExtension>
        </extensions>
      </trkpt>
      <trkpt lat="32.014413625" lon="120.895157894">
        <ele>12.2</ele>
        <time>2026-09-04T14:07:37+0800</time>
        <extensions>
          <gpxtpx:TrackPointExtension>
            <gpxtpx:hr>180</gpxtpx:hr>
            <gpxtpx:cad>91</gpxtpx:cad>
          </gpxtpx:TrackPointExtension>
        </extensions>
      </trkpt>
      <trkpt lat="32.0144564565" lon="120.895169545">
        <ele>12.0</ele>
        <time>2026-09-04T14:07:38+0800</time>
        <extensions>
          <gpxtpx:TrackPointExtension>
            <gpxtpx:hr>180</gpxtpx:hr>
            <gpxtpx:cad>91</gpxtpx:cad>
          </gpxtpx:TrackPointExtension>
        </extensions>
      </trkpt>
      <trkpt lat="32.0144979469" lon="120.895177508">
        <ele>12.0</ele>
        <time>2026-09-04T14:07:39+0800</time>
        <extensions>
          <gpxtpx:TrackPointExtension>
            <gpxtpx:hr>180</gpxtpx:hr>
            <gpxtpx:cad>91</gpxtpx:cad>
          </gpxtpx:TrackPointExtension>
        </extensions>
      </trkpt>
      <trkpt lat="32.0145351626" lon="120.895191673">
        <ele>12.0</ele>
        <time>2026-09-04T14:07:40+0800</time>
        <extensions>
          <gpxtpx:TrackPointExtension>
            <gpxtpx:hr>180</gpxtpx:hr>
            <gpxtpx:cad>91</gpxtpx:cad>
          </gpxtpx:TrackPointExtension>
        </extensions>
      </trkpt>
      <trkpt lat="32.0145745575" lon="120.895197708">
        <ele>11.8</ele>
        <time>2026-09-04T14:07:41+0800</time>
        <extensions>
          <gpxtpx:TrackPointExtension>
            <gpxtpx:hr>180</gpxtpx:hr>
            <gpxtpx:cad>91</gpxtpx:cad>
          </gpxtpx:TrackPointExtension>
        </extensions>
      </trkpt>
      <trkpt lat="32.0146121085" lon="120.895200307">
        <ele>11.8</ele>
        <time>2026-09-04T14:07:42+0800</time>
        <extensions>
          <gpxtpx:TrackPointExtension>
            <gpxtpx:hr>180</gpxtpx:hr>
            <gpxtpx:cad>90</gpxtpx:cad>
          </gpxtpx:TrackPointExtension>
        </extensions>
      </trkpt>
      <trkpt lat="32.0146447141" lon="120.895208772">
        <ele>12.0</ele>
        <time>2026-09-04T14:07:43+0800</time>
        <extensions>
          <gpxtpx:TrackPointExtension>
            <gpxtpx:hr>180</gpxtpx:hr>
            <gpxtpx:cad>90</gpxtpx:cad>
          </gpxtpx:TrackPointExtension>
        </extensions>
      </trkpt>
      <trkpt lat="32.0146835223" lon="120.895215897">
        <ele>11.8</ele>
        <time>2026-09-04T14:07:44+0800</time>
        <extensions>
          <gpxtpx:TrackPointExtension>
            <gpxtpx:hr>180</gpxtpx:hr>
            <gpxtpx:cad>90</gpxtpx:cad>
          </gpxtpx:TrackPointExtension>
        </extensions>
      </trkpt>
      <trkpt lat="32.0147223305" lon="120.895223692">
        <ele>12.0</ele>
        <time>2026-09-04T14:07:45+0800</time>
        <extensions>
          <gpxtpx:TrackPointExtension>
            <gpxtpx:hr>180</gpxtpx:hr>
            <gpxtpx:cad>90</gpxtpx:cad>
          </gpxtpx:TrackPointExtension>
        </extensions>
      </trkpt>
      <trkpt lat="32.0147511642" lon="120.895236265">
        <ele>12.0</ele>
        <time>2026-09-04T14:07:46+0800</time>
        <extensions>
          <gpxtpx:TrackPointExtension>
            <gpxtpx:hr>180</gpxtpx:hr>
            <gpxtpx:cad>90</gpxtpx:cad>
          </gpxtpx:TrackPointExtension>
        </extensions>
      </trkpt>
      <trkpt lat="32.0147882123" lon="120.895241546">
        <ele>12.0</ele>
        <time>2026-09-04T14:07:47+0800</time>
        <extensions>
          <gpxtpx:TrackPointExtension>
            <gpxtpx:hr>180</gpxtpx:hr>
            <gpxtpx:cad>90</gpxtpx:cad>
          </gpxtpx:TrackPointExtension>
        </extensions>
      </trkpt>
      <trkpt lat="32.0148291159" lon="120.895245736">
        <ele>12.0</ele>
        <time>2026-09-04T14:07:48+0800</time>
        <extensions>
          <gpxtpx:TrackPointExtension>
            <gpxtpx:hr>181</gpxtpx:hr>
            <gpxtpx:cad>90</gpxtpx:cad>
          </gpxtpx:TrackPointExtension>
        </extensions>
      </trkpt>
      <trkpt lat="32.0148597099" lon="120.895236181">
        <ele>12.0</ele>
        <time>2026-09-04T14:07:49+0800</time>
        <extensions>
          <gpxtpx:TrackPointExtension>
            <gpxtpx:hr>181</gpxtpx:hr>
            <gpxtpx:cad>89</gpxtpx:cad>
          </gpxtpx:TrackPointExtension>
        </extensions>
      </trkpt>
      <trkpt lat="32.0148896333" lon="120.895252191">
        <ele>12.0</ele>
        <time>2026-09-04T14:07:50+0800</time>
        <extensions>
          <gpxtpx:TrackPointExtension>
            <gpxtpx:hr>181</gpxtpx:hr>
            <gpxtpx:cad>88</gpxtpx:cad>
          </gpxtpx:TrackPointExtension>
        </extensions>
      </trkpt>
      <trkpt lat="32.0148981828" lon="120.895273061">
        <ele>12.0</ele>
        <time>2026-09-04T14:07:51+0800</time>
        <extensions>
          <gpxtpx:TrackPointExtension>
            <gpxtpx:hr>181</gpxtpx:hr>
            <gpxtpx:cad>88</gpxtpx:cad>
          </gpxtpx:TrackPointExtension>
        </extensions>
      </trkpt>
      <trkpt lat="32.0148997754" lon="120.895306924">
        <ele>12.0</ele>
        <time>2026-09-04T14:07:52+0800</time>
        <extensions>
          <gpxtpx:TrackPointExtension>
            <gpxtpx:hr>181</gpxtpx:hr>
            <gpxtpx:cad>82</gpxtpx:cad>
          </gpxtpx:TrackPointExtension>
        </extensions>
      </trkpt>
      <trkpt lat="32.0149074867" lon="120.89532285">
        <ele>12.2</ele>
        <time>2026-09-04T14:07:53+0800</time>
        <extensions>
          <gpxtpx:TrackPointExtension>
            <gpxtpx:hr>181</gpxtpx:hr>
            <gpxtpx:cad>80</gpxtpx:cad>
          </gpxtpx:TrackPointExtension>
        </extensions>
      </trkpt>
      <trkpt lat="32.0149281062" lon="120.8953314">
        <ele>12.2</ele>
        <time>2026-09-04T14:07:54+0800</time>
        <extensions>
          <gpxtpx:TrackPointExtension>
            <gpxtpx:hr>181</gpxtpx:hr>
            <gpxtpx:cad>79</gpxtpx:cad>
          </gpxtpx:TrackPointExtension>
        </extensions>
      </trkpt>
      <trkpt lat="32.014957862" lon="120.895335926">
        <ele>12.4</ele>
        <time>2026-09-04T14:07:55+0800</time>
        <extensions>
          <gpxtpx:TrackPointExtension>
            <gpxtpx:hr>181</gpxtpx:hr>
            <gpxtpx:cad>79</gpxtpx:cad>
          </gpxtpx:TrackPointExtension>
        </extensions>
      </trkpt>
      <trkpt lat="32.0150169544" lon="120.895346235">
        <ele>12.4</ele>
        <time>2026-09-04T14:07:56+0800</time>
        <extensions>
          <gpxtpx:TrackPointExtension>
            <gpxtpx:hr>180</gpxtpx:hr>
            <gpxtpx:cad>80</gpxtpx:cad>
          </gpxtpx:TrackPointExtension>
        </extensions>
      </trkpt>
      <trkpt lat="32.0150580257" lon="120.895345481">
        <ele>12.4</ele>
        <time>2026-09-04T14:07:57+0800</time>
        <extensions>
          <gpxtpx:TrackPointExtension>
            <gpxtpx:hr>179</gpxtpx:hr>
            <gpxtpx:cad>80</gpxtpx:cad>
          </gpxtpx:TrackPointExtension>
        </extensions>
      </trkpt>
      <trkpt lat="32.0151073951" lon="120.895359647">
        <ele>12.4</ele>
        <time>2026-09-04T14:07:58+0800</time>
        <extensions>
          <gpxtpx:TrackPointExtension>
            <gpxtpx:hr>178</gpxtpx:hr>
            <gpxtpx:cad>82</gpxtpx:cad>
          </gpxtpx:TrackPointExtension>
        </extensions>
      </trkpt>
      <trkpt lat="32.0151541661" lon="120.895373141">
        <ele>12.4</ele>
        <time>2026-09-04T14:07:59+0800</time>
        <extensions>
          <gpxtpx:TrackPointExtension>
            <gpxtpx:hr>178</gpxtpx:hr>
            <gpxtpx:cad>89</gpxtpx:cad>
          </gpxtpx:TrackPointExtension>
        </extensions>
      </trkpt>
      <trkpt lat="32.0151950698" lon="120.895387307">
        <ele>12.4</ele>
        <time>2026-09-04T14:08:00+0800</time>
        <extensions>
          <gpxtpx:TrackPointExtension>
            <gpxtpx:hr>178</gpxtpx:hr>
            <gpxtpx:cad>93</gpxtpx:cad>
          </gpxtpx:TrackPointExtension>
        </extensions>
      </trkpt>
      <trkpt lat="32.0152471215" lon="120.895407004">
        <ele>12.4</ele>
        <time>2026-09-04T14:08:01+0800</time>
        <extensions>
          <gpxtpx:TrackPointExtension>
            <gpxtpx:hr>178</gpxtpx:hr>
            <gpxtpx:cad>94</gpxtpx:cad>
          </gpxtpx:TrackPointExtension>
        </extensions>
      </trkpt>
      <trkpt lat="32.015289031" lon="120.895421589">
        <ele>12.4</ele>
        <time>2026-09-04T14:08:02+0800</time>
        <extensions>
          <gpxtpx:TrackPointExtension>
            <gpxtpx:hr>178</gpxtpx:hr>
            <gpxtpx:cad>94</gpxtpx:cad>
          </gpxtpx:TrackPointExtension>
        </extensions>
      </trkpt>
      <trkpt lat="32.0153383166" lon="120.895442208">
        <ele>12.4</ele>
        <time>2026-09-04T14:08:03+0800</time>
        <extensions>
          <gpxtpx:TrackPointExtension>
            <gpxtpx:hr>178</gpxtpx:hr>
            <gpxtpx:cad>95</gpxtpx:cad>
          </gpxtpx:TrackPointExtension>
        </extensions>
      </trkpt>
      <trkpt lat="32.0153842494" lon="120.895455033">
        <ele>12.4</ele>
        <time>2026-09-04T14:08:04+0800</time>
        <extensions>
          <gpxtpx:TrackPointExtension>
            <gpxtpx:hr>179</gpxtpx:hr>
            <gpxtpx:cad>95</gpxtpx:cad>
          </gpxtpx:TrackPointExtension>
        </extensions>
      </trkpt>
      <trkpt lat="32.0154254884" lon="120.895470791">
        <ele>12.4</ele>
        <time>2026-09-04T14:08:05+0800</time>
        <extensions>
          <gpxtpx:TrackPointExtension>
            <gpxtpx:hr>178</gpxtpx:hr>
            <gpxtpx:cad>95</gpxtpx:cad>
          </gpxtpx:TrackPointExtension>
        </extensions>
      </trkpt>
      <trkpt lat="32.0154712535" lon="120.895478586">
        <ele>12.4</ele>
        <time>2026-09-04T14:08:06+0800</time>
        <extensions>
          <gpxtpx:TrackPointExtension>
            <gpxtpx:hr>178</gpxtpx:hr>
            <gpxtpx:cad>95</gpxtpx:cad>
          </gpxtpx:TrackPointExtension>
        </extensions>
      </trkpt>
      <trkpt lat="32.0155132469" lon="120.895489734">
        <ele>12.4</ele>
        <time>2026-09-04T14:08:07+0800</time>
        <extensions>
          <gpxtpx:TrackPointExtension>
            <gpxtpx:hr>178</gpxtpx:hr>
            <gpxtpx:cad>95</gpxtpx:cad>
          </gpxtpx:TrackPointExtension>
        </extensions>
      </trkpt>
      <trkpt lat="32.015564125" lon="120.895507168">
        <ele>12.4</ele>
        <time>2026-09-04T14:08:08+0800</time>
        <extensions>
          <gpxtpx:TrackPointExtension>
            <gpxtpx:hr>178</gpxtpx:hr>
            <gpxtpx:cad>95</gpxtpx:cad>
          </gpxtpx:TrackPointExtension>
        </extensions>
      </trkpt>
      <trkpt lat="32.0156083815" lon="120.895518064">
        <ele>12.4</ele>
        <time>2026-09-04T14:08:09+0800</time>
        <extensions>
          <gpxtpx:TrackPointExtension>
            <gpxtpx:hr>179</gpxtpx:hr>
            <gpxtpx:cad>95</gpxtpx:cad>
          </gpxtpx:TrackPointExtension>
        </extensions>
      </trkpt>
      <trkpt lat="32.0156565774" lon="120.895534074">
        <ele>12.4</ele>
        <time>2026-09-04T14:08:10+0800</time>
        <extensions>
          <gpxtpx:TrackPointExtension>
            <gpxtpx:hr>179</gpxtpx:hr>
            <gpxtpx:cad>95</gpxtpx:cad>
          </gpxtpx:TrackPointExtension>
        </extensions>
      </trkpt>
      <trkpt lat="32.0157041028" lon="120.895543881">
        <ele>12.4</ele>
        <time>2026-09-04T14:08:11+0800</time>
        <extensions>
          <gpxtpx:TrackPointExtension>
            <gpxtpx:hr>179</gpxtpx:hr>
            <gpxtpx:cad>95</gpxtpx:cad>
          </gpxtpx:TrackPointExtension>
        </extensions>
      </trkpt>
      <trkpt lat="32.0157374628" lon="120.895554442">
        <ele>12.4</ele>
        <time>2026-09-04T14:08:12+0800</time>
        <extensions>
          <gpxtpx:TrackPointExtension>
            <gpxtpx:hr>178</gpxtpx:hr>
            <gpxtpx:cad>95</gpxtpx:cad>
          </gpxtpx:TrackPointExtension>
        </extensions>
      </trkpt>
      <trkpt lat="32.0157876704" lon="120.895566428">
        <ele>12.4</ele>
        <time>2026-09-04T14:08:13+0800</time>
        <extensions>
          <gpxtpx:TrackPointExtension>
            <gpxtpx:hr>179</gpxtpx:hr>
            <gpxtpx:cad>95</gpxtpx:cad>
          </gpxtpx:TrackPointExtension>
        </extensions>
      </trkpt>
      <trkpt lat="32.0158266462" lon="120.895572379">
        <ele>12.4</ele>
        <time>2026-09-04T14:08:14+0800</time>
        <extensions>
          <gpxtpx:TrackPointExtension>
            <gpxtpx:hr>179</gpxtpx:hr>
            <gpxtpx:cad>94</gpxtpx:cad>
          </gpxtpx:TrackPointExtension>
        </extensions>
      </trkpt>
      <trkpt lat="32.0158583298" lon="120.895582605">
        <ele>12.4</ele>
        <time>2026-09-04T14:08:15+0800</time>
        <extensions>
          <gpxtpx:TrackPointExtension>
            <gpxtpx:hr>179</gpxtpx:hr>
            <gpxtpx:cad>94</gpxtpx:cad>
          </gpxtpx:TrackPointExtension>
        </extensions>
      </trkpt>
      <trkpt lat="32.0158986468" lon="120.895591741">
        <ele>12.4</ele>
        <time>2026-09-04T14:08:16+0800</time>
        <extensions>
          <gpxtpx:TrackPointExtension>
            <gpxtpx:hr>179</gpxtpx:hr>
            <gpxtpx:cad>94</gpxtpx:cad>
          </gpxtpx:TrackPointExtension>
        </extensions>
      </trkpt>
      <trkpt lat="32.0159502793" lon="120.895613367">
        <ele>12.2</ele>
        <time>2026-09-04T14:08:17+0800</time>
        <extensions>
          <gpxtpx:TrackPointExtension>
            <gpxtpx:hr>179</gpxtpx:hr>
            <gpxtpx:cad>93</gpxtpx:cad>
          </gpxtpx:TrackPointExtension>
        </extensions>
      </trkpt>
      <trkpt lat="32.0159933623" lon="120.895617809">
        <ele>12.2</ele>
        <time>2026-09-04T14:08:18+0800</time>
        <extensions>
          <gpxtpx:TrackPointExtension>
            <gpxtpx:hr>179</gpxtpx:hr>
            <gpxtpx:cad>92</gpxtpx:cad>
          </gpxtpx:TrackPointExtension>
        </extensions>
      </trkpt>
      <trkpt lat="32.0160363615" lon="120.895634824">
        <ele>12.2</ele>
        <time>2026-09-04T14:08:19+0800</time>
        <extensions>
          <gpxtpx:TrackPointExtension>
            <gpxtpx:hr>179</gpxtpx:hr>
            <gpxtpx:cad>92</gpxtpx:cad>
          </gpxtpx:TrackPointExtension>
        </extensions>
      </trkpt>
      <trkpt lat="32.0160755888" lon="120.895647649">
        <ele>12.2</ele>
        <time>2026-09-04T14:08:20+0800</time>
        <extensions>
          <gpxtpx:TrackPointExtension>
            <gpxtpx:hr>179</gpxtpx:hr>
            <gpxtpx:cad>91</gpxtpx:cad>
          </gpxtpx:TrackPointExtension>
        </extensions>
      </trkpt>
      <trkpt lat="32.0161192585" lon="120.895668352">
        <ele>12.2</ele>
        <time>2026-09-04T14:08:21+0800</time>
        <extensions>
          <gpxtpx:TrackPointExtension>
            <gpxtpx:hr>180</gpxtpx:hr>
            <gpxtpx:cad>90</gpxtpx:cad>
          </gpxtpx:TrackPointExtension>
        </extensions>
      </trkpt>
      <trkpt lat="32.0161491819" lon="120.895674638">
        <ele>12.0</ele>
        <time>2026-09-04T14:08:22+0800</time>
        <extensions>
          <gpxtpx:TrackPointExtension>
            <gpxtpx:hr>180</gpxtpx:hr>
            <gpxtpx:cad>90</gpxtpx:cad>
          </gpxtpx:TrackPointExtension>
        </extensions>
      </trkpt>
      <trkpt lat="32.0161913428" lon="120.895687044">
        <ele>12.2</ele>
        <time>2026-09-04T14:08:23+0800</time>
        <extensions>
          <gpxtpx:TrackPointExtension>
            <gpxtpx:hr>180</gpxtpx:hr>
            <gpxtpx:cad>89</gpxtpx:cad>
          </gpxtpx:TrackPointExtension>
        </extensions>
      </trkpt>
      <trkpt lat="32.0162100345" lon="120.895688469">
        <ele>12.2</ele>
        <time>2026-09-04T14:08:24+0800</time>
        <extensions>
          <gpxtpx:TrackPointExtension>
            <gpxtpx:hr>180</gpxtpx:hr>
            <gpxtpx:cad>88</gpxtpx:cad>
          </gpxtpx:TrackPointExtension>
        </extensions>
      </trkpt>
      <trkpt lat="32.0162398741" lon="120.895690313">
        <ele>12.2</ele>
        <time>2026-09-04T14:08:25+0800</time>
        <extensions>
          <gpxtpx:TrackPointExtension>
            <gpxtpx:hr>180</gpxtpx:hr>
            <gpxtpx:cad>88</gpxtpx:cad>
          </gpxtpx:TrackPointExtension>
        </extensions>
      </trkpt>
      <trkpt lat="32.0162610803" lon="120.895701544">
        <ele>12.2</ele>
        <time>2026-09-04T14:08:26+0800</time>
        <extensions>
          <gpxtpx:TrackPointExtension>
            <gpxtpx:hr>181</gpxtpx:hr>
            <gpxtpx:cad>87</gpxtpx:cad>
          </gpxtpx:TrackPointExtension>
        </extensions>
      </trkpt>
      <trkpt lat="32.0162817836" lon="120.895710429">
        <ele>12.2</ele>
        <time>2026-09-04T14:08:27+0800</time>
        <extensions>
          <gpxtpx:TrackPointExtension>
            <gpxtpx:hr>180</gpxtpx:hr>
            <gpxtpx:cad>84</gpxtpx:cad>
          </gpxtpx:TrackPointExtension>
        </extensions>
      </trkpt>
      <trkpt lat="32.0162988827" lon="120.895722918">
        <ele>12.2</ele>
        <time>2026-09-04T14:08:28+0800</time>
        <extensions>
          <gpxtpx:TrackPointExtension>
            <gpxtpx:hr>180</gpxtpx:hr>
            <gpxtpx:cad>80</gpxtpx:cad>
          </gpxtpx:TrackPointExtension>
        </extensions>
      </trkpt>
      <trkpt lat="32.0163138025" lon="120.89573063">
        <ele>12.2</ele>
        <time>2026-09-04T14:08:29+0800</time>
        <extensions>
          <gpxtpx:TrackPointExtension>
            <gpxtpx:hr>180</gpxtpx:hr>
            <gpxtpx:cad>77</gpxtpx:cad>
          </gpxtpx:TrackPointExtension>
        </extensions>
      </trkpt>
      <trkpt lat="32.0163281355" lon="120.895731468">
        <ele>12.2</ele>
        <time>2026-09-04T14:08:30+0800</time>
        <extensions>
          <gpxtpx:TrackPointExtension>
            <gpxtpx:hr>180</gpxtpx:hr>
            <gpxtpx:cad>77</gpxtpx:cad>
          </gpxtpx:TrackPointExtension>
        </extensions>
      </trkpt>
      <trkpt lat="32.0163428038" lon="120.895734569">
        <ele>12.2</ele>
        <time>2026-09-04T14:08:31+0800</time>
        <extensions>
          <gpxtpx:TrackPointExtension>
            <gpxtpx:hr>179</gpxtpx:hr>
            <gpxtpx:cad>72</gpxtpx:cad>
          </gpxtpx:TrackPointExtension>
        </extensions>
      </trkpt>
      <trkpt lat="32.0163574722" lon="120.895738089">
        <ele>12.2</ele>
        <time>2026-09-04T14:08:32+0800</time>
        <extensions>
          <gpxtpx:TrackPointExtension>
            <gpxtpx:hr>179</gpxtpx:hr>
            <gpxtpx:cad>72</gpxtpx:cad>
          </gpxtpx:TrackPointExtension>
        </extensions>
      </trkpt>
      <trkpt lat="32.0163668599" lon="120.895739347">
        <ele>12.2</ele>
        <time>2026-09-04T14:08:33+0800</time>
        <extensions>
          <gpxtpx:TrackPointExtension>
            <gpxtpx:hr>179</gpxtpx:hr>
            <gpxtpx:cad>69</gpxtpx:cad>
          </gpxtpx:TrackPointExtension>
        </extensions>
      </trkpt>
      <trkpt lat="32.0163861383" lon="120.895738844">
        <ele>12.2</ele>
        <time>2026-09-04T14:08:35+0800</time>
        <extensions>
          <gpxtpx:TrackPointExtension>
            <gpxtpx:hr>179</gpxtpx:hr>
            <gpxtpx:cad>64</gpxtpx:cad>
          </gpxtpx:TrackPointExtension>
        </extensions>
      </trkpt>
      <trkpt lat="32.0163934305" lon="120.895739766">
        <ele>12.2</ele>
        <time>2026-09-04T14:08:36+0800</time>
        <extensions>
          <gpxtpx:TrackPointExtension>
            <gpxtpx:hr>178</gpxtpx:hr>
            <gpxtpx:cad>62</gpxtpx:cad>
          </gpxtpx:TrackPointExtension>
        </extensions>
      </trkpt>
      <trkpt lat="32.0164062548" lon="120.895748064">
        <ele>12.2</ele>
        <time>2026-09-04T14:08:37+0800</time>
        <extensions>
          <gpxtpx:TrackPointExtension>
            <gpxtpx:hr>177</gpxtpx:hr>
            <gpxtpx:cad>61</gpxtpx:cad>
          </gpxtpx:TrackPointExtension>
        </extensions>
      </trkpt>
      <trkpt lat="32.0164309815" lon="120.895757033">
        <ele>12.2</ele>
        <time>2026-09-04T14:08:38+0800</time>
        <extensions>
          <gpxtpx:TrackPointExtension>
            <gpxtpx:hr>177</gpxtpx:hr>
            <gpxtpx:cad>63</gpxtpx:cad>
          </gpxtpx:TrackPointExtension>
        </extensions>
      </trkpt>
      <trkpt lat="32.0164524391" lon="120.895765331">
        <ele>12.2</ele>
        <time>2026-09-04T14:08:39+0800</time>
        <extensions>
          <gpxtpx:TrackPointExtension>
            <gpxtpx:hr>176</gpxtpx:hr>
            <gpxtpx:cad>64</gpxtpx:cad>
          </gpxtpx:TrackPointExtension>
        </extensions>
      </trkpt>
      <trkpt lat="32.0164761599" lon="120.895772455">
        <ele>12.2</ele>
        <time>2026-09-04T14:08:40+0800</time>
        <extensions>
          <gpxtpx:TrackPointExtension>
            <gpxtpx:hr>175</gpxtpx:hr>
            <gpxtpx:cad>68</gpxtpx:cad>
          </gpxtpx:TrackPointExtension>
        </extensions>
      </trkpt>
      <trkpt lat="32.0164976176" lon="120.895779999">
        <ele>12.0</ele>
        <time>2026-09-04T14:08:41+0800</time>
        <extensions>
          <gpxtpx:TrackPointExtension>
            <gpxtpx:hr>175</gpxtpx:hr>
            <gpxtpx:cad>72</gpxtpx:cad>
          </gpxtpx:TrackPointExtension>
        </extensions>
      </trkpt>
      <trkpt lat="32.016520584" lon="120.895787124">
        <ele>12.0</ele>
        <time>2026-09-04T14:08:42+0800</time>
        <extensions>
          <gpxtpx:TrackPointExtension>
            <gpxtpx:hr>174</gpxtpx:hr>
            <gpxtpx:cad>75</gpxtpx:cad>
          </gpxtpx:TrackPointExtension>
        </extensions>
      </trkpt>
      <trkpt lat="32.0165443886" lon="120.895798439">
        <ele>12.0</ele>
        <time>2026-09-04T14:08:43+0800</time>
        <extensions>
          <gpxtpx:TrackPointExtension>
            <gpxtpx:hr>173</gpxtpx:hr>
            <gpxtpx:cad>78</gpxtpx:cad>
          </gpxtpx:TrackPointExtension>
        </extensions>
      </trkpt>
      <trkpt lat="32.0165661816" lon="120.895797266">
        <ele>12.0</ele>
        <time>2026-09-04T14:08:44+0800</time>
        <extensions>
          <gpxtpx:TrackPointExtension>
            <gpxtpx:hr>172</gpxtpx:hr>
            <gpxtpx:cad>84</gpxtpx:cad>
          </gpxtpx:TrackPointExtension>
        </extensions>
      </trkpt>
      <trkpt lat="32.0165932551" lon="120.895815622">
        <ele>11.8</ele>
        <time>2026-09-04T14:08:45+0800</time>
        <extensions>
          <gpxtpx:TrackPointExtension>
            <gpxtpx:hr>172</gpxtpx:hr>
            <gpxtpx:cad>87</gpxtpx:cad>
          </gpxtpx:TrackPointExtension>
        </extensions>
      </trkpt>
      <trkpt lat="32.0166102704" lon="120.895820735">
        <ele>11.8</ele>
        <time>2026-09-04T14:08:46+0800</time>
        <extensions>
          <gpxtpx:TrackPointExtension>
            <gpxtpx:hr>171</gpxtpx:hr>
            <gpxtpx:cad>88</gpxtpx:cad>
          </gpxtpx:TrackPointExtension>
        </extensions>
      </trkpt>
      <trkpt lat="32.0166440494" lon="120.895831715">
        <ele>11.8</ele>
        <time>2026-09-04T14:08:47+0800</time>
        <extensions>
          <gpxtpx:TrackPointExtension>
            <gpxtpx:hr>170</gpxtpx:hr>
            <gpxtpx:cad>88</gpxtpx:cad>
          </gpxtpx:TrackPointExtension>
        </extensions>
      </trkpt>
      <trkpt lat="32.0166634116" lon="120.89583138">
        <ele>11.8</ele>
        <time>2026-09-04T14:08:48+0800</time>
        <extensions>
          <gpxtpx:TrackPointExtension>
            <gpxtpx:hr>170</gpxtpx:hr>
            <gpxtpx:cad>88</gpxtpx:cad>
          </gpxtpx:TrackPointExtension>
        </extensions>
      </trkpt>
      <trkpt lat="32.0166955981" lon="120.895847641">
        <ele>11.8</ele>
        <time>2026-09-04T14:08:49+0800</time>
        <extensions>
          <gpxtpx:TrackPointExtension>
            <gpxtpx:hr>170</gpxtpx:hr>
            <gpxtpx:cad>88</gpxtpx:cad>
          </gpxtpx:TrackPointExtension>
        </extensions>
      </trkpt>
      <trkpt lat="32.0167144574" lon="120.895853005">
        <ele>11.8</ele>
        <time>2026-09-04T14:08:50+0800</time>
        <extensions>
          <gpxtpx:TrackPointExtension>
            <gpxtpx:hr>169</gpxtpx:hr>
            <gpxtpx:cad>88</gpxtpx:cad>
          </gpxtpx:TrackPointExtension>
        </extensions>
      </trkpt>
      <trkpt lat="32.0167463087" lon="120.895865075">
        <ele>11.8</ele>
        <time>2026-09-04T14:08:51+0800</time>
        <extensions>
          <gpxtpx:TrackPointExtension>
            <gpxtpx:hr>169</gpxtpx:hr>
            <gpxtpx:cad>88</gpxtpx:cad>
          </gpxtpx:TrackPointExtension>
        </extensions>
      </trkpt>
      <trkpt lat="32.0167640783" lon="120.895868596">
        <ele>11.8</ele>
        <time>2026-09-04T14:08:52+0800</time>
        <extensions>
          <gpxtpx:TrackPointExtension>
            <gpxtpx:hr>169</gpxtpx:hr>
            <gpxtpx:cad>88</gpxtpx:cad>
          </gpxtpx:TrackPointExtension>
        </extensions>
      </trkpt>
      <trkpt lat="32.0167948399" lon="120.895877313">
        <ele>11.8</ele>
        <time>2026-09-04T14:08:53+0800</time>
        <extensions>
          <gpxtpx:TrackPointExtension>
            <gpxtpx:hr>168</gpxtpx:hr>
            <gpxtpx:cad>88</gpxtpx:cad>
          </gpxtpx:TrackPointExtension>
        </extensions>
      </trkpt>
      <trkpt lat="32.0168145373" lon="120.895884857">
        <ele>11.8</ele>
        <time>2026-09-04T14:08:54+0800</time>
        <extensions>
          <gpxtpx:TrackPointExtension>
            <gpxtpx:hr>168</gpxtpx:hr>
            <gpxtpx:cad>88</gpxtpx:cad>
          </gpxtpx:TrackPointExtension>
        </extensions>
      </trkpt>
      <trkpt lat="32.0168411918" lon="120.89588888">
        <ele>11.8</ele>
        <time>2026-09-04T14:08:55+0800</time>
        <extensions>
          <gpxtpx:TrackPointExtension>
            <gpxtpx:hr>168</gpxtpx:hr>
            <gpxtpx:cad>88</gpxtpx:cad>
          </gpxtpx:TrackPointExtension>
        </extensions>
      </trkpt>
      <trkpt lat="32.016865667" lon="120.895897513">
        <ele>11.6</ele>
        <time>2026-09-04T14:08:56+0800</time>
        <extensions>
          <gpxtpx:TrackPointExtension>
            <gpxtpx:hr>168</gpxtpx:hr>
            <gpxtpx:cad>87</gpxtpx:cad>
          </gpxtpx:TrackPointExtension>
        </extensions>
      </trkpt>
      <trkpt lat="32.0168901421" lon="120.895899273">
        <ele>11.6</ele>
        <time>2026-09-04T14:08:57+0800</time>
        <extensions>
          <gpxtpx:TrackPointExtension>
            <gpxtpx:hr>168</gpxtpx:hr>
            <gpxtpx:cad>87</gpxtpx:cad>
          </gpxtpx:TrackPointExtension>
        </extensions>
      </trkpt>
      <trkpt lat="32.0169232506" lon="120.895910421">
        <ele>11.6</ele>
        <time>2026-09-04T14:08:58+0800</time>
        <extensions>
          <gpxtpx:TrackPointExtension>
            <gpxtpx:hr>167</gpxtpx:hr>
            <gpxtpx:cad>87</gpxtpx:cad>
          </gpxtpx:TrackPointExtension>
        </extensions>
      </trkpt>
      <trkpt lat="32.0169446245" lon="120.895910757">
        <ele>11.6</ele>
        <time>2026-09-04T14:08:59+0800</time>
        <extensions>
          <gpxtpx:TrackPointExtension>
            <gpxtpx:hr>168</gpxtpx:hr>
            <gpxtpx:cad>87</gpxtpx:cad>
          </gpxtpx:TrackPointExtension>
        </extensions>
      </trkpt>
      <trkpt lat="32.0169747155" lon="120.895925006">
        <ele>11.6</ele>
        <time>2026-09-04T14:09:00+0800</time>
        <extensions>
          <gpxtpx:TrackPointExtension>
            <gpxtpx:hr>167</gpxtpx:hr>
            <gpxtpx:cad>87</gpxtpx:cad>
          </gpxtpx:TrackPointExtension>
        </extensions>
      </trkpt>
      <trkpt lat="32.0169981848" lon="120.895927101">
        <ele>11.6</ele>
        <time>2026-09-04T14:09:01+0800</time>
        <extensions>
          <gpxtpx:TrackPointExtension>
            <gpxtpx:hr>167</gpxtpx:hr>
            <gpxtpx:cad>87</gpxtpx:cad>
          </gpxtpx:TrackPointExtension>
        </extensions>
      </trkpt>
      <trkpt lat="32.0170266833" lon="120.895934897">
        <ele>11.6</ele>
        <time>2026-09-04T14:09:02+0800</time>
        <extensions>
          <gpxtpx:TrackPointExtension>
            <gpxtpx:hr>167</gpxtpx:hr>
            <gpxtpx:cad>87</gpxtpx:cad>
          </gpxtpx:TrackPointExtension>
        </extensions>
      </trkpt>
      <trkpt lat="32.0170462132" lon="120.895936573">
        <ele>11.6</ele>
        <time>2026-09-04T14:09:03+0800</time>
        <extensions>
          <gpxtpx:TrackPointExtension>
            <gpxtpx:hr>167</gpxtpx:hr>
            <gpxtpx:cad>87</gpxtpx:cad>
          </gpxtpx:TrackPointExtension>
        </extensions>
      </trkpt>
      <trkpt lat="32.0170794893" lon="120.895943362">
        <ele>11.6</ele>
        <time>2026-09-04T14:09:04+0800</time>
        <extensions>
          <gpxtpx:TrackPointExtension>
            <gpxtpx:hr>166</gpxtpx:hr>
            <gpxtpx:cad>87</gpxtpx:cad>
          </gpxtpx:TrackPointExtension>
        </extensions>
      </trkpt>
      <trkpt lat="32.0170995221" lon="120.895947134">
        <ele>11.6</ele>
        <time>2026-09-04T14:09:05+0800</time>
        <extensions>
          <gpxtpx:TrackPointExtension>
            <gpxtpx:hr>166</gpxtpx:hr>
            <gpxtpx:cad>87</gpxtpx:cad>
          </gpxtpx:TrackPointExtension>
        </extensions>
      </trkpt>
      <trkpt lat="32.0171281043" lon="120.895954678">
        <ele>11.6</ele>
        <time>2026-09-04T14:09:06+0800</time>
        <extensions>
          <gpxtpx:TrackPointExtension>
            <gpxtpx:hr>165</gpxtpx:hr>
            <gpxtpx:cad>88</gpxtpx:cad>
          </gpxtpx:TrackPointExtension>
        </extensions>
      </trkpt>
      <trkpt lat="32.0171498135" lon="120.895965407">
        <ele>11.6</ele>
        <time>2026-09-04T14:09:07+0800</time>
        <extensions>
          <gpxtpx:TrackPointExtension>
            <gpxtpx:hr>165</gpxtpx:hr>
            <gpxtpx:cad>88</gpxtpx:cad>
          </gpxtpx:TrackPointExtension>
        </extensions>
      </trkpt>
      <trkpt lat="32.0171791501" lon="120.895971442">
        <ele>11.6</ele>
        <time>2026-09-04T14:09:08+0800</time>
        <extensions>
          <gpxtpx:TrackPointExtension>
            <gpxtpx:hr>165</gpxtpx:hr>
            <gpxtpx:cad>88</gpxtpx:cad>
          </gpxtpx:TrackPointExtension>
        </extensions>
      </trkpt>
      <trkpt lat="32.0172050502" lon="120.895981584">
        <ele>11.6</ele>
        <time>2026-09-04T14:09:09+0800</time>
        <extensions>
          <gpxtpx:TrackPointExtension>
            <gpxtpx:hr>165</gpxtpx:hr>
            <gpxtpx:cad>88</gpxtpx:cad>
          </gpxtpx:TrackPointExtension>
        </extensions>
      </trkpt>
      <trkpt lat="32.0172298606" lon="120.895980326">
        <ele>11.6</ele>
        <time>2026-09-04T14:09:10+0800</time>
        <extensions>
          <gpxtpx:TrackPointExtension>
            <gpxtpx:hr>165</gpxtpx:hr>
            <gpxtpx:cad>88</gpxtpx:cad>
          </gpxtpx:TrackPointExtension>
        </extensions>
      </trkpt>
      <trkpt lat="32.0172613766" lon="120.895993654">
        <ele>11.6</ele>
        <time>2026-09-04T14:09:11+0800</time>
        <extensions>
          <gpxtpx:TrackPointExtension>
            <gpxtpx:hr>165</gpxtpx:hr>
            <gpxtpx:cad>87</gpxtpx:cad>
          </gpxtpx:TrackPointExtension>
        </extensions>
      </trkpt>
      <trkpt lat="32.0172823314" lon="120.89599072">
        <ele>11.6</ele>
        <time>2026-09-04T14:09:12+0800</time>
        <extensions>
          <gpxtpx:TrackPointExtension>
            <gpxtpx:hr>164</gpxtpx:hr>
            <gpxtpx:cad>87</gpxtpx:cad>
          </gpxtpx:TrackPointExtension>
        </extensions>
      </trkpt>
      <trkpt lat="32.017315859" lon="120.896003041">
        <ele>11.6</ele>
        <time>2026-09-04T14:09:13+0800</time>
        <extensions>
          <gpxtpx:TrackPointExtension>
            <gpxtpx:hr>165</gpxtpx:hr>
            <gpxtpx:cad>87</gpxtpx:cad>
          </gpxtpx:TrackPointExtension>
        </extensions>
      </trkpt>
      <trkpt lat="32.0173358917" lon="120.896008238">
        <ele>11.6</ele>
        <time>2026-09-04T14:09:14+0800</time>
        <extensions>
          <gpxtpx:TrackPointExtension>
            <gpxtpx:hr>165</gpxtpx:hr>
            <gpxtpx:cad>87</gpxtpx:cad>
          </gpxtpx:TrackPointExtension>
        </extensions>
      </trkpt>
      <trkpt lat="32.0173658151" lon="120.896017877">
        <ele>11.6</ele>
        <time>2026-09-04T14:09:15+0800</time>
        <extensions>
          <gpxtpx:TrackPointExtension>
            <gpxtpx:hr>164</gpxtpx:hr>
            <gpxtpx:cad>87</gpxtpx:cad>
          </gpxtpx:TrackPointExtension>
        </extensions>
      </trkpt>
      <trkpt lat="32.0173906256" lon="120.89602869">
        <ele>11.6</ele>
        <time>2026-09-04T14:09:16+0800</time>
        <extensions>
          <gpxtpx:TrackPointExtension>
            <gpxtpx:hr>164</gpxtpx:hr>
            <gpxtpx:cad>87</gpxtpx:cad>
          </gpxtpx:TrackPointExtension>
        </extensions>
      </trkpt>
      <trkpt lat="32.017425159" lon="120.896036988">
        <ele>11.6</ele>
        <time>2026-09-04T14:09:17+0800</time>
        <extensions>
          <gpxtpx:TrackPointExtension>
            <gpxtpx:hr>164</gpxtpx:hr>
            <gpxtpx:cad>87</gpxtpx:cad>
          </gpxtpx:TrackPointExtension>
        </extensions>
      </trkpt>
      <trkpt lat="32.0174529869" lon="120.896045705">
        <ele>11.6</ele>
        <time>2026-09-04T14:09:18+0800</time>
        <extensions>
          <gpxtpx:TrackPointExtension>
            <gpxtpx:hr>163</gpxtpx:hr>
            <gpxtpx:cad>87</gpxtpx:cad>
          </gpxtpx:TrackPointExtension>
        </extensions>
      </trkpt>
      <trkpt lat="32.017484419" lon="120.896050315">
        <ele>11.6</ele>
        <time>2026-09-04T14:09:19+0800</time>
        <extensions>
          <gpxtpx:TrackPointExtension>
            <gpxtpx:hr>163</gpxtpx:hr>
            <gpxtpx:cad>87</gpxtpx:cad>
          </gpxtpx:TrackPointExtension>
        </extensions>
      </trkpt>
      <trkpt lat="32.0175109059" lon="120.896057021">
        <ele>11.8</ele>
        <time>2026-09-04T14:09:20+0800</time>
        <extensions>
          <gpxtpx:TrackPointExtension>
            <gpxtpx:hr>163</gpxtpx:hr>
            <gpxtpx:cad>87</gpxtpx:cad>
          </gpxtpx:TrackPointExtension>
        </extensions>
      </trkpt>
      <trkpt lat="32.0175333694" lon="120.89605744">
        <ele>11.8</ele>
        <time>2026-09-04T14:09:21+0800</time>
        <extensions>
          <gpxtpx:TrackPointExtension>
            <gpxtpx:hr>163</gpxtpx:hr>
            <gpxtpx:cad>87</gpxtpx:cad>
          </gpxtpx:TrackPointExtension>
        </extensions>
      </trkpt>
      <trkpt lat="32.0175643824" lon="120.896073701">
        <ele>11.8</ele>
        <time>2026-09-04T14:09:22+0800</time>
        <extensions>
          <gpxtpx:TrackPointExtension>
            <gpxtpx:hr>162</gpxtpx:hr>
            <gpxtpx:cad>87</gpxtpx:cad>
          </gpxtpx:TrackPointExtension>
        </extensions>
      </trkpt>
      <trkpt lat="32.0175860077" lon="120.896075293">
        <ele>11.8</ele>
        <time>2026-09-04T14:09:23+0800</time>
        <extensions>
          <gpxtpx:TrackPointExtension>
            <gpxtpx:hr>162</gpxtpx:hr>
            <gpxtpx:cad>87</gpxtpx:cad>
          </gpxtpx:TrackPointExtension>
        </extensions>
      </trkpt>
      <trkpt lat="32.0176185295" lon="120.896086609">
        <ele>12.0</ele>
        <time>2026-09-04T14:09:24+0800</time>
        <extensions>
          <gpxtpx:TrackPointExtension>
            <gpxtpx:hr>162</gpxtpx:hr>
            <gpxtpx:cad>88</gpxtpx:cad>
          </gpxtpx:TrackPointExtension>
        </extensions>
      </trkpt>
      <trkpt lat="32.0176460221" lon="120.896092141">
        <ele>12.0</ele>
        <time>2026-09-04T14:09:25+0800</time>
        <extensions>
          <gpxtpx:TrackPointExtension>
            <gpxtpx:hr>162</gpxtpx:hr>
            <gpxtpx:cad>88</gpxtpx:cad>
          </gpxtpx:TrackPointExtension>
        </extensions>
      </trkpt>
      <trkpt lat="32.0176718384" lon="120.896103205">
        <ele>11.8</ele>
        <time>2026-09-04T14:09:26+0800</time>
        <extensions>
          <gpxtpx:TrackPointExtension>
            <gpxtpx:hr>162</gpxtpx:hr>
            <gpxtpx:cad>88</gpxtpx:cad>
          </gpxtpx:TrackPointExtension>
        </extensions>
      </trkpt>
      <trkpt lat="32.0176909491" lon="120.896106139">
        <ele>11.8</ele>
        <time>2026-09-04T14:09:27+0800</time>
        <extensions>
          <gpxtpx:TrackPointExtension>
            <gpxtpx:hr>161</gpxtpx:hr>
            <gpxtpx:cad>88</gpxtpx:cad>
          </gpxtpx:TrackPointExtension>
        </extensions>
      </trkpt>
      <trkpt lat="32.0177238062" lon="120.89612416">
        <ele>11.8</ele>
        <time>2026-09-04T14:09:28+0800</time>
        <extensions>
          <gpxtpx:TrackPointExtension>
            <gpxtpx:hr>161</gpxtpx:hr>
            <gpxtpx:cad>88</gpxtpx:cad>
          </gpxtpx:TrackPointExtension>
        </extensions>
      </trkpt>
      <trkpt lat="32.0177435037" lon="120.896136397">
        <ele>11.8</ele>
        <time>2026-09-04T14:09:29+0800</time>
        <extensions>
          <gpxtpx:TrackPointExtension>
            <gpxtpx:hr>161</gpxtpx:hr>
            <gpxtpx:cad>88</gpxtpx:cad>
          </gpxtpx:TrackPointExtension>
        </extensions>
      </trkpt>
      <trkpt lat="32.0177690685" lon="120.896163806">
        <ele>11.8</ele>
        <time>2026-09-04T14:09:30+0800</time>
        <extensions>
          <gpxtpx:TrackPointExtension>
            <gpxtpx:hr>161</gpxtpx:hr>
            <gpxtpx:cad>88</gpxtpx:cad>
          </gpxtpx:TrackPointExtension>
        </extensions>
      </trkpt>
      <trkpt lat="32.0177809708" lon="120.896191383">
        <ele>11.8</ele>
        <time>2026-09-04T14:09:31+0800</time>
        <extensions>
          <gpxtpx:TrackPointExtension>
            <gpxtpx:hr>161</gpxtpx:hr>
            <gpxtpx:cad>88</gpxtpx:cad>
          </gpxtpx:TrackPointExtension>
        </extensions>
      </trkpt>
      <trkpt lat="32.0177953038" lon="120.896228598">
        <ele>11.8</ele>
        <time>2026-09-04T14:09:32+0800</time>
        <extensions>
          <gpxtpx:TrackPointExtension>
            <gpxtpx:hr>160</gpxtpx:hr>
            <gpxtpx:cad>88</gpxtpx:cad>
          </gpxtpx:TrackPointExtension>
        </extensions>
      </trkpt>
      <trkpt lat="32.017789185" lon="120.896253577">
        <ele>11.8</ele>
        <time>2026-09-04T14:09:33+0800</time>
        <extensions>
          <gpxtpx:TrackPointExtension>
            <gpxtpx:hr>161</gpxtpx:hr>
            <gpxtpx:cad>87</gpxtpx:cad>
          </gpxtpx:TrackPointExtension>
        </extensions>
      </trkpt>
      <trkpt lat="32.0177839044" lon="120.896287691">
        <ele>11.8</ele>
        <time>2026-09-04T14:09:34+0800</time>
        <extensions>
          <gpxtpx:TrackPointExtension>
            <gpxtpx:hr>161</gpxtpx:hr>
            <gpxtpx:cad>87</gpxtpx:cad>
          </gpxtpx:TrackPointExtension>
        </extensions>
      </trkpt>
      <trkpt lat="32.0177742653" lon="120.896317363">
        <ele>11.8</ele>
        <time>2026-09-04T14:09:35+0800</time>
        <extensions>
          <gpxtpx:TrackPointExtension>
            <gpxtpx:hr>160</gpxtpx:hr>
            <gpxtpx:cad>88</gpxtpx:cad>
          </gpxtpx:TrackPointExtension>
        </extensions>
      </trkpt>
      <trkpt lat="32.0177710801" lon="120.896348795">
        <ele>11.8</ele>
        <time>2026-09-04T14:09:36+0800</time>
        <extensions>
          <gpxtpx:TrackPointExtension>
            <gpxtpx:hr>160</gpxtpx:hr>
            <gpxtpx:cad>88</gpxtpx:cad>
          </gpxtpx:TrackPointExtension>
        </extensions>
      </trkpt>
      <trkpt lat="32.0177568309" lon="120.896378467">
        <ele>11.8</ele>
        <time>2026-09-04T14:09:37+0800</time>
        <extensions>
          <gpxtpx:TrackPointExtension>
            <gpxtpx:hr>160</gpxtpx:hr>
            <gpxtpx:cad>88</gpxtpx:cad>
          </gpxtpx:TrackPointExtension>
        </extensions>
      </trkpt>
      <trkpt lat="32.017751215" lon="120.89640839">
        <ele>11.8</ele>
        <time>2026-09-04T14:09:38+0800</time>
        <extensions>
          <gpxtpx:TrackPointExtension>
            <gpxtpx:hr>161</gpxtpx:hr>
            <gpxtpx:cad>88</gpxtpx:cad>
          </gpxtpx:TrackPointExtension>
        </extensions>
      </trkpt>
      <trkpt lat="32.0177381393" lon="120.896443343">
        <ele>11.8</ele>
        <time>2026-09-04T14:09:39+0800</time>
        <extensions>
          <gpxtpx:TrackPointExtension>
            <gpxtpx:hr>161</gpxtpx:hr>
            <gpxtpx:cad>88</gpxtpx:cad>
          </gpxtpx:TrackPointExtension>
        </extensions>
      </trkpt>
      <trkpt lat="32.0177371334" lon="120.896472679">
        <ele>11.8</ele>
        <time>2026-09-04T14:09:40+0800</time>
        <extensions>
          <gpxtpx:TrackPointExtension>
            <gpxtpx:hr>162</gpxtpx:hr>
            <gpxtpx:cad>88</gpxtpx:cad>
          </gpxtpx:TrackPointExtension>
        </extensions>
      </trkpt>
      <trkpt lat="32.0177276619" lon="120.896505704">
        <ele>11.8</ele>
        <time>2026-09-04T14:09:41+0800</time>
        <extensions>
          <gpxtpx:TrackPointExtension>
            <gpxtpx:hr>162</gpxtpx:hr>
            <gpxtpx:cad>88</gpxtpx:cad>
          </gpxtpx:TrackPointExtension>
        </extensions>
      </trkpt>
      <trkpt lat="32.0177305117" lon="120.896532526">
        <ele>11.8</ele>
        <time>2026-09-04T14:09:42+0800</time>
        <extensions>
          <gpxtpx:TrackPointExtension>
            <gpxtpx:hr>162</gpxtpx:hr>
            <gpxtpx:cad>89</gpxtpx:cad>
          </gpxtpx:TrackPointExtension>
        </extensions>
      </trkpt>
      <trkpt lat="32.0177196991" lon="120.89656421">
        <ele>11.8</ele>
        <time>2026-09-04T14:09:43+0800</time>
        <extensions>
          <gpxtpx:TrackPointExtension>
            <gpxtpx:hr>162</gpxtpx:hr>
            <gpxtpx:cad>89</gpxtpx:cad>
          </gpxtpx:TrackPointExtension>
        </extensions>
      </trkpt>
      <trkpt lat="32.0177170169" lon="120.896588098">
        <ele>11.8</ele>
        <time>2026-09-04T14:09:44+0800</time>
        <extensions>
          <gpxtpx:TrackPointExtension>
            <gpxtpx:hr>162</gpxtpx:hr>
            <gpxtpx:cad>89</gpxtpx:cad>
          </gpxtpx:TrackPointExtension>
        </extensions>
      </trkpt>
      <trkpt lat="32.0177120715" lon="120.896621123">
        <ele>11.8</ele>
        <time>2026-09-04T14:09:45+0800</time>
        <extensions>
          <gpxtpx:TrackPointExtension>
            <gpxtpx:hr>162</gpxtpx:hr>
            <gpxtpx:cad>89</gpxtpx:cad>
          </gpxtpx:TrackPointExtension>
        </extensions>
      </trkpt>
      <trkpt lat="32.0177167654" lon="120.896643335">
        <ele>11.8</ele>
        <time>2026-09-04T14:09:46+0800</time>
        <extensions>
          <gpxtpx:TrackPointExtension>
            <gpxtpx:hr>162</gpxtpx:hr>
            <gpxtpx:cad>89</gpxtpx:cad>
          </gpxtpx:TrackPointExtension>
        </extensions>
      </trkpt>
      <trkpt lat="32.0177077968" lon="120.896680132">
        <ele>11.6</ele>
        <time>2026-09-04T14:09:47+0800</time>
        <extensions>
          <gpxtpx:TrackPointExtension>
            <gpxtpx:hr>163</gpxtpx:hr>
            <gpxtpx:cad>89</gpxtpx:cad>
          </gpxtpx:TrackPointExtension>
        </extensions>
      </trkpt>
      <trkpt lat="32.0177009236" lon="120.896704607">
        <ele>11.6</ele>
        <time>2026-09-04T14:09:48+0800</time>
        <extensions>
          <gpxtpx:TrackPointExtension>
            <gpxtpx:hr>163</gpxtpx:hr>
            <gpxtpx:cad>89</gpxtpx:cad>
          </gpxtpx:TrackPointExtension>
        </extensions>
      </trkpt>
      <trkpt lat="32.0176931284" lon="120.896743666">
        <ele>11.6</ele>
        <time>2026-09-04T14:09:49+0800</time>
        <extensions>
          <gpxtpx:TrackPointExtension>
            <gpxtpx:hr>162</gpxtpx:hr>
            <gpxtpx:cad>88</gpxtpx:cad>
          </gpxtpx:TrackPointExtension>
        </extensions>
      </trkpt>
      <trkpt lat="32.0176833216" lon="120.896772584">
        <ele>11.6</ele>
        <time>2026-09-04T14:09:50+0800</time>
        <extensions>
          <gpxtpx:TrackPointExtension>
            <gpxtpx:hr>163</gpxtpx:hr>
            <gpxtpx:cad>88</gpxtpx:cad>
          </gpxtpx:TrackPointExtension>
        </extensions>
      </trkpt>
      <trkpt lat="32.0176742692" lon="120.896808542">
        <ele>11.6</ele>
        <time>2026-09-04T14:09:51+0800</time>
        <extensions>
          <gpxtpx:TrackPointExtension>
            <gpxtpx:hr>163</gpxtpx:hr>
            <gpxtpx:cad>88</gpxtpx:cad>
          </gpxtpx:TrackPointExtension>
        </extensions>
      </trkpt>
      <trkpt lat="32.0176627021" lon="120.896832934">
        <ele>11.6</ele>
        <time>2026-09-04T14:09:52+0800</time>
        <extensions>
          <gpxtpx:TrackPointExtension>
            <gpxtpx:hr>163</gpxtpx:hr>
            <gpxtpx:cad>88</gpxtpx:cad>
          </gpxtpx:TrackPointExtension>
        </extensions>
      </trkpt>
      <trkpt lat="32.0176537335" lon="120.896865958">
        <ele>11.6</ele>
        <time>2026-09-04T14:09:53+0800</time>
        <extensions>
          <gpxtpx:TrackPointExtension>
            <gpxtpx:hr>162</gpxtpx:hr>
            <gpxtpx:cad>88</gpxtpx:cad>
          </gpxtpx:TrackPointExtension>
        </extensions>
      </trkpt>
      <trkpt lat="32.0176504645" lon="120.896892278">
        <ele>11.8</ele>
        <time>2026-09-04T14:09:54+0800</time>
        <extensions>
          <gpxtpx:TrackPointExtension>
            <gpxtpx:hr>162</gpxtpx:hr>
            <gpxtpx:cad>88</gpxtpx:cad>
          </gpxtpx:TrackPointExtension>
        </extensions>
      </trkpt>
      <trkpt lat="32.0176458545" lon="120.896921195">
        <ele>11.8</ele>
        <time>2026-09-04T14:09:55+0800</time>
        <extensions>
          <gpxtpx:TrackPointExtension>
            <gpxtpx:hr>162</gpxtpx:hr>
            <gpxtpx:cad>88</gpxtpx:cad>
          </gpxtpx:TrackPointExtension>
        </extensions>
      </trkpt>
      <trkpt lat="32.0176346228" lon="120.896947598">
        <ele>11.8</ele>
        <time>2026-09-04T14:09:56+0800</time>
        <extensions>
          <gpxtpx:TrackPointExtension>
            <gpxtpx:hr>162</gpxtpx:hr>
            <gpxtpx:cad>89</gpxtpx:cad>
          </gpxtpx:TrackPointExtension>
        </extensions>
      </trkpt>
      <trkpt lat="32.0176316891" lon="120.89698297">
        <ele>11.8</ele>
        <time>2026-09-04T14:09:57+0800</time>
        <extensions>
          <gpxtpx:TrackPointExtension>
            <gpxtpx:hr>162</gpxtpx:hr>
            <gpxtpx:cad>89</gpxtpx:cad>
          </gpxtpx:TrackPointExtension>
        </extensions>
      </trkpt>
      <trkpt lat="32.0176254027" lon="120.897011803">
        <ele>11.8</ele>
        <time>2026-09-04T14:09:58+0800</time>
        <extensions>
          <gpxtpx:TrackPointExtension>
            <gpxtpx:hr>162</gpxtpx:hr>
            <gpxtpx:cad>89</gpxtpx:cad>
          </gpxtpx:TrackPointExtension>
        </extensions>
      </trkpt>
      <trkpt lat="32.0176233072" lon="120.897043655">
        <ele>11.8</ele>
        <time>2026-09-04T14:09:59+0800</time>
        <extensions>
          <gpxtpx:TrackPointExtension>
            <gpxtpx:hr>162</gpxtpx:hr>
            <gpxtpx:cad>89</gpxtpx:cad>
          </gpxtpx:TrackPointExtension>
        </extensions>
      </trkpt>
      <trkpt lat="32.0176119916" lon="120.897071818">
        <ele>11.8</ele>
        <time>2026-09-04T14:10:00+0800</time>
        <extensions>
          <gpxtpx:TrackPointExtension>
            <gpxtpx:hr>162</gpxtpx:hr>
            <gpxtpx:cad>89</gpxtpx:cad>
          </gpxtpx:TrackPointExtension>
        </extensions>
      </trkpt>
      <trkpt lat="32.0176089741" lon="120.897099813">
        <ele>11.8</ele>
        <time>2026-09-04T14:10:01+0800</time>
        <extensions>
          <gpxtpx:TrackPointExtension>
            <gpxtpx:hr>162</gpxtpx:hr>
            <gpxtpx:cad>89</gpxtpx:cad>
          </gpxtpx:TrackPointExtension>
        </extensions>
      </trkpt>
      <trkpt lat="32.0175945573" lon="120.897133257">
        <ele>11.8</ele>
        <time>2026-09-04T14:10:02+0800</time>
        <extensions>
          <gpxtpx:TrackPointExtension>
            <gpxtpx:hr>162</gpxtpx:hr>
            <gpxtpx:cad>89</gpxtpx:cad>
          </gpxtpx:TrackPointExtension>
        </extensions>
      </trkpt>
      <trkpt lat="32.0175926294" lon="120.897160079">
        <ele>11.8</ele>
        <time>2026-09-04T14:10:03+0800</time>
        <extensions>
          <gpxtpx:TrackPointExtension>
            <gpxtpx:hr>162</gpxtpx:hr>
            <gpxtpx:cad>89</gpxtpx:cad>
          </gpxtpx:TrackPointExtension>
        </extensions>
      </trkpt>
      <trkpt lat="32.0175840799" lon="120.897191679">
        <ele>11.8</ele>
        <time>2026-09-04T14:10:04+0800</time>
        <extensions>
          <gpxtpx:TrackPointExtension>
            <gpxtpx:hr>161</gpxtpx:hr>
            <gpxtpx:cad>89</gpxtpx:cad>
          </gpxtpx:TrackPointExtension>
        </extensions>
      </trkpt>
      <trkpt lat="32.0175817329" lon="120.897219842">
        <ele>11.8</ele>
        <time>2026-09-04T14:10:05+0800</time>
        <extensions>
          <gpxtpx:TrackPointExtension>
            <gpxtpx:hr>162</gpxtpx:hr>
            <gpxtpx:cad>89</gpxtpx:cad>
          </gpxtpx:TrackPointExtension>
        </extensions>
      </trkpt>
      <trkpt lat="32.0175705012" lon="120.897258818">
        <ele>11.8</ele>
        <time>2026-09-04T14:10:06+0800</time>
        <extensions>
          <gpxtpx:TrackPointExtension>
            <gpxtpx:hr>162</gpxtpx:hr>
            <gpxtpx:cad>89</gpxtpx:cad>
          </gpxtpx:TrackPointExtension>
        </extensions>
      </trkpt>
      <trkpt lat="32.0175647177" lon="120.897285892">
        <ele>11.8</ele>
        <time>2026-09-04T14:10:07+0800</time>
        <extensions>
          <gpxtpx:TrackPointExtension>
            <gpxtpx:hr>161</gpxtpx:hr>
            <gpxtpx:cad>89</gpxtpx:cad>
          </gpxtpx:TrackPointExtension>
        </extensions>
      </trkpt>
      <trkpt lat="32.0175596885" lon="120.897323359">
        <ele>11.8</ele>
        <time>2026-09-04T14:10:08+0800</time>
        <extensions>
          <gpxtpx:TrackPointExtension>
            <gpxtpx:hr>161</gpxtpx:hr>
            <gpxtpx:cad>89</gpxtpx:cad>
          </gpxtpx:TrackPointExtension>
        </extensions>
      </trkpt>
      <trkpt lat="32.0175606105" lon="120.897350432">
        <ele>11.6</ele>
        <time>2026-09-04T14:10:09+0800</time>
        <extensions>
          <gpxtpx:TrackPointExtension>
            <gpxtpx:hr>161</gpxtpx:hr>
            <gpxtpx:cad>88</gpxtpx:cad>
          </gpxtpx:TrackPointExtension>
        </extensions>
      </trkpt>
      <trkpt lat="32.0175550785" lon="120.897391336">
        <ele>11.8</ele>
        <time>2026-09-04T14:10:10+0800</time>
        <extensions>
          <gpxtpx:TrackPointExtension>
            <gpxtpx:hr>161</gpxtpx:hr>
            <gpxtpx:cad>88</gpxtpx:cad>
          </gpxtpx:TrackPointExtension>
        </extensions>
      </trkpt>
      <trkpt lat="32.0175528154" lon="120.897419248">
        <ele>11.8</ele>
        <time>2026-09-04T14:10:11+0800</time>
        <extensions>
          <gpxtpx:TrackPointExtension>
            <gpxtpx:hr>161</gpxtpx:hr>
            <gpxtpx:cad>88</gpxtpx:cad>
          </gpxtpx:TrackPointExtension>
        </extensions>
      </trkpt>
      <trkpt lat="32.0175470319" lon="120.897456966">
        <ele>11.8</ele>
        <time>2026-09-04T14:10:12+0800</time>
        <extensions>
          <gpxtpx:TrackPointExtension>
            <gpxtpx:hr>161</gpxtpx:hr>
            <gpxtpx:cad>89</gpxtpx:cad>
          </gpxtpx:TrackPointExtension>
        </extensions>
      </trkpt>
      <trkpt lat="32.0175438467" lon="120.897486806">
        <ele>11.8</ele>
        <time>2026-09-04T14:10:13+0800</time>
        <extensions>
          <gpxtpx:TrackPointExtension>
            <gpxtpx:hr>161</gpxtpx:hr>
            <gpxtpx:cad>89</gpxtpx:cad>
          </gpxtpx:TrackPointExtension>
        </extensions>
      </trkpt>
      <trkpt lat="32.0175290946" lon="120.897524357">
        <ele>11.6</ele>
        <time>2026-09-04T14:10:14+0800</time>
        <extensions>
          <gpxtpx:TrackPointExtension>
            <gpxtpx:hr>161</gpxtpx:hr>
            <gpxtpx:cad>88</gpxtpx:cad>
          </gpxtpx:TrackPointExtension>
        </extensions>
      </trkpt>
      <trkpt lat="32.0175206289" lon="120.897552688">
        <ele>11.6</ele>
        <time>2026-09-04T14:10:15+0800</time>
        <extensions>
          <gpxtpx:TrackPointExtension>
            <gpxtpx:hr>161</gpxtpx:hr>
            <gpxtpx:cad>88</gpxtpx:cad>
          </gpxtpx:TrackPointExtension>
        </extensions>
      </trkpt>
      <trkpt lat="32.0175105706" lon="120.897589568">
        <ele>11.6</ele>
        <time>2026-09-04T14:10:16+0800</time>
        <extensions>
          <gpxtpx:TrackPointExtension>
            <gpxtpx:hr>161</gpxtpx:hr>
            <gpxtpx:cad>88</gpxtpx:cad>
          </gpxtpx:TrackPointExtension>
        </extensions>
      </trkpt>
      <trkpt lat="32.0175062958" lon="120.89762033">
        <ele>11.6</ele>
        <time>2026-09-04T14:10:17+0800</time>
        <extensions>
          <gpxtpx:TrackPointExtension>
            <gpxtpx:hr>161</gpxtpx:hr>
            <gpxtpx:cad>88</gpxtpx:cad>
          </gpxtpx:TrackPointExtension>
        </extensions>
      </trkpt>
      <trkpt lat="32.0174971595" lon="120.897651846">
        <ele>11.4</ele>
        <time>2026-09-04T14:10:18+0800</time>
        <extensions>
          <gpxtpx:TrackPointExtension>
            <gpxtpx:hr>161</gpxtpx:hr>
            <gpxtpx:cad>88</gpxtpx:cad>
          </gpxtpx:TrackPointExtension>
        </extensions>
      </trkpt>
      <trkpt lat="32.017491376" lon="120.897680931">
        <ele>11.4</ele>
        <time>2026-09-04T14:10:19+0800</time>
        <extensions>
          <gpxtpx:TrackPointExtension>
            <gpxtpx:hr>160</gpxtpx:hr>
            <gpxtpx:cad>88</gpxtpx:cad>
          </gpxtpx:TrackPointExtension>
        </extensions>
      </trkpt>
      <trkpt lat="32.0174885262" lon="120.897712028">
        <ele>11.4</ele>
        <time>2026-09-04T14:10:20+0800</time>
        <extensions>
          <gpxtpx:TrackPointExtension>
            <gpxtpx:hr>160</gpxtpx:hr>
            <gpxtpx:cad>88</gpxtpx:cad>
          </gpxtpx:TrackPointExtension>
        </extensions>
      </trkpt>
      <trkpt lat="32.0174772944" lon="120.897741364">
        <ele>11.4</ele>
        <time>2026-09-04T14:10:21+0800</time>
        <extensions>
          <gpxtpx:TrackPointExtension>
            <gpxtpx:hr>160</gpxtpx:hr>
            <gpxtpx:cad>88</gpxtpx:cad>
          </gpxtpx:TrackPointExtension>
        </extensions>
      </trkpt>
      <trkpt lat="32.0174758695" lon="120.897771623">
        <ele>11.4</ele>
        <time>2026-09-04T14:10:22+0800</time>
        <extensions>
          <gpxtpx:TrackPointExtension>
            <gpxtpx:hr>160</gpxtpx:hr>
            <gpxtpx:cad>88</gpxtpx:cad>
          </gpxtpx:TrackPointExtension>
        </extensions>
      </trkpt>
      <trkpt lat="32.0174637157" lon="120.89780557">
        <ele>11.4</ele>
        <time>2026-09-04T14:10:23+0800</time>
        <extensions>
          <gpxtpx:TrackPointExtension>
            <gpxtpx:hr>159</gpxtpx:hr>
            <gpxtpx:cad>88</gpxtpx:cad>
          </gpxtpx:TrackPointExtension>
        </extensions>
      </trkpt>
      <trkpt lat="32.0174642187" lon="120.897834403">
        <ele>11.2</ele>
        <time>2026-09-04T14:10:24+0800</time>
        <extensions>
          <gpxtpx:TrackPointExtension>
            <gpxtpx:hr>159</gpxtpx:hr>
            <gpxtpx:cad>88</gpxtpx:cad>
          </gpxtpx:TrackPointExtension>
        </extensions>
      </trkpt>
      <trkpt lat="32.017457597" lon="120.897866758">
        <ele>11.2</ele>
        <time>2026-09-04T14:10:25+0800</time>
        <extensions>
          <gpxtpx:TrackPointExtension>
            <gpxtpx:hr>158</gpxtpx:hr>
            <gpxtpx:cad>88</gpxtpx:cad>
          </gpxtpx:TrackPointExtension>
        </extensions>
      </trkpt>
      <trkpt lat="32.0174617879" lon="120.897897352">
        <ele>11.2</ele>
        <time>2026-09-04T14:10:26+0800</time>
        <extensions>
          <gpxtpx:TrackPointExtension>
            <gpxtpx:hr>157</gpxtpx:hr>
            <gpxtpx:cad>88</gpxtpx:cad>
          </gpxtpx:TrackPointExtension>
        </extensions>
      </trkpt>
      <trkpt lat="32.0174526516" lon="120.897932723">
        <ele>11.2</ele>
        <time>2026-09-04T14:10:27+0800</time>
        <extensions>
          <gpxtpx:TrackPointExtension>
            <gpxtpx:hr>157</gpxtpx:hr>
            <gpxtpx:cad>88</gpxtpx:cad>
          </gpxtpx:TrackPointExtension>
        </extensions>
      </trkpt>
      <trkpt lat="32.0174520649" lon="120.897957701">
        <ele>11.2</ele>
        <time>2026-09-04T14:10:28+0800</time>
        <extensions>
          <gpxtpx:TrackPointExtension>
            <gpxtpx:hr>157</gpxtpx:hr>
            <gpxtpx:cad>88</gpxtpx:cad>
          </gpxtpx:TrackPointExtension>
        </extensions>
      </trkpt>
      <trkpt lat="32.0174463652" lon="120.897996174">
        <ele>11.2</ele>
        <time>2026-09-04T14:10:29+0800</time>
        <extensions>
          <gpxtpx:TrackPointExtension>
            <gpxtpx:hr>157</gpxtpx:hr>
            <gpxtpx:cad>88</gpxtpx:cad>
          </gpxtpx:TrackPointExtension>
        </extensions>
      </trkpt>
      <trkpt lat="32.0174456947" lon="120.898022326">
        <ele>11.2</ele>
        <time>2026-09-04T14:10:30+0800</time>
        <extensions>
          <gpxtpx:TrackPointExtension>
            <gpxtpx:hr>157</gpxtpx:hr>
            <gpxtpx:cad>88</gpxtpx:cad>
          </gpxtpx:TrackPointExtension>
        </extensions>
      </trkpt>
      <trkpt lat="32.0174375642" lon="120.898058284">
        <ele>11.2</ele>
        <time>2026-09-04T14:10:31+0800</time>
        <extensions>
          <gpxtpx:TrackPointExtension>
            <gpxtpx:hr>156</gpxtpx:hr>
            <gpxtpx:cad>88</gpxtpx:cad>
          </gpxtpx:TrackPointExtension>
        </extensions>
      </trkpt>
      <trkpt lat="32.01743396" lon="120.898086447">
        <ele>11.2</ele>
        <time>2026-09-04T14:10:32+0800</time>
        <extensions>
          <gpxtpx:TrackPointExtension>
            <gpxtpx:hr>156</gpxtpx:hr>
            <gpxtpx:cad>88</gpxtpx:cad>
          </gpxtpx:TrackPointExtension>
        </extensions>
      </trkpt>
      <trkpt lat="32.0174278412" lon="120.898118718">
        <ele>11.2</ele>
        <time>2026-09-04T14:10:33+0800</time>
        <extensions>
          <gpxtpx:TrackPointExtension>
            <gpxtpx:hr>156</gpxtpx:hr>
            <gpxtpx:cad>88</gpxtpx:cad>
          </gpxtpx:TrackPointExtension>
        </extensions>
      </trkpt>
      <trkpt lat="32.0174220577" lon="120.898145288">
        <ele>11.2</ele>
        <time>2026-09-04T14:10:34+0800</time>
        <extensions>
          <gpxtpx:TrackPointExtension>
            <gpxtpx:hr>156</gpxtpx:hr>
            <gpxtpx:cad>88</gpxtpx:cad>
          </gpxtpx:TrackPointExtension>
        </extensions>
      </trkpt>
      <trkpt lat="32.0174135081" lon="120.898180325">
        <ele>11.2</ele>
        <time>2026-09-04T14:10:35+0800</time>
        <extensions>
          <gpxtpx:TrackPointExtension>
            <gpxtpx:hr>156</gpxtpx:hr>
            <gpxtpx:cad>89</gpxtpx:cad>
          </gpxtpx:TrackPointExtension>
        </extensions>
      </trkpt>
      <trkpt lat="32.0174064673" lon="120.898204129">
        <ele>11.4</ele>
        <time>2026-09-04T14:10:36+0800</time>
        <extensions>
          <gpxtpx:TrackPointExtension>
            <gpxtpx:hr>156</gpxtpx:hr>
            <gpxtpx:cad>89</gpxtpx:cad>
          </gpxtpx:TrackPointExtension>
        </extensions>
      </trkpt>
      <trkpt lat="32.017397834" lon="120.898238411">
        <ele>11.4</ele>
        <time>2026-09-04T14:10:37+0800</time>
        <extensions>
          <gpxtpx:TrackPointExtension>
            <gpxtpx:hr>156</gpxtpx:hr>
            <gpxtpx:cad>89</gpxtpx:cad>
          </gpxtpx:TrackPointExtension>
        </extensions>
      </trkpt>
      <trkpt lat="32.0173803996" lon="120.898264982">
        <ele>11.4</ele>
        <time>2026-09-04T14:10:38+0800</time>
        <extensions>
          <gpxtpx:TrackPointExtension>
            <gpxtpx:hr>156</gpxtpx:hr>
            <gpxtpx:cad>89</gpxtpx:cad>
          </gpxtpx:TrackPointExtension>
        </extensions>
      </trkpt>
      <trkpt lat="32.0173728559" lon="120.898298342">
        <ele>11.4</ele>
        <time>2026-09-04T14:10:39+0800</time>
        <extensions>
          <gpxtpx:TrackPointExtension>
            <gpxtpx:hr>156</gpxtpx:hr>
            <gpxtpx:cad>89</gpxtpx:cad>
          </gpxtpx:TrackPointExtension>
        </extensions>
      </trkpt>
      <trkpt lat="32.0173616242" lon="120.898327343">
        <ele>11.4</ele>
        <time>2026-09-04T14:10:40+0800</time>
        <extensions>
          <gpxtpx:TrackPointExtension>
            <gpxtpx:hr>156</gpxtpx:hr>
            <gpxtpx:cad>88</gpxtpx:cad>
          </gpxtpx:TrackPointExtension>
        </extensions>
      </trkpt>
      <trkpt lat="32.0173562597" lon="120.898363553">
        <ele>11.4</ele>
        <time>2026-09-04T14:10:41+0800</time>
        <extensions>
          <gpxtpx:TrackPointExtension>
            <gpxtpx:hr>156</gpxtpx:hr>
            <gpxtpx:cad>88</gpxtpx:cad>
          </gpxtpx:TrackPointExtension>
        </extensions>
      </trkpt>
      <trkpt lat="32.0173470397" lon="120.898392973">
        <ele>11.4</ele>
        <time>2026-09-04T14:10:42+0800</time>
        <extensions>
          <gpxtpx:TrackPointExtension>
            <gpxtpx:hr>156</gpxtpx:hr>
            <gpxtpx:cad>88</gpxtpx:cad>
          </gpxtpx:TrackPointExtension>
        </extensions>
      </trkpt>
      <trkpt lat="32.0173437707" lon="120.898425831">
        <ele>11.4</ele>
        <time>2026-09-04T14:10:43+0800</time>
        <extensions>
          <gpxtpx:TrackPointExtension>
            <gpxtpx:hr>156</gpxtpx:hr>
            <gpxtpx:cad>88</gpxtpx:cad>
          </gpxtpx:TrackPointExtension>
        </extensions>
      </trkpt>
      <trkpt lat="32.0173326228" lon="120.898455502">
        <ele>11.4</ele>
        <time>2026-09-04T14:10:44+0800</time>
        <extensions>
          <gpxtpx:TrackPointExtension>
            <gpxtpx:hr>155</gpxtpx:hr>
            <gpxtpx:cad>88</gpxtpx:cad>
          </gpxtpx:TrackPointExtension>
        </extensions>
      </trkpt>
      <trkpt lat="32.0173339639" lon="120.898480983">
        <ele>11.4</ele>
        <time>2026-09-04T14:10:45+0800</time>
        <extensions>
          <gpxtpx:TrackPointExtension>
            <gpxtpx:hr>155</gpxtpx:hr>
            <gpxtpx:cad>88</gpxtpx:cad>
          </gpxtpx:TrackPointExtension>
        </extensions>
      </trkpt>
      <trkpt lat="32.0173289347" lon="120.898517026">
        <ele>11.6</ele>
        <time>2026-09-04T14:10:46+0800</time>
        <extensions>
          <gpxtpx:TrackPointExtension>
            <gpxtpx:hr>155</gpxtpx:hr>
            <gpxtpx:cad>88</gpxtpx:cad>
          </gpxtpx:TrackPointExtension>
        </extensions>
      </trkpt>
      <trkpt lat="32.0173317008" lon="120.898541836">
        <ele>11.6</ele>
        <time>2026-09-04T14:10:47+0800</time>
        <extensions>
          <gpxtpx:TrackPointExtension>
            <gpxtpx:hr>154</gpxtpx:hr>
            <gpxtpx:cad>88</gpxtpx:cad>
          </gpxtpx:TrackPointExtension>
        </extensions>
      </trkpt>
      <trkpt lat="32.0173243247" lon="120.898577124">
        <ele>11.6</ele>
        <time>2026-09-04T14:10:48+0800</time>
        <extensions>
          <gpxtpx:TrackPointExtension>
            <gpxtpx:hr>154</gpxtpx:hr>
            <gpxtpx:cad>87</gpxtpx:cad>
          </gpxtpx:TrackPointExtension>
        </extensions>
      </trkpt>
      <trkpt lat="32.0173175354" lon="120.898603275">
        <ele>11.6</ele>
        <time>2026-09-04T14:10:49+0800</time>
        <extensions>
          <gpxtpx:TrackPointExtension>
            <gpxtpx:hr>154</gpxtpx:hr>
            <gpxtpx:cad>87</gpxtpx:cad>
          </gpxtpx:TrackPointExtension>
        </extensions>
      </trkpt>
      <trkpt lat="32.0172993466" lon="120.898639653">
        <ele>11.6</ele>
        <time>2026-09-04T14:10:50+0800</time>
        <extensions>
          <gpxtpx:TrackPointExtension>
            <gpxtpx:hr>154</gpxtpx:hr>
            <gpxtpx:cad>87</gpxtpx:cad>
          </gpxtpx:TrackPointExtension>
        </extensions>
      </trkpt>
      <trkpt lat="32.0172789786" lon="120.8986622">
        <ele>11.6</ele>
        <time>2026-09-04T14:10:51+0800</time>
        <extensions>
          <gpxtpx:TrackPointExtension>
            <gpxtpx:hr>153</gpxtpx:hr>
            <gpxtpx:cad>87</gpxtpx:cad>
          </gpxtpx:TrackPointExtension>
        </extensions>
      </trkpt>
      <trkpt lat="32.0172520727" lon="120.89868634">
        <ele>11.6</ele>
        <time>2026-09-04T14:10:52+0800</time>
        <extensions>
          <gpxtpx:TrackPointExtension>
            <gpxtpx:hr>153</gpxtpx:hr>
            <gpxtpx:cad>87</gpxtpx:cad>
          </gpxtpx:TrackPointExtension>
        </extensions>
      </trkpt>
      <trkpt lat="32.0172235742" lon="120.898695644">
        <ele>11.6</ele>
        <time>2026-09-04T14:10:53+0800</time>
        <extensions>
          <gpxtpx:TrackPointExtension>
            <gpxtpx:hr>153</gpxtpx:hr>
            <gpxtpx:cad>87</gpxtpx:cad>
          </gpxtpx:TrackPointExtension>
        </extensions>
      </trkpt>
      <trkpt lat="32.0171950758" lon="120.898702517">
        <ele>11.4</ele>
        <time>2026-09-04T14:10:54+0800</time>
        <extensions>
          <gpxtpx:TrackPointExtension>
            <gpxtpx:hr>153</gpxtpx:hr>
            <gpxtpx:cad>87</gpxtpx:cad>
          </gpxtpx:TrackPointExtension>
        </extensions>
      </trkpt>
      <trkpt lat="32.0171648171" lon="120.898694554">
        <ele>11.4</ele>
        <time>2026-09-04T14:10:55+0800</time>
        <extensions>
          <gpxtpx:TrackPointExtension>
            <gpxtpx:hr>153</gpxtpx:hr>
            <gpxtpx:cad>87</gpxtpx:cad>
          </gpxtpx:TrackPointExtension>
        </extensions>
      </trkpt>
      <trkpt lat="32.0171418507" lon="120.89869204">
        <ele>11.4</ele>
        <time>2026-09-04T14:10:56+0800</time>
        <extensions>
          <gpxtpx:TrackPointExtension>
            <gpxtpx:hr>152</gpxtpx:hr>
            <gpxtpx:cad>87</gpxtpx:cad>
          </gpxtpx:TrackPointExtension>
        </extensions>
      </trkpt>
      <trkpt lat="32.0171100833" lon="120.898676366">
        <ele>11.4</ele>
        <time>2026-09-04T14:10:57+0800</time>
        <extensions>
          <gpxtpx:TrackPointExtension>
            <gpxtpx:hr>153</gpxtpx:hr>
            <gpxtpx:cad>87</gpxtpx:cad>
          </gpxtpx:TrackPointExtension>
        </extensions>
      </trkpt>
      <trkpt lat="32.0170835126" lon="120.898667146">
        <ele>11.4</ele>
        <time>2026-09-04T14:10:58+0800</time>
        <extensions>
          <gpxtpx:TrackPointExtension>
            <gpxtpx:hr>153</gpxtpx:hr>
            <gpxtpx:cad>87</gpxtpx:cad>
          </gpxtpx:TrackPointExtension>
        </extensions>
      </trkpt>
      <trkpt lat="32.0170535892" lon="120.898652896">
        <ele>11.4</ele>
        <time>2026-09-04T14:10:59+0800</time>
        <extensions>
          <gpxtpx:TrackPointExtension>
            <gpxtpx:hr>153</gpxtpx:hr>
            <gpxtpx:cad>87</gpxtpx:cad>
          </gpxtpx:TrackPointExtension>
        </extensions>
      </trkpt>
      <trkpt lat="32.0170332212" lon="120.898647113">
        <ele>11.4</ele>
        <time>2026-09-04T14:11:00+0800</time>
        <extensions>
          <gpxtpx:TrackPointExtension>
            <gpxtpx:hr>152</gpxtpx:hr>
            <gpxtpx:cad>88</gpxtpx:cad>
          </gpxtpx:TrackPointExtension>
        </extensions>
      </trkpt>
      <trkpt lat="32.016998101" lon="120.898634121">
        <ele>11.4</ele>
        <time>2026-09-04T14:11:01+0800</time>
        <extensions>
          <gpxtpx:TrackPointExtension>
            <gpxtpx:hr>153</gpxtpx:hr>
            <gpxtpx:cad>88</gpxtpx:cad>
          </gpxtpx:TrackPointExtension>
        </extensions>
      </trkpt>
      <trkpt lat="32.0169779006" lon="120.898635546">
        <ele>11.4</ele>
        <time>2026-09-04T14:11:02+0800</time>
        <extensions>
          <gpxtpx:TrackPointExtension>
            <gpxtpx:hr>153</gpxtpx:hr>
            <gpxtpx:cad>88</gpxtpx:cad>
          </gpxtpx:TrackPointExtension>
        </extensions>
      </trkpt>
      <trkpt lat="32.0169435348" lon="120.898625068">
        <ele>11.4</ele>
        <time>2026-09-04T14:11:03+0800</time>
        <extensions>
          <gpxtpx:TrackPointExtension>
            <gpxtpx:hr>153</gpxtpx:hr>
            <gpxtpx:cad>88</gpxtpx:cad>
          </gpxtpx:TrackPointExtension>
        </extensions>
      </trkpt>
      <trkpt lat="32.0169190597" lon="120.89860755">
        <ele>11.4</ele>
        <time>2026-09-04T14:11:04+0800</time>
        <extensions>
          <gpxtpx:TrackPointExtension>
            <gpxtpx:hr>153</gpxtpx:hr>
            <gpxtpx:cad>88</gpxtpx:cad>
          </gpxtpx:TrackPointExtension>
        </extensions>
      </trkpt>
      <trkpt lat="32.0168911479" lon="120.89859724">
        <ele>11.4</ele>
        <time>2026-09-04T14:11:05+0800</time>
        <extensions>
          <gpxtpx:TrackPointExtension>
            <gpxtpx:hr>153</gpxtpx:hr>
            <gpxtpx:cad>88</gpxtpx:cad>
          </gpxtpx:TrackPointExtension>
        </extensions>
      </trkpt>
      <trkpt lat="32.0168680977" lon="120.898590116">
        <ele>11.4</ele>
        <time>2026-09-04T14:11:06+0800</time>
        <extensions>
          <gpxtpx:TrackPointExtension>
            <gpxtpx:hr>153</gpxtpx:hr>
            <gpxtpx:cad>88</gpxtpx:cad>
          </gpxtpx:TrackPointExtension>
        </extensions>
      </trkpt>
      <trkpt lat="32.0168446284" lon="120.898585003">
        <ele>11.2</ele>
        <time>2026-09-04T14:11:07+0800</time>
        <extensions>
          <gpxtpx:TrackPointExtension>
            <gpxtpx:hr>153</gpxtpx:hr>
            <gpxtpx:cad>88</gpxtpx:cad>
          </gpxtpx:TrackPointExtension>
        </extensions>
      </trkpt>
      <trkpt lat="32.0168197341" lon="120.89857243">
        <ele>11.2</ele>
        <time>2026-09-04T14:11:08+0800</time>
        <extensions>
          <gpxtpx:TrackPointExtension>
            <gpxtpx:hr>153</gpxtpx:hr>
            <gpxtpx:cad>88</gpxtpx:cad>
          </gpxtpx:TrackPointExtension>
        </extensions>
      </trkpt>
      <trkpt lat="32.0167965163" lon="120.898568574">
        <ele>11.0</ele>
        <time>2026-09-04T14:11:09+0800</time>
        <extensions>
          <gpxtpx:TrackPointExtension>
            <gpxtpx:hr>153</gpxtpx:hr>
            <gpxtpx:cad>88</gpxtpx:cad>
          </gpxtpx:TrackPointExtension>
        </extensions>
      </trkpt>
      <trkpt lat="32.0167706162" lon="120.898553738">
        <ele>11.0</ele>
        <time>2026-09-04T14:11:10+0800</time>
        <extensions>
          <gpxtpx:TrackPointExtension>
            <gpxtpx:hr>153</gpxtpx:hr>
            <gpxtpx:cad>87</gpxtpx:cad>
          </gpxtpx:TrackPointExtension>
        </extensions>
      </trkpt>
      <trkpt lat="32.016751254" lon="120.898549128">
        <ele>11.0</ele>
        <time>2026-09-04T14:11:11+0800</time>
        <extensions>
          <gpxtpx:TrackPointExtension>
            <gpxtpx:hr>153</gpxtpx:hr>
            <gpxtpx:cad>87</gpxtpx:cad>
          </gpxtpx:TrackPointExtension>
        </extensions>
      </trkpt>
      <trkpt lat="32.0167152956" lon="120.898534125">
        <ele>10.8</ele>
        <time>2026-09-04T14:11:12+0800</time>
        <extensions>
          <gpxtpx:TrackPointExtension>
            <gpxtpx:hr>153</gpxtpx:hr>
            <gpxtpx:cad>88</gpxtpx:cad>
          </gpxtpx:TrackPointExtension>
        </extensions>
      </trkpt>
      <trkpt lat="32.0166960172" lon="120.898530018">
        <ele>10.8</ele>
        <time>2026-09-04T14:11:13+0800</time>
        <extensions>
          <gpxtpx:TrackPointExtension>
            <gpxtpx:hr>153</gpxtpx:hr>
            <gpxtpx:cad>87</gpxtpx:cad>
          </gpxtpx:TrackPointExtension>
        </extensions>
      </trkpt>
      <trkpt lat="32.0166564547" lon="120.89851493">
        <ele>10.8</ele>
        <time>2026-09-04T14:11:14+0800</time>
        <extensions>
          <gpxtpx:TrackPointExtension>
            <gpxtpx:hr>153</gpxtpx:hr>
            <gpxtpx:cad>87</gpxtpx:cad>
          </gpxtpx:TrackPointExtension>
        </extensions>
      </trkpt>
      <trkpt lat="32.0166375954" lon="120.898512248">
        <ele>10.8</ele>
        <time>2026-09-04T14:11:15+0800</time>
        <extensions>
          <gpxtpx:TrackPointExtension>
            <gpxtpx:hr>154</gpxtpx:hr>
            <gpxtpx:cad>87</gpxtpx:cad>
          </gpxtpx:TrackPointExtension>
        </extensions>
      </trkpt>
      <trkpt lat="32.016605325" lon="120.89850395">
        <ele>10.8</ele>
        <time>2026-09-04T14:11:16+0800</time>
        <extensions>
          <gpxtpx:TrackPointExtension>
            <gpxtpx:hr>154</gpxtpx:hr>
            <gpxtpx:cad>87</gpxtpx:cad>
          </gpxtpx:TrackPointExtension>
        </extensions>
      </trkpt>
      <trkpt lat="32.016583113" lon="120.898498753">
        <ele>10.8</ele>
        <time>2026-09-04T14:11:17+0800</time>
        <extensions>
          <gpxtpx:TrackPointExtension>
            <gpxtpx:hr>154</gpxtpx:hr>
            <gpxtpx:cad>87</gpxtpx:cad>
          </gpxtpx:TrackPointExtension>
        </extensions>
      </trkpt>
      <trkpt lat="32.0165549498" lon="120.89849649">
        <ele>10.8</ele>
        <time>2026-09-04T14:11:18+0800</time>
        <extensions>
          <gpxtpx:TrackPointExtension>
            <gpxtpx:hr>154</gpxtpx:hr>
            <gpxtpx:cad>87</gpxtpx:cad>
          </gpxtpx:TrackPointExtension>
        </extensions>
      </trkpt>
      <trkpt lat="32.0165306423" lon="120.898487857">
        <ele>10.8</ele>
        <time>2026-09-04T14:11:19+0800</time>
        <extensions>
          <gpxtpx:TrackPointExtension>
            <gpxtpx:hr>154</gpxtpx:hr>
            <gpxtpx:cad>87</gpxtpx:cad>
          </gpxtpx:TrackPointExtension>
        </extensions>
      </trkpt>
      <trkpt lat="32.0165041555" lon="120.898482325">
        <ele>10.8</ele>
        <time>2026-09-04T14:11:20+0800</time>
        <extensions>
          <gpxtpx:TrackPointExtension>
            <gpxtpx:hr>154</gpxtpx:hr>
            <gpxtpx:cad>87</gpxtpx:cad>
          </gpxtpx:TrackPointExtension>
        </extensions>
      </trkpt>
      <trkpt lat="32.0164699573" lon="120.898466818">
        <ele>10.6</ele>
        <time>2026-09-04T14:11:21+0800</time>
        <extensions>
          <gpxtpx:TrackPointExtension>
            <gpxtpx:hr>154</gpxtpx:hr>
            <gpxtpx:cad>87</gpxtpx:cad>
          </gpxtpx:TrackPointExtension>
        </extensions>
      </trkpt>
      <trkpt lat="32.0164438058" lon="120.898460951">
        <ele>10.6</ele>
        <time>2026-09-04T14:11:22+0800</time>
        <extensions>
          <gpxtpx:TrackPointExtension>
            <gpxtpx:hr>154</gpxtpx:hr>
            <gpxtpx:cad>87</gpxtpx:cad>
          </gpxtpx:TrackPointExtension>
        </extensions>
      </trkpt>
      <trkpt lat="32.0164028183" lon="120.898444941">
        <ele>10.6</ele>
        <time>2026-09-04T14:11:23+0800</time>
        <extensions>
          <gpxtpx:TrackPointExtension>
            <gpxtpx:hr>154</gpxtpx:hr>
            <gpxtpx:cad>87</gpxtpx:cad>
          </gpxtpx:TrackPointExtension>
        </extensions>
      </trkpt>
      <trkpt lat="32.0163651835" lon="120.89843614">
        <ele>10.8</ele>
        <time>2026-09-04T14:11:24+0800</time>
        <extensions>
          <gpxtpx:TrackPointExtension>
            <gpxtpx:hr>154</gpxtpx:hr>
            <gpxtpx:cad>88</gpxtpx:cad>
          </gpxtpx:TrackPointExtension>
        </extensions>
      </trkpt>
      <trkpt lat="32.0163264591" lon="120.898418538">
        <ele>10.8</ele>
        <time>2026-09-04T14:11:25+0800</time>
        <extensions>
          <gpxtpx:TrackPointExtension>
            <gpxtpx:hr>155</gpxtpx:hr>
            <gpxtpx:cad>89</gpxtpx:cad>
          </gpxtpx:TrackPointExtension>
        </extensions>
      </trkpt>
      <trkpt lat="32.0162865613" lon="120.898405295">
        <ele>10.8</ele>
        <time>2026-09-04T14:11:26+0800</time>
        <extensions>
          <gpxtpx:TrackPointExtension>
            <gpxtpx:hr>155</gpxtpx:hr>
            <gpxtpx:cad>90</gpxtpx:cad>
          </gpxtpx:TrackPointExtension>
        </extensions>
      </trkpt>
      <trkpt lat="32.0162548777" lon="120.898392387">
        <ele>10.8</ele>
        <time>2026-09-04T14:11:27+0800</time>
        <extensions>
          <gpxtpx:TrackPointExtension>
            <gpxtpx:hr>156</gpxtpx:hr>
            <gpxtpx:cad>91</gpxtpx:cad>
          </gpxtpx:TrackPointExtension>
        </extensions>
      </trkpt>
      <trkpt lat="32.0162096154" lon="120.898374952">
        <ele>10.6</ele>
        <time>2026-09-04T14:11:28+0800</time>
        <extensions>
          <gpxtpx:TrackPointExtension>
            <gpxtpx:hr>156</gpxtpx:hr>
            <gpxtpx:cad>92</gpxtpx:cad>
          </gpxtpx:TrackPointExtension>
        </extensions>
      </trkpt>
      <trkpt lat="32.0161822066" lon="120.898366654">
        <ele>10.6</ele>
        <time>2026-09-04T14:11:29+0800</time>
        <extensions>
          <gpxtpx:TrackPointExtension>
            <gpxtpx:hr>157</gpxtpx:hr>
            <gpxtpx:cad>93</gpxtpx:cad>
          </gpxtpx:TrackPointExtension>
        </extensions>
      </trkpt>
      <trkpt lat="32.0161357708" lon="120.898345867">
        <ele>10.6</ele>
        <time>2026-09-04T14:11:30+0800</time>
        <extensions>
          <gpxtpx:TrackPointExtension>
            <gpxtpx:hr>157</gpxtpx:hr>
            <gpxtpx:cad>93</gpxtpx:cad>
          </gpxtpx:TrackPointExtension>
        </extensions>
      </trkpt>
      <trkpt lat="32.0160998125" lon="120.898335893">
        <ele>10.6</ele>
        <time>2026-09-04T14:11:31+0800</time>
        <extensions>
          <gpxtpx:TrackPointExtension>
            <gpxtpx:hr>157</gpxtpx:hr>
            <gpxtpx:cad>93</gpxtpx:cad>
          </gpxtpx:TrackPointExtension>
        </extensions>
      </trkpt>
      <trkpt lat="32.0160610881" lon="120.898318291">
        <ele>10.4</ele>
        <time>2026-09-04T14:11:32+0800</time>
        <extensions>
          <gpxtpx:TrackPointExtension>
            <gpxtpx:hr>158</gpxtpx:hr>
            <gpxtpx:cad>94</gpxtpx:cad>
          </gpxtpx:TrackPointExtension>
        </extensions>
      </trkpt>
      <trkpt lat="32.0160256326" lon="120.898308232">
        <ele>10.6</ele>
        <time>2026-09-04T14:11:33+0800</time>
        <extensions>
          <gpxtpx:TrackPointExtension>
            <gpxtpx:hr>158</gpxtpx:hr>
            <gpxtpx:cad>94</gpxtpx:cad>
          </gpxtpx:TrackPointExtension>
        </extensions>
      </trkpt>
      <trkpt lat="32.0159955416" lon="120.898298593">
        <ele>10.4</ele>
        <time>2026-09-04T14:11:34+0800</time>
        <extensions>
          <gpxtpx:TrackPointExtension>
            <gpxtpx:hr>159</gpxtpx:hr>
            <gpxtpx:cad>94</gpxtpx:cad>
          </gpxtpx:TrackPointExtension>
        </extensions>
      </trkpt>
      <trkpt lat="32.0159511175" lon="120.898279818">
        <ele>10.4</ele>
        <time>2026-09-04T14:11:35+0800</time>
        <extensions>
          <gpxtpx:TrackPointExtension>
            <gpxtpx:hr>161</gpxtpx:hr>
            <gpxtpx:cad>94</gpxtpx:cad>
          </gpxtpx:TrackPointExtension>
        </extensions>
      </trkpt>
      <trkpt lat="32.0159174222" lon="120.898273448">
        <ele>10.6</ele>
        <time>2026-09-04T14:11:36+0800</time>
        <extensions>
          <gpxtpx:TrackPointExtension>
            <gpxtpx:hr>162</gpxtpx:hr>
            <gpxtpx:cad>94</gpxtpx:cad>
          </gpxtpx:TrackPointExtension>
        </extensions>
      </trkpt>
      <trkpt lat="32.0158690587" lon="120.898255594">
        <ele>10.6</ele>
        <time>2026-09-04T14:11:37+0800</time>
        <extensions>
          <gpxtpx:TrackPointExtension>
            <gpxtpx:hr>162</gpxtpx:hr>
            <gpxtpx:cad>94</gpxtpx:cad>
          </gpxtpx:TrackPointExtension>
        </extensions>
      </trkpt>
      <trkpt lat="32.0158373751" lon="120.898246374">
        <ele>10.6</ele>
        <time>2026-09-04T14:11:38+0800</time>
        <extensions>
          <gpxtpx:TrackPointExtension>
            <gpxtpx:hr>163</gpxtpx:hr>
            <gpxtpx:cad>94</gpxtpx:cad>
          </gpxtpx:TrackPointExtension>
        </extensions>
      </trkpt>
      <trkpt lat="32.0158023387" lon="120.898232711">
        <ele>10.6</ele>
        <time>2026-09-04T14:11:39+0800</time>
        <extensions>
          <gpxtpx:TrackPointExtension>
            <gpxtpx:hr>163</gpxtpx:hr>
            <gpxtpx:cad>94</gpxtpx:cad>
          </gpxtpx:TrackPointExtension>
        </extensions>
      </trkpt>
      <trkpt lat="32.015754059" lon="120.898221983">
        <ele>10.6</ele>
        <time>2026-09-04T14:11:40+0800</time>
        <extensions>
          <gpxtpx:TrackPointExtension>
            <gpxtpx:hr>164</gpxtpx:hr>
            <gpxtpx:cad>94</gpxtpx:cad>
          </gpxtpx:TrackPointExtension>
        </extensions>
      </trkpt>
      <trkpt lat="32.0157173462" lon="120.898205889">
        <ele>10.6</ele>
        <time>2026-09-04T14:11:41+0800</time>
        <extensions>
          <gpxtpx:TrackPointExtension>
            <gpxtpx:hr>165</gpxtpx:hr>
            <gpxtpx:cad>94</gpxtpx:cad>
          </gpxtpx:TrackPointExtension>
        </extensions>
      </trkpt>
      <trkpt lat="32.0156672224" lon="120.898188874">
        <ele>10.6</ele>
        <time>2026-09-04T14:11:42+0800</time>
        <extensions>
          <gpxtpx:TrackPointExtension>
            <gpxtpx:hr>165</gpxtpx:hr>
            <gpxtpx:cad>94</gpxtpx:cad>
          </gpxtpx:TrackPointExtension>
        </extensions>
      </trkpt>
      <trkpt lat="32.0156357903" lon="120.898180408">
        <ele>10.8</ele>
        <time>2026-09-04T14:11:43+0800</time>
        <extensions>
          <gpxtpx:TrackPointExtension>
            <gpxtpx:hr>165</gpxtpx:hr>
            <gpxtpx:cad>94</gpxtpx:cad>
          </gpxtpx:TrackPointExtension>
        </extensions>
      </trkpt>
      <trkpt lat="32.0155954733" lon="120.898164399">
        <ele>10.8</ele>
        <time>2026-09-04T14:11:44+0800</time>
        <extensions>
          <gpxtpx:TrackPointExtension>
            <gpxtpx:hr>166</gpxtpx:hr>
            <gpxtpx:cad>93</gpxtpx:cad>
          </gpxtpx:TrackPointExtension>
        </extensions>
      </trkpt>
      <trkpt lat="32.0155632868" lon="120.898153838">
        <ele>10.6</ele>
        <time>2026-09-04T14:11:45+0800</time>
        <extensions>
          <gpxtpx:TrackPointExtension>
            <gpxtpx:hr>166</gpxtpx:hr>
            <gpxtpx:cad>93</gpxtpx:cad>
          </gpxtpx:TrackPointExtension>
        </extensions>
      </trkpt>
      <trkpt lat="32.0155130792" lon="120.898134727">
        <ele>10.8</ele>
        <time>2026-09-04T14:11:46+0800</time>
        <extensions>
          <gpxtpx:TrackPointExtension>
            <gpxtpx:hr>167</gpxtpx:hr>
            <gpxtpx:cad>93</gpxtpx:cad>
          </gpxtpx:TrackPointExtension>
        </extensions>
      </trkpt>
      <trkpt lat="32.0154787134" lon="120.898128105">
        <ele>10.8</ele>
        <time>2026-09-04T14:11:47+0800</time>
        <extensions>
          <gpxtpx:TrackPointExtension>
            <gpxtpx:hr>167</gpxtpx:hr>
            <gpxtpx:cad>93</gpxtpx:cad>
          </gpxtpx:TrackPointExtension>
        </extensions>
      </trkpt>
      <trkpt lat="32.0154363848" lon="120.898113353">
        <ele>10.8</ele>
        <time>2026-09-04T14:11:48+0800</time>
        <extensions>
          <gpxtpx:TrackPointExtension>
            <gpxtpx:hr>168</gpxtpx:hr>
            <gpxtpx:cad>93</gpxtpx:cad>
          </gpxtpx:TrackPointExtension>
        </extensions>
      </trkpt>
      <trkpt lat="32.0153984148" lon="120.89810187">
        <ele>10.8</ele>
        <time>2026-09-04T14:11:49+0800</time>
        <extensions>
          <gpxtpx:TrackPointExtension>
            <gpxtpx:hr>168</gpxtpx:hr>
            <gpxtpx:cad>93</gpxtpx:cad>
          </gpxtpx:TrackPointExtension>
        </extensions>
      </trkpt>
      <trkpt lat="32.0153570082" lon="120.898082089">
        <ele>10.8</ele>
        <time>2026-09-04T14:11:50+0800</time>
        <extensions>
          <gpxtpx:TrackPointExtension>
            <gpxtpx:hr>169</gpxtpx:hr>
            <gpxtpx:cad>93</gpxtpx:cad>
          </gpxtpx:TrackPointExtension>
        </extensions>
      </trkpt>
      <trkpt lat="32.0153202116" lon="120.898072617">
        <ele>11.0</ele>
        <time>2026-09-04T14:11:51+0800</time>
        <extensions>
          <gpxtpx:TrackPointExtension>
            <gpxtpx:hr>169</gpxtpx:hr>
            <gpxtpx:cad>92</gpxtpx:cad>
          </gpxtpx:TrackPointExtension>
        </extensions>
      </trkpt>
      <trkpt lat="32.0152847562" lon="120.898068594">
        <ele>11.0</ele>
        <time>2026-09-04T14:11:52+0800</time>
        <extensions>
          <gpxtpx:TrackPointExtension>
            <gpxtpx:hr>170</gpxtpx:hr>
            <gpxtpx:cad>93</gpxtpx:cad>
          </gpxtpx:TrackPointExtension>
        </extensions>
      </trkpt>
      <trkpt lat="32.0152441878" lon="120.898054345">
        <ele>11.0</ele>
        <time>2026-09-04T14:11:53+0800</time>
        <extensions>
          <gpxtpx:TrackPointExtension>
            <gpxtpx:hr>170</gpxtpx:hr>
            <gpxtpx:cad>93</gpxtpx:cad>
          </gpxtpx:TrackPointExtension>
        </extensions>
      </trkpt>
      <trkpt lat="32.0152137615" lon="120.898045711">
        <ele>11.2</ele>
        <time>2026-09-04T14:11:54+0800</time>
        <extensions>
          <gpxtpx:TrackPointExtension>
            <gpxtpx:hr>171</gpxtpx:hr>
            <gpxtpx:cad>93</gpxtpx:cad>
          </gpxtpx:TrackPointExtension>
        </extensions>
      </trkpt>
      <trkpt lat="32.0151648112" lon="120.898027858">
        <ele>11.2</ele>
        <time>2026-09-04T14:11:55+0800</time>
        <extensions>
          <gpxtpx:TrackPointExtension>
            <gpxtpx:hr>171</gpxtpx:hr>
            <gpxtpx:cad>93</gpxtpx:cad>
          </gpxtpx:TrackPointExtension>
        </extensions>
      </trkpt>
      <trkpt lat="32.015134301" lon="120.898020901">
        <ele>11.4</ele>
        <time>2026-09-04T14:11:56+0800</time>
        <extensions>
          <gpxtpx:TrackPointExtension>
            <gpxtpx:hr>171</gpxtpx:hr>
            <gpxtpx:cad>93</gpxtpx:cad>
          </gpxtpx:TrackPointExtension>
        </extensions>
      </trkpt>
      <trkpt lat="32.0150912181" lon="120.898004808">
        <ele>11.4</ele>
        <time>2026-09-04T14:11:57+0800</time>
        <extensions>
          <gpxtpx:TrackPointExtension>
            <gpxtpx:hr>171</gpxtpx:hr>
            <gpxtpx:cad>93</gpxtpx:cad>
          </gpxtpx:TrackPointExtension>
        </extensions>
      </trkpt>
      <trkpt lat="32.0150610432" lon="120.897994749">
        <ele>11.4</ele>
        <time>2026-09-04T14:11:58+0800</time>
        <extensions>
          <gpxtpx:TrackPointExtension>
            <gpxtpx:hr>171</gpxtpx:hr>
            <gpxtpx:cad>93</gpxtpx:cad>
          </gpxtpx:TrackPointExtension>
        </extensions>
      </trkpt>
      <trkpt lat="32.0150167029" lon="120.897978824">
        <ele>11.4</ele>
        <time>2026-09-04T14:11:59+0800</time>
        <extensions>
          <gpxtpx:TrackPointExtension>
            <gpxtpx:hr>171</gpxtpx:hr>
            <gpxtpx:cad>93</gpxtpx:cad>
          </gpxtpx:TrackPointExtension>
        </extensions>
      </trkpt>
      <trkpt lat="32.0149794035" lon="120.89797019">
        <ele>11.6</ele>
        <time>2026-09-04T14:12:00+0800</time>
        <extensions>
          <gpxtpx:TrackPointExtension>
            <gpxtpx:hr>171</gpxtpx:hr>
            <gpxtpx:cad>93</gpxtpx:cad>
          </gpxtpx:TrackPointExtension>
        </extensions>
      </trkpt>
      <trkpt lat="32.0149414334" lon="120.897953762">
        <ele>11.6</ele>
        <time>2026-09-04T14:12:01+0800</time>
        <extensions>
          <gpxtpx:TrackPointExtension>
            <gpxtpx:hr>172</gpxtpx:hr>
            <gpxtpx:cad>92</gpxtpx:cad>
          </gpxtpx:TrackPointExtension>
        </extensions>
      </trkpt>
      <trkpt lat="32.0148981828" lon="120.897934316">
        <ele>11.6</ele>
        <time>2026-09-04T14:12:02+0800</time>
        <extensions>
          <gpxtpx:TrackPointExtension>
            <gpxtpx:hr>172</gpxtpx:hr>
            <gpxtpx:cad>93</gpxtpx:cad>
          </gpxtpx:TrackPointExtension>
        </extensions>
      </trkpt>
      <trkpt lat="32.0148679242" lon="120.897919564">
        <ele>11.6</ele>
        <time>2026-09-04T14:12:03+0800</time>
        <extensions>
          <gpxtpx:TrackPointExtension>
            <gpxtpx:hr>172</gpxtpx:hr>
            <gpxtpx:cad>93</gpxtpx:cad>
          </gpxtpx:TrackPointExtension>
        </extensions>
      </trkpt>
      <trkpt lat="32.0148194768" lon="120.897896346">
        <ele>11.8</ele>
        <time>2026-09-04T14:12:04+0800</time>
        <extensions>
          <gpxtpx:TrackPointExtension>
            <gpxtpx:hr>173</gpxtpx:hr>
            <gpxtpx:cad>93</gpxtpx:cad>
          </gpxtpx:TrackPointExtension>
        </extensions>
      </trkpt>
      <trkpt lat="32.0147882961" lon="120.897892741">
        <ele>11.8</ele>
        <time>2026-09-04T14:12:05+0800</time>
        <extensions>
          <gpxtpx:TrackPointExtension>
            <gpxtpx:hr>173</gpxtpx:hr>
            <gpxtpx:cad>93</gpxtpx:cad>
          </gpxtpx:TrackPointExtension>
        </extensions>
      </trkpt>
      <trkpt lat="32.0147416927" lon="120.897873882">
        <ele>11.8</ele>
        <time>2026-09-04T14:12:06+0800</time>
        <extensions>
          <gpxtpx:TrackPointExtension>
            <gpxtpx:hr>173</gpxtpx:hr>
            <gpxtpx:cad>93</gpxtpx:cad>
          </gpxtpx:TrackPointExtension>
        </extensions>
      </trkpt>
      <trkpt lat="32.0147062372" lon="120.897869188">
        <ele>11.8</ele>
        <time>2026-09-04T14:12:07+0800</time>
        <extensions>
          <gpxtpx:TrackPointExtension>
            <gpxtpx:hr>173</gpxtpx:hr>
            <gpxtpx:cad>93</gpxtpx:cad>
          </gpxtpx:TrackPointExtension>
        </extensions>
      </trkpt>
      <trkpt lat="32.0146630704" lon="120.89784991">
        <ele>12.0</ele>
        <time>2026-09-04T14:12:08+0800</time>
        <extensions>
          <gpxtpx:TrackPointExtension>
            <gpxtpx:hr>174</gpxtpx:hr>
            <gpxtpx:cad>93</gpxtpx:cad>
          </gpxtpx:TrackPointExtension>
        </extensions>
      </trkpt>
      <trkpt lat="32.0146175567" lon="120.897831051">
        <ele>12.0</ele>
        <time>2026-09-04T14:12:09+0800</time>
        <extensions>
          <gpxtpx:TrackPointExtension>
            <gpxtpx:hr>174</gpxtpx:hr>
            <gpxtpx:cad>93</gpxtpx:cad>
          </gpxtpx:TrackPointExtension>
        </extensions>
      </trkpt>
      <trkpt lat="32.0145828556" lon="120.89781018">
        <ele>12.2</ele>
        <time>2026-09-04T14:12:10+0800</time>
        <extensions>
          <gpxtpx:TrackPointExtension>
            <gpxtpx:hr>174</gpxtpx:hr>
            <gpxtpx:cad>93</gpxtpx:cad>
          </gpxtpx:TrackPointExtension>
        </extensions>
      </trkpt>
      <trkpt lat="32.0145331509" lon="120.897781095">
        <ele>12.2</ele>
        <time>2026-09-04T14:12:11+0800</time>
        <extensions>
          <gpxtpx:TrackPointExtension>
            <gpxtpx:hr>174</gpxtpx:hr>
            <gpxtpx:cad>93</gpxtpx:cad>
          </gpxtpx:TrackPointExtension>
        </extensions>
      </trkpt>
      <trkpt lat="32.0145022217" lon="120.89775444">
        <ele>12.4</ele>
        <time>2026-09-04T14:12:12+0800</time>
        <extensions>
          <gpxtpx:TrackPointExtension>
            <gpxtpx:hr>174</gpxtpx:hr>
            <gpxtpx:cad>93</gpxtpx:cad>
          </gpxtpx:TrackPointExtension>
        </extensions>
      </trkpt>
      <trkpt lat="32.0144702867" lon="120.897710519">
        <ele>12.4</ele>
        <time>2026-09-04T14:12:13+0800</time>
        <extensions>
          <gpxtpx:TrackPointExtension>
            <gpxtpx:hr>174</gpxtpx:hr>
            <gpxtpx:cad>94</gpxtpx:cad>
          </gpxtpx:TrackPointExtension>
        </extensions>
      </trkpt>
      <trkpt lat="32.0144458953" lon="120.897677997">
        <ele>12.4</ele>
        <time>2026-09-04T14:12:14+0800</time>
        <extensions>
          <gpxtpx:TrackPointExtension>
            <gpxtpx:hr>174</gpxtpx:hr>
            <gpxtpx:cad>94</gpxtpx:cad>
          </gpxtpx:TrackPointExtension>
        </extensions>
      </trkpt>
      <trkpt lat="32.0144207496" lon="120.897630723">
        <ele>12.4</ele>
        <time>2026-09-04T14:12:15+0800</time>
        <extensions>
          <gpxtpx:TrackPointExtension>
            <gpxtpx:hr>175</gpxtpx:hr>
            <gpxtpx:cad>94</gpxtpx:cad>
          </gpxtpx:TrackPointExtension>
        </extensions>
      </trkpt>
      <trkpt lat="32.0144005492" lon="120.897582443">
        <ele>12.4</ele>
        <time>2026-09-04T14:12:16+0800</time>
        <extensions>
          <gpxtpx:TrackPointExtension>
            <gpxtpx:hr>174</gpxtpx:hr>
            <gpxtpx:cad>94</gpxtpx:cad>
          </gpxtpx:TrackPointExtension>
        </extensions>
      </trkpt>
      <trkpt lat="32.0143867191" lon="120.897535756">
        <ele>12.6</ele>
        <time>2026-09-04T14:12:17+0800</time>
        <extensions>
          <gpxtpx:TrackPointExtension>
            <gpxtpx:hr>175</gpxtpx:hr>
            <gpxtpx:cad>94</gpxtpx:cad>
          </gpxtpx:TrackPointExtension>
        </extensions>
      </trkpt>
      <trkpt lat="32.0143720508" lon="120.897493009">
        <ele>12.6</ele>
        <time>2026-09-04T14:12:18+0800</time>
        <extensions>
          <gpxtpx:TrackPointExtension>
            <gpxtpx:hr>175</gpxtpx:hr>
            <gpxtpx:cad>94</gpxtpx:cad>
          </gpxtpx:TrackPointExtension>
        </extensions>
      </trkpt>
      <trkpt lat="32.0143619087" lon="120.897461576">
        <ele>12.6</ele>
        <time>2026-09-04T14:12:19+0800</time>
        <extensions>
          <gpxtpx:TrackPointExtension>
            <gpxtpx:hr>175</gpxtpx:hr>
            <gpxtpx:cad>94</gpxtpx:cad>
          </gpxtpx:TrackPointExtension>
        </extensions>
      </trkpt>
      <trkpt lat="32.0143445581" lon="120.897409776">
        <ele>12.4</ele>
        <time>2026-09-04T14:12:20+0800</time>
        <extensions>
          <gpxtpx:TrackPointExtension>
            <gpxtpx:hr>176</gpxtpx:hr>
            <gpxtpx:cad>94</gpxtpx:cad>
          </gpxtpx:TrackPointExtension>
        </extensions>
      </trkpt>
      <trkpt lat="32.0143288001" lon="120.89736728">
        <ele>12.4</ele>
        <time>2026-09-04T14:12:21+0800</time>
        <extensions>
          <gpxtpx:TrackPointExtension>
            <gpxtpx:hr>176</gpxtpx:hr>
            <gpxtpx:cad>94</gpxtpx:cad>
          </gpxtpx:TrackPointExtension>
        </extensions>
      </trkpt>
      <trkpt lat="32.0143125392" lon="120.89731833">
        <ele>12.4</ele>
        <time>2026-09-04T14:12:22+0800</time>
        <extensions>
          <gpxtpx:TrackPointExtension>
            <gpxtpx:hr>176</gpxtpx:hr>
            <gpxtpx:cad>94</gpxtpx:cad>
          </gpxtpx:TrackPointExtension>
        </extensions>
      </trkpt>
      <trkpt lat="32.0142956916" lon="120.897267032">
        <ele>12.4</ele>
        <time>2026-09-04T14:12:23+0800</time>
        <extensions>
          <gpxtpx:TrackPointExtension>
            <gpxtpx:hr>176</gpxtpx:hr>
            <gpxtpx:cad>94</gpxtpx:cad>
          </gpxtpx:TrackPointExtension>
        </extensions>
      </trkpt>
      <trkpt lat="32.0142893214" lon="120.897223614">
        <ele>12.2</ele>
        <time>2026-09-04T14:12:24+0800</time>
        <extensions>
          <gpxtpx:TrackPointExtension>
            <gpxtpx:hr>176</gpxtpx:hr>
            <gpxtpx:cad>94</gpxtpx:cad>
          </gpxtpx:TrackPointExtension>
        </extensions>
      </trkpt>
      <trkpt lat="32.0142697915" lon="120.897175167">
        <ele>12.2</ele>
        <time>2026-09-04T14:12:25+0800</time>
        <extensions>
          <gpxtpx:TrackPointExtension>
            <gpxtpx:hr>176</gpxtpx:hr>
            <gpxtpx:cad>94</gpxtpx:cad>
          </gpxtpx:TrackPointExtension>
        </extensions>
      </trkpt>
      <trkpt lat="32.0142506808" lon="120.89713309">
        <ele>12.2</ele>
        <time>2026-09-04T14:12:26+0800</time>
        <extensions>
          <gpxtpx:TrackPointExtension>
            <gpxtpx:hr>176</gpxtpx:hr>
            <gpxtpx:cad>94</gpxtpx:cad>
          </gpxtpx:TrackPointExtension>
        </extensions>
      </trkpt>
      <trkpt lat="32.0142319053" lon="120.897082798">
        <ele>12.2</ele>
        <time>2026-09-04T14:12:27+0800</time>
        <extensions>
          <gpxtpx:TrackPointExtension>
            <gpxtpx:hr>176</gpxtpx:hr>
            <gpxtpx:cad>94</gpxtpx:cad>
          </gpxtpx:TrackPointExtension>
        </extensions>
      </trkpt>
      <trkpt lat="32.0142108668" lon="120.897046421">
        <ele>12.0</ele>
        <time>2026-09-04T14:12:28+0800</time>
        <extensions>
          <gpxtpx:TrackPointExtension>
            <gpxtpx:hr>176</gpxtpx:hr>
            <gpxtpx:cad>94</gpxtpx:cad>
          </gpxtpx:TrackPointExtension>
        </extensions>
      </trkpt>
      <trkpt lat="32.0142023172" lon="120.89699789">
        <ele>12.2</ele>
        <time>2026-09-04T14:12:29+0800</time>
        <extensions>
          <gpxtpx:TrackPointExtension>
            <gpxtpx:hr>176</gpxtpx:hr>
            <gpxtpx:cad>94</gpxtpx:cad>
          </gpxtpx:TrackPointExtension>
        </extensions>
      </trkpt>
      <trkpt lat="32.0141879003" lon="120.89695489">
        <ele>12.2</ele>
        <time>2026-09-04T14:12:30+0800</time>
        <extensions>
          <gpxtpx:TrackPointExtension>
            <gpxtpx:hr>177</gpxtpx:hr>
            <gpxtpx:cad>94</gpxtpx:cad>
          </gpxtpx:TrackPointExtension>
        </extensions>
      </trkpt>
      <trkpt lat="32.0141768362" lon="120.896908538">
        <ele>12.2</ele>
        <time>2026-09-04T14:12:31+0800</time>
        <extensions>
          <gpxtpx:TrackPointExtension>
            <gpxtpx:hr>177</gpxtpx:hr>
            <gpxtpx:cad>94</gpxtpx:cad>
          </gpxtpx:TrackPointExtension>
        </extensions>
      </trkpt>
      <trkpt lat="32.014166275" lon="120.896859756">
        <ele>12.2</ele>
        <time>2026-09-04T14:12:32+0800</time>
        <extensions>
          <gpxtpx:TrackPointExtension>
            <gpxtpx:hr>177</gpxtpx:hr>
            <gpxtpx:cad>94</gpxtpx:cad>
          </gpxtpx:TrackPointExtension>
        </extensions>
      </trkpt>
      <trkpt lat="32.0141577255" lon="120.89681793">
        <ele>12.2</ele>
        <time>2026-09-04T14:12:33+0800</time>
        <extensions>
          <gpxtpx:TrackPointExtension>
            <gpxtpx:hr>177</gpxtpx:hr>
            <gpxtpx:cad>94</gpxtpx:cad>
          </gpxtpx:TrackPointExtension>
        </extensions>
      </trkpt>
      <trkpt lat="32.0141425543" lon="120.896763531">
        <ele>12.2</ele>
        <time>2026-09-04T14:12:34+0800</time>
        <extensions>
          <gpxtpx:TrackPointExtension>
            <gpxtpx:hr>177</gpxtpx:hr>
            <gpxtpx:cad>94</gpxtpx:cad>
          </gpxtpx:TrackPointExtension>
        </extensions>
      </trkpt>
      <trkpt lat="32.014127383" lon="120.89672925">
        <ele>12.0</ele>
        <time>2026-09-04T14:12:35+0800</time>
        <extensions>
          <gpxtpx:TrackPointExtension>
            <gpxtpx:hr>177</gpxtpx:hr>
            <gpxtpx:cad>93</gpxtpx:cad>
          </gpxtpx:TrackPointExtension>
        </extensions>
      </trkpt>
      <trkpt lat="32.0141143072" lon="120.896675773">
        <ele>12.2</ele>
        <time>2026-09-04T14:12:36+0800</time>
        <extensions>
          <gpxtpx:TrackPointExtension>
            <gpxtpx:hr>178</gpxtpx:hr>
            <gpxtpx:cad>93</gpxtpx:cad>
          </gpxtpx:TrackPointExtension>
        </extensions>
      </trkpt>
      <trkpt lat="32.0140975434" lon="120.896640485">
        <ele>12.2</ele>
        <time>2026-09-04T14:12:37+0800</time>
        <extensions>
          <gpxtpx:TrackPointExtension>
            <gpxtpx:hr>178</gpxtpx:hr>
            <gpxtpx:cad>93</gpxtpx:cad>
          </gpxtpx:TrackPointExtension>
        </extensions>
      </trkpt>
      <trkpt lat="32.0140811149" lon="120.896593379">
        <ele>12.2</ele>
        <time>2026-09-04T14:12:38+0800</time>
        <extensions>
          <gpxtpx:TrackPointExtension>
            <gpxtpx:hr>178</gpxtpx:hr>
            <gpxtpx:cad>93</gpxtpx:cad>
          </gpxtpx:TrackPointExtension>
        </extensions>
      </trkpt>
      <trkpt lat="32.0140616689" lon="120.896554235">
        <ele>12.2</ele>
        <time>2026-09-04T14:12:39+0800</time>
        <extensions>
          <gpxtpx:TrackPointExtension>
            <gpxtpx:hr>177</gpxtpx:hr>
            <gpxtpx:cad>93</gpxtpx:cad>
          </gpxtpx:TrackPointExtension>
        </extensions>
      </trkpt>
      <trkpt lat="32.0140489284" lon="120.896508638">
        <ele>12.2</ele>
        <time>2026-09-04T14:12:40+0800</time>
        <extensions>
          <gpxtpx:TrackPointExtension>
            <gpxtpx:hr>178</gpxtpx:hr>
            <gpxtpx:cad>93</gpxtpx:cad>
          </gpxtpx:TrackPointExtension>
        </extensions>
      </trkpt>
      <trkpt lat="32.0140308235" lon="120.896462621">
        <ele>12.2</ele>
        <time>2026-09-04T14:12:41+0800</time>
        <extensions>
          <gpxtpx:TrackPointExtension>
            <gpxtpx:hr>178</gpxtpx:hr>
            <gpxtpx:cad>93</gpxtpx:cad>
          </gpxtpx:TrackPointExtension>
        </extensions>
      </trkpt>
      <trkpt lat="32.0140160713" lon="120.896420293">
        <ele>12.4</ele>
        <time>2026-09-04T14:12:42+0800</time>
        <extensions>
          <gpxtpx:TrackPointExtension>
            <gpxtpx:hr>178</gpxtpx:hr>
            <gpxtpx:cad>93</gpxtpx:cad>
          </gpxtpx:TrackPointExtension>
        </extensions>
      </trkpt>
      <trkpt lat="32.0139972959" lon="120.896372767">
        <ele>12.4</ele>
        <time>2026-09-04T14:12:43+0800</time>
        <extensions>
          <gpxtpx:TrackPointExtension>
            <gpxtpx:hr>178</gpxtpx:hr>
            <gpxtpx:cad>93</gpxtpx:cad>
          </gpxtpx:TrackPointExtension>
        </extensions>
      </trkpt>
      <trkpt lat="32.0139780175" lon="120.896340162">
        <ele>12.4</ele>
        <time>2026-09-04T14:12:44+0800</time>
        <extensions>
          <gpxtpx:TrackPointExtension>
            <gpxtpx:hr>178</gpxtpx:hr>
            <gpxtpx:cad>93</gpxtpx:cad>
          </gpxtpx:TrackPointExtension>
        </extensions>
      </trkpt>
      <trkpt lat="32.0139584877" lon="120.896287691">
        <ele>12.4</ele>
        <time>2026-09-04T14:12:45+0800</time>
        <extensions>
          <gpxtpx:TrackPointExtension>
            <gpxtpx:hr>178</gpxtpx:hr>
            <gpxtpx:cad>93</gpxtpx:cad>
          </gpxtpx:TrackPointExtension>
        </extensions>
      </trkpt>
      <trkpt lat="32.0139385387" lon="120.896251816">
        <ele>12.6</ele>
        <time>2026-09-04T14:12:46+0800</time>
        <extensions>
          <gpxtpx:TrackPointExtension>
            <gpxtpx:hr>178</gpxtpx:hr>
            <gpxtpx:cad>93</gpxtpx:cad>
          </gpxtpx:TrackPointExtension>
        </extensions>
      </trkpt>
      <trkpt lat="32.0139195118" lon="120.896200519">
        <ele>12.6</ele>
        <time>2026-09-04T14:12:47+0800</time>
        <extensions>
          <gpxtpx:TrackPointExtension>
            <gpxtpx:hr>179</gpxtpx:hr>
            <gpxtpx:cad>93</gpxtpx:cad>
          </gpxtpx:TrackPointExtension>
        </extensions>
      </trkpt>
      <trkpt lat="32.0139093697" lon="120.896162549">
        <ele>12.6</ele>
        <time>2026-09-04T14:12:48+0800</time>
        <extensions>
          <gpxtpx:TrackPointExtension>
            <gpxtpx:hr>179</gpxtpx:hr>
            <gpxtpx:cad>93</gpxtpx:cad>
          </gpxtpx:TrackPointExtension>
        </extensions>
      </trkpt>
      <trkpt lat="32.0139008202" lon="120.896117454">
        <ele>12.6</ele>
        <time>2026-09-04T14:12:49+0800</time>
        <extensions>
          <gpxtpx:TrackPointExtension>
            <gpxtpx:hr>179</gpxtpx:hr>
            <gpxtpx:cad>93</gpxtpx:cad>
          </gpxtpx:TrackPointExtension>
        </extensions>
      </trkpt>
      <trkpt lat="32.0138845593" lon="120.896072276">
        <ele>12.6</ele>
        <time>2026-09-04T14:12:50+0800</time>
        <extensions>
          <gpxtpx:TrackPointExtension>
            <gpxtpx:hr>179</gpxtpx:hr>
            <gpxtpx:cad>93</gpxtpx:cad>
          </gpxtpx:TrackPointExtension>
        </extensions>
      </trkpt>
      <trkpt lat="32.0138761774" lon="120.896029361">
        <ele>12.8</ele>
        <time>2026-09-04T14:12:51+0800</time>
        <extensions>
          <gpxtpx:TrackPointExtension>
            <gpxtpx:hr>179</gpxtpx:hr>
            <gpxtpx:cad>93</gpxtpx:cad>
          </gpxtpx:TrackPointExtension>
        </extensions>
      </trkpt>
      <trkpt lat="32.0138620958" lon="120.895976555">
        <ele>12.8</ele>
        <time>2026-09-04T14:12:52+0800</time>
        <extensions>
          <gpxtpx:TrackPointExtension>
            <gpxtpx:hr>179</gpxtpx:hr>
            <gpxtpx:cad>93</gpxtpx:cad>
          </gpxtpx:TrackPointExtension>
        </extensions>
      </trkpt>
      <trkpt lat="32.0138511993" lon="120.89593892">
        <ele>12.8</ele>
        <time>2026-09-04T14:12:53+0800</time>
        <extensions>
          <gpxtpx:TrackPointExtension>
            <gpxtpx:hr>179</gpxtpx:hr>
            <gpxtpx:cad>93</gpxtpx:cad>
          </gpxtpx:TrackPointExtension>
        </extensions>
      </trkpt>
      <trkpt lat="32.0138400514" lon="120.895884605">
        <ele>12.8</ele>
        <time>2026-09-04T14:12:54+0800</time>
        <extensions>
          <gpxtpx:TrackPointExtension>
            <gpxtpx:hr>179</gpxtpx:hr>
            <gpxtpx:cad>94</gpxtpx:cad>
          </gpxtpx:TrackPointExtension>
        </extensions>
      </trkpt>
      <trkpt lat="32.013829574" lon="120.895847222">
        <ele>12.8</ele>
        <time>2026-09-04T14:12:55+0800</time>
        <extensions>
          <gpxtpx:TrackPointExtension>
            <gpxtpx:hr>179</gpxtpx:hr>
            <gpxtpx:cad>93</gpxtpx:cad>
          </gpxtpx:TrackPointExtension>
        </extensions>
      </trkpt>
      <trkpt lat="32.0138162468" lon="120.895797098">
        <ele>12.8</ele>
        <time>2026-09-04T14:12:56+0800</time>
        <extensions>
          <gpxtpx:TrackPointExtension>
            <gpxtpx:hr>179</gpxtpx:hr>
            <gpxtpx:cad>93</gpxtpx:cad>
          </gpxtpx:TrackPointExtension>
        </extensions>
      </trkpt>
      <trkpt lat="32.0138032548" lon="120.895756697">
        <ele>12.6</ele>
        <time>2026-09-04T14:12:57+0800</time>
        <extensions>
          <gpxtpx:TrackPointExtension>
            <gpxtpx:hr>180</gpxtpx:hr>
            <gpxtpx:cad>93</gpxtpx:cad>
          </gpxtpx:TrackPointExtension>
        </extensions>
      </trkpt>
      <trkpt lat="32.0137893409" lon="120.895712608">
        <ele>12.8</ele>
        <time>2026-09-04T14:12:58+0800</time>
        <extensions>
          <gpxtpx:TrackPointExtension>
            <gpxtpx:hr>179</gpxtpx:hr>
            <gpxtpx:cad>93</gpxtpx:cad>
          </gpxtpx:TrackPointExtension>
        </extensions>
      </trkpt>
      <trkpt lat="32.0137683861" lon="120.895669358">
        <ele>12.8</ele>
        <time>2026-09-04T14:12:59+0800</time>
        <extensions>
          <gpxtpx:TrackPointExtension>
            <gpxtpx:hr>180</gpxtpx:hr>
            <gpxtpx:cad>93</gpxtpx:cad>
          </gpxtpx:TrackPointExtension>
        </extensions>
      </trkpt>
      <trkpt lat="32.0137602556" lon="120.895628035">
        <ele>12.8</ele>
        <time>2026-09-04T14:13:00+0800</time>
        <extensions>
          <gpxtpx:TrackPointExtension>
            <gpxtpx:hr>180</gpxtpx:hr>
            <gpxtpx:cad>93</gpxtpx:cad>
          </gpxtpx:TrackPointExtension>
        </extensions>
      </trkpt>
      <trkpt lat="32.0137469284" lon="120.895570619">
        <ele>12.8</ele>
        <time>2026-09-04T14:13:01+0800</time>
        <extensions>
          <gpxtpx:TrackPointExtension>
            <gpxtpx:hr>181</gpxtpx:hr>
            <gpxtpx:cad>93</gpxtpx:cad>
          </gpxtpx:TrackPointExtension>
        </extensions>
      </trkpt>
      <trkpt lat="32.013730919" lon="120.895533403">
        <ele>13.0</ele>
        <time>2026-09-04T14:13:02+0800</time>
        <extensions>
          <gpxtpx:TrackPointExtension>
            <gpxtpx:hr>181</gpxtpx:hr>
            <gpxtpx:cad>93</gpxtpx:cad>
          </gpxtpx:TrackPointExtension>
        </extensions>
      </trkpt>
      <trkpt lat="32.0137161668" lon="120.8954811">
        <ele>13.0</ele>
        <time>2026-09-04T14:13:03+0800</time>
        <extensions>
          <gpxtpx:TrackPointExtension>
            <gpxtpx:hr>181</gpxtpx:hr>
            <gpxtpx:cad>93</gpxtpx:cad>
          </gpxtpx:TrackPointExtension>
        </extensions>
      </trkpt>
      <trkpt lat="32.0137051027" lon="120.895439694">
        <ele>13.0</ele>
        <time>2026-09-04T14:13:04+0800</time>
        <extensions>
          <gpxtpx:TrackPointExtension>
            <gpxtpx:hr>180</gpxtpx:hr>
            <gpxtpx:cad>93</gpxtpx:cad>
          </gpxtpx:TrackPointExtension>
        </extensions>
      </trkpt>
      <trkpt lat="32.0136932842" lon="120.895389318">
        <ele>12.8</ele>
        <time>2026-09-04T14:13:05+0800</time>
        <extensions>
          <gpxtpx:TrackPointExtension>
            <gpxtpx:hr>180</gpxtpx:hr>
            <gpxtpx:cad>93</gpxtpx:cad>
          </gpxtpx:TrackPointExtension>
        </extensions>
      </trkpt>
      <trkpt lat="32.0136750117" lon="120.895352103">
        <ele>12.8</ele>
        <time>2026-09-04T14:13:06+0800</time>
        <extensions>
          <gpxtpx:TrackPointExtension>
            <gpxtpx:hr>180</gpxtpx:hr>
            <gpxtpx:cad>93</gpxtpx:cad>
          </gpxtpx:TrackPointExtension>
        </extensions>
      </trkpt>
      <trkpt lat="32.0136624388" lon="120.895303991">
        <ele>12.8</ele>
        <time>2026-09-04T14:13:07+0800</time>
        <extensions>
          <gpxtpx:TrackPointExtension>
            <gpxtpx:hr>180</gpxtpx:hr>
            <gpxtpx:cad>92</gpxtpx:cad>
          </gpxtpx:TrackPointExtension>
        </extensions>
      </trkpt>
      <trkpt lat="32.0136448368" lon="120.89526535">
        <ele>12.8</ele>
        <time>2026-09-04T14:13:08+0800</time>
        <extensions>
          <gpxtpx:TrackPointExtension>
            <gpxtpx:hr>180</gpxtpx:hr>
            <gpxtpx:cad>92</gpxtpx:cad>
          </gpxtpx:TrackPointExtension>
        </extensions>
      </trkpt>
      <trkpt lat="32.0136338565" lon="120.895218328">
        <ele>13.0</ele>
        <time>2026-09-04T14:13:09+0800</time>
        <extensions>
          <gpxtpx:TrackPointExtension>
            <gpxtpx:hr>180</gpxtpx:hr>
            <gpxtpx:cad>92</gpxtpx:cad>
          </gpxtpx:TrackPointExtension>
        </extensions>
      </trkpt>
      <trkpt lat="32.0136140753" lon="120.895176418">
        <ele>13.0</ele>
        <time>2026-09-04T14:13:10+0800</time>
        <extensions>
          <gpxtpx:TrackPointExtension>
            <gpxtpx:hr>180</gpxtpx:hr>
            <gpxtpx:cad>92</gpxtpx:cad>
          </gpxtpx:TrackPointExtension>
        </extensions>
      </trkpt>
      <trkpt lat="32.0135987364" lon="120.89512906">
        <ele>13.0</ele>
        <time>2026-09-04T14:13:11+0800</time>
        <extensions>
          <gpxtpx:TrackPointExtension>
            <gpxtpx:hr>180</gpxtpx:hr>
            <gpxtpx:cad>91</gpxtpx:cad>
          </gpxtpx:TrackPointExtension>
        </extensions>
      </trkpt>
      <trkpt lat="32.0135825593" lon="120.89508866">
        <ele>13.0</ele>
        <time>2026-09-04T14:13:12+0800</time>
        <extensions>
          <gpxtpx:TrackPointExtension>
            <gpxtpx:hr>180</gpxtpx:hr>
            <gpxtpx:cad>91</gpxtpx:cad>
          </gpxtpx:TrackPointExtension>
        </extensions>
      </trkpt>
      <trkpt lat="32.013589181" lon="120.895042727">
        <ele>13.0</ele>
        <time>2026-09-04T14:13:13+0800</time>
        <extensions>
          <gpxtpx:TrackPointExtension>
            <gpxtpx:hr>180</gpxtpx:hr>
            <gpxtpx:cad>90</gpxtpx:cad>
          </gpxtpx:TrackPointExtension>
        </extensions>
      </trkpt>
      <trkpt lat="32.0136088785" lon="120.895003499">
        <ele>13.2</ele>
        <time>2026-09-04T14:13:14+0800</time>
        <extensions>
          <gpxtpx:TrackPointExtension>
            <gpxtpx:hr>180</gpxtpx:hr>
            <gpxtpx:cad>90</gpxtpx:cad>
          </gpxtpx:TrackPointExtension>
        </extensions>
      </trkpt>
      <trkpt lat="32.0136398915" lon="120.894981874">
        <ele>13.2</ele>
        <time>2026-09-04T14:13:15+0800</time>
        <extensions>
          <gpxtpx:TrackPointExtension>
            <gpxtpx:hr>180</gpxtpx:hr>
            <gpxtpx:cad>90</gpxtpx:cad>
          </gpxtpx:TrackPointExtension>
        </extensions>
      </trkpt>
      <trkpt lat="32.0136829745" lon="120.894959997">
        <ele>13.2</ele>
        <time>2026-09-04T14:13:16+0800</time>
        <extensions>
          <gpxtpx:TrackPointExtension>
            <gpxtpx:hr>179</gpxtpx:hr>
            <gpxtpx:cad>89</gpxtpx:cad>
          </gpxtpx:TrackPointExtension>
        </extensions>
      </trkpt>
      <trkpt lat="32.0137312543" lon="120.894966368">
        <ele>13.2</ele>
        <time>2026-09-04T14:13:17+0800</time>
        <extensions>
          <gpxtpx:TrackPointExtension>
            <gpxtpx:hr>179</gpxtpx:hr>
            <gpxtpx:cad>90</gpxtpx:cad>
          </gpxtpx:TrackPointExtension>
        </extensions>
      </trkpt>
      <trkpt lat="32.013767967" lon="120.894979611">
        <ele>13.0</ele>
        <time>2026-09-04T14:13:18+0800</time>
        <extensions>
          <gpxtpx:TrackPointExtension>
            <gpxtpx:hr>178</gpxtpx:hr>
            <gpxtpx:cad>89</gpxtpx:cad>
          </gpxtpx:TrackPointExtension>
        </extensions>
      </trkpt>
      <trkpt lat="32.0138061047" lon="120.894990424">
        <ele>13.0</ele>
        <time>2026-09-04T14:13:19+0800</time>
        <extensions>
          <gpxtpx:TrackPointExtension>
            <gpxtpx:hr>178</gpxtpx:hr>
            <gpxtpx:cad>90</gpxtpx:cad>
          </gpxtpx:TrackPointExtension>
        </extensions>
      </trkpt>
      <trkpt lat="32.0138503611" lon="120.895000733">
        <ele>13.0</ele>
        <time>2026-09-04T14:13:20+0800</time>
        <extensions>
          <gpxtpx:TrackPointExtension>
            <gpxtpx:hr>177</gpxtpx:hr>
            <gpxtpx:cad>91</gpxtpx:cad>
          </gpxtpx:TrackPointExtension>
        </extensions>
      </trkpt>
      <trkpt lat="32.0138892531" lon="120.895014899">
        <ele>13.0</ele>
        <time>2026-09-04T14:13:21+0800</time>
        <extensions>
          <gpxtpx:TrackPointExtension>
            <gpxtpx:hr>176</gpxtpx:hr>
            <gpxtpx:cad>91</gpxtpx:cad>
          </gpxtpx:TrackPointExtension>
        </extensions>
      </trkpt>
      <trkpt lat="32.0139248762" lon="120.895027136">
        <ele>12.8</ele>
        <time>2026-09-04T14:13:22+0800</time>
        <extensions>
          <gpxtpx:TrackPointExtension>
            <gpxtpx:hr>176</gpxtpx:hr>
            <gpxtpx:cad>91</gpxtpx:cad>
          </gpxtpx:TrackPointExtension>
        </extensions>
      </trkpt>
      <trkpt lat="32.0139529556" lon="120.895037865">
        <ele>12.8</ele>
        <time>2026-09-04T14:13:23+0800</time>
        <extensions>
          <gpxtpx:TrackPointExtension>
            <gpxtpx:hr>175</gpxtpx:hr>
            <gpxtpx:cad>91</gpxtpx:cad>
          </gpxtpx:TrackPointExtension>
        </extensions>
      </trkpt>
      <trkpt lat="32.0139999781" lon="120.895053372">
        <ele>12.8</ele>
        <time>2026-09-04T14:13:24+0800</time>
        <extensions>
          <gpxtpx:TrackPointExtension>
            <gpxtpx:hr>176</gpxtpx:hr>
            <gpxtpx:cad>92</gpxtpx:cad>
          </gpxtpx:TrackPointExtension>
        </extensions>
      </trkpt>
      <trkpt lat="32.0140310749" lon="120.895064101">
        <ele>12.8</ele>
        <time>2026-09-04T14:13:25+0800</time>
        <extensions>
          <gpxtpx:TrackPointExtension>
            <gpxtpx:hr>176</gpxtpx:hr>
            <gpxtpx:cad>92</gpxtpx:cad>
          </gpxtpx:TrackPointExtension>
        </extensions>
      </trkpt>
      <trkpt lat="32.0140750799" lon="120.895077595">
        <ele>12.8</ele>
        <time>2026-09-04T14:13:26+0800</time>
        <extensions>
          <gpxtpx:TrackPointExtension>
            <gpxtpx:hr>176</gpxtpx:hr>
            <gpxtpx:cad>91</gpxtpx:cad>
          </gpxtpx:TrackPointExtension>
        </extensions>
      </trkpt>
      <trkpt lat="32.0141073503" lon="120.895083128">
        <ele>12.8</ele>
        <time>2026-09-04T14:13:27+0800</time>
        <extensions>
          <gpxtpx:TrackPointExtension>
            <gpxtpx:hr>176</gpxtpx:hr>
            <gpxtpx:cad>91</gpxtpx:cad>
          </gpxtpx:TrackPointExtension>
        </extensions>
      </trkpt>
      <trkpt lat="32.0141561329" lon="120.895100981">
        <ele>12.8</ele>
        <time>2026-09-04T14:13:28+0800</time>
        <extensions>
          <gpxtpx:TrackPointExtension>
            <gpxtpx:hr>176</gpxtpx:hr>
            <gpxtpx:cad>91</gpxtpx:cad>
          </gpxtpx:TrackPointExtension>
        </extensions>
      </trkpt>
      <trkpt lat="32.0141934324" lon="120.89511699">
        <ele>12.8</ele>
        <time>2026-09-04T14:13:29+0800</time>
        <extensions>
          <gpxtpx:TrackPointExtension>
            <gpxtpx:hr>176</gpxtpx:hr>
            <gpxtpx:cad>91</gpxtpx:cad>
          </gpxtpx:TrackPointExtension>
        </extensions>
      </trkpt>
      <trkpt lat="32.0142309833" lon="120.895123864">
        <ele>12.6</ele>
        <time>2026-09-04T14:13:30+0800</time>
        <extensions>
          <gpxtpx:TrackPointExtension>
            <gpxtpx:hr>176</gpxtpx:hr>
            <gpxtpx:cad>91</gpxtpx:cad>
          </gpxtpx:TrackPointExtension>
        </extensions>
      </trkpt>
      <trkpt lat="32.0142671932" lon="120.895127887">
        <ele>12.6</ele>
        <time>2026-09-04T14:13:31+0800</time>
        <extensions>
          <gpxtpx:TrackPointExtension>
            <gpxtpx:hr>176</gpxtpx:hr>
            <gpxtpx:cad>91</gpxtpx:cad>
          </gpxtpx:TrackPointExtension>
        </extensions>
      </trkpt>
      <trkpt lat="32.0143104438" lon="120.895137526">
        <ele>12.6</ele>
        <time>2026-09-04T14:13:32+0800</time>
        <extensions>
          <gpxtpx:TrackPointExtension>
            <gpxtpx:hr>175</gpxtpx:hr>
            <gpxtpx:cad>91</gpxtpx:cad>
          </gpxtpx:TrackPointExtension>
        </extensions>
      </trkpt>
      <trkpt lat="32.0143469051" lon="120.89514574">
        <ele>12.6</ele>
        <time>2026-09-04T14:13:33+0800</time>
        <extensions>
          <gpxtpx:TrackPointExtension>
            <gpxtpx:hr>175</gpxtpx:hr>
            <gpxtpx:cad>91</gpxtpx:cad>
          </gpxtpx:TrackPointExtension>
        </extensions>
      </trkpt>
      <trkpt lat="32.0143912453" lon="120.895161247">
        <ele>12.8</ele>
        <time>2026-09-04T14:13:34+0800</time>
        <extensions>
          <gpxtpx:TrackPointExtension>
            <gpxtpx:hr>176</gpxtpx:hr>
            <gpxtpx:cad>91</gpxtpx:cad>
          </gpxtpx:TrackPointExtension>
        </extensions>
      </trkpt>
      <trkpt lat="32.0144305564" lon="120.895161079">
        <ele>12.6</ele>
        <time>2026-09-04T14:13:35+0800</time>
        <extensions>
          <gpxtpx:TrackPointExtension>
            <gpxtpx:hr>176</gpxtpx:hr>
            <gpxtpx:cad>91</gpxtpx:cad>
          </gpxtpx:TrackPointExtension>
        </extensions>
      </trkpt>
      <trkpt lat="32.0144642517" lon="120.895162253">
        <ele>12.8</ele>
        <time>2026-09-04T14:13:36+0800</time>
        <extensions>
          <gpxtpx:TrackPointExtension>
            <gpxtpx:hr>176</gpxtpx:hr>
            <gpxtpx:cad>91</gpxtpx:cad>
          </gpxtpx:TrackPointExtension>
        </extensions>
      </trkpt>
      <trkpt lat="32.0145035628" lon="120.895167198">
        <ele>12.6</ele>
        <time>2026-09-04T14:13:37+0800</time>
        <extensions>
          <gpxtpx:TrackPointExtension>
            <gpxtpx:hr>178</gpxtpx:hr>
            <gpxtpx:cad>91</gpxtpx:cad>
          </gpxtpx:TrackPointExtension>
        </extensions>
      </trkpt>
      <trkpt lat="32.0145448018" lon="120.895186393">
        <ele>12.6</ele>
        <time>2026-09-04T14:13:38+0800</time>
        <extensions>
          <gpxtpx:TrackPointExtension>
            <gpxtpx:hr>180</gpxtpx:hr>
            <gpxtpx:cad>91</gpxtpx:cad>
          </gpxtpx:TrackPointExtension>
        </extensions>
      </trkpt>
      <trkpt lat="32.0145873819" lon="120.895199385">
        <ele>12.6</ele>
        <time>2026-09-04T14:13:39+0800</time>
        <extensions>
          <gpxtpx:TrackPointExtension>
            <gpxtpx:hr>180</gpxtpx:hr>
            <gpxtpx:cad>91</gpxtpx:cad>
          </gpxtpx:TrackPointExtension>
        </extensions>
      </trkpt>
      <trkpt lat="32.0146184787" lon="120.895211538">
        <ele>12.6</ele>
        <time>2026-09-04T14:13:40+0800</time>
        <extensions>
          <gpxtpx:TrackPointExtension>
            <gpxtpx:hr>181</gpxtpx:hr>
            <gpxtpx:cad>91</gpxtpx:cad>
          </gpxtpx:TrackPointExtension>
        </extensions>
      </trkpt>
      <trkpt lat="32.0146604721" lon="120.895223022">
        <ele>12.8</ele>
        <time>2026-09-04T14:13:41+0800</time>
        <extensions>
          <gpxtpx:TrackPointExtension>
            <gpxtpx:hr>181</gpxtpx:hr>
            <gpxtpx:cad>91</gpxtpx:cad>
          </gpxtpx:TrackPointExtension>
        </extensions>
      </trkpt>
      <trkpt lat="32.0146908984" lon="120.895233918">
        <ele>12.8</ele>
        <time>2026-09-04T14:13:42+0800</time>
        <extensions>
          <gpxtpx:TrackPointExtension>
            <gpxtpx:hr>181</gpxtpx:hr>
            <gpxtpx:cad>91</gpxtpx:cad>
          </gpxtpx:TrackPointExtension>
        </extensions>
      </trkpt>
      <trkpt lat="32.0147333946" lon="120.895245569">
        <ele>12.8</ele>
        <time>2026-09-04T14:13:43+0800</time>
        <extensions>
          <gpxtpx:TrackPointExtension>
            <gpxtpx:hr>182</gpxtpx:hr>
            <gpxtpx:cad>91</gpxtpx:cad>
          </gpxtpx:TrackPointExtension>
        </extensions>
      </trkpt>
      <trkpt lat="32.0147699397" lon="120.895255376">
        <ele>12.8</ele>
        <time>2026-09-04T14:13:44+0800</time>
        <extensions>
          <gpxtpx:TrackPointExtension>
            <gpxtpx:hr>182</gpxtpx:hr>
            <gpxtpx:cad>91</gpxtpx:cad>
          </gpxtpx:TrackPointExtension>
        </extensions>
      </trkpt>
      <trkpt lat="32.014817046" lon="120.895269457">
        <ele>13.0</ele>
        <time>2026-09-04T14:13:45+0800</time>
        <extensions>
          <gpxtpx:TrackPointExtension>
            <gpxtpx:hr>182</gpxtpx:hr>
            <gpxtpx:cad>91</gpxtpx:cad>
          </gpxtpx:TrackPointExtension>
        </extensions>
      </trkpt>
      <trkpt lat="32.0148565248" lon="120.895285215">
        <ele>13.0</ele>
        <time>2026-09-04T14:13:46+0800</time>
        <extensions>
          <gpxtpx:TrackPointExtension>
            <gpxtpx:hr>183</gpxtpx:hr>
            <gpxtpx:cad>91</gpxtpx:cad>
          </gpxtpx:TrackPointExtension>
        </extensions>
      </trkpt>
      <trkpt lat="32.0149048883" lon="120.895308517">
        <ele>13.0</ele>
        <time>2026-09-04T14:13:47+0800</time>
        <extensions>
          <gpxtpx:TrackPointExtension>
            <gpxtpx:hr>183</gpxtpx:hr>
            <gpxtpx:cad>92</gpxtpx:cad>
          </gpxtpx:TrackPointExtension>
        </extensions>
      </trkpt>
      <trkpt lat="32.0149377454" lon="120.895312373">
        <ele>13.0</ele>
        <time>2026-09-04T14:13:48+0800</time>
        <extensions>
          <gpxtpx:TrackPointExtension>
            <gpxtpx:hr>183</gpxtpx:hr>
            <gpxtpx:cad>92</gpxtpx:cad>
          </gpxtpx:TrackPointExtension>
        </extensions>
      </trkpt>
      <trkpt lat="32.0149808284" lon="120.895325951">
        <ele>13.0</ele>
        <time>2026-09-04T14:13:49+0800</time>
        <extensions>
          <gpxtpx:TrackPointExtension>
            <gpxtpx:hr>183</gpxtpx:hr>
            <gpxtpx:cad>91</gpxtpx:cad>
          </gpxtpx:TrackPointExtension>
        </extensions>
      </trkpt>
      <trkpt lat="32.0150165353" lon="120.895337686">
        <ele>13.0</ele>
        <time>2026-09-04T14:13:50+0800</time>
        <extensions>
          <gpxtpx:TrackPointExtension>
            <gpxtpx:hr>183</gpxtpx:hr>
            <gpxtpx:cad>91</gpxtpx:cad>
          </gpxtpx:TrackPointExtension>
        </extensions>
      </trkpt>
      <trkpt lat="32.0150557626" lon="120.895337099">
        <ele>13.0</ele>
        <time>2026-09-04T14:13:51+0800</time>
        <extensions>
          <gpxtpx:TrackPointExtension>
            <gpxtpx:hr>183</gpxtpx:hr>
            <gpxtpx:cad>91</gpxtpx:cad>
          </gpxtpx:TrackPointExtension>
        </extensions>
      </trkpt>
      <trkpt lat="32.0150928106" lon="120.89534129">
        <ele>12.8</ele>
        <time>2026-09-04T14:13:52+0800</time>
        <extensions>
          <gpxtpx:TrackPointExtension>
            <gpxtpx:hr>183</gpxtpx:hr>
            <gpxtpx:cad>91</gpxtpx:cad>
          </gpxtpx:TrackPointExtension>
        </extensions>
      </trkpt>
      <trkpt lat="32.0151448622" lon="120.895354953">
        <ele>13.0</ele>
        <time>2026-09-04T14:13:53+0800</time>
        <extensions>
          <gpxtpx:TrackPointExtension>
            <gpxtpx:hr>183</gpxtpx:hr>
            <gpxtpx:cad>91</gpxtpx:cad>
          </gpxtpx:TrackPointExtension>
        </extensions>
      </trkpt>
      <trkpt lat="32.0151832514" lon="120.895359479">
        <ele>12.8</ele>
        <time>2026-09-04T14:13:54+0800</time>
        <extensions>
          <gpxtpx:TrackPointExtension>
            <gpxtpx:hr>183</gpxtpx:hr>
            <gpxtpx:cad>91</gpxtpx:cad>
          </gpxtpx:TrackPointExtension>
        </extensions>
      </trkpt>
      <trkpt lat="32.0152239874" lon="120.895378422">
        <ele>12.8</ele>
        <time>2026-09-04T14:13:55+0800</time>
        <extensions>
          <gpxtpx:TrackPointExtension>
            <gpxtpx:hr>182</gpxtpx:hr>
            <gpxtpx:cad>91</gpxtpx:cad>
          </gpxtpx:TrackPointExtension>
        </extensions>
      </trkpt>
      <trkpt lat="32.0152558386" lon="120.895388732">
        <ele>12.8</ele>
        <time>2026-09-04T14:13:56+0800</time>
        <extensions>
          <gpxtpx:TrackPointExtension>
            <gpxtpx:hr>182</gpxtpx:hr>
            <gpxtpx:cad>91</gpxtpx:cad>
          </gpxtpx:TrackPointExtension>
        </extensions>
      </trkpt>
      <trkpt lat="32.0152874384" lon="120.895408094">
        <ele>12.8</ele>
        <time>2026-09-04T14:13:57+0800</time>
        <extensions>
          <gpxtpx:TrackPointExtension>
            <gpxtpx:hr>182</gpxtpx:hr>
            <gpxtpx:cad>91</gpxtpx:cad>
          </gpxtpx:TrackPointExtension>
        </extensions>
      </trkpt>
      <trkpt lat="32.0153167751" lon="120.895422176">
        <ele>12.8</ele>
        <time>2026-09-04T14:13:58+0800</time>
        <extensions>
          <gpxtpx:TrackPointExtension>
            <gpxtpx:hr>182</gpxtpx:hr>
            <gpxtpx:cad>91</gpxtpx:cad>
          </gpxtpx:TrackPointExtension>
        </extensions>
      </trkpt>
      <trkpt lat="32.0153458603" lon="120.895435251">
        <ele>12.8</ele>
        <time>2026-09-04T14:13:59+0800</time>
        <extensions>
          <gpxtpx:TrackPointExtension>
            <gpxtpx:hr>181</gpxtpx:hr>
            <gpxtpx:cad>91</gpxtpx:cad>
          </gpxtpx:TrackPointExtension>
        </extensions>
      </trkpt>
      <trkpt lat="32.0153787173" lon="120.895441202">
        <ele>12.8</ele>
        <time>2026-09-04T14:14:00+0800</time>
        <extensions>
          <gpxtpx:TrackPointExtension>
            <gpxtpx:hr>181</gpxtpx:hr>
            <gpxtpx:cad>91</gpxtpx:cad>
          </gpxtpx:TrackPointExtension>
        </extensions>
      </trkpt>
      <trkpt lat="32.0154170226" lon="120.895457463">
        <ele>13.0</ele>
        <time>2026-09-04T14:14:01+0800</time>
        <extensions>
          <gpxtpx:TrackPointExtension>
            <gpxtpx:hr>180</gpxtpx:hr>
            <gpxtpx:cad>91</gpxtpx:cad>
          </gpxtpx:TrackPointExtension>
        </extensions>
      </trkpt>
      <trkpt lat="32.0154612791" lon="120.895468947">
        <ele>13.0</ele>
        <time>2026-09-04T14:14:02+0800</time>
        <extensions>
          <gpxtpx:TrackPointExtension>
            <gpxtpx:hr>180</gpxtpx:hr>
            <gpxtpx:cad>91</gpxtpx:cad>
          </gpxtpx:TrackPointExtension>
        </extensions>
      </trkpt>
      <trkpt lat="32.0155066252" lon="120.895484537">
        <ele>12.8</ele>
        <time>2026-09-04T14:14:03+0800</time>
        <extensions>
          <gpxtpx:TrackPointExtension>
            <gpxtpx:hr>180</gpxtpx:hr>
            <gpxtpx:cad>91</gpxtpx:cad>
          </gpxtpx:TrackPointExtension>
        </extensions>
      </trkpt>
      <trkpt lat="32.0155471936" lon="120.895492584">
        <ele>12.8</ele>
        <time>2026-09-04T14:14:04+0800</time>
        <extensions>
          <gpxtpx:TrackPointExtension>
            <gpxtpx:hr>181</gpxtpx:hr>
            <gpxtpx:cad>92</gpxtpx:cad>
          </gpxtpx:TrackPointExtension>
        </extensions>
      </trkpt>
      <trkpt lat="32.0155841578" lon="120.895507336">
        <ele>12.8</ele>
        <time>2026-09-04T14:14:05+0800</time>
        <extensions>
          <gpxtpx:TrackPointExtension>
            <gpxtpx:hr>181</gpxtpx:hr>
            <gpxtpx:cad>92</gpxtpx:cad>
          </gpxtpx:TrackPointExtension>
        </extensions>
      </trkpt>
      <trkpt lat="32.0156314317" lon="120.895518148">
        <ele>12.8</ele>
        <time>2026-09-04T14:14:06+0800</time>
        <extensions>
          <gpxtpx:TrackPointExtension>
            <gpxtpx:hr>181</gpxtpx:hr>
            <gpxtpx:cad>91</gpxtpx:cad>
          </gpxtpx:TrackPointExtension>
        </extensions>
      </trkpt>
      <trkpt lat="32.0156633668" lon="120.895525273">
        <ele>12.8</ele>
        <time>2026-09-04T14:14:07+0800</time>
        <extensions>
          <gpxtpx:TrackPointExtension>
            <gpxtpx:hr>181</gpxtpx:hr>
            <gpxtpx:cad>91</gpxtpx:cad>
          </gpxtpx:TrackPointExtension>
        </extensions>
      </trkpt>
      <trkpt lat="32.0157043543" lon="120.89553399">
        <ele>13.0</ele>
        <time>2026-09-04T14:14:08+0800</time>
        <extensions>
          <gpxtpx:TrackPointExtension>
            <gpxtpx:hr>182</gpxtpx:hr>
            <gpxtpx:cad>91</gpxtpx:cad>
          </gpxtpx:TrackPointExtension>
        </extensions>
      </trkpt>
      <trkpt lat="32.0157415699" lon="120.895541618">
        <ele>13.0</ele>
        <time>2026-09-04T14:14:09+0800</time>
        <extensions>
          <gpxtpx:TrackPointExtension>
            <gpxtpx:hr>182</gpxtpx:hr>
            <gpxtpx:cad>91</gpxtpx:cad>
          </gpxtpx:TrackPointExtension>
        </extensions>
      </trkpt>
      <trkpt lat="32.0157874189" lon="120.89555637">
        <ele>13.0</ele>
        <time>2026-09-04T14:14:10+0800</time>
        <extensions>
          <gpxtpx:TrackPointExtension>
            <gpxtpx:hr>182</gpxtpx:hr>
            <gpxtpx:cad>91</gpxtpx:cad>
          </gpxtpx:TrackPointExtension>
        </extensions>
      </trkpt>
      <trkpt lat="32.0158226229" lon="120.89556735">
        <ele>13.0</ele>
        <time>2026-09-04T14:14:11+0800</time>
        <extensions>
          <gpxtpx:TrackPointExtension>
            <gpxtpx:hr>181</gpxtpx:hr>
            <gpxtpx:cad>91</gpxtpx:cad>
          </gpxtpx:TrackPointExtension>
        </extensions>
      </trkpt>
      <trkpt lat="32.0158585813" lon="120.895582689">
        <ele>12.8</ele>
        <time>2026-09-04T14:14:12+0800</time>
        <extensions>
          <gpxtpx:TrackPointExtension>
            <gpxtpx:hr>181</gpxtpx:hr>
            <gpxtpx:cad>90</gpxtpx:cad>
          </gpxtpx:TrackPointExtension>
        </extensions>
      </trkpt>
      <trkpt lat="32.0158872474" lon="120.895591741">
        <ele>12.8</ele>
        <time>2026-09-04T14:14:13+0800</time>
        <extensions>
          <gpxtpx:TrackPointExtension>
            <gpxtpx:hr>181</gpxtpx:hr>
            <gpxtpx:cad>90</gpxtpx:cad>
          </gpxtpx:TrackPointExtension>
        </extensions>
      </trkpt>
      <trkpt lat="32.0159326773" lon="120.895606577">
        <ele>12.6</ele>
        <time>2026-09-04T14:14:14+0800</time>
        <extensions>
          <gpxtpx:TrackPointExtension>
            <gpxtpx:hr>181</gpxtpx:hr>
            <gpxtpx:cad>90</gpxtpx:cad>
          </gpxtpx:TrackPointExtension>
        </extensions>
      </trkpt>
      <trkpt lat="32.0159659535" lon="120.89561454">
        <ele>12.6</ele>
        <time>2026-09-04T14:14:15+0800</time>
        <extensions>
          <gpxtpx:TrackPointExtension>
            <gpxtpx:hr>181</gpxtpx:hr>
            <gpxtpx:cad>90</gpxtpx:cad>
          </gpxtpx:TrackPointExtension>
        </extensions>
      </trkpt>
      <trkpt lat="32.0160105452" lon="120.895627029">
        <ele>12.6</ele>
        <time>2026-09-04T14:14:16+0800</time>
        <extensions>
          <gpxtpx:TrackPointExtension>
            <gpxtpx:hr>181</gpxtpx:hr>
            <gpxtpx:cad>90</gpxtpx:cad>
          </gpxtpx:TrackPointExtension>
        </extensions>
      </trkpt>
      <trkpt lat="32.0160470903" lon="120.895636333">
        <ele>12.4</ele>
        <time>2026-09-04T14:14:17+0800</time>
        <extensions>
          <gpxtpx:TrackPointExtension>
            <gpxtpx:hr>181</gpxtpx:hr>
            <gpxtpx:cad>90</gpxtpx:cad>
          </gpxtpx:TrackPointExtension>
        </extensions>
      </trkpt>
      <trkpt lat="32.0160913467" lon="120.895652678">
        <ele>12.4</ele>
        <time>2026-09-04T14:14:18+0800</time>
        <extensions>
          <gpxtpx:TrackPointExtension>
            <gpxtpx:hr>181</gpxtpx:hr>
            <gpxtpx:cad>90</gpxtpx:cad>
          </gpxtpx:TrackPointExtension>
        </extensions>
      </trkpt>
      <trkpt lat="32.0161325019" lon="120.895659886">
        <ele>12.4</ele>
        <time>2026-09-04T14:14:19+0800</time>
        <extensions>
          <gpxtpx:TrackPointExtension>
            <gpxtpx:hr>181</gpxtpx:hr>
            <gpxtpx:cad>90</gpxtpx:cad>
          </gpxtpx:TrackPointExtension>
        </extensions>
      </trkpt>
      <trkpt lat="32.0161739923" lon="120.895671705">
        <ele>12.4</ele>
        <time>2026-09-04T14:14:20+0800</time>
        <extensions>
          <gpxtpx:TrackPointExtension>
            <gpxtpx:hr>181</gpxtpx:hr>
            <gpxtpx:cad>90</gpxtpx:cad>
          </gpxtpx:TrackPointExtension>
        </extensions>
      </trkpt>
      <trkpt lat="32.0162127167" lon="120.895680757">
        <ele>12.4</ele>
        <time>2026-09-04T14:14:21+0800</time>
        <extensions>
          <gpxtpx:TrackPointExtension>
            <gpxtpx:hr>181</gpxtpx:hr>
            <gpxtpx:cad>91</gpxtpx:cad>
          </gpxtpx:TrackPointExtension>
        </extensions>
      </trkpt>
      <trkpt lat="32.0162591524" lon="120.895694839">
        <ele>12.4</ele>
        <time>2026-09-04T14:14:22+0800</time>
        <extensions>
          <gpxtpx:TrackPointExtension>
            <gpxtpx:hr>181</gpxtpx:hr>
            <gpxtpx:cad>91</gpxtpx:cad>
          </gpxtpx:TrackPointExtension>
        </extensions>
      </trkpt>
      <trkpt lat="32.016287148" lon="120.895704394">
        <ele>12.4</ele>
        <time>2026-09-04T14:14:23+0800</time>
        <extensions>
          <gpxtpx:TrackPointExtension>
            <gpxtpx:hr>181</gpxtpx:hr>
            <gpxtpx:cad>90</gpxtpx:cad>
          </gpxtpx:TrackPointExtension>
        </extensions>
      </trkpt>
      <trkpt lat="32.0163137186" lon="120.895712357">
        <ele>12.6</ele>
        <time>2026-09-04T14:14:24+0800</time>
        <extensions>
          <gpxtpx:TrackPointExtension>
            <gpxtpx:hr>181</gpxtpx:hr>
            <gpxtpx:cad>90</gpxtpx:cad>
          </gpxtpx:TrackPointExtension>
        </extensions>
      </trkpt>
      <trkpt lat="32.0163283031" lon="120.89572099">
        <ele>12.8</ele>
        <time>2026-09-04T14:14:25+0800</time>
        <extensions>
          <gpxtpx:TrackPointExtension>
            <gpxtpx:hr>182</gpxtpx:hr>
            <gpxtpx:cad>88</gpxtpx:cad>
          </gpxtpx:TrackPointExtension>
        </extensions>
      </trkpt>
      <trkpt lat="32.0163404569" lon="120.895727277">
        <ele>12.8</ele>
        <time>2026-09-04T14:14:26+0800</time>
        <extensions>
          <gpxtpx:TrackPointExtension>
            <gpxtpx:hr>183</gpxtpx:hr>
            <gpxtpx:cad>86</gpxtpx:cad>
          </gpxtpx:TrackPointExtension>
        </extensions>
      </trkpt>
      <trkpt lat="32.0163490064" lon="120.895725014">
        <ele>13.0</ele>
        <time>2026-09-04T14:14:27+0800</time>
        <extensions>
          <gpxtpx:TrackPointExtension>
            <gpxtpx:hr>183</gpxtpx:hr>
            <gpxtpx:cad>83</gpxtpx:cad>
          </gpxtpx:TrackPointExtension>
        </extensions>
      </trkpt>
      <trkpt lat="32.0163658541" lon="120.895730713">
        <ele>13.0</ele>
        <time>2026-09-04T14:14:28+0800</time>
        <extensions>
          <gpxtpx:TrackPointExtension>
            <gpxtpx:hr>183</gpxtpx:hr>
            <gpxtpx:cad>80</gpxtpx:cad>
          </gpxtpx:TrackPointExtension>
        </extensions>
      </trkpt>
      <trkpt lat="32.0163795166" lon="120.895741191">
        <ele>13.0</ele>
        <time>2026-09-04T14:14:29+0800</time>
        <extensions>
          <gpxtpx:TrackPointExtension>
            <gpxtpx:hr>182</gpxtpx:hr>
            <gpxtpx:cad>80</gpxtpx:cad>
          </gpxtpx:TrackPointExtension>
        </extensions>
      </trkpt>
      <trkpt lat="32.0163956098" lon="120.895750578">
        <ele>12.8</ele>
        <time>2026-09-04T14:14:30+0800</time>
        <extensions>
          <gpxtpx:TrackPointExtension>
            <gpxtpx:hr>181</gpxtpx:hr>
            <gpxtpx:cad>71</gpxtpx:cad>
          </gpxtpx:TrackPointExtension>
        </extensions>
      </trkpt>
      <trkpt lat="32.016414972" lon="120.895755105">
        <ele>12.8</ele>
        <time>2026-09-04T14:14:31+0800</time>
        <extensions>
          <gpxtpx:TrackPointExtension>
            <gpxtpx:hr>181</gpxtpx:hr>
            <gpxtpx:cad>68</gpxtpx:cad>
          </gpxtpx:TrackPointExtension>
        </extensions>
      </trkpt>
      <trkpt lat="32.0164254494" lon="120.895753847">
        <ele>12.8</ele>
        <time>2026-09-04T14:14:32+0800</time>
        <extensions>
          <gpxtpx:TrackPointExtension>
            <gpxtpx:hr>180</gpxtpx:hr>
            <gpxtpx:cad>68</gpxtpx:cad>
          </gpxtpx:TrackPointExtension>
        </extensions>
      </trkpt>
      <trkpt lat="32.0164510142" lon="120.89576357">
        <ele>12.6</ele>
        <time>2026-09-04T14:14:33+0800</time>
        <extensions>
          <gpxtpx:TrackPointExtension>
            <gpxtpx:hr>180</gpxtpx:hr>
            <gpxtpx:cad>68</gpxtpx:cad>
          </gpxtpx:TrackPointExtension>
        </extensions>
      </trkpt>
      <trkpt lat="32.0164683647" lon="120.895761978">
        <ele>12.6</ele>
        <time>2026-09-04T14:14:34+0800</time>
        <extensions>
          <gpxtpx:TrackPointExtension>
            <gpxtpx:hr>179</gpxtpx:hr>
            <gpxtpx:cad>69</gpxtpx:cad>
          </gpxtpx:TrackPointExtension>
        </extensions>
      </trkpt>
      <trkpt lat="32.0164968632" lon="120.895767175">
        <ele>12.6</ele>
        <time>2026-09-04T14:14:35+0800</time>
        <extensions>
          <gpxtpx:TrackPointExtension>
            <gpxtpx:hr>178</gpxtpx:hr>
            <gpxtpx:cad>69</gpxtpx:cad>
          </gpxtpx:TrackPointExtension>
        </extensions>
      </trkpt>
      <trkpt lat="32.0165202487" lon="120.89577212">
        <ele>12.6</ele>
        <time>2026-09-04T14:14:36+0800</time>
        <extensions>
          <gpxtpx:TrackPointExtension>
            <gpxtpx:hr>178</gpxtpx:hr>
            <gpxtpx:cad>76</gpxtpx:cad>
          </gpxtpx:TrackPointExtension>
        </extensions>
      </trkpt>
      <trkpt lat="32.0165537763" lon="120.895784609">
        <ele>12.4</ele>
        <time>2026-09-04T14:14:37+0800</time>
        <extensions>
          <gpxtpx:TrackPointExtension>
            <gpxtpx:hr>177</gpxtpx:hr>
            <gpxtpx:cad>80</gpxtpx:cad>
          </gpxtpx:TrackPointExtension>
        </extensions>
      </trkpt>
      <trkpt lat="32.0165764913" lon="120.895781424">
        <ele>12.4</ele>
        <time>2026-09-04T14:14:38+0800</time>
        <extensions>
          <gpxtpx:TrackPointExtension>
            <gpxtpx:hr>177</gpxtpx:hr>
            <gpxtpx:cad>87</gpxtpx:cad>
          </gpxtpx:TrackPointExtension>
        </extensions>
      </trkpt>
      <trkpt lat="32.0166150481" lon="120.895794081">
        <ele>12.4</ele>
        <time>2026-09-04T14:14:39+0800</time>
        <extensions>
          <gpxtpx:TrackPointExtension>
            <gpxtpx:hr>177</gpxtpx:hr>
            <gpxtpx:cad>89</gpxtpx:cad>
          </gpxtpx:TrackPointExtension>
        </extensions>
      </trkpt>
      <trkpt lat="32.0166401938" lon="120.89579735">
        <ele>12.4</ele>
        <time>2026-09-04T14:14:40+0800</time>
        <extensions>
          <gpxtpx:TrackPointExtension>
            <gpxtpx:hr>177</gpxtpx:hr>
            <gpxtpx:cad>89</gpxtpx:cad>
          </gpxtpx:TrackPointExtension>
        </extensions>
      </trkpt>
      <trkpt lat="32.0166805107" lon="120.895817382">
        <ele>12.4</ele>
        <time>2026-09-04T14:14:41+0800</time>
        <extensions>
          <gpxtpx:TrackPointExtension>
            <gpxtpx:hr>177</gpxtpx:hr>
            <gpxtpx:cad>89</gpxtpx:cad>
          </gpxtpx:TrackPointExtension>
        </extensions>
      </trkpt>
      <trkpt lat="32.0167058241" lon="120.89582283">
        <ele>12.2</ele>
        <time>2026-09-04T14:14:42+0800</time>
        <extensions>
          <gpxtpx:TrackPointExtension>
            <gpxtpx:hr>177</gpxtpx:hr>
            <gpxtpx:cad>90</gpxtpx:cad>
          </gpxtpx:TrackPointExtension>
        </extensions>
      </trkpt>
      <trkpt lat="32.0167407766" lon="120.895842612">
        <ele>12.2</ele>
        <time>2026-09-04T14:14:43+0800</time>
        <extensions>
          <gpxtpx:TrackPointExtension>
            <gpxtpx:hr>177</gpxtpx:hr>
            <gpxtpx:cad>90</gpxtpx:cad>
          </gpxtpx:TrackPointExtension>
        </extensions>
      </trkpt>
      <trkpt lat="32.0167681854" lon="120.895848898">
        <ele>12.2</ele>
        <time>2026-09-04T14:14:44+0800</time>
        <extensions>
          <gpxtpx:TrackPointExtension>
            <gpxtpx:hr>177</gpxtpx:hr>
            <gpxtpx:cad>90</gpxtpx:cad>
          </gpxtpx:TrackPointExtension>
        </extensions>
      </trkpt>
      <trkpt lat="32.0168022159" lon="120.895865159">
        <ele>12.2</ele>
        <time>2026-09-04T14:14:45+0800</time>
        <extensions>
          <gpxtpx:TrackPointExtension>
            <gpxtpx:hr>177</gpxtpx:hr>
            <gpxtpx:cad>90</gpxtpx:cad>
          </gpxtpx:TrackPointExtension>
        </extensions>
      </trkpt>
      <trkpt lat="32.0168257691" lon="120.895868177">
        <ele>12.0</ele>
        <time>2026-09-04T14:14:46+0800</time>
        <extensions>
          <gpxtpx:TrackPointExtension>
            <gpxtpx:hr>177</gpxtpx:hr>
            <gpxtpx:cad>90</gpxtpx:cad>
          </gpxtpx:TrackPointExtension>
        </extensions>
      </trkpt>
      <trkpt lat="32.0168589614" lon="120.895883096">
        <ele>12.0</ele>
        <time>2026-09-04T14:14:47+0800</time>
        <extensions>
          <gpxtpx:TrackPointExtension>
            <gpxtpx:hr>177</gpxtpx:hr>
            <gpxtpx:cad>90</gpxtpx:cad>
          </gpxtpx:TrackPointExtension>
        </extensions>
      </trkpt>
      <trkpt lat="32.0168847777" lon="120.895883013">
        <ele>11.8</ele>
        <time>2026-09-04T14:14:48+0800</time>
        <extensions>
          <gpxtpx:TrackPointExtension>
            <gpxtpx:hr>177</gpxtpx:hr>
            <gpxtpx:cad>90</gpxtpx:cad>
          </gpxtpx:TrackPointExtension>
        </extensions>
      </trkpt>
      <trkpt lat="32.016920317" lon="120.895899525">
        <ele>11.8</ele>
        <time>2026-09-04T14:14:49+0800</time>
        <extensions>
          <gpxtpx:TrackPointExtension>
            <gpxtpx:hr>177</gpxtpx:hr>
            <gpxtpx:cad>90</gpxtpx:cad>
          </gpxtpx:TrackPointExtension>
        </extensions>
      </trkpt>
      <trkpt lat="32.0169457141" lon="120.895905979">
        <ele>11.8</ele>
        <time>2026-09-04T14:14:50+0800</time>
        <extensions>
          <gpxtpx:TrackPointExtension>
            <gpxtpx:hr>176</gpxtpx:hr>
            <gpxtpx:cad>90</gpxtpx:cad>
          </gpxtpx:TrackPointExtension>
        </extensions>
      </trkpt>
      <trkpt lat="32.0169801638" lon="120.895918552">
        <ele>11.6</ele>
        <time>2026-09-04T14:14:51+0800</time>
        <extensions>
          <gpxtpx:TrackPointExtension>
            <gpxtpx:hr>176</gpxtpx:hr>
            <gpxtpx:cad>90</gpxtpx:cad>
          </gpxtpx:TrackPointExtension>
        </extensions>
      </trkpt>
      <trkpt lat="32.0170071535" lon="120.895924671">
        <ele>11.6</ele>
        <time>2026-09-04T14:14:52+0800</time>
        <extensions>
          <gpxtpx:TrackPointExtension>
            <gpxtpx:hr>176</gpxtpx:hr>
            <gpxtpx:cad>90</gpxtpx:cad>
          </gpxtpx:TrackPointExtension>
        </extensions>
      </trkpt>
      <trkpt lat="32.0170395076" lon="120.89593716">
        <ele>11.6</ele>
        <time>2026-09-04T14:14:53+0800</time>
        <extensions>
          <gpxtpx:TrackPointExtension>
            <gpxtpx:hr>175</gpxtpx:hr>
            <gpxtpx:cad>90</gpxtpx:cad>
          </gpxtpx:TrackPointExtension>
        </extensions>
      </trkpt>
      <trkpt lat="32.0170662459" lon="120.895936741">
        <ele>11.6</ele>
        <time>2026-09-04T14:14:54+0800</time>
        <extensions>
          <gpxtpx:TrackPointExtension>
            <gpxtpx:hr>174</gpxtpx:hr>
            <gpxtpx:cad>90</gpxtpx:cad>
          </gpxtpx:TrackPointExtension>
        </extensions>
      </trkpt>
      <trkpt lat="32.0171039645" lon="120.895951996">
        <ele>11.6</ele>
        <time>2026-09-04T14:14:55+0800</time>
        <extensions>
          <gpxtpx:TrackPointExtension>
            <gpxtpx:hr>173</gpxtpx:hr>
            <gpxtpx:cad>89</gpxtpx:cad>
          </gpxtpx:TrackPointExtension>
        </extensions>
      </trkpt>
      <trkpt lat="32.0171244163" lon="120.895951493">
        <ele>11.6</ele>
        <time>2026-09-04T14:14:56+0800</time>
        <extensions>
          <gpxtpx:TrackPointExtension>
            <gpxtpx:hr>172</gpxtpx:hr>
            <gpxtpx:cad>89</gpxtpx:cad>
          </gpxtpx:TrackPointExtension>
        </extensions>
      </trkpt>
      <trkpt lat="32.0171607099" lon="120.8959613">
        <ele>11.6</ele>
        <time>2026-09-04T14:14:57+0800</time>
        <extensions>
          <gpxtpx:TrackPointExtension>
            <gpxtpx:hr>172</gpxtpx:hr>
            <gpxtpx:cad>89</gpxtpx:cad>
          </gpxtpx:TrackPointExtension>
        </extensions>
      </trkpt>
      <trkpt lat="32.0171849336" lon="120.895964736">
        <ele>11.6</ele>
        <time>2026-09-04T14:14:58+0800</time>
        <extensions>
          <gpxtpx:TrackPointExtension>
            <gpxtpx:hr>171</gpxtpx:hr>
            <gpxtpx:cad>89</gpxtpx:cad>
          </gpxtpx:TrackPointExtension>
        </extensions>
      </trkpt>
      <trkpt lat="32.0172201376" lon="120.895976136">
        <ele>11.6</ele>
        <time>2026-09-04T14:14:59+0800</time>
        <extensions>
          <gpxtpx:TrackPointExtension>
            <gpxtpx:hr>171</gpxtpx:hr>
            <gpxtpx:cad>89</gpxtpx:cad>
          </gpxtpx:TrackPointExtension>
        </extensions>
      </trkpt>
      <trkpt lat="32.0172410924" lon="120.895983344">
        <ele>11.6</ele>
        <time>2026-09-04T14:15:00+0800</time>
        <extensions>
          <gpxtpx:TrackPointExtension>
            <gpxtpx:hr>171</gpxtpx:hr>
            <gpxtpx:cad>89</gpxtpx:cad>
          </gpxtpx:TrackPointExtension>
        </extensions>
      </trkpt>
      <trkpt lat="32.0172711834" lon="120.895991474">
        <ele>11.6</ele>
        <time>2026-09-04T14:15:01+0800</time>
        <extensions>
          <gpxtpx:TrackPointExtension>
            <gpxtpx:hr>171</gpxtpx:hr>
            <gpxtpx:cad>89</gpxtpx:cad>
          </gpxtpx:TrackPointExtension>
        </extensions>
      </trkpt>
      <trkpt lat="32.0172965806" lon="120.895999102">
        <ele>11.8</ele>
        <time>2026-09-04T14:15:02+0800</time>
        <extensions>
          <gpxtpx:TrackPointExtension>
            <gpxtpx:hr>171</gpxtpx:hr>
            <gpxtpx:cad>89</gpxtpx:cad>
          </gpxtpx:TrackPointExtension>
        </extensions>
      </trkpt>
      <trkpt lat="32.0173181221" lon="120.896006813">
        <ele>11.8</ele>
        <time>2026-09-04T14:15:03+0800</time>
        <extensions>
          <gpxtpx:TrackPointExtension>
            <gpxtpx:hr>171</gpxtpx:hr>
            <gpxtpx:cad>88</gpxtpx:cad>
          </gpxtpx:TrackPointExtension>
        </extensions>
      </trkpt>
      <trkpt lat="32.0173442736" lon="120.896022152">
        <ele>11.8</ele>
        <time>2026-09-04T14:15:04+0800</time>
        <extensions>
          <gpxtpx:TrackPointExtension>
            <gpxtpx:hr>171</gpxtpx:hr>
            <gpxtpx:cad>88</gpxtpx:cad>
          </gpxtpx:TrackPointExtension>
        </extensions>
      </trkpt>
      <trkpt lat="32.0173721015" lon="120.89602584">
        <ele>11.8</ele>
        <time>2026-09-04T14:15:05+0800</time>
        <extensions>
          <gpxtpx:TrackPointExtension>
            <gpxtpx:hr>171</gpxtpx:hr>
            <gpxtpx:cad>88</gpxtpx:cad>
          </gpxtpx:TrackPointExtension>
        </extensions>
      </trkpt>
      <trkpt lat="32.0174023602" lon="120.896035898">
        <ele>12.0</ele>
        <time>2026-09-04T14:15:06+0800</time>
        <extensions>
          <gpxtpx:TrackPointExtension>
            <gpxtpx:hr>171</gpxtpx:hr>
            <gpxtpx:cad>88</gpxtpx:cad>
          </gpxtpx:TrackPointExtension>
        </extensions>
      </trkpt>
      <trkpt lat="32.0174340438" lon="120.896037575">
        <ele>12.0</ele>
        <time>2026-09-04T14:15:07+0800</time>
        <extensions>
          <gpxtpx:TrackPointExtension>
            <gpxtpx:hr>171</gpxtpx:hr>
            <gpxtpx:cad>88</gpxtpx:cad>
          </gpxtpx:TrackPointExtension>
        </extensions>
      </trkpt>
      <trkpt lat="32.0174705051" lon="120.89605174">
        <ele>12.0</ele>
        <time>2026-09-04T14:15:08+0800</time>
        <extensions>
          <gpxtpx:TrackPointExtension>
            <gpxtpx:hr>170</gpxtpx:hr>
            <gpxtpx:cad>88</gpxtpx:cad>
          </gpxtpx:TrackPointExtension>
        </extensions>
      </trkpt>
      <trkpt lat="32.0175028592" lon="120.896059284">
        <ele>12.0</ele>
        <time>2026-09-04T14:15:09+0800</time>
        <extensions>
          <gpxtpx:TrackPointExtension>
            <gpxtpx:hr>171</gpxtpx:hr>
            <gpxtpx:cad>88</gpxtpx:cad>
          </gpxtpx:TrackPointExtension>
        </extensions>
      </trkpt>
      <trkpt lat="32.0175366383" lon="120.896072527">
        <ele>12.0</ele>
        <time>2026-09-04T14:15:10+0800</time>
        <extensions>
          <gpxtpx:TrackPointExtension>
            <gpxtpx:hr>171</gpxtpx:hr>
            <gpxtpx:cad>88</gpxtpx:cad>
          </gpxtpx:TrackPointExtension>
        </extensions>
      </trkpt>
      <trkpt lat="32.0175664779" lon="120.896076718">
        <ele>12.0</ele>
        <time>2026-09-04T14:15:11+0800</time>
        <extensions>
          <gpxtpx:TrackPointExtension>
            <gpxtpx:hr>170</gpxtpx:hr>
            <gpxtpx:cad>88</gpxtpx:cad>
          </gpxtpx:TrackPointExtension>
        </extensions>
      </trkpt>
      <trkpt lat="32.0176024362" lon="120.896085268">
        <ele>12.2</ele>
        <time>2026-09-04T14:15:12+0800</time>
        <extensions>
          <gpxtpx:TrackPointExtension>
            <gpxtpx:hr>171</gpxtpx:hr>
            <gpxtpx:cad>88</gpxtpx:cad>
          </gpxtpx:TrackPointExtension>
        </extensions>
      </trkpt>
      <trkpt lat="32.0176314376" lon="120.896088621">
        <ele>12.2</ele>
        <time>2026-09-04T14:15:13+0800</time>
        <extensions>
          <gpxtpx:TrackPointExtension>
            <gpxtpx:hr>171</gpxtpx:hr>
            <gpxtpx:cad>88</gpxtpx:cad>
          </gpxtpx:TrackPointExtension>
        </extensions>
      </trkpt>
      <trkpt lat="32.017674353" lon="120.896091638">
        <ele>12.2</ele>
        <time>2026-09-04T14:15:14+0800</time>
        <extensions>
          <gpxtpx:TrackPointExtension>
            <gpxtpx:hr>170</gpxtpx:hr>
            <gpxtpx:cad>88</gpxtpx:cad>
          </gpxtpx:TrackPointExtension>
        </extensions>
      </trkpt>
      <trkpt lat="32.0177022647" lon="120.896099433">
        <ele>12.2</ele>
        <time>2026-09-04T14:15:15+0800</time>
        <extensions>
          <gpxtpx:TrackPointExtension>
            <gpxtpx:hr>171</gpxtpx:hr>
            <gpxtpx:cad>88</gpxtpx:cad>
          </gpxtpx:TrackPointExtension>
        </extensions>
      </trkpt>
      <trkpt lat="32.0177365467" lon="120.89611385">
        <ele>12.4</ele>
        <time>2026-09-04T14:15:16+0800</time>
        <extensions>
          <gpxtpx:TrackPointExtension>
            <gpxtpx:hr>171</gpxtpx:hr>
            <gpxtpx:cad>88</gpxtpx:cad>
          </gpxtpx:TrackPointExtension>
        </extensions>
      </trkpt>
      <trkpt lat="32.0177635364" lon="120.896134637">
        <ele>12.2</ele>
        <time>2026-09-04T14:15:17+0800</time>
        <extensions>
          <gpxtpx:TrackPointExtension>
            <gpxtpx:hr>170</gpxtpx:hr>
            <gpxtpx:cad>88</gpxtpx:cad>
          </gpxtpx:TrackPointExtension>
        </extensions>
      </trkpt>
      <trkpt lat="32.0177914482" lon="120.896154922">
        <ele>12.2</ele>
        <time>2026-09-04T14:15:18+0800</time>
        <extensions>
          <gpxtpx:TrackPointExtension>
            <gpxtpx:hr>171</gpxtpx:hr>
            <gpxtpx:cad>87</gpxtpx:cad>
          </gpxtpx:TrackPointExtension>
        </extensions>
      </trkpt>
      <trkpt lat="32.0178079605" lon="120.89618912">
        <ele>12.2</ele>
        <time>2026-09-04T14:15:19+0800</time>
        <extensions>
          <gpxtpx:TrackPointExtension>
            <gpxtpx:hr>171</gpxtpx:hr>
            <gpxtpx:cad>87</gpxtpx:cad>
          </gpxtpx:TrackPointExtension>
        </extensions>
      </trkpt>
      <trkpt lat="32.0178164262" lon="120.896216948">
        <ele>12.2</ele>
        <time>2026-09-04T14:15:20+0800</time>
        <extensions>
          <gpxtpx:TrackPointExtension>
            <gpxtpx:hr>170</gpxtpx:hr>
            <gpxtpx:cad>87</gpxtpx:cad>
          </gpxtpx:TrackPointExtension>
        </extensions>
      </trkpt>
      <trkpt lat="32.0178022608" lon="120.896256175">
        <ele>12.0</ele>
        <time>2026-09-04T14:15:21+0800</time>
        <extensions>
          <gpxtpx:TrackPointExtension>
            <gpxtpx:hr>170</gpxtpx:hr>
            <gpxtpx:cad>87</gpxtpx:cad>
          </gpxtpx:TrackPointExtension>
        </extensions>
      </trkpt>
      <trkpt lat="32.0177950524" lon="120.896287858">
        <ele>12.0</ele>
        <time>2026-09-04T14:15:22+0800</time>
        <extensions>
          <gpxtpx:TrackPointExtension>
            <gpxtpx:hr>170</gpxtpx:hr>
            <gpxtpx:cad>87</gpxtpx:cad>
          </gpxtpx:TrackPointExtension>
        </extensions>
      </trkpt>
      <trkpt lat="32.0177823957" lon="120.896327589">
        <ele>12.0</ele>
        <time>2026-09-04T14:15:23+0800</time>
        <extensions>
          <gpxtpx:TrackPointExtension>
            <gpxtpx:hr>171</gpxtpx:hr>
            <gpxtpx:cad>87</gpxtpx:cad>
          </gpxtpx:TrackPointExtension>
        </extensions>
      </trkpt>
      <trkpt lat="32.0177777018" lon="120.896363044">
        <ele>11.8</ele>
        <time>2026-09-04T14:15:24+0800</time>
        <extensions>
          <gpxtpx:TrackPointExtension>
            <gpxtpx:hr>170</gpxtpx:hr>
            <gpxtpx:cad>87</gpxtpx:cad>
          </gpxtpx:TrackPointExtension>
        </extensions>
      </trkpt>
      <trkpt lat="32.0177647937" lon="120.896407971">
        <ele>11.8</ele>
        <time>2026-09-04T14:15:25+0800</time>
        <extensions>
          <gpxtpx:TrackPointExtension>
            <gpxtpx:hr>170</gpxtpx:hr>
            <gpxtpx:cad>87</gpxtpx:cad>
          </gpxtpx:TrackPointExtension>
        </extensions>
      </trkpt>
      <trkpt lat="32.0177624468" lon="120.896442086">
        <ele>11.8</ele>
        <time>2026-09-04T14:15:26+0800</time>
        <extensions>
          <gpxtpx:TrackPointExtension>
            <gpxtpx:hr>171</gpxtpx:hr>
            <gpxtpx:cad>88</gpxtpx:cad>
          </gpxtpx:TrackPointExtension>
        </extensions>
      </trkpt>
      <trkpt lat="32.0177518856" lon="120.896480056">
        <ele>11.8</ele>
        <time>2026-09-04T14:15:27+0800</time>
        <extensions>
          <gpxtpx:TrackPointExtension>
            <gpxtpx:hr>170</gpxtpx:hr>
            <gpxtpx:cad>88</gpxtpx:cad>
          </gpxtpx:TrackPointExtension>
        </extensions>
      </trkpt>
      <trkpt lat="32.0177480299" lon="120.89651308">
        <ele>11.8</ele>
        <time>2026-09-04T14:15:28+0800</time>
        <extensions>
          <gpxtpx:TrackPointExtension>
            <gpxtpx:hr>171</gpxtpx:hr>
            <gpxtpx:cad>89</gpxtpx:cad>
          </gpxtpx:TrackPointExtension>
        </extensions>
      </trkpt>
      <trkpt lat="32.0177362952" lon="120.896550883">
        <ele>11.8</ele>
        <time>2026-09-04T14:15:29+0800</time>
        <extensions>
          <gpxtpx:TrackPointExtension>
            <gpxtpx:hr>171</gpxtpx:hr>
            <gpxtpx:cad>89</gpxtpx:cad>
          </gpxtpx:TrackPointExtension>
        </extensions>
      </trkpt>
      <trkpt lat="32.0177351218" lon="120.896580471">
        <ele>11.8</ele>
        <time>2026-09-04T14:15:30+0800</time>
        <extensions>
          <gpxtpx:TrackPointExtension>
            <gpxtpx:hr>171</gpxtpx:hr>
            <gpxtpx:cad>89</gpxtpx:cad>
          </gpxtpx:TrackPointExtension>
        </extensions>
      </trkpt>
      <trkpt lat="32.0177231357" lon="120.896620536">
        <ele>11.8</ele>
        <time>2026-09-04T14:15:31+0800</time>
        <extensions>
          <gpxtpx:TrackPointExtension>
            <gpxtpx:hr>171</gpxtpx:hr>
            <gpxtpx:cad>89</gpxtpx:cad>
          </gpxtpx:TrackPointExtension>
        </extensions>
      </trkpt>
      <trkpt lat="32.0177190285" lon="120.89665046">
        <ele>11.6</ele>
        <time>2026-09-04T14:15:32+0800</time>
        <extensions>
          <gpxtpx:TrackPointExtension>
            <gpxtpx:hr>171</gpxtpx:hr>
            <gpxtpx:cad>90</gpxtpx:cad>
          </gpxtpx:TrackPointExtension>
        </extensions>
      </trkpt>
      <trkpt lat="32.0177064557" lon="120.896689687">
        <ele>11.8</ele>
        <time>2026-09-04T14:15:33+0800</time>
        <extensions>
          <gpxtpx:TrackPointExtension>
            <gpxtpx:hr>171</gpxtpx:hr>
            <gpxtpx:cad>90</gpxtpx:cad>
          </gpxtpx:TrackPointExtension>
        </extensions>
      </trkpt>
      <trkpt lat="32.0177024323" lon="120.896722125">
        <ele>11.6</ele>
        <time>2026-09-04T14:15:34+0800</time>
        <extensions>
          <gpxtpx:TrackPointExtension>
            <gpxtpx:hr>172</gpxtpx:hr>
            <gpxtpx:cad>90</gpxtpx:cad>
          </gpxtpx:TrackPointExtension>
        </extensions>
      </trkpt>
      <trkpt lat="32.0176948886" lon="120.896756491">
        <ele>11.6</ele>
        <time>2026-09-04T14:15:35+0800</time>
        <extensions>
          <gpxtpx:TrackPointExtension>
            <gpxtpx:hr>172</gpxtpx:hr>
            <gpxtpx:cad>90</gpxtpx:cad>
          </gpxtpx:TrackPointExtension>
        </extensions>
      </trkpt>
      <trkpt lat="32.0176934637" lon="120.8967839">
        <ele>11.8</ele>
        <time>2026-09-04T14:15:36+0800</time>
        <extensions>
          <gpxtpx:TrackPointExtension>
            <gpxtpx:hr>172</gpxtpx:hr>
            <gpxtpx:cad>90</gpxtpx:cad>
          </gpxtpx:TrackPointExtension>
        </extensions>
      </trkpt>
      <trkpt lat="32.0176853333" lon="120.896825474">
        <ele>11.8</ele>
        <time>2026-09-04T14:15:37+0800</time>
        <extensions>
          <gpxtpx:TrackPointExtension>
            <gpxtpx:hr>172</gpxtpx:hr>
            <gpxtpx:cad>90</gpxtpx:cad>
          </gpxtpx:TrackPointExtension>
        </extensions>
      </trkpt>
      <trkpt lat="32.0176839922" lon="120.896853805">
        <ele>11.8</ele>
        <time>2026-09-04T14:15:38+0800</time>
        <extensions>
          <gpxtpx:TrackPointExtension>
            <gpxtpx:hr>172</gpxtpx:hr>
            <gpxtpx:cad>90</gpxtpx:cad>
          </gpxtpx:TrackPointExtension>
        </extensions>
      </trkpt>
      <trkpt lat="32.0176777057" lon="120.89689278">
        <ele>11.8</ele>
        <time>2026-09-04T14:15:39+0800</time>
        <extensions>
          <gpxtpx:TrackPointExtension>
            <gpxtpx:hr>172</gpxtpx:hr>
            <gpxtpx:cad>90</gpxtpx:cad>
          </gpxtpx:TrackPointExtension>
        </extensions>
      </trkpt>
      <trkpt lat="32.017675275" lon="120.896924967">
        <ele>11.8</ele>
        <time>2026-09-04T14:15:40+0800</time>
        <extensions>
          <gpxtpx:TrackPointExtension>
            <gpxtpx:hr>172</gpxtpx:hr>
            <gpxtpx:cad>90</gpxtpx:cad>
          </gpxtpx:TrackPointExtension>
        </extensions>
      </trkpt>
      <trkpt lat="32.0176610257" lon="120.896960422">
        <ele>12.0</ele>
        <time>2026-09-04T14:15:41+0800</time>
        <extensions>
          <gpxtpx:TrackPointExtension>
            <gpxtpx:hr>172</gpxtpx:hr>
            <gpxtpx:cad>89</gpxtpx:cad>
          </gpxtpx:TrackPointExtension>
        </extensions>
      </trkpt>
      <trkpt lat="32.0176518057" lon="120.896993615">
        <ele>12.0</ele>
        <time>2026-09-04T14:15:42+0800</time>
        <extensions>
          <gpxtpx:TrackPointExtension>
            <gpxtpx:hr>172</gpxtpx:hr>
            <gpxtpx:cad>89</gpxtpx:cad>
          </gpxtpx:TrackPointExtension>
        </extensions>
      </trkpt>
      <trkpt lat="32.0176376402" lon="120.897029238">
        <ele>12.0</ele>
        <time>2026-09-04T14:15:43+0800</time>
        <extensions>
          <gpxtpx:TrackPointExtension>
            <gpxtpx:hr>172</gpxtpx:hr>
            <gpxtpx:cad>90</gpxtpx:cad>
          </gpxtpx:TrackPointExtension>
        </extensions>
      </trkpt>
      <trkpt lat="32.0176305156" lon="120.897058407">
        <ele>12.0</ele>
        <time>2026-09-04T14:15:44+0800</time>
        <extensions>
          <gpxtpx:TrackPointExtension>
            <gpxtpx:hr>172</gpxtpx:hr>
            <gpxtpx:cad>90</gpxtpx:cad>
          </gpxtpx:TrackPointExtension>
        </extensions>
      </trkpt>
      <trkpt lat="32.0176209603" lon="120.897099478">
        <ele>12.0</ele>
        <time>2026-09-04T14:15:45+0800</time>
        <extensions>
          <gpxtpx:TrackPointExtension>
            <gpxtpx:hr>171</gpxtpx:hr>
            <gpxtpx:cad>90</gpxtpx:cad>
          </gpxtpx:TrackPointExtension>
        </extensions>
      </trkpt>
      <trkpt lat="32.0176170208" lon="120.897126049">
        <ele>11.8</ele>
        <time>2026-09-04T14:15:46+0800</time>
        <extensions>
          <gpxtpx:TrackPointExtension>
            <gpxtpx:hr>172</gpxtpx:hr>
            <gpxtpx:cad>90</gpxtpx:cad>
          </gpxtpx:TrackPointExtension>
        </extensions>
      </trkpt>
      <trkpt lat="32.0176097285" lon="120.897168964">
        <ele>11.8</ele>
        <time>2026-09-04T14:15:47+0800</time>
        <extensions>
          <gpxtpx:TrackPointExtension>
            <gpxtpx:hr>171</gpxtpx:hr>
            <gpxtpx:cad>90</gpxtpx:cad>
          </gpxtpx:TrackPointExtension>
        </extensions>
      </trkpt>
      <trkpt lat="32.0176055375" lon="120.897198552">
        <ele>11.8</ele>
        <time>2026-09-04T14:15:48+0800</time>
        <extensions>
          <gpxtpx:TrackPointExtension>
            <gpxtpx:hr>171</gpxtpx:hr>
            <gpxtpx:cad>90</gpxtpx:cad>
          </gpxtpx:TrackPointExtension>
        </extensions>
      </trkpt>
      <trkpt lat="32.0175957307" lon="120.897238031">
        <ele>11.8</ele>
        <time>2026-09-04T14:15:49+0800</time>
        <extensions>
          <gpxtpx:TrackPointExtension>
            <gpxtpx:hr>171</gpxtpx:hr>
            <gpxtpx:cad>90</gpxtpx:cad>
          </gpxtpx:TrackPointExtension>
        </extensions>
      </trkpt>
      <trkpt lat="32.0175915398" lon="120.897268709">
        <ele>11.6</ele>
        <time>2026-09-04T14:15:50+0800</time>
        <extensions>
          <gpxtpx:TrackPointExtension>
            <gpxtpx:hr>171</gpxtpx:hr>
            <gpxtpx:cad>90</gpxtpx:cad>
          </gpxtpx:TrackPointExtension>
        </extensions>
      </trkpt>
      <trkpt lat="32.0175825711" lon="120.897309948">
        <ele>11.6</ele>
        <time>2026-09-04T14:15:51+0800</time>
        <extensions>
          <gpxtpx:TrackPointExtension>
            <gpxtpx:hr>171</gpxtpx:hr>
            <gpxtpx:cad>90</gpxtpx:cad>
          </gpxtpx:TrackPointExtension>
        </extensions>
      </trkpt>
      <trkpt lat="32.0175772067" lon="120.897340626">
        <ele>11.6</ele>
        <time>2026-09-04T14:15:52+0800</time>
        <extensions>
          <gpxtpx:TrackPointExtension>
            <gpxtpx:hr>171</gpxtpx:hr>
            <gpxtpx:cad>90</gpxtpx:cad>
          </gpxtpx:TrackPointExtension>
        </extensions>
      </trkpt>
      <trkpt lat="32.0175663941" lon="120.897385385">
        <ele>11.6</ele>
        <time>2026-09-04T14:15:53+0800</time>
        <extensions>
          <gpxtpx:TrackPointExtension>
            <gpxtpx:hr>170</gpxtpx:hr>
            <gpxtpx:cad>90</gpxtpx:cad>
          </gpxtpx:TrackPointExtension>
        </extensions>
      </trkpt>
      <trkpt lat="32.0175652206" lon="120.897407765">
        <ele>11.6</ele>
        <time>2026-09-04T14:15:54+0800</time>
        <extensions>
          <gpxtpx:TrackPointExtension>
            <gpxtpx:hr>170</gpxtpx:hr>
            <gpxtpx:cad>90</gpxtpx:cad>
          </gpxtpx:TrackPointExtension>
        </extensions>
      </trkpt>
      <trkpt lat="32.0175585989" lon="120.897452021">
        <ele>11.6</ele>
        <time>2026-09-04T14:15:55+0800</time>
        <extensions>
          <gpxtpx:TrackPointExtension>
            <gpxtpx:hr>170</gpxtpx:hr>
            <gpxtpx:cad>90</gpxtpx:cad>
          </gpxtpx:TrackPointExtension>
        </extensions>
      </trkpt>
      <trkpt lat="32.0175544079" lon="120.897483286">
        <ele>11.6</ele>
        <time>2026-09-04T14:15:56+0800</time>
        <extensions>
          <gpxtpx:TrackPointExtension>
            <gpxtpx:hr>171</gpxtpx:hr>
            <gpxtpx:cad>90</gpxtpx:cad>
          </gpxtpx:TrackPointExtension>
        </extensions>
      </trkpt>
      <trkpt lat="32.0175458584" lon="120.897525698">
        <ele>11.4</ele>
        <time>2026-09-04T14:15:57+0800</time>
        <extensions>
          <gpxtpx:TrackPointExtension>
            <gpxtpx:hr>171</gpxtpx:hr>
            <gpxtpx:cad>90</gpxtpx:cad>
          </gpxtpx:TrackPointExtension>
        </extensions>
      </trkpt>
      <trkpt lat="32.0175409131" lon="120.897556711">
        <ele>11.4</ele>
        <time>2026-09-04T14:15:58+0800</time>
        <extensions>
          <gpxtpx:TrackPointExtension>
            <gpxtpx:hr>171</gpxtpx:hr>
            <gpxtpx:cad>89</gpxtpx:cad>
          </gpxtpx:TrackPointExtension>
        </extensions>
      </trkpt>
      <trkpt lat="32.0175318606" lon="120.897600045">
        <ele>11.4</ele>
        <time>2026-09-04T14:15:59+0800</time>
        <extensions>
          <gpxtpx:TrackPointExtension>
            <gpxtpx:hr>171</gpxtpx:hr>
            <gpxtpx:cad>89</gpxtpx:cad>
          </gpxtpx:TrackPointExtension>
        </extensions>
      </trkpt>
      <trkpt lat="32.0175281726" lon="120.897634244">
        <ele>11.4</ele>
        <time>2026-09-04T14:16:00+0800</time>
        <extensions>
          <gpxtpx:TrackPointExtension>
            <gpxtpx:hr>170</gpxtpx:hr>
            <gpxtpx:cad>89</gpxtpx:cad>
          </gpxtpx:TrackPointExtension>
        </extensions>
      </trkpt>
      <trkpt lat="32.0175192039" lon="120.897677494">
        <ele>11.4</ele>
        <time>2026-09-04T14:16:01+0800</time>
        <extensions>
          <gpxtpx:TrackPointExtension>
            <gpxtpx:hr>170</gpxtpx:hr>
            <gpxtpx:cad>89</gpxtpx:cad>
          </gpxtpx:TrackPointExtension>
        </extensions>
      </trkpt>
      <trkpt lat="32.0175133366" lon="120.897709765">
        <ele>11.4</ele>
        <time>2026-09-04T14:16:02+0800</time>
        <extensions>
          <gpxtpx:TrackPointExtension>
            <gpxtpx:hr>170</gpxtpx:hr>
            <gpxtpx:cad>89</gpxtpx:cad>
          </gpxtpx:TrackPointExtension>
        </extensions>
      </trkpt>
      <trkpt lat="32.0174993388" lon="120.897752512">
        <ele>11.2</ele>
        <time>2026-09-04T14:16:03+0800</time>
        <extensions>
          <gpxtpx:TrackPointExtension>
            <gpxtpx:hr>171</gpxtpx:hr>
            <gpxtpx:cad>89</gpxtpx:cad>
          </gpxtpx:TrackPointExtension>
        </extensions>
      </trkpt>
      <trkpt lat="32.017494645" lon="120.897784447">
        <ele>11.4</ele>
        <time>2026-09-04T14:16:04+0800</time>
        <extensions>
          <gpxtpx:TrackPointExtension>
            <gpxtpx:hr>171</gpxtpx:hr>
            <gpxtpx:cad>89</gpxtpx:cad>
          </gpxtpx:TrackPointExtension>
        </extensions>
      </trkpt>
      <trkpt lat="32.0174879394" lon="120.897825267">
        <ele>11.2</ele>
        <time>2026-09-04T14:16:05+0800</time>
        <extensions>
          <gpxtpx:TrackPointExtension>
            <gpxtpx:hr>171</gpxtpx:hr>
            <gpxtpx:cad>89</gpxtpx:cad>
          </gpxtpx:TrackPointExtension>
        </extensions>
      </trkpt>
      <trkpt lat="32.0174846705" lon="120.897854688">
        <ele>11.2</ele>
        <time>2026-09-04T14:16:06+0800</time>
        <extensions>
          <gpxtpx:TrackPointExtension>
            <gpxtpx:hr>171</gpxtpx:hr>
            <gpxtpx:cad>89</gpxtpx:cad>
          </gpxtpx:TrackPointExtension>
        </extensions>
      </trkpt>
      <trkpt lat="32.0174780488" lon="120.897897854">
        <ele>11.2</ele>
        <time>2026-09-04T14:16:07+0800</time>
        <extensions>
          <gpxtpx:TrackPointExtension>
            <gpxtpx:hr>170</gpxtpx:hr>
            <gpxtpx:cad>89</gpxtpx:cad>
          </gpxtpx:TrackPointExtension>
        </extensions>
      </trkpt>
      <trkpt lat="32.0174729358" lon="120.897928784">
        <ele>11.4</ele>
        <time>2026-09-04T14:16:08+0800</time>
        <extensions>
          <gpxtpx:TrackPointExtension>
            <gpxtpx:hr>170</gpxtpx:hr>
            <gpxtpx:cad>89</gpxtpx:cad>
          </gpxtpx:TrackPointExtension>
        </extensions>
      </trkpt>
      <trkpt lat="32.0174661465" lon="120.897964574">
        <ele>11.4</ele>
        <time>2026-09-04T14:16:09+0800</time>
        <extensions>
          <gpxtpx:TrackPointExtension>
            <gpxtpx:hr>170</gpxtpx:hr>
            <gpxtpx:cad>89</gpxtpx:cad>
          </gpxtpx:TrackPointExtension>
        </extensions>
      </trkpt>
      <trkpt lat="32.0174565073" lon="120.897993995">
        <ele>11.4</ele>
        <time>2026-09-04T14:16:10+0800</time>
        <extensions>
          <gpxtpx:TrackPointExtension>
            <gpxtpx:hr>170</gpxtpx:hr>
            <gpxtpx:cad>89</gpxtpx:cad>
          </gpxtpx:TrackPointExtension>
        </extensions>
      </trkpt>
      <trkpt lat="32.0174547471" lon="120.898018554">
        <ele>11.4</ele>
        <time>2026-09-04T14:16:11+0800</time>
        <extensions>
          <gpxtpx:TrackPointExtension>
            <gpxtpx:hr>170</gpxtpx:hr>
            <gpxtpx:cad>89</gpxtpx:cad>
          </gpxtpx:TrackPointExtension>
        </extensions>
      </trkpt>
      <trkpt lat="32.0174503047" lon="120.898050405">
        <ele>11.4</ele>
        <time>2026-09-04T14:16:12+0800</time>
        <extensions>
          <gpxtpx:TrackPointExtension>
            <gpxtpx:hr>169</gpxtpx:hr>
            <gpxtpx:cad>88</gpxtpx:cad>
          </gpxtpx:TrackPointExtension>
        </extensions>
      </trkpt>
      <trkpt lat="32.0174527355" lon="120.898083681">
        <ele>11.4</ele>
        <time>2026-09-04T14:16:13+0800</time>
        <extensions>
          <gpxtpx:TrackPointExtension>
            <gpxtpx:hr>169</gpxtpx:hr>
            <gpxtpx:cad>88</gpxtpx:cad>
          </gpxtpx:TrackPointExtension>
        </extensions>
      </trkpt>
      <trkpt lat="32.0174487121" lon="120.898120143">
        <ele>11.4</ele>
        <time>2026-09-04T14:16:14+0800</time>
        <extensions>
          <gpxtpx:TrackPointExtension>
            <gpxtpx:hr>169</gpxtpx:hr>
            <gpxtpx:cad>88</gpxtpx:cad>
          </gpxtpx:TrackPointExtension>
        </extensions>
      </trkpt>
      <trkpt lat="32.017449718" lon="120.898155598">
        <ele>11.4</ele>
        <time>2026-09-04T14:16:15+0800</time>
        <extensions>
          <gpxtpx:TrackPointExtension>
            <gpxtpx:hr>169</gpxtpx:hr>
            <gpxtpx:cad>88</gpxtpx:cad>
          </gpxtpx:TrackPointExtension>
        </extensions>
      </trkpt>
      <trkpt lat="32.0174393244" lon="120.898193149">
        <ele>11.4</ele>
        <time>2026-09-04T14:16:16+0800</time>
        <extensions>
          <gpxtpx:TrackPointExtension>
            <gpxtpx:hr>169</gpxtpx:hr>
            <gpxtpx:cad>88</gpxtpx:cad>
          </gpxtpx:TrackPointExtension>
        </extensions>
      </trkpt>
      <trkpt lat="32.0174419228" lon="120.89822961">
        <ele>11.4</ele>
        <time>2026-09-04T14:16:17+0800</time>
        <extensions>
          <gpxtpx:TrackPointExtension>
            <gpxtpx:hr>169</gpxtpx:hr>
            <gpxtpx:cad>88</gpxtpx:cad>
          </gpxtpx:TrackPointExtension>
        </extensions>
      </trkpt>
      <trkpt lat="32.0174316969" lon="120.898272274">
        <ele>11.4</ele>
        <time>2026-09-04T14:16:18+0800</time>
        <extensions>
          <gpxtpx:TrackPointExtension>
            <gpxtpx:hr>169</gpxtpx:hr>
            <gpxtpx:cad>88</gpxtpx:cad>
          </gpxtpx:TrackPointExtension>
        </extensions>
      </trkpt>
      <trkpt lat="32.0174309425" lon="120.898304293">
        <ele>11.6</ele>
        <time>2026-09-04T14:16:19+0800</time>
        <extensions>
          <gpxtpx:TrackPointExtension>
            <gpxtpx:hr>169</gpxtpx:hr>
            <gpxtpx:cad>88</gpxtpx:cad>
          </gpxtpx:TrackPointExtension>
        </extensions>
      </trkpt>
      <trkpt lat="32.0174197108" lon="120.898346957">
        <ele>11.6</ele>
        <time>2026-09-04T14:16:20+0800</time>
        <extensions>
          <gpxtpx:TrackPointExtension>
            <gpxtpx:hr>168</gpxtpx:hr>
            <gpxtpx:cad>88</gpxtpx:cad>
          </gpxtpx:TrackPointExtension>
        </extensions>
      </trkpt>
      <trkpt lat="32.0174159389" lon="120.89837864">
        <ele>11.6</ele>
        <time>2026-09-04T14:16:21+0800</time>
        <extensions>
          <gpxtpx:TrackPointExtension>
            <gpxtpx:hr>168</gpxtpx:hr>
            <gpxtpx:cad>89</gpxtpx:cad>
          </gpxtpx:TrackPointExtension>
        </extensions>
      </trkpt>
      <trkpt lat="32.0174021926" lon="120.898422059">
        <ele>11.8</ele>
        <time>2026-09-04T14:16:22+0800</time>
        <extensions>
          <gpxtpx:TrackPointExtension>
            <gpxtpx:hr>168</gpxtpx:hr>
            <gpxtpx:cad>89</gpxtpx:cad>
          </gpxtpx:TrackPointExtension>
        </extensions>
      </trkpt>
      <trkpt lat="32.0173949003" lon="120.898456089">
        <ele>11.8</ele>
        <time>2026-09-04T14:16:23+0800</time>
        <extensions>
          <gpxtpx:TrackPointExtension>
            <gpxtpx:hr>168</gpxtpx:hr>
            <gpxtpx:cad>89</gpxtpx:cad>
          </gpxtpx:TrackPointExtension>
        </extensions>
      </trkpt>
      <trkpt lat="32.0173854288" lon="120.898499843">
        <ele>11.8</ele>
        <time>2026-09-04T14:16:24+0800</time>
        <extensions>
          <gpxtpx:TrackPointExtension>
            <gpxtpx:hr>168</gpxtpx:hr>
            <gpxtpx:cad>88</gpxtpx:cad>
          </gpxtpx:TrackPointExtension>
        </extensions>
      </trkpt>
      <trkpt lat="32.01737931" lon="120.898532281">
        <ele>11.8</ele>
        <time>2026-09-04T14:16:25+0800</time>
        <extensions>
          <gpxtpx:TrackPointExtension>
            <gpxtpx:hr>168</gpxtpx:hr>
            <gpxtpx:cad>89</gpxtpx:cad>
          </gpxtpx:TrackPointExtension>
        </extensions>
      </trkpt>
      <trkpt lat="32.0173670724" lon="120.898572849">
        <ele>11.8</ele>
        <time>2026-09-04T14:16:26+0800</time>
        <extensions>
          <gpxtpx:TrackPointExtension>
            <gpxtpx:hr>168</gpxtpx:hr>
            <gpxtpx:cad>88</gpxtpx:cad>
          </gpxtpx:TrackPointExtension>
        </extensions>
      </trkpt>
      <trkpt lat="32.017351985" lon="120.898605287">
        <ele>11.8</ele>
        <time>2026-09-04T14:16:27+0800</time>
        <extensions>
          <gpxtpx:TrackPointExtension>
            <gpxtpx:hr>168</gpxtpx:hr>
            <gpxtpx:cad>88</gpxtpx:cad>
          </gpxtpx:TrackPointExtension>
        </extensions>
      </trkpt>
      <trkpt lat="32.0173536614" lon="120.898639318">
        <ele>11.8</ele>
        <time>2026-09-04T14:16:28+0800</time>
        <extensions>
          <gpxtpx:TrackPointExtension>
            <gpxtpx:hr>168</gpxtpx:hr>
            <gpxtpx:cad>88</gpxtpx:cad>
          </gpxtpx:TrackPointExtension>
        </extensions>
      </trkpt>
      <trkpt lat="32.017364474" lon="120.898668235">
        <ele>11.8</ele>
        <time>2026-09-04T14:16:29+0800</time>
        <extensions>
          <gpxtpx:TrackPointExtension>
            <gpxtpx:hr>168</gpxtpx:hr>
            <gpxtpx:cad>87</gpxtpx:cad>
          </gpxtpx:TrackPointExtension>
        </extensions>
      </trkpt>
      <trkpt lat="32.0173876919" lon="120.898688687">
        <ele>11.8</ele>
        <time>2026-09-04T14:16:30+0800</time>
        <extensions>
          <gpxtpx:TrackPointExtension>
            <gpxtpx:hr>168</gpxtpx:hr>
            <gpxtpx:cad>87</gpxtpx:cad>
          </gpxtpx:TrackPointExtension>
        </extensions>
      </trkpt>
      <trkpt lat="32.0174166095" lon="120.898700925">
        <ele>11.8</ele>
        <time>2026-09-04T14:16:31+0800</time>
        <extensions>
          <gpxtpx:TrackPointExtension>
            <gpxtpx:hr>168</gpxtpx:hr>
            <gpxtpx:cad>87</gpxtpx:cad>
          </gpxtpx:TrackPointExtension>
        </extensions>
      </trkpt>
      <trkpt lat="32.0174479578" lon="120.898708049">
        <ele>11.8</ele>
        <time>2026-09-04T14:16:32+0800</time>
        <extensions>
          <gpxtpx:TrackPointExtension>
            <gpxtpx:hr>168</gpxtpx:hr>
            <gpxtpx:cad>87</gpxtpx:cad>
          </gpxtpx:TrackPointExtension>
        </extensions>
      </trkpt>
      <trkpt lat="32.0174771268" lon="120.898722634">
        <ele>11.8</ele>
        <time>2026-09-04T14:16:33+0800</time>
        <extensions>
          <gpxtpx:TrackPointExtension>
            <gpxtpx:hr>168</gpxtpx:hr>
            <gpxtpx:cad>88</gpxtpx:cad>
          </gpxtpx:TrackPointExtension>
        </extensions>
      </trkpt>
      <trkpt lat="32.0175115764" lon="120.898735039">
        <ele>12.0</ele>
        <time>2026-09-04T14:16:34+0800</time>
        <extensions>
          <gpxtpx:TrackPointExtension>
            <gpxtpx:hr>168</gpxtpx:hr>
            <gpxtpx:cad>88</gpxtpx:cad>
          </gpxtpx:TrackPointExtension>
        </extensions>
      </trkpt>
      <trkpt lat="32.0175426733" lon="120.898746187">
        <ele>12.0</ele>
        <time>2026-09-04T14:16:35+0800</time>
        <extensions>
          <gpxtpx:TrackPointExtension>
            <gpxtpx:hr>168</gpxtpx:hr>
            <gpxtpx:cad>88</gpxtpx:cad>
          </gpxtpx:TrackPointExtension>
        </extensions>
      </trkpt>
      <trkpt lat="32.0175725129" lon="120.898752976">
        <ele>12.0</ele>
        <time>2026-09-04T14:16:36+0800</time>
        <extensions>
          <gpxtpx:TrackPointExtension>
            <gpxtpx:hr>168</gpxtpx:hr>
            <gpxtpx:cad>88</gpxtpx:cad>
          </gpxtpx:TrackPointExtension>
        </extensions>
      </trkpt>
      <trkpt lat="32.0176114887" lon="120.898752389">
        <ele>12.0</ele>
        <time>2026-09-04T14:16:37+0800</time>
        <extensions>
          <gpxtpx:TrackPointExtension>
            <gpxtpx:hr>168</gpxtpx:hr>
            <gpxtpx:cad>88</gpxtpx:cad>
          </gpxtpx:TrackPointExtension>
        </extensions>
      </trkpt>
      <trkpt lat="32.0176387299" lon="120.898746187">
        <ele>12.0</ele>
        <time>2026-09-04T14:16:38+0800</time>
        <extensions>
          <gpxtpx:TrackPointExtension>
            <gpxtpx:hr>168</gpxtpx:hr>
            <gpxtpx:cad>88</gpxtpx:cad>
          </gpxtpx:TrackPointExtension>
        </extensions>
      </trkpt>
      <trkpt lat="32.0176732633" lon="120.898724226">
        <ele>11.8</ele>
        <time>2026-09-04T14:16:39+0800</time>
        <extensions>
          <gpxtpx:TrackPointExtension>
            <gpxtpx:hr>168</gpxtpx:hr>
            <gpxtpx:cad>88</gpxtpx:cad>
          </gpxtpx:TrackPointExtension>
        </extensions>
      </trkpt>
      <trkpt lat="32.0176880993" lon="120.898703272">
        <ele>11.8</ele>
        <time>2026-09-04T14:16:40+0800</time>
        <extensions>
          <gpxtpx:TrackPointExtension>
            <gpxtpx:hr>167</gpxtpx:hr>
            <gpxtpx:cad>88</gpxtpx:cad>
          </gpxtpx:TrackPointExtension>
        </extensions>
      </trkpt>
      <trkpt lat="32.0177079644" lon="120.898660524">
        <ele>11.6</ele>
        <time>2026-09-04T14:16:41+0800</time>
        <extensions>
          <gpxtpx:TrackPointExtension>
            <gpxtpx:hr>167</gpxtpx:hr>
            <gpxtpx:cad>88</gpxtpx:cad>
          </gpxtpx:TrackPointExtension>
        </extensions>
      </trkpt>
      <trkpt lat="32.0177172683" lon="120.898627751">
        <ele>11.6</ele>
        <time>2026-09-04T14:16:42+0800</time>
        <extensions>
          <gpxtpx:TrackPointExtension>
            <gpxtpx:hr>168</gpxtpx:hr>
            <gpxtpx:cad>88</gpxtpx:cad>
          </gpxtpx:TrackPointExtension>
        </extensions>
      </trkpt>
      <trkpt lat="32.0177265722" lon="120.898584751">
        <ele>11.4</ele>
        <time>2026-09-04T14:16:43+0800</time>
        <extensions>
          <gpxtpx:TrackPointExtension>
            <gpxtpx:hr>168</gpxtpx:hr>
            <gpxtpx:cad>88</gpxtpx:cad>
          </gpxtpx:TrackPointExtension>
        </extensions>
      </trkpt>
      <trkpt lat="32.017734535" lon="120.898547368">
        <ele>11.4</ele>
        <time>2026-09-04T14:16:44+0800</time>
        <extensions>
          <gpxtpx:TrackPointExtension>
            <gpxtpx:hr>168</gpxtpx:hr>
            <gpxtpx:cad>88</gpxtpx:cad>
          </gpxtpx:TrackPointExtension>
        </extensions>
      </trkpt>
      <trkpt lat="32.0177376363" lon="120.898504537">
        <ele>11.4</ele>
        <time>2026-09-04T14:16:45+0800</time>
        <extensions>
          <gpxtpx:TrackPointExtension>
            <gpxtpx:hr>168</gpxtpx:hr>
            <gpxtpx:cad>88</gpxtpx:cad>
          </gpxtpx:TrackPointExtension>
        </extensions>
      </trkpt>
      <trkpt lat="32.0177471079" lon="120.898468746">
        <ele>11.4</ele>
        <time>2026-09-04T14:16:46+0800</time>
        <extensions>
          <gpxtpx:TrackPointExtension>
            <gpxtpx:hr>168</gpxtpx:hr>
            <gpxtpx:cad>88</gpxtpx:cad>
          </gpxtpx:TrackPointExtension>
        </extensions>
      </trkpt>
      <trkpt lat="32.0177523885" lon="120.898432285">
        <ele>11.2</ele>
        <time>2026-09-04T14:16:47+0800</time>
        <extensions>
          <gpxtpx:TrackPointExtension>
            <gpxtpx:hr>168</gpxtpx:hr>
            <gpxtpx:cad>89</gpxtpx:cad>
          </gpxtpx:TrackPointExtension>
        </extensions>
      </trkpt>
      <trkpt lat="32.0177617762" lon="120.898398338">
        <ele>11.2</ele>
        <time>2026-09-04T14:16:48+0800</time>
        <extensions>
          <gpxtpx:TrackPointExtension>
            <gpxtpx:hr>168</gpxtpx:hr>
            <gpxtpx:cad>89</gpxtpx:cad>
          </gpxtpx:TrackPointExtension>
        </extensions>
      </trkpt>
      <trkpt lat="32.0177612733" lon="120.898365062">
        <ele>11.0</ele>
        <time>2026-09-04T14:16:49+0800</time>
        <extensions>
          <gpxtpx:TrackPointExtension>
            <gpxtpx:hr>168</gpxtpx:hr>
            <gpxtpx:cad>88</gpxtpx:cad>
          </gpxtpx:TrackPointExtension>
        </extensions>
      </trkpt>
      <trkpt lat="32.0177686494" lon="120.898332708">
        <ele>11.0</ele>
        <time>2026-09-04T14:16:50+0800</time>
        <extensions>
          <gpxtpx:TrackPointExtension>
            <gpxtpx:hr>168</gpxtpx:hr>
            <gpxtpx:cad>88</gpxtpx:cad>
          </gpxtpx:TrackPointExtension>
        </extensions>
      </trkpt>
      <trkpt lat="32.0177740138" lon="120.89829633">
        <ele>11.0</ele>
        <time>2026-09-04T14:16:51+0800</time>
        <extensions>
          <gpxtpx:TrackPointExtension>
            <gpxtpx:hr>168</gpxtpx:hr>
            <gpxtpx:cad>89</gpxtpx:cad>
          </gpxtpx:TrackPointExtension>
        </extensions>
      </trkpt>
      <trkpt lat="32.0177862514" lon="120.898264395">
        <ele>11.0</ele>
        <time>2026-09-04T14:16:52+0800</time>
        <extensions>
          <gpxtpx:TrackPointExtension>
            <gpxtpx:hr>168</gpxtpx:hr>
            <gpxtpx:cad>89</gpxtpx:cad>
          </gpxtpx:TrackPointExtension>
        </extensions>
      </trkpt>
      <trkpt lat="32.0177929569" lon="120.898231622">
        <ele>11.0</ele>
        <time>2026-09-04T14:16:53+0800</time>
        <extensions>
          <gpxtpx:TrackPointExtension>
            <gpxtpx:hr>168</gpxtpx:hr>
            <gpxtpx:cad>89</gpxtpx:cad>
          </gpxtpx:TrackPointExtension>
        </extensions>
      </trkpt>
      <trkpt lat="32.0177999977" lon="120.898194071">
        <ele>11.2</ele>
        <time>2026-09-04T14:16:54+0800</time>
        <extensions>
          <gpxtpx:TrackPointExtension>
            <gpxtpx:hr>168</gpxtpx:hr>
            <gpxtpx:cad>89</gpxtpx:cad>
          </gpxtpx:TrackPointExtension>
        </extensions>
      </trkpt>
      <trkpt lat="32.0178064518" lon="120.898157191">
        <ele>11.2</ele>
        <time>2026-09-04T14:16:55+0800</time>
        <extensions>
          <gpxtpx:TrackPointExtension>
            <gpxtpx:hr>168</gpxtpx:hr>
            <gpxtpx:cad>89</gpxtpx:cad>
          </gpxtpx:TrackPointExtension>
        </extensions>
      </trkpt>
      <trkpt lat="32.0178095531" lon="120.898125758">
        <ele>11.2</ele>
        <time>2026-09-04T14:16:56+0800</time>
        <extensions>
          <gpxtpx:TrackPointExtension>
            <gpxtpx:hr>168</gpxtpx:hr>
            <gpxtpx:cad>90</gpxtpx:cad>
          </gpxtpx:TrackPointExtension>
        </extensions>
      </trkpt>
      <trkpt lat="32.0178130735" lon="120.898087453">
        <ele>11.2</ele>
        <time>2026-09-04T14:16:57+0800</time>
        <extensions>
          <gpxtpx:TrackPointExtension>
            <gpxtpx:hr>168</gpxtpx:hr>
            <gpxtpx:cad>90</gpxtpx:cad>
          </gpxtpx:TrackPointExtension>
        </extensions>
      </trkpt>
      <trkpt lat="32.0178211201" lon="120.898055853">
        <ele>11.2</ele>
        <time>2026-09-04T14:16:58+0800</time>
        <extensions>
          <gpxtpx:TrackPointExtension>
            <gpxtpx:hr>168</gpxtpx:hr>
            <gpxtpx:cad>90</gpxtpx:cad>
          </gpxtpx:TrackPointExtension>
        </extensions>
      </trkpt>
      <trkpt lat="32.0178264007" lon="120.898018051">
        <ele>11.2</ele>
        <time>2026-09-04T14:16:59+0800</time>
        <extensions>
          <gpxtpx:TrackPointExtension>
            <gpxtpx:hr>168</gpxtpx:hr>
            <gpxtpx:cad>90</gpxtpx:cad>
          </gpxtpx:TrackPointExtension>
        </extensions>
      </trkpt>
      <trkpt lat="32.0178339444" lon="120.897985781">
        <ele>11.0</ele>
        <time>2026-09-04T14:17:00+0800</time>
        <extensions>
          <gpxtpx:TrackPointExtension>
            <gpxtpx:hr>167</gpxtpx:hr>
            <gpxtpx:cad>90</gpxtpx:cad>
          </gpxtpx:TrackPointExtension>
        </extensions>
      </trkpt>
      <trkpt lat="32.0178350341" lon="120.897948565">
        <ele>11.2</ele>
        <time>2026-09-04T14:17:01+0800</time>
        <extensions>
          <gpxtpx:TrackPointExtension>
            <gpxtpx:hr>168</gpxtpx:hr>
            <gpxtpx:cad>90</gpxtpx:cad>
          </gpxtpx:TrackPointExtension>
        </extensions>
      </trkpt>
      <trkpt lat="32.017841069" lon="120.897915289">
        <ele>11.2</ele>
        <time>2026-09-04T14:17:02+0800</time>
        <extensions>
          <gpxtpx:TrackPointExtension>
            <gpxtpx:hr>167</gpxtpx:hr>
            <gpxtpx:cad>90</gpxtpx:cad>
          </gpxtpx:TrackPointExtension>
        </extensions>
      </trkpt>
      <trkpt lat="32.0178402308" lon="120.897879163">
        <ele>11.2</ele>
        <time>2026-09-04T14:17:03+0800</time>
        <extensions>
          <gpxtpx:TrackPointExtension>
            <gpxtpx:hr>167</gpxtpx:hr>
            <gpxtpx:cad>90</gpxtpx:cad>
          </gpxtpx:TrackPointExtension>
        </extensions>
      </trkpt>
      <trkpt lat="32.017847104" lon="120.897843288">
        <ele>11.2</ele>
        <time>2026-09-04T14:17:04+0800</time>
        <extensions>
          <gpxtpx:TrackPointExtension>
            <gpxtpx:hr>167</gpxtpx:hr>
            <gpxtpx:cad>89</gpxtpx:cad>
          </gpxtpx:TrackPointExtension>
        </extensions>
      </trkpt>
      <trkpt lat="32.0178520493" lon="120.897811186">
        <ele>11.2</ele>
        <time>2026-09-04T14:17:05+0800</time>
        <extensions>
          <gpxtpx:TrackPointExtension>
            <gpxtpx:hr>167</gpxtpx:hr>
            <gpxtpx:cad>89</gpxtpx:cad>
          </gpxtpx:TrackPointExtension>
        </extensions>
      </trkpt>
      <trkpt lat="32.0178672206" lon="120.897774473">
        <ele>11.4</ele>
        <time>2026-09-04T14:17:06+0800</time>
        <extensions>
          <gpxtpx:TrackPointExtension>
            <gpxtpx:hr>167</gpxtpx:hr>
            <gpxtpx:cad>89</gpxtpx:cad>
          </gpxtpx:TrackPointExtension>
        </extensions>
      </trkpt>
      <trkpt lat="32.0178719983" lon="120.897746645">
        <ele>11.4</ele>
        <time>2026-09-04T14:17:07+0800</time>
        <extensions>
          <gpxtpx:TrackPointExtension>
            <gpxtpx:hr>166</gpxtpx:hr>
            <gpxtpx:cad>89</gpxtpx:cad>
          </gpxtpx:TrackPointExtension>
        </extensions>
      </trkpt>
      <trkpt lat="32.017881386" lon="120.897709262">
        <ele>11.2</ele>
        <time>2026-09-04T14:17:08+0800</time>
        <extensions>
          <gpxtpx:TrackPointExtension>
            <gpxtpx:hr>167</gpxtpx:hr>
            <gpxtpx:cad>88</gpxtpx:cad>
          </gpxtpx:TrackPointExtension>
        </extensions>
      </trkpt>
      <trkpt lat="32.0178833976" lon="120.897678249">
        <ele>11.2</ele>
        <time>2026-09-04T14:17:09+0800</time>
        <extensions>
          <gpxtpx:TrackPointExtension>
            <gpxtpx:hr>166</gpxtpx:hr>
            <gpxtpx:cad>88</gpxtpx:cad>
          </gpxtpx:TrackPointExtension>
        </extensions>
      </trkpt>
      <trkpt lat="32.0178924501" lon="120.897638518">
        <ele>11.2</ele>
        <time>2026-09-04T14:17:10+0800</time>
        <extensions>
          <gpxtpx:TrackPointExtension>
            <gpxtpx:hr>166</gpxtpx:hr>
            <gpxtpx:cad>89</gpxtpx:cad>
          </gpxtpx:TrackPointExtension>
        </extensions>
      </trkpt>
      <trkpt lat="32.0178930368" lon="120.897607254">
        <ele>11.2</ele>
        <time>2026-09-04T14:17:11+0800</time>
        <extensions>
          <gpxtpx:TrackPointExtension>
            <gpxtpx:hr>166</gpxtpx:hr>
            <gpxtpx:cad>89</gpxtpx:cad>
          </gpxtpx:TrackPointExtension>
        </extensions>
      </trkpt>
      <trkpt lat="32.0179004129" lon="120.897565847">
        <ele>11.2</ele>
        <time>2026-09-04T14:17:12+0800</time>
        <extensions>
          <gpxtpx:TrackPointExtension>
            <gpxtpx:hr>167</gpxtpx:hr>
            <gpxtpx:cad>89</gpxtpx:cad>
          </gpxtpx:TrackPointExtension>
        </extensions>
      </trkpt>
      <trkpt lat="32.0179023407" lon="120.897533912">
        <ele>11.0</ele>
        <time>2026-09-04T14:17:13+0800</time>
        <extensions>
          <gpxtpx:TrackPointExtension>
            <gpxtpx:hr>166</gpxtpx:hr>
            <gpxtpx:cad>89</gpxtpx:cad>
          </gpxtpx:TrackPointExtension>
        </extensions>
      </trkpt>
      <trkpt lat="32.0179100521" lon="120.897493428">
        <ele>11.0</ele>
        <time>2026-09-04T14:17:14+0800</time>
        <extensions>
          <gpxtpx:TrackPointExtension>
            <gpxtpx:hr>166</gpxtpx:hr>
            <gpxtpx:cad>89</gpxtpx:cad>
          </gpxtpx:TrackPointExtension>
        </extensions>
      </trkpt>
      <trkpt lat="32.0179145783" lon="120.897468366">
        <ele>11.0</ele>
        <time>2026-09-04T14:17:15+0800</time>
        <extensions>
          <gpxtpx:TrackPointExtension>
            <gpxtpx:hr>166</gpxtpx:hr>
            <gpxtpx:cad>89</gpxtpx:cad>
          </gpxtpx:TrackPointExtension>
        </extensions>
      </trkpt>
      <trkpt lat="32.0179256424" lon="120.897430396">
        <ele>11.2</ele>
        <time>2026-09-04T14:17:16+0800</time>
        <extensions>
          <gpxtpx:TrackPointExtension>
            <gpxtpx:hr>166</gpxtpx:hr>
            <gpxtpx:cad>89</gpxtpx:cad>
          </gpxtpx:TrackPointExtension>
        </extensions>
      </trkpt>
      <trkpt lat="32.017929079" lon="120.897399634">
        <ele>11.0</ele>
        <time>2026-09-04T14:17:17+0800</time>
        <extensions>
          <gpxtpx:TrackPointExtension>
            <gpxtpx:hr>165</gpxtpx:hr>
            <gpxtpx:cad>89</gpxtpx:cad>
          </gpxtpx:TrackPointExtension>
        </extensions>
      </trkpt>
      <trkpt lat="32.0179352816" lon="120.897361916">
        <ele>11.0</ele>
        <time>2026-09-04T14:17:18+0800</time>
        <extensions>
          <gpxtpx:TrackPointExtension>
            <gpxtpx:hr>165</gpxtpx:hr>
            <gpxtpx:cad>89</gpxtpx:cad>
          </gpxtpx:TrackPointExtension>
        </extensions>
      </trkpt>
      <trkpt lat="32.0179399755" lon="120.897333585">
        <ele>11.0</ele>
        <time>2026-09-04T14:17:19+0800</time>
        <extensions>
          <gpxtpx:TrackPointExtension>
            <gpxtpx:hr>165</gpxtpx:hr>
            <gpxtpx:cad>89</gpxtpx:cad>
          </gpxtpx:TrackPointExtension>
        </extensions>
      </trkpt>
      <trkpt lat="32.0179515425" lon="120.897300057">
        <ele>11.0</ele>
        <time>2026-09-04T14:17:20+0800</time>
        <extensions>
          <gpxtpx:TrackPointExtension>
            <gpxtpx:hr>165</gpxtpx:hr>
            <gpxtpx:cad>89</gpxtpx:cad>
          </gpxtpx:TrackPointExtension>
        </extensions>
      </trkpt>
      <trkpt lat="32.0179641154" lon="120.89727114">
        <ele>11.0</ele>
        <time>2026-09-04T14:17:21+0800</time>
        <extensions>
          <gpxtpx:TrackPointExtension>
            <gpxtpx:hr>164</gpxtpx:hr>
            <gpxtpx:cad>89</gpxtpx:cad>
          </gpxtpx:TrackPointExtension>
        </extensions>
      </trkpt>
      <trkpt lat="32.0179764368" lon="120.897240797">
        <ele>11.0</ele>
        <time>2026-09-04T14:17:22+0800</time>
        <extensions>
          <gpxtpx:TrackPointExtension>
            <gpxtpx:hr>164</gpxtpx:hr>
            <gpxtpx:cad>89</gpxtpx:cad>
          </gpxtpx:TrackPointExtension>
        </extensions>
      </trkpt>
      <trkpt lat="32.0179832261" lon="120.897210287">
        <ele>11.0</ele>
        <time>2026-09-04T14:17:23+0800</time>
        <extensions>
          <gpxtpx:TrackPointExtension>
            <gpxtpx:hr>165</gpxtpx:hr>
            <gpxtpx:cad>88</gpxtpx:cad>
          </gpxtpx:TrackPointExtension>
        </extensions>
      </trkpt>
      <trkpt lat="32.0179924462" lon="120.897177933">
        <ele>11.0</ele>
        <time>2026-09-04T14:17:24+0800</time>
        <extensions>
          <gpxtpx:TrackPointExtension>
            <gpxtpx:hr>165</gpxtpx:hr>
            <gpxtpx:cad>88</gpxtpx:cad>
          </gpxtpx:TrackPointExtension>
        </extensions>
      </trkpt>
      <trkpt lat="32.0180032589" lon="120.897145914">
        <ele>11.0</ele>
        <time>2026-09-04T14:17:25+0800</time>
        <extensions>
          <gpxtpx:TrackPointExtension>
            <gpxtpx:hr>164</gpxtpx:hr>
            <gpxtpx:cad>88</gpxtpx:cad>
          </gpxtpx:TrackPointExtension>
        </extensions>
      </trkpt>
      <trkpt lat="32.0180058572" lon="120.897115488">
        <ele>11.0</ele>
        <time>2026-09-04T14:17:26+0800</time>
        <extensions>
          <gpxtpx:TrackPointExtension>
            <gpxtpx:hr>164</gpxtpx:hr>
            <gpxtpx:cad>88</gpxtpx:cad>
          </gpxtpx:TrackPointExtension>
        </extensions>
      </trkpt>
      <trkpt lat="32.0180159155" lon="120.897081541">
        <ele>11.0</ele>
        <time>2026-09-04T14:17:27+0800</time>
        <extensions>
          <gpxtpx:TrackPointExtension>
            <gpxtpx:hr>164</gpxtpx:hr>
            <gpxtpx:cad>89</gpxtpx:cad>
          </gpxtpx:TrackPointExtension>
        </extensions>
      </trkpt>
      <trkpt lat="32.0180218667" lon="120.897051869">
        <ele>11.2</ele>
        <time>2026-09-04T14:17:28+0800</time>
        <extensions>
          <gpxtpx:TrackPointExtension>
            <gpxtpx:hr>164</gpxtpx:hr>
            <gpxtpx:cad>89</gpxtpx:cad>
          </gpxtpx:TrackPointExtension>
        </extensions>
      </trkpt>
      <trkpt lat="32.0180317573" lon="120.897016833">
        <ele>11.0</ele>
        <time>2026-09-04T14:17:29+0800</time>
        <extensions>
          <gpxtpx:TrackPointExtension>
            <gpxtpx:hr>163</gpxtpx:hr>
            <gpxtpx:cad>89</gpxtpx:cad>
          </gpxtpx:TrackPointExtension>
        </extensions>
      </trkpt>
      <trkpt lat="32.0180345234" lon="120.896982467">
        <ele>11.0</ele>
        <time>2026-09-04T14:17:30+0800</time>
        <extensions>
          <gpxtpx:TrackPointExtension>
            <gpxtpx:hr>164</gpxtpx:hr>
            <gpxtpx:cad>89</gpxtpx:cad>
          </gpxtpx:TrackPointExtension>
        </extensions>
      </trkpt>
      <trkpt lat="32.0180481859" lon="120.896946592">
        <ele>11.0</ele>
        <time>2026-09-04T14:17:31+0800</time>
        <extensions>
          <gpxtpx:TrackPointExtension>
            <gpxtpx:hr>164</gpxtpx:hr>
            <gpxtpx:cad>89</gpxtpx:cad>
          </gpxtpx:TrackPointExtension>
        </extensions>
      </trkpt>
      <trkpt lat="32.0180520415" lon="120.896916585">
        <ele>11.0</ele>
        <time>2026-09-04T14:17:32+0800</time>
        <extensions>
          <gpxtpx:TrackPointExtension>
            <gpxtpx:hr>164</gpxtpx:hr>
            <gpxtpx:cad>89</gpxtpx:cad>
          </gpxtpx:TrackPointExtension>
        </extensions>
      </trkpt>
      <trkpt lat="32.0180624351" lon="120.896881716">
        <ele>10.8</ele>
        <time>2026-09-04T14:17:33+0800</time>
        <extensions>
          <gpxtpx:TrackPointExtension>
            <gpxtpx:hr>163</gpxtpx:hr>
            <gpxtpx:cad>89</gpxtpx:cad>
          </gpxtpx:TrackPointExtension>
        </extensions>
      </trkpt>
      <trkpt lat="32.0180651173" lon="120.896851206">
        <ele>10.8</ele>
        <time>2026-09-04T14:17:34+0800</time>
        <extensions>
          <gpxtpx:TrackPointExtension>
            <gpxtpx:hr>164</gpxtpx:hr>
            <gpxtpx:cad>88</gpxtpx:cad>
          </gpxtpx:TrackPointExtension>
        </extensions>
      </trkpt>
      <trkpt lat="32.0180780254" lon="120.896811727">
        <ele>10.8</ele>
        <time>2026-09-04T14:17:35+0800</time>
        <extensions>
          <gpxtpx:TrackPointExtension>
            <gpxtpx:hr>163</gpxtpx:hr>
            <gpxtpx:cad>88</gpxtpx:cad>
          </gpxtpx:TrackPointExtension>
        </extensions>
      </trkpt>
      <trkpt lat="32.0180815458" lon="120.896780631">
        <ele>10.8</ele>
        <time>2026-09-04T14:17:36+0800</time>
        <extensions>
          <gpxtpx:TrackPointExtension>
            <gpxtpx:hr>163</gpxtpx:hr>
            <gpxtpx:cad>88</gpxtpx:cad>
          </gpxtpx:TrackPointExtension>
        </extensions>
      </trkpt>
      <trkpt lat="32.0180895086" lon="120.896741236">
        <ele>10.8</ele>
        <time>2026-09-04T14:17:37+0800</time>
        <extensions>
          <gpxtpx:TrackPointExtension>
            <gpxtpx:hr>163</gpxtpx:hr>
            <gpxtpx:cad>88</gpxtpx:cad>
          </gpxtpx:TrackPointExtension>
        </extensions>
      </trkpt>
      <trkpt lat="32.0180949569" lon="120.896709803">
        <ele>10.8</ele>
        <time>2026-09-04T14:17:38+0800</time>
        <extensions>
          <gpxtpx:TrackPointExtension>
            <gpxtpx:hr>164</gpxtpx:hr>
            <gpxtpx:cad>88</gpxtpx:cad>
          </gpxtpx:TrackPointExtension>
        </extensions>
      </trkpt>
      <trkpt lat="32.0181036741" lon="120.896670492">
        <ele>10.6</ele>
        <time>2026-09-04T14:17:39+0800</time>
        <extensions>
          <gpxtpx:TrackPointExtension>
            <gpxtpx:hr>163</gpxtpx:hr>
            <gpxtpx:cad>88</gpxtpx:cad>
          </gpxtpx:TrackPointExtension>
        </extensions>
      </trkpt>
      <trkpt lat="32.018108787" lon="120.89664015">
        <ele>10.6</ele>
        <time>2026-09-04T14:17:40+0800</time>
        <extensions>
          <gpxtpx:TrackPointExtension>
            <gpxtpx:hr>163</gpxtpx:hr>
            <gpxtpx:cad>88</gpxtpx:cad>
          </gpxtpx:TrackPointExtension>
        </extensions>
      </trkpt>
      <trkpt lat="32.0181152411" lon="120.896604108">
        <ele>10.6</ele>
        <time>2026-09-04T14:17:41+0800</time>
        <extensions>
          <gpxtpx:TrackPointExtension>
            <gpxtpx:hr>164</gpxtpx:hr>
            <gpxtpx:cad>88</gpxtpx:cad>
          </gpxtpx:TrackPointExtension>
        </extensions>
      </trkpt>
      <trkpt lat="32.0181192644" lon="120.896575106">
        <ele>10.6</ele>
        <time>2026-09-04T14:17:42+0800</time>
        <extensions>
          <gpxtpx:TrackPointExtension>
            <gpxtpx:hr>163</gpxtpx:hr>
            <gpxtpx:cad>88</gpxtpx:cad>
          </gpxtpx:TrackPointExtension>
        </extensions>
      </trkpt>
      <trkpt lat="32.0181286521" lon="120.896539986">
        <ele>10.6</ele>
        <time>2026-09-04T14:17:43+0800</time>
        <extensions>
          <gpxtpx:TrackPointExtension>
            <gpxtpx:hr>163</gpxtpx:hr>
            <gpxtpx:cad>89</gpxtpx:cad>
          </gpxtpx:TrackPointExtension>
        </extensions>
      </trkpt>
      <trkpt lat="32.0181338489" lon="120.896505788">
        <ele>10.6</ele>
        <time>2026-09-04T14:17:44+0800</time>
        <extensions>
          <gpxtpx:TrackPointExtension>
            <gpxtpx:hr>164</gpxtpx:hr>
            <gpxtpx:cad>88</gpxtpx:cad>
          </gpxtpx:TrackPointExtension>
        </extensions>
      </trkpt>
      <trkpt lat="32.0181398001" lon="120.896474188">
        <ele>10.8</ele>
        <time>2026-09-04T14:17:45+0800</time>
        <extensions>
          <gpxtpx:TrackPointExtension>
            <gpxtpx:hr>163</gpxtpx:hr>
            <gpxtpx:cad>88</gpxtpx:cad>
          </gpxtpx:TrackPointExtension>
        </extensions>
      </trkpt>
      <trkpt lat="32.0181475114" lon="120.896437475">
        <ele>10.8</ele>
        <time>2026-09-04T14:17:46+0800</time>
        <extensions>
          <gpxtpx:TrackPointExtension>
            <gpxtpx:hr>163</gpxtpx:hr>
            <gpxtpx:cad>88</gpxtpx:cad>
          </gpxtpx:TrackPointExtension>
        </extensions>
      </trkpt>
      <trkpt lat="32.0181520376" lon="120.896404032">
        <ele>10.8</ele>
        <time>2026-09-04T14:17:47+0800</time>
        <extensions>
          <gpxtpx:TrackPointExtension>
            <gpxtpx:hr>164</gpxtpx:hr>
            <gpxtpx:cad>88</gpxtpx:cad>
          </gpxtpx:TrackPointExtension>
        </extensions>
      </trkpt>
      <trkpt lat="32.0181605872" lon="120.896369833">
        <ele>10.6</ele>
        <time>2026-09-04T14:17:48+0800</time>
        <extensions>
          <gpxtpx:TrackPointExtension>
            <gpxtpx:hr>163</gpxtpx:hr>
            <gpxtpx:cad>88</gpxtpx:cad>
          </gpxtpx:TrackPointExtension>
        </extensions>
      </trkpt>
      <trkpt lat="32.0181662031" lon="120.896337144">
        <ele>10.6</ele>
        <time>2026-09-04T14:17:49+0800</time>
        <extensions>
          <gpxtpx:TrackPointExtension>
            <gpxtpx:hr>163</gpxtpx:hr>
            <gpxtpx:cad>88</gpxtpx:cad>
          </gpxtpx:TrackPointExtension>
        </extensions>
      </trkpt>
      <trkpt lat="32.0181768481" lon="120.896300431">
        <ele>10.4</ele>
        <time>2026-09-04T14:17:50+0800</time>
        <extensions>
          <gpxtpx:TrackPointExtension>
            <gpxtpx:hr>164</gpxtpx:hr>
            <gpxtpx:cad>88</gpxtpx:cad>
          </gpxtpx:TrackPointExtension>
        </extensions>
      </trkpt>
      <trkpt lat="32.018176429" lon="120.896267407">
        <ele>10.4</ele>
        <time>2026-09-04T14:17:51+0800</time>
        <extensions>
          <gpxtpx:TrackPointExtension>
            <gpxtpx:hr>164</gpxtpx:hr>
            <gpxtpx:cad>88</gpxtpx:cad>
          </gpxtpx:TrackPointExtension>
        </extensions>
      </trkpt>
      <trkpt lat="32.0181853976" lon="120.896233208">
        <ele>10.4</ele>
        <time>2026-09-04T14:17:52+0800</time>
        <extensions>
          <gpxtpx:TrackPointExtension>
            <gpxtpx:hr>164</gpxtpx:hr>
            <gpxtpx:cad>88</gpxtpx:cad>
          </gpxtpx:TrackPointExtension>
        </extensions>
      </trkpt>
      <trkpt lat="32.0181890018" lon="120.896198926">
        <ele>10.4</ele>
        <time>2026-09-04T14:17:53+0800</time>
        <extensions>
          <gpxtpx:TrackPointExtension>
            <gpxtpx:hr>163</gpxtpx:hr>
            <gpxtpx:cad>88</gpxtpx:cad>
          </gpxtpx:TrackPointExtension>
        </extensions>
      </trkpt>
      <trkpt lat="32.0181985572" lon="120.896161124">
        <ele>10.4</ele>
        <time>2026-09-04T14:17:54+0800</time>
        <extensions>
          <gpxtpx:TrackPointExtension>
            <gpxtpx:hr>164</gpxtpx:hr>
            <gpxtpx:cad>88</gpxtpx:cad>
          </gpxtpx:TrackPointExtension>
        </extensions>
      </trkpt>
      <trkpt lat="32.0181998145" lon="120.896126172">
        <ele>10.2</ele>
        <time>2026-09-04T14:17:55+0800</time>
        <extensions>
          <gpxtpx:TrackPointExtension>
            <gpxtpx:hr>164</gpxtpx:hr>
            <gpxtpx:cad>88</gpxtpx:cad>
          </gpxtpx:TrackPointExtension>
        </extensions>
      </trkpt>
      <trkpt lat="32.0182086155" lon="120.896082418">
        <ele>10.4</ele>
        <time>2026-09-04T14:17:56+0800</time>
        <extensions>
          <gpxtpx:TrackPointExtension>
            <gpxtpx:hr>164</gpxtpx:hr>
            <gpxtpx:cad>88</gpxtpx:cad>
          </gpxtpx:TrackPointExtension>
        </extensions>
      </trkpt>
      <trkpt lat="32.018211633" lon="120.896046041">
        <ele>10.4</ele>
        <time>2026-09-04T14:17:57+0800</time>
        <extensions>
          <gpxtpx:TrackPointExtension>
            <gpxtpx:hr>163</gpxtpx:hr>
            <gpxtpx:cad>88</gpxtpx:cad>
          </gpxtpx:TrackPointExtension>
        </extensions>
      </trkpt>
      <trkpt lat="32.0182226133" lon="120.896010753">
        <ele>10.4</ele>
        <time>2026-09-04T14:17:58+0800</time>
        <extensions>
          <gpxtpx:TrackPointExtension>
            <gpxtpx:hr>163</gpxtpx:hr>
            <gpxtpx:cad>88</gpxtpx:cad>
          </gpxtpx:TrackPointExtension>
        </extensions>
      </trkpt>
      <trkpt lat="32.0182254631" lon="120.89598259">
        <ele>10.4</ele>
        <time>2026-09-04T14:17:59+0800</time>
        <extensions>
          <gpxtpx:TrackPointExtension>
            <gpxtpx:hr>164</gpxtpx:hr>
            <gpxtpx:cad>88</gpxtpx:cad>
          </gpxtpx:TrackPointExtension>
        </extensions>
      </trkpt>
      <trkpt lat="32.0182360243" lon="120.895943698">
        <ele>10.6</ele>
        <time>2026-09-04T14:18:00+0800</time>
        <extensions>
          <gpxtpx:TrackPointExtension>
            <gpxtpx:hr>164</gpxtpx:hr>
            <gpxtpx:cad>88</gpxtpx:cad>
          </gpxtpx:TrackPointExtension>
        </extensions>
      </trkpt>
      <trkpt lat="32.0182443224" lon="120.895911846">
        <ele>10.6</ele>
        <time>2026-09-04T14:18:01+0800</time>
        <extensions>
          <gpxtpx:TrackPointExtension>
            <gpxtpx:hr>164</gpxtpx:hr>
            <gpxtpx:cad>88</gpxtpx:cad>
          </gpxtpx:TrackPointExtension>
        </extensions>
      </trkpt>
      <trkpt lat="32.0182533748" lon="120.8958779">
        <ele>10.6</ele>
        <time>2026-09-04T14:18:02+0800</time>
        <extensions>
          <gpxtpx:TrackPointExtension>
            <gpxtpx:hr>163</gpxtpx:hr>
            <gpxtpx:cad>88</gpxtpx:cad>
          </gpxtpx:TrackPointExtension>
        </extensions>
      </trkpt>
      <trkpt lat="32.0182584878" lon="120.895848982">
        <ele>10.4</ele>
        <time>2026-09-04T14:18:03+0800</time>
        <extensions>
          <gpxtpx:TrackPointExtension>
            <gpxtpx:hr>163</gpxtpx:hr>
            <gpxtpx:cad>89</gpxtpx:cad>
          </gpxtpx:TrackPointExtension>
        </extensions>
      </trkpt>
      <trkpt lat="32.0182638522" lon="120.895817131">
        <ele>10.4</ele>
        <time>2026-09-04T14:18:04+0800</time>
        <extensions>
          <gpxtpx:TrackPointExtension>
            <gpxtpx:hr>163</gpxtpx:hr>
            <gpxtpx:cad>89</gpxtpx:cad>
          </gpxtpx:TrackPointExtension>
        </extensions>
      </trkpt>
      <trkpt lat="32.0182710607" lon="120.89578528">
        <ele>10.4</ele>
        <time>2026-09-04T14:18:05+0800</time>
        <extensions>
          <gpxtpx:TrackPointExtension>
            <gpxtpx:hr>163</gpxtpx:hr>
            <gpxtpx:cad>89</gpxtpx:cad>
          </gpxtpx:TrackPointExtension>
        </extensions>
      </trkpt>
      <trkpt lat="32.0182748325" lon="120.895748734">
        <ele>10.2</ele>
        <time>2026-09-04T14:18:06+0800</time>
        <extensions>
          <gpxtpx:TrackPointExtension>
            <gpxtpx:hr>163</gpxtpx:hr>
            <gpxtpx:cad>89</gpxtpx:cad>
          </gpxtpx:TrackPointExtension>
        </extensions>
      </trkpt>
      <trkpt lat="32.018282963" lon="120.895713111">
        <ele>10.2</ele>
        <time>2026-09-04T14:18:07+0800</time>
        <extensions>
          <gpxtpx:TrackPointExtension>
            <gpxtpx:hr>163</gpxtpx:hr>
            <gpxtpx:cad>89</gpxtpx:cad>
          </gpxtpx:TrackPointExtension>
        </extensions>
      </trkpt>
      <trkpt lat="32.0182871539" lon="120.895674052">
        <ele>10.2</ele>
        <time>2026-09-04T14:18:08+0800</time>
        <extensions>
          <gpxtpx:TrackPointExtension>
            <gpxtpx:hr>163</gpxtpx:hr>
            <gpxtpx:cad>89</gpxtpx:cad>
          </gpxtpx:TrackPointExtension>
        </extensions>
      </trkpt>
      <trkpt lat="32.0182941947" lon="120.89563583">
        <ele>10.2</ele>
        <time>2026-09-04T14:18:09+0800</time>
        <extensions>
          <gpxtpx:TrackPointExtension>
            <gpxtpx:hr>163</gpxtpx:hr>
            <gpxtpx:cad>89</gpxtpx:cad>
          </gpxtpx:TrackPointExtension>
        </extensions>
      </trkpt>
      <trkpt lat="32.0182943624" lon="120.895602973">
        <ele>10.4</ele>
        <time>2026-09-04T14:18:10+0800</time>
        <extensions>
          <gpxtpx:TrackPointExtension>
            <gpxtpx:hr>162</gpxtpx:hr>
            <gpxtpx:cad>89</gpxtpx:cad>
          </gpxtpx:TrackPointExtension>
        </extensions>
      </trkpt>
      <trkpt lat="32.0183040854" lon="120.895565674">
        <ele>10.4</ele>
        <time>2026-09-04T14:18:11+0800</time>
        <extensions>
          <gpxtpx:TrackPointExtension>
            <gpxtpx:hr>162</gpxtpx:hr>
            <gpxtpx:cad>88</gpxtpx:cad>
          </gpxtpx:TrackPointExtension>
        </extensions>
      </trkpt>
      <trkpt lat="32.0183053426" lon="120.895536169">
        <ele>10.2</ele>
        <time>2026-09-04T14:18:12+0800</time>
        <extensions>
          <gpxtpx:TrackPointExtension>
            <gpxtpx:hr>162</gpxtpx:hr>
            <gpxtpx:cad>88</gpxtpx:cad>
          </gpxtpx:TrackPointExtension>
        </extensions>
      </trkpt>
      <trkpt lat="32.0183133893" lon="120.895497864">
        <ele>10.2</ele>
        <time>2026-09-04T14:18:13+0800</time>
        <extensions>
          <gpxtpx:TrackPointExtension>
            <gpxtpx:hr>162</gpxtpx:hr>
            <gpxtpx:cad>88</gpxtpx:cad>
          </gpxtpx:TrackPointExtension>
        </extensions>
      </trkpt>
      <trkpt lat="32.0183207653" lon="120.895461738">
        <ele>10.2</ele>
        <time>2026-09-04T14:18:14+0800</time>
        <extensions>
          <gpxtpx:TrackPointExtension>
            <gpxtpx:hr>162</gpxtpx:hr>
            <gpxtpx:cad>87</gpxtpx:cad>
          </gpxtpx:TrackPointExtension>
        </extensions>
      </trkpt>
      <trkpt lat="32.0183275547" lon="120.895429635">
        <ele>10.2</ele>
        <time>2026-09-04T14:18:15+0800</time>
        <extensions>
          <gpxtpx:TrackPointExtension>
            <gpxtpx:hr>162</gpxtpx:hr>
            <gpxtpx:cad>87</gpxtpx:cad>
          </gpxtpx:TrackPointExtension>
        </extensions>
      </trkpt>
      <trkpt lat="32.0183320809" lon="120.895400634">
        <ele>10.2</ele>
        <time>2026-09-04T14:18:16+0800</time>
        <extensions>
          <gpxtpx:TrackPointExtension>
            <gpxtpx:hr>162</gpxtpx:hr>
            <gpxtpx:cad>87</gpxtpx:cad>
          </gpxtpx:TrackPointExtension>
        </extensions>
      </trkpt>
      <trkpt lat="32.0183418877" lon="120.895359898">
        <ele>10.2</ele>
        <time>2026-09-04T14:18:17+0800</time>
        <extensions>
          <gpxtpx:TrackPointExtension>
            <gpxtpx:hr>162</gpxtpx:hr>
            <gpxtpx:cad>88</gpxtpx:cad>
          </gpxtpx:TrackPointExtension>
        </extensions>
      </trkpt>
      <trkpt lat="32.018343145" lon="120.895329807">
        <ele>10.2</ele>
        <time>2026-09-04T14:18:18+0800</time>
        <extensions>
          <gpxtpx:TrackPointExtension>
            <gpxtpx:hr>162</gpxtpx:hr>
            <gpxtpx:cad>88</gpxtpx:cad>
          </gpxtpx:TrackPointExtension>
        </extensions>
      </trkpt>
      <trkpt lat="32.0183489285" lon="120.895293932">
        <ele>10.2</ele>
        <time>2026-09-04T14:18:19+0800</time>
        <extensions>
          <gpxtpx:TrackPointExtension>
            <gpxtpx:hr>162</gpxtpx:hr>
            <gpxtpx:cad>88</gpxtpx:cad>
          </gpxtpx:TrackPointExtension>
        </extensions>
      </trkpt>
      <trkpt lat="32.0183529519" lon="120.895261914">
        <ele>10.0</ele>
        <time>2026-09-04T14:18:20+0800</time>
        <extensions>
          <gpxtpx:TrackPointExtension>
            <gpxtpx:hr>162</gpxtpx:hr>
            <gpxtpx:cad>88</gpxtpx:cad>
          </gpxtpx:TrackPointExtension>
        </extensions>
      </trkpt>
      <trkpt lat="32.0183609985" lon="120.895227632">
        <ele>10.0</ele>
        <time>2026-09-04T14:18:21+0800</time>
        <extensions>
          <gpxtpx:TrackPointExtension>
            <gpxtpx:hr>162</gpxtpx:hr>
            <gpxtpx:cad>88</gpxtpx:cad>
          </gpxtpx:TrackPointExtension>
        </extensions>
      </trkpt>
      <trkpt lat="32.0183681231" lon="120.89519402">
        <ele>10.0</ele>
        <time>2026-09-04T14:18:22+0800</time>
        <extensions>
          <gpxtpx:TrackPointExtension>
            <gpxtpx:hr>162</gpxtpx:hr>
            <gpxtpx:cad>88</gpxtpx:cad>
          </gpxtpx:TrackPointExtension>
        </extensions>
      </trkpt>
      <trkpt lat="32.0183759183" lon="120.895158816">
        <ele>9.8</ele>
        <time>2026-09-04T14:18:23+0800</time>
        <extensions>
          <gpxtpx:TrackPointExtension>
            <gpxtpx:hr>162</gpxtpx:hr>
            <gpxtpx:cad>88</gpxtpx:cad>
          </gpxtpx:TrackPointExtension>
        </extensions>
      </trkpt>
      <trkpt lat="32.0183831267" lon="120.895124953">
        <ele>9.8</ele>
        <time>2026-09-04T14:18:24+0800</time>
        <extensions>
          <gpxtpx:TrackPointExtension>
            <gpxtpx:hr>162</gpxtpx:hr>
            <gpxtpx:cad>88</gpxtpx:cad>
          </gpxtpx:TrackPointExtension>
        </extensions>
      </trkpt>
      <trkpt lat="32.0183875691" lon="120.895087738">
        <ele>9.8</ele>
        <time>2026-09-04T14:18:25+0800</time>
        <extensions>
          <gpxtpx:TrackPointExtension>
            <gpxtpx:hr>162</gpxtpx:hr>
            <gpxtpx:cad>89</gpxtpx:cad>
          </gpxtpx:TrackPointExtension>
        </extensions>
      </trkpt>
      <trkpt lat="32.0183963701" lon="120.895051612">
        <ele>10.0</ele>
        <time>2026-09-04T14:18:26+0800</time>
        <extensions>
          <gpxtpx:TrackPointExtension>
            <gpxtpx:hr>162</gpxtpx:hr>
            <gpxtpx:cad>89</gpxtpx:cad>
          </gpxtpx:TrackPointExtension>
        </extensions>
      </trkpt>
      <trkpt lat="32.0183974598" lon="120.895020012">
        <ele>10.0</ele>
        <time>2026-09-04T14:18:27+0800</time>
        <extensions>
          <gpxtpx:TrackPointExtension>
            <gpxtpx:hr>162</gpxtpx:hr>
            <gpxtpx:cad>89</gpxtpx:cad>
          </gpxtpx:TrackPointExtension>
        </extensions>
      </trkpt>
      <trkpt lat="32.018404752" lon="120.894981455">
        <ele>10.0</ele>
        <time>2026-09-04T14:18:28+0800</time>
        <extensions>
          <gpxtpx:TrackPointExtension>
            <gpxtpx:hr>162</gpxtpx:hr>
            <gpxtpx:cad>89</gpxtpx:cad>
          </gpxtpx:TrackPointExtension>
        </extensions>
      </trkpt>
      <trkpt lat="32.018408943" lon="120.894949436">
        <ele>10.0</ele>
        <time>2026-09-04T14:18:29+0800</time>
        <extensions>
          <gpxtpx:TrackPointExtension>
            <gpxtpx:hr>162</gpxtpx:hr>
            <gpxtpx:cad>89</gpxtpx:cad>
          </gpxtpx:TrackPointExtension>
        </extensions>
      </trkpt>
      <trkpt lat="32.0184159838" lon="120.894910544">
        <ele>10.0</ele>
        <time>2026-09-04T14:18:30+0800</time>
        <extensions>
          <gpxtpx:TrackPointExtension>
            <gpxtpx:hr>162</gpxtpx:hr>
            <gpxtpx:cad>89</gpxtpx:cad>
          </gpxtpx:TrackPointExtension>
        </extensions>
      </trkpt>
      <trkpt lat="32.0184218511" lon="120.894880621">
        <ele>9.8</ele>
        <time>2026-09-04T14:18:31+0800</time>
        <extensions>
          <gpxtpx:TrackPointExtension>
            <gpxtpx:hr>162</gpxtpx:hr>
            <gpxtpx:cad>88</gpxtpx:cad>
          </gpxtpx:TrackPointExtension>
        </extensions>
      </trkpt>
      <trkpt lat="32.0184325799" lon="120.894844243">
        <ele>9.8</ele>
        <time>2026-09-04T14:18:32+0800</time>
        <extensions>
          <gpxtpx:TrackPointExtension>
            <gpxtpx:hr>162</gpxtpx:hr>
            <gpxtpx:cad>88</gpxtpx:cad>
          </gpxtpx:TrackPointExtension>
        </extensions>
      </trkpt>
      <trkpt lat="32.0184375253" lon="120.894814236">
        <ele>10.0</ele>
        <time>2026-09-04T14:18:33+0800</time>
        <extensions>
          <gpxtpx:TrackPointExtension>
            <gpxtpx:hr>162</gpxtpx:hr>
            <gpxtpx:cad>88</gpxtpx:cad>
          </gpxtpx:TrackPointExtension>
        </extensions>
      </trkpt>
      <trkpt lat="32.0184504334" lon="120.894776015">
        <ele>10.0</ele>
        <time>2026-09-04T14:18:34+0800</time>
        <extensions>
          <gpxtpx:TrackPointExtension>
            <gpxtpx:hr>162</gpxtpx:hr>
            <gpxtpx:cad>88</gpxtpx:cad>
          </gpxtpx:TrackPointExtension>
        </extensions>
      </trkpt>
      <trkpt lat="32.0184533671" lon="120.894746846">
        <ele>10.0</ele>
        <time>2026-09-04T14:18:35+0800</time>
        <extensions>
          <gpxtpx:TrackPointExtension>
            <gpxtpx:hr>162</gpxtpx:hr>
            <gpxtpx:cad>88</gpxtpx:cad>
          </gpxtpx:TrackPointExtension>
        </extensions>
      </trkpt>
      <trkpt lat="32.0184625871" lon="120.894709378">
        <ele>10.0</ele>
        <time>2026-09-04T14:18:36+0800</time>
        <extensions>
          <gpxtpx:TrackPointExtension>
            <gpxtpx:hr>162</gpxtpx:hr>
            <gpxtpx:cad>88</gpxtpx:cad>
          </gpxtpx:TrackPointExtension>
        </extensions>
      </trkpt>
      <trkpt lat="32.0184697956" lon="120.894678533">
        <ele>10.0</ele>
        <time>2026-09-04T14:18:37+0800</time>
        <extensions>
          <gpxtpx:TrackPointExtension>
            <gpxtpx:hr>162</gpxtpx:hr>
            <gpxtpx:cad>88</gpxtpx:cad>
          </gpxtpx:TrackPointExtension>
        </extensions>
      </trkpt>
      <trkpt lat="32.0184787642" lon="120.894641904">
        <ele>10.0</ele>
        <time>2026-09-04T14:18:38+0800</time>
        <extensions>
          <gpxtpx:TrackPointExtension>
            <gpxtpx:hr>162</gpxtpx:hr>
            <gpxtpx:cad>88</gpxtpx:cad>
          </gpxtpx:TrackPointExtension>
        </extensions>
      </trkpt>
      <trkpt lat="32.0184831228" lon="120.894612987">
        <ele>10.0</ele>
        <time>2026-09-04T14:18:39+0800</time>
        <extensions>
          <gpxtpx:TrackPointExtension>
            <gpxtpx:hr>162</gpxtpx:hr>
            <gpxtpx:cad>88</gpxtpx:cad>
          </gpxtpx:TrackPointExtension>
        </extensions>
      </trkpt>
      <trkpt lat="32.018487649" lon="120.894575687">
        <ele>10.0</ele>
        <time>2026-09-04T14:18:40+0800</time>
        <extensions>
          <gpxtpx:TrackPointExtension>
            <gpxtpx:hr>162</gpxtpx:hr>
            <gpxtpx:cad>89</gpxtpx:cad>
          </gpxtpx:TrackPointExtension>
        </extensions>
      </trkpt>
      <trkpt lat="32.0184893254" lon="120.894546937">
        <ele>10.0</ele>
        <time>2026-09-04T14:18:41+0800</time>
        <extensions>
          <gpxtpx:TrackPointExtension>
            <gpxtpx:hr>162</gpxtpx:hr>
            <gpxtpx:cad>88</gpxtpx:cad>
          </gpxtpx:TrackPointExtension>
        </extensions>
      </trkpt>
      <trkpt lat="32.0184943546" lon="120.894511063">
        <ele>10.0</ele>
        <time>2026-09-04T14:18:42+0800</time>
        <extensions>
          <gpxtpx:TrackPointExtension>
            <gpxtpx:hr>162</gpxtpx:hr>
            <gpxtpx:cad>88</gpxtpx:cad>
          </gpxtpx:TrackPointExtension>
        </extensions>
      </trkpt>
      <trkpt lat="32.0184994675" lon="120.894480972">
        <ele>10.0</ele>
        <time>2026-09-04T14:18:43+0800</time>
        <extensions>
          <gpxtpx:TrackPointExtension>
            <gpxtpx:hr>162</gpxtpx:hr>
            <gpxtpx:cad>88</gpxtpx:cad>
          </gpxtpx:TrackPointExtension>
        </extensions>
      </trkpt>
      <trkpt lat="32.0185047481" lon="120.894445851">
        <ele>10.0</ele>
        <time>2026-09-04T14:18:44+0800</time>
        <extensions>
          <gpxtpx:TrackPointExtension>
            <gpxtpx:hr>161</gpxtpx:hr>
            <gpxtpx:cad>88</gpxtpx:cad>
          </gpxtpx:TrackPointExtension>
        </extensions>
      </trkpt>
      <trkpt lat="32.0185133815" lon="120.894412491">
        <ele>10.0</ele>
        <time>2026-09-04T14:18:45+0800</time>
        <extensions>
          <gpxtpx:TrackPointExtension>
            <gpxtpx:hr>162</gpxtpx:hr>
            <gpxtpx:cad>88</gpxtpx:cad>
          </gpxtpx:TrackPointExtension>
        </extensions>
      </trkpt>
      <trkpt lat="32.0185172372" lon="120.894379383">
        <ele>10.0</ele>
        <time>2026-09-04T14:18:46+0800</time>
        <extensions>
          <gpxtpx:TrackPointExtension>
            <gpxtpx:hr>162</gpxtpx:hr>
            <gpxtpx:cad>88</gpxtpx:cad>
          </gpxtpx:TrackPointExtension>
        </extensions>
      </trkpt>
      <trkpt lat="32.0185267925" lon="120.894345604">
        <ele>10.0</ele>
        <time>2026-09-04T14:18:47+0800</time>
        <extensions>
          <gpxtpx:TrackPointExtension>
            <gpxtpx:hr>162</gpxtpx:hr>
            <gpxtpx:cad>88</gpxtpx:cad>
          </gpxtpx:TrackPointExtension>
        </extensions>
      </trkpt>
      <trkpt lat="32.0185296424" lon="120.894311909">
        <ele>10.0</ele>
        <time>2026-09-04T14:18:48+0800</time>
        <extensions>
          <gpxtpx:TrackPointExtension>
            <gpxtpx:hr>162</gpxtpx:hr>
            <gpxtpx:cad>88</gpxtpx:cad>
          </gpxtpx:TrackPointExtension>
        </extensions>
      </trkpt>
      <trkpt lat="32.0185378566" lon="120.894276034">
        <ele>10.0</ele>
        <time>2026-09-04T14:18:49+0800</time>
        <extensions>
          <gpxtpx:TrackPointExtension>
            <gpxtpx:hr>162</gpxtpx:hr>
            <gpxtpx:cad>88</gpxtpx:cad>
          </gpxtpx:TrackPointExtension>
        </extensions>
      </trkpt>
      <trkpt lat="32.0185392816" lon="120.894247284">
        <ele>10.2</ele>
        <time>2026-09-04T14:18:50+0800</time>
        <extensions>
          <gpxtpx:TrackPointExtension>
            <gpxtpx:hr>162</gpxtpx:hr>
            <gpxtpx:cad>88</gpxtpx:cad>
          </gpxtpx:TrackPointExtension>
        </extensions>
      </trkpt>
      <trkpt lat="32.0185473282" lon="120.894211493">
        <ele>10.2</ele>
        <time>2026-09-04T14:18:51+0800</time>
        <extensions>
          <gpxtpx:TrackPointExtension>
            <gpxtpx:hr>162</gpxtpx:hr>
            <gpxtpx:cad>88</gpxtpx:cad>
          </gpxtpx:TrackPointExtension>
        </extensions>
      </trkpt>
      <trkpt lat="32.018549256" lon="120.894177379">
        <ele>10.2</ele>
        <time>2026-09-04T14:18:52+0800</time>
        <extensions>
          <gpxtpx:TrackPointExtension>
            <gpxtpx:hr>162</gpxtpx:hr>
            <gpxtpx:cad>88</gpxtpx:cad>
          </gpxtpx:TrackPointExtension>
        </extensions>
      </trkpt>
      <trkpt lat="32.0185582247" lon="120.89413899">
        <ele>10.2</ele>
        <time>2026-09-04T14:18:53+0800</time>
        <extensions>
          <gpxtpx:TrackPointExtension>
            <gpxtpx:hr>163</gpxtpx:hr>
            <gpxtpx:cad>88</gpxtpx:cad>
          </gpxtpx:TrackPointExtension>
        </extensions>
      </trkpt>
      <trkpt lat="32.0185632538" lon="120.894108228">
        <ele>10.2</ele>
        <time>2026-09-04T14:18:54+0800</time>
        <extensions>
          <gpxtpx:TrackPointExtension>
            <gpxtpx:hr>162</gpxtpx:hr>
            <gpxtpx:cad>88</gpxtpx:cad>
          </gpxtpx:TrackPointExtension>
        </extensions>
      </trkpt>
      <trkpt lat="32.0185723063" lon="120.894070845">
        <ele>10.2</ele>
        <time>2026-09-04T14:18:55+0800</time>
        <extensions>
          <gpxtpx:TrackPointExtension>
            <gpxtpx:hr>162</gpxtpx:hr>
            <gpxtpx:cad>87</gpxtpx:cad>
          </gpxtpx:TrackPointExtension>
        </extensions>
      </trkpt>
      <trkpt lat="32.018582616" lon="120.894039413">
        <ele>10.2</ele>
        <time>2026-09-04T14:18:56+0800</time>
        <extensions>
          <gpxtpx:TrackPointExtension>
            <gpxtpx:hr>162</gpxtpx:hr>
            <gpxtpx:cad>87</gpxtpx:cad>
          </gpxtpx:TrackPointExtension>
        </extensions>
      </trkpt>
      <trkpt lat="32.0185904112" lon="120.894001694">
        <ele>10.2</ele>
        <time>2026-09-04T14:18:57+0800</time>
        <extensions>
          <gpxtpx:TrackPointExtension>
            <gpxtpx:hr>163</gpxtpx:hr>
            <gpxtpx:cad>88</gpxtpx:cad>
          </gpxtpx:TrackPointExtension>
        </extensions>
      </trkpt>
      <trkpt lat="32.0186007209" lon="120.893963389">
        <ele>10.2</ele>
        <time>2026-09-04T14:18:58+0800</time>
        <extensions>
          <gpxtpx:TrackPointExtension>
            <gpxtpx:hr>162</gpxtpx:hr>
            <gpxtpx:cad>88</gpxtpx:cad>
          </gpxtpx:TrackPointExtension>
        </extensions>
      </trkpt>
      <trkpt lat="32.0186066721" lon="120.89392391">
        <ele>10.2</ele>
        <time>2026-09-04T14:18:59+0800</time>
        <extensions>
          <gpxtpx:TrackPointExtension>
            <gpxtpx:hr>163</gpxtpx:hr>
            <gpxtpx:cad>88</gpxtpx:cad>
          </gpxtpx:TrackPointExtension>
        </extensions>
      </trkpt>
      <trkpt lat="32.0186155569" lon="120.893883761">
        <ele>10.2</ele>
        <time>2026-09-04T14:19:00+0800</time>
        <extensions>
          <gpxtpx:TrackPointExtension>
            <gpxtpx:hr>163</gpxtpx:hr>
            <gpxtpx:cad>89</gpxtpx:cad>
          </gpxtpx:TrackPointExtension>
        </extensions>
      </trkpt>
      <trkpt lat="32.0186172333" lon="120.89384797">
        <ele>10.2</ele>
        <time>2026-09-04T14:19:01+0800</time>
        <extensions>
          <gpxtpx:TrackPointExtension>
            <gpxtpx:hr>163</gpxtpx:hr>
            <gpxtpx:cad>89</gpxtpx:cad>
          </gpxtpx:TrackPointExtension>
        </extensions>
      </trkpt>
      <trkpt lat="32.018627543" lon="120.893807737">
        <ele>10.2</ele>
        <time>2026-09-04T14:19:02+0800</time>
        <extensions>
          <gpxtpx:TrackPointExtension>
            <gpxtpx:hr>163</gpxtpx:hr>
            <gpxtpx:cad>88</gpxtpx:cad>
          </gpxtpx:TrackPointExtension>
        </extensions>
      </trkpt>
      <trkpt lat="32.0186273754" lon="120.893777478">
        <ele>10.0</ele>
        <time>2026-09-04T14:19:03+0800</time>
        <extensions>
          <gpxtpx:TrackPointExtension>
            <gpxtpx:hr>163</gpxtpx:hr>
            <gpxtpx:cad>88</gpxtpx:cad>
          </gpxtpx:TrackPointExtension>
        </extensions>
      </trkpt>
      <trkpt lat="32.0186357573" lon="120.893743783">
        <ele>10.0</ele>
        <time>2026-09-04T14:19:04+0800</time>
        <extensions>
          <gpxtpx:TrackPointExtension>
            <gpxtpx:hr>163</gpxtpx:hr>
            <gpxtpx:cad>88</gpxtpx:cad>
          </gpxtpx:TrackPointExtension>
        </extensions>
      </trkpt>
      <trkpt lat="32.0186366793" lon="120.893711345">
        <ele>10.0</ele>
        <time>2026-09-04T14:19:05+0800</time>
        <extensions>
          <gpxtpx:TrackPointExtension>
            <gpxtpx:hr>163</gpxtpx:hr>
            <gpxtpx:cad>87</gpxtpx:cad>
          </gpxtpx:TrackPointExtension>
        </extensions>
      </trkpt>
      <trkpt lat="32.0186436363" lon="120.893673208">
        <ele>10.0</ele>
        <time>2026-09-04T14:19:06+0800</time>
        <extensions>
          <gpxtpx:TrackPointExtension>
            <gpxtpx:hr>164</gpxtpx:hr>
            <gpxtpx:cad>87</gpxtpx:cad>
          </gpxtpx:TrackPointExtension>
        </extensions>
      </trkpt>
      <trkpt lat="32.0186443068" lon="120.893642446">
        <ele>10.0</ele>
        <time>2026-09-04T14:19:07+0800</time>
        <extensions>
          <gpxtpx:TrackPointExtension>
            <gpxtpx:hr>164</gpxtpx:hr>
            <gpxtpx:cad>87</gpxtpx:cad>
          </gpxtpx:TrackPointExtension>
        </extensions>
      </trkpt>
      <trkpt lat="32.0186518505" lon="120.8936028">
        <ele>10.0</ele>
        <time>2026-09-04T14:19:08+0800</time>
        <extensions>
          <gpxtpx:TrackPointExtension>
            <gpxtpx:hr>164</gpxtpx:hr>
            <gpxtpx:cad>87</gpxtpx:cad>
          </gpxtpx:TrackPointExtension>
        </extensions>
      </trkpt>
      <trkpt lat="32.0186543651" lon="120.893567763">
        <ele>10.0</ele>
        <time>2026-09-04T14:19:09+0800</time>
        <extensions>
          <gpxtpx:TrackPointExtension>
            <gpxtpx:hr>163</gpxtpx:hr>
            <gpxtpx:cad>88</gpxtpx:cad>
          </gpxtpx:TrackPointExtension>
        </extensions>
      </trkpt>
      <trkpt lat="32.018662747" lon="120.89353499">
        <ele>10.0</ele>
        <time>2026-09-04T14:19:10+0800</time>
        <extensions>
          <gpxtpx:TrackPointExtension>
            <gpxtpx:hr>164</gpxtpx:hr>
            <gpxtpx:cad>88</gpxtpx:cad>
          </gpxtpx:TrackPointExtension>
        </extensions>
      </trkpt>
      <trkpt lat="32.0186786726" lon="120.893501714">
        <ele>9.8</ele>
        <time>2026-09-04T14:19:11+0800</time>
        <extensions>
          <gpxtpx:TrackPointExtension>
            <gpxtpx:hr>164</gpxtpx:hr>
            <gpxtpx:cad>88</gpxtpx:cad>
          </gpxtpx:TrackPointExtension>
        </extensions>
      </trkpt>
      <trkpt lat="32.0186888147" lon="120.893468438">
        <ele>9.8</ele>
        <time>2026-09-04T14:19:12+0800</time>
        <extensions>
          <gpxtpx:TrackPointExtension>
            <gpxtpx:hr>163</gpxtpx:hr>
            <gpxtpx:cad>88</gpxtpx:cad>
          </gpxtpx:TrackPointExtension>
        </extensions>
      </trkpt>
      <trkpt lat="32.018700717" lon="120.893433904">
        <ele>9.8</ele>
        <time>2026-09-04T14:19:13+0800</time>
        <extensions>
          <gpxtpx:TrackPointExtension>
            <gpxtpx:hr>164</gpxtpx:hr>
            <gpxtpx:cad>87</gpxtpx:cad>
          </gpxtpx:TrackPointExtension>
        </extensions>
      </trkpt>
      <trkpt lat="32.0187064167" lon="120.893402053">
        <ele>9.8</ele>
        <time>2026-09-04T14:19:14+0800</time>
        <extensions>
          <gpxtpx:TrackPointExtension>
            <gpxtpx:hr>164</gpxtpx:hr>
            <gpxtpx:cad>88</gpxtpx:cad>
          </gpxtpx:TrackPointExtension>
        </extensions>
      </trkpt>
      <trkpt lat="32.018719241" lon="120.893367017">
        <ele>9.8</ele>
        <time>2026-09-04T14:19:15+0800</time>
        <extensions>
          <gpxtpx:TrackPointExtension>
            <gpxtpx:hr>163</gpxtpx:hr>
            <gpxtpx:cad>88</gpxtpx:cad>
          </gpxtpx:TrackPointExtension>
        </extensions>
      </trkpt>
      <trkpt lat="32.0187259465" lon="120.893335752">
        <ele>9.8</ele>
        <time>2026-09-04T14:19:16+0800</time>
        <extensions>
          <gpxtpx:TrackPointExtension>
            <gpxtpx:hr>164</gpxtpx:hr>
            <gpxtpx:cad>88</gpxtpx:cad>
          </gpxtpx:TrackPointExtension>
        </extensions>
      </trkpt>
      <trkpt lat="32.0187381841" lon="120.893300297">
        <ele>9.6</ele>
        <time>2026-09-04T14:19:17+0800</time>
        <extensions>
          <gpxtpx:TrackPointExtension>
            <gpxtpx:hr>164</gpxtpx:hr>
            <gpxtpx:cad>88</gpxtpx:cad>
          </gpxtpx:TrackPointExtension>
        </extensions>
      </trkpt>
      <trkpt lat="32.0187421236" lon="120.893272134">
        <ele>9.6</ele>
        <time>2026-09-04T14:19:18+0800</time>
        <extensions>
          <gpxtpx:TrackPointExtension>
            <gpxtpx:hr>164</gpxtpx:hr>
            <gpxtpx:cad>88</gpxtpx:cad>
          </gpxtpx:TrackPointExtension>
        </extensions>
      </trkpt>
      <trkpt lat="32.0187541097" lon="120.893233912">
        <ele>9.6</ele>
        <time>2026-09-04T14:19:19+0800</time>
        <extensions>
          <gpxtpx:TrackPointExtension>
            <gpxtpx:hr>164</gpxtpx:hr>
            <gpxtpx:cad>88</gpxtpx:cad>
          </gpxtpx:TrackPointExtension>
        </extensions>
      </trkpt>
      <trkpt lat="32.0187581331" lon="120.893202228">
        <ele>9.6</ele>
        <time>2026-09-04T14:19:20+0800</time>
        <extensions>
          <gpxtpx:TrackPointExtension>
            <gpxtpx:hr>164</gpxtpx:hr>
            <gpxtpx:cad>88</gpxtpx:cad>
          </gpxtpx:TrackPointExtension>
        </extensions>
      </trkpt>
      <trkpt lat="32.018770203" lon="120.893163085">
        <ele>9.6</ele>
        <time>2026-09-04T14:19:21+0800</time>
        <extensions>
          <gpxtpx:TrackPointExtension>
            <gpxtpx:hr>164</gpxtpx:hr>
            <gpxtpx:cad>88</gpxtpx:cad>
          </gpxtpx:TrackPointExtension>
        </extensions>
      </trkpt>
      <trkpt lat="32.0187693648" lon="120.893133329">
        <ele>9.6</ele>
        <time>2026-09-04T14:19:22+0800</time>
        <extensions>
          <gpxtpx:TrackPointExtension>
            <gpxtpx:hr>164</gpxtpx:hr>
            <gpxtpx:cad>88</gpxtpx:cad>
          </gpxtpx:TrackPointExtension>
        </extensions>
      </trkpt>
      <trkpt lat="32.0187713765" lon="120.89309385">
        <ele>9.6</ele>
        <time>2026-09-04T14:19:23+0800</time>
        <extensions>
          <gpxtpx:TrackPointExtension>
            <gpxtpx:hr>164</gpxtpx:hr>
            <gpxtpx:cad>88</gpxtpx:cad>
          </gpxtpx:TrackPointExtension>
        </extensions>
      </trkpt>
      <trkpt lat="32.0187726337" lon="120.893059988">
        <ele>9.6</ele>
        <time>2026-09-04T14:19:24+0800</time>
        <extensions>
          <gpxtpx:TrackPointExtension>
            <gpxtpx:hr>164</gpxtpx:hr>
            <gpxtpx:cad>88</gpxtpx:cad>
          </gpxtpx:TrackPointExtension>
        </extensions>
      </trkpt>
      <trkpt lat="32.0187769085" lon="120.893019838">
        <ele>9.6</ele>
        <time>2026-09-04T14:19:25+0800</time>
        <extensions>
          <gpxtpx:TrackPointExtension>
            <gpxtpx:hr>164</gpxtpx:hr>
            <gpxtpx:cad>89</gpxtpx:cad>
          </gpxtpx:TrackPointExtension>
        </extensions>
      </trkpt>
      <trkpt lat="32.0187760703" lon="120.892985053">
        <ele>9.6</ele>
        <time>2026-09-04T14:19:26+0800</time>
        <extensions>
          <gpxtpx:TrackPointExtension>
            <gpxtpx:hr>164</gpxtpx:hr>
            <gpxtpx:cad>89</gpxtpx:cad>
          </gpxtpx:TrackPointExtension>
        </extensions>
      </trkpt>
      <trkpt lat="32.0187805127" lon="120.892946413">
        <ele>9.8</ele>
        <time>2026-09-04T14:19:27+0800</time>
        <extensions>
          <gpxtpx:TrackPointExtension>
            <gpxtpx:hr>165</gpxtpx:hr>
            <gpxtpx:cad>89</gpxtpx:cad>
          </gpxtpx:TrackPointExtension>
        </extensions>
      </trkpt>
      <trkpt lat="32.0187804289" lon="120.892914478">
        <ele>9.8</ele>
        <time>2026-09-04T14:19:28+0800</time>
        <extensions>
          <gpxtpx:TrackPointExtension>
            <gpxtpx:hr>165</gpxtpx:hr>
            <gpxtpx:cad>89</gpxtpx:cad>
          </gpxtpx:TrackPointExtension>
        </extensions>
      </trkpt>
      <trkpt lat="32.01878177" lon="120.892881621">
        <ele>9.8</ele>
        <time>2026-09-04T14:19:29+0800</time>
        <extensions>
          <gpxtpx:TrackPointExtension>
            <gpxtpx:hr>165</gpxtpx:hr>
            <gpxtpx:cad>89</gpxtpx:cad>
          </gpxtpx:TrackPointExtension>
        </extensions>
      </trkpt>
      <trkpt lat="32.0187834464" lon="120.892852955">
        <ele>9.8</ele>
        <time>2026-09-04T14:19:30+0800</time>
        <extensions>
          <gpxtpx:TrackPointExtension>
            <gpxtpx:hr>165</gpxtpx:hr>
            <gpxtpx:cad>89</gpxtpx:cad>
          </gpxtpx:TrackPointExtension>
        </extensions>
      </trkpt>
      <trkpt lat="32.0187872183" lon="120.892814985">
        <ele>9.8</ele>
        <time>2026-09-04T14:19:31+0800</time>
        <extensions>
          <gpxtpx:TrackPointExtension>
            <gpxtpx:hr>165</gpxtpx:hr>
            <gpxtpx:cad>89</gpxtpx:cad>
          </gpxtpx:TrackPointExtension>
        </extensions>
      </trkpt>
      <trkpt lat="32.0187894814" lon="120.892784977">
        <ele>10.0</ele>
        <time>2026-09-04T14:19:32+0800</time>
        <extensions>
          <gpxtpx:TrackPointExtension>
            <gpxtpx:hr>165</gpxtpx:hr>
            <gpxtpx:cad>89</gpxtpx:cad>
          </gpxtpx:TrackPointExtension>
        </extensions>
      </trkpt>
      <trkpt lat="32.018795684" lon="120.892747259">
        <ele>9.8</ele>
        <time>2026-09-04T14:19:33+0800</time>
        <extensions>
          <gpxtpx:TrackPointExtension>
            <gpxtpx:hr>165</gpxtpx:hr>
            <gpxtpx:cad>89</gpxtpx:cad>
          </gpxtpx:TrackPointExtension>
        </extensions>
      </trkpt>
      <trkpt lat="32.0187998749" lon="120.892717252">
        <ele>10.0</ele>
        <time>2026-09-04T14:19:34+0800</time>
        <extensions>
          <gpxtpx:TrackPointExtension>
            <gpxtpx:hr>165</gpxtpx:hr>
            <gpxtpx:cad>89</gpxtpx:cad>
          </gpxtpx:TrackPointExtension>
        </extensions>
      </trkpt>
      <trkpt lat="32.0188049041" lon="120.892681042">
        <ele>9.8</ele>
        <time>2026-09-04T14:19:35+0800</time>
        <extensions>
          <gpxtpx:TrackPointExtension>
            <gpxtpx:hr>165</gpxtpx:hr>
            <gpxtpx:cad>89</gpxtpx:cad>
          </gpxtpx:TrackPointExtension>
        </extensions>
      </trkpt>
      <trkpt lat="32.0188102685" lon="120.892649945">
        <ele>9.8</ele>
        <time>2026-09-04T14:19:36+0800</time>
        <extensions>
          <gpxtpx:TrackPointExtension>
            <gpxtpx:hr>165</gpxtpx:hr>
            <gpxtpx:cad>89</gpxtpx:cad>
          </gpxtpx:TrackPointExtension>
        </extensions>
      </trkpt>
      <trkpt lat="32.0188152976" lon="120.892616082">
        <ele>9.8</ele>
        <time>2026-09-04T14:19:37+0800</time>
        <extensions>
          <gpxtpx:TrackPointExtension>
            <gpxtpx:hr>165</gpxtpx:hr>
            <gpxtpx:cad>89</gpxtpx:cad>
          </gpxtpx:TrackPointExtension>
        </extensions>
      </trkpt>
      <trkpt lat="32.0188203268" lon="120.892583979">
        <ele>9.8</ele>
        <time>2026-09-04T14:19:38+0800</time>
        <extensions>
          <gpxtpx:TrackPointExtension>
            <gpxtpx:hr>165</gpxtpx:hr>
            <gpxtpx:cad>89</gpxtpx:cad>
          </gpxtpx:TrackPointExtension>
        </extensions>
      </trkpt>
      <trkpt lat="32.0188261941" lon="120.892547015">
        <ele>9.8</ele>
        <time>2026-09-04T14:19:39+0800</time>
        <extensions>
          <gpxtpx:TrackPointExtension>
            <gpxtpx:hr>165</gpxtpx:hr>
            <gpxtpx:cad>89</gpxtpx:cad>
          </gpxtpx:TrackPointExtension>
        </extensions>
      </trkpt>
      <trkpt lat="32.0188346598" lon="120.892512314">
        <ele>10.0</ele>
        <time>2026-09-04T14:19:40+0800</time>
        <extensions>
          <gpxtpx:TrackPointExtension>
            <gpxtpx:hr>165</gpxtpx:hr>
            <gpxtpx:cad>89</gpxtpx:cad>
          </gpxtpx:TrackPointExtension>
        </extensions>
      </trkpt>
      <trkpt lat="32.0188427065" lon="120.892477864">
        <ele>10.0</ele>
        <time>2026-09-04T14:19:41+0800</time>
        <extensions>
          <gpxtpx:TrackPointExtension>
            <gpxtpx:hr>165</gpxtpx:hr>
            <gpxtpx:cad>89</gpxtpx:cad>
          </gpxtpx:TrackPointExtension>
        </extensions>
      </trkpt>
      <trkpt lat="32.0188505854" lon="120.892442996">
        <ele>10.0</ele>
        <time>2026-09-04T14:19:42+0800</time>
        <extensions>
          <gpxtpx:TrackPointExtension>
            <gpxtpx:hr>165</gpxtpx:hr>
            <gpxtpx:cad>89</gpxtpx:cad>
          </gpxtpx:TrackPointExtension>
        </extensions>
      </trkpt>
      <trkpt lat="32.0188577101" lon="120.892400667">
        <ele>9.8</ele>
        <time>2026-09-04T14:19:43+0800</time>
        <extensions>
          <gpxtpx:TrackPointExtension>
            <gpxtpx:hr>165</gpxtpx:hr>
            <gpxtpx:cad>89</gpxtpx:cad>
          </gpxtpx:TrackPointExtension>
        </extensions>
      </trkpt>
      <trkpt lat="32.0188714564" lon="120.89236429">
        <ele>9.8</ele>
        <time>2026-09-04T14:19:44+0800</time>
        <extensions>
          <gpxtpx:TrackPointExtension>
            <gpxtpx:hr>165</gpxtpx:hr>
            <gpxtpx:cad>89</gpxtpx:cad>
          </gpxtpx:TrackPointExtension>
        </extensions>
      </trkpt>
      <trkpt lat="32.0188792516" lon="120.8923259">
        <ele>10.0</ele>
        <time>2026-09-04T14:19:45+0800</time>
        <extensions>
          <gpxtpx:TrackPointExtension>
            <gpxtpx:hr>165</gpxtpx:hr>
            <gpxtpx:cad>89</gpxtpx:cad>
          </gpxtpx:TrackPointExtension>
        </extensions>
      </trkpt>
      <trkpt lat="32.0188879687" lon="120.892293882">
        <ele>10.0</ele>
        <time>2026-09-04T14:19:46+0800</time>
        <extensions>
          <gpxtpx:TrackPointExtension>
            <gpxtpx:hr>165</gpxtpx:hr>
            <gpxtpx:cad>89</gpxtpx:cad>
          </gpxtpx:TrackPointExtension>
        </extensions>
      </trkpt>
      <trkpt lat="32.0188916568" lon="120.892255744">
        <ele>10.0</ele>
        <time>2026-09-04T14:19:47+0800</time>
        <extensions>
          <gpxtpx:TrackPointExtension>
            <gpxtpx:hr>165</gpxtpx:hr>
            <gpxtpx:cad>89</gpxtpx:cad>
          </gpxtpx:TrackPointExtension>
        </extensions>
      </trkpt>
      <trkpt lat="32.0188997034" lon="120.892221462">
        <ele>10.0</ele>
        <time>2026-09-04T14:19:48+0800</time>
        <extensions>
          <gpxtpx:TrackPointExtension>
            <gpxtpx:hr>165</gpxtpx:hr>
            <gpxtpx:cad>89</gpxtpx:cad>
          </gpxtpx:TrackPointExtension>
        </extensions>
      </trkpt>
      <trkpt lat="32.0188992005" lon="120.892188102">
        <ele>10.0</ele>
        <time>2026-09-04T14:19:49+0800</time>
        <extensions>
          <gpxtpx:TrackPointExtension>
            <gpxtpx:hr>166</gpxtpx:hr>
            <gpxtpx:cad>89</gpxtpx:cad>
          </gpxtpx:TrackPointExtension>
        </extensions>
      </trkpt>
      <trkpt lat="32.0189080853" lon="120.892149126">
        <ele>10.0</ele>
        <time>2026-09-04T14:19:50+0800</time>
        <extensions>
          <gpxtpx:TrackPointExtension>
            <gpxtpx:hr>165</gpxtpx:hr>
            <gpxtpx:cad>89</gpxtpx:cad>
          </gpxtpx:TrackPointExtension>
        </extensions>
      </trkpt>
      <trkpt lat="32.0189084206" lon="120.892120628">
        <ele>10.0</ele>
        <time>2026-09-04T14:19:51+0800</time>
        <extensions>
          <gpxtpx:TrackPointExtension>
            <gpxtpx:hr>165</gpxtpx:hr>
            <gpxtpx:cad>88</gpxtpx:cad>
          </gpxtpx:TrackPointExtension>
        </extensions>
      </trkpt>
      <trkpt lat="32.0189173892" lon="120.892083663">
        <ele>10.0</ele>
        <time>2026-09-04T14:19:52+0800</time>
        <extensions>
          <gpxtpx:TrackPointExtension>
            <gpxtpx:hr>165</gpxtpx:hr>
            <gpxtpx:cad>88</gpxtpx:cad>
          </gpxtpx:TrackPointExtension>
        </extensions>
      </trkpt>
      <trkpt lat="32.0189193171" lon="120.892054578">
        <ele>9.8</ele>
        <time>2026-09-04T14:19:53+0800</time>
        <extensions>
          <gpxtpx:TrackPointExtension>
            <gpxtpx:hr>166</gpxtpx:hr>
            <gpxtpx:cad>88</gpxtpx:cad>
          </gpxtpx:TrackPointExtension>
        </extensions>
      </trkpt>
      <trkpt lat="32.0189292077" lon="120.892022643">
        <ele>9.8</ele>
        <time>2026-09-04T14:19:54+0800</time>
        <extensions>
          <gpxtpx:TrackPointExtension>
            <gpxtpx:hr>166</gpxtpx:hr>
            <gpxtpx:cad>88</gpxtpx:cad>
          </gpxtpx:TrackPointExtension>
        </extensions>
      </trkpt>
      <trkpt lat="32.0189333148" lon="120.891993809">
        <ele>9.8</ele>
        <time>2026-09-04T14:19:55+0800</time>
        <extensions>
          <gpxtpx:TrackPointExtension>
            <gpxtpx:hr>166</gpxtpx:hr>
            <gpxtpx:cad>87</gpxtpx:cad>
          </gpxtpx:TrackPointExtension>
        </extensions>
      </trkpt>
      <trkpt lat="32.0189442113" lon="120.891959779">
        <ele>9.8</ele>
        <time>2026-09-04T14:19:56+0800</time>
        <extensions>
          <gpxtpx:TrackPointExtension>
            <gpxtpx:hr>166</gpxtpx:hr>
            <gpxtpx:cad>87</gpxtpx:cad>
          </gpxtpx:TrackPointExtension>
        </extensions>
      </trkpt>
      <trkpt lat="32.0189511683" lon="120.891932119">
        <ele>9.6</ele>
        <time>2026-09-04T14:19:57+0800</time>
        <extensions>
          <gpxtpx:TrackPointExtension>
            <gpxtpx:hr>166</gpxtpx:hr>
            <gpxtpx:cad>87</gpxtpx:cad>
          </gpxtpx:TrackPointExtension>
        </extensions>
      </trkpt>
      <trkpt lat="32.01895779" lon="120.891901692">
        <ele>9.8</ele>
        <time>2026-09-04T14:19:58+0800</time>
        <extensions>
          <gpxtpx:TrackPointExtension>
            <gpxtpx:hr>165</gpxtpx:hr>
            <gpxtpx:cad>87</gpxtpx:cad>
          </gpxtpx:TrackPointExtension>
        </extensions>
      </trkpt>
      <trkpt lat="32.018961478" lon="120.891875708">
        <ele>10.0</ele>
        <time>2026-09-04T14:19:59+0800</time>
        <extensions>
          <gpxtpx:TrackPointExtension>
            <gpxtpx:hr>165</gpxtpx:hr>
            <gpxtpx:cad>87</gpxtpx:cad>
          </gpxtpx:TrackPointExtension>
        </extensions>
      </trkpt>
      <trkpt lat="32.0189689379" lon="120.891840504">
        <ele>9.8</ele>
        <time>2026-09-04T14:20:00+0800</time>
        <extensions>
          <gpxtpx:TrackPointExtension>
            <gpxtpx:hr>165</gpxtpx:hr>
            <gpxtpx:cad>88</gpxtpx:cad>
          </gpxtpx:TrackPointExtension>
        </extensions>
      </trkpt>
      <trkpt lat="32.0189779066" lon="120.891806055">
        <ele>9.8</ele>
        <time>2026-09-04T14:20:01+0800</time>
        <extensions>
          <gpxtpx:TrackPointExtension>
            <gpxtpx:hr>165</gpxtpx:hr>
            <gpxtpx:cad>88</gpxtpx:cad>
          </gpxtpx:TrackPointExtension>
        </extensions>
      </trkpt>
      <trkpt lat="32.0189834386" lon="120.891770599">
        <ele>9.8</ele>
        <time>2026-09-04T14:20:02+0800</time>
        <extensions>
          <gpxtpx:TrackPointExtension>
            <gpxtpx:hr>165</gpxtpx:hr>
            <gpxtpx:cad>88</gpxtpx:cad>
          </gpxtpx:TrackPointExtension>
        </extensions>
      </trkpt>
      <trkpt lat="32.018989725" lon="120.891730199">
        <ele>9.6</ele>
        <time>2026-09-04T14:20:03+0800</time>
        <extensions>
          <gpxtpx:TrackPointExtension>
            <gpxtpx:hr>165</gpxtpx:hr>
            <gpxtpx:cad>88</gpxtpx:cad>
          </gpxtpx:TrackPointExtension>
        </extensions>
      </trkpt>
      <trkpt lat="32.018987881" lon="120.891694156">
        <ele>9.6</ele>
        <time>2026-09-04T14:20:04+0800</time>
        <extensions>
          <gpxtpx:TrackPointExtension>
            <gpxtpx:hr>165</gpxtpx:hr>
            <gpxtpx:cad>88</gpxtpx:cad>
          </gpxtpx:TrackPointExtension>
        </extensions>
      </trkpt>
      <trkpt lat="32.0189944189" lon="120.891655264">
        <ele>9.6</ele>
        <time>2026-09-04T14:20:05+0800</time>
        <extensions>
          <gpxtpx:TrackPointExtension>
            <gpxtpx:hr>165</gpxtpx:hr>
            <gpxtpx:cad>88</gpxtpx:cad>
          </gpxtpx:TrackPointExtension>
        </extensions>
      </trkpt>
      <trkpt lat="32.018999029" lon="120.891623246">
        <ele>9.8</ele>
        <time>2026-09-04T14:20:06+0800</time>
        <extensions>
          <gpxtpx:TrackPointExtension>
            <gpxtpx:hr>165</gpxtpx:hr>
            <gpxtpx:cad>88</gpxtpx:cad>
          </gpxtpx:TrackPointExtension>
        </extensions>
      </trkpt>
      <trkpt lat="32.0190053992" lon="120.891577145">
        <ele>9.8</ele>
        <time>2026-09-04T14:20:07+0800</time>
        <extensions>
          <gpxtpx:TrackPointExtension>
            <gpxtpx:hr>165</gpxtpx:hr>
            <gpxtpx:cad>88</gpxtpx:cad>
          </gpxtpx:TrackPointExtension>
        </extensions>
      </trkpt>
      <trkpt lat="32.0190072432" lon="120.891543366">
        <ele>9.8</ele>
        <time>2026-09-04T14:20:08+0800</time>
        <extensions>
          <gpxtpx:TrackPointExtension>
            <gpxtpx:hr>165</gpxtpx:hr>
            <gpxtpx:cad>88</gpxtpx:cad>
          </gpxtpx:TrackPointExtension>
        </extensions>
      </trkpt>
      <trkpt lat="32.0190134458" lon="120.89150154">
        <ele>9.8</ele>
        <time>2026-09-04T14:20:09+0800</time>
        <extensions>
          <gpxtpx:TrackPointExtension>
            <gpxtpx:hr>165</gpxtpx:hr>
            <gpxtpx:cad>88</gpxtpx:cad>
          </gpxtpx:TrackPointExtension>
        </extensions>
      </trkpt>
      <trkpt lat="32.0190214925" lon="120.891469605">
        <ele>9.8</ele>
        <time>2026-09-04T14:20:10+0800</time>
        <extensions>
          <gpxtpx:TrackPointExtension>
            <gpxtpx:hr>166</gpxtpx:hr>
            <gpxtpx:cad>87</gpxtpx:cad>
          </gpxtpx:TrackPointExtension>
        </extensions>
      </trkpt>
      <trkpt lat="32.0190317184" lon="120.891431635">
        <ele>10.0</ele>
        <time>2026-09-04T14:20:11+0800</time>
        <extensions>
          <gpxtpx:TrackPointExtension>
            <gpxtpx:hr>165</gpxtpx:hr>
            <gpxtpx:cad>87</gpxtpx:cad>
          </gpxtpx:TrackPointExtension>
        </extensions>
      </trkpt>
      <trkpt lat="32.0190396812" lon="120.891397521">
        <ele>10.0</ele>
        <time>2026-09-04T14:20:12+0800</time>
        <extensions>
          <gpxtpx:TrackPointExtension>
            <gpxtpx:hr>166</gpxtpx:hr>
            <gpxtpx:cad>88</gpxtpx:cad>
          </gpxtpx:TrackPointExtension>
        </extensions>
      </trkpt>
      <trkpt lat="32.0190508291" lon="120.891358713">
        <ele>9.8</ele>
        <time>2026-09-04T14:20:13+0800</time>
        <extensions>
          <gpxtpx:TrackPointExtension>
            <gpxtpx:hr>166</gpxtpx:hr>
            <gpxtpx:cad>88</gpxtpx:cad>
          </gpxtpx:TrackPointExtension>
        </extensions>
      </trkpt>
      <trkpt lat="32.0190552715" lon="120.891323676">
        <ele>10.0</ele>
        <time>2026-09-04T14:20:14+0800</time>
        <extensions>
          <gpxtpx:TrackPointExtension>
            <gpxtpx:hr>166</gpxtpx:hr>
            <gpxtpx:cad>88</gpxtpx:cad>
          </gpxtpx:TrackPointExtension>
        </extensions>
      </trkpt>
      <trkpt lat="32.0190639049" lon="120.891289562">
        <ele>10.0</ele>
        <time>2026-09-04T14:20:15+0800</time>
        <extensions>
          <gpxtpx:TrackPointExtension>
            <gpxtpx:hr>165</gpxtpx:hr>
            <gpxtpx:cad>89</gpxtpx:cad>
          </gpxtpx:TrackPointExtension>
        </extensions>
      </trkpt>
      <trkpt lat="32.0190748014" lon="120.891255699">
        <ele>10.0</ele>
        <time>2026-09-04T14:20:16+0800</time>
        <extensions>
          <gpxtpx:TrackPointExtension>
            <gpxtpx:hr>166</gpxtpx:hr>
            <gpxtpx:cad>89</gpxtpx:cad>
          </gpxtpx:TrackPointExtension>
        </extensions>
      </trkpt>
      <trkpt lat="32.0190821774" lon="120.891222926">
        <ele>10.0</ele>
        <time>2026-09-04T14:20:17+0800</time>
        <extensions>
          <gpxtpx:TrackPointExtension>
            <gpxtpx:hr>166</gpxtpx:hr>
            <gpxtpx:cad>89</gpxtpx:cad>
          </gpxtpx:TrackPointExtension>
        </extensions>
      </trkpt>
      <trkpt lat="32.0190896373" lon="120.891185207">
        <ele>10.0</ele>
        <time>2026-09-04T14:20:18+0800</time>
        <extensions>
          <gpxtpx:TrackPointExtension>
            <gpxtpx:hr>166</gpxtpx:hr>
            <gpxtpx:cad>89</gpxtpx:cad>
          </gpxtpx:TrackPointExtension>
        </extensions>
      </trkpt>
      <trkpt lat="32.0190931577" lon="120.891148159">
        <ele>10.0</ele>
        <time>2026-09-04T14:20:19+0800</time>
        <extensions>
          <gpxtpx:TrackPointExtension>
            <gpxtpx:hr>167</gpxtpx:hr>
            <gpxtpx:cad>89</gpxtpx:cad>
          </gpxtpx:TrackPointExtension>
        </extensions>
      </trkpt>
      <trkpt lat="32.0190970134" lon="120.891113039">
        <ele>10.0</ele>
        <time>2026-09-04T14:20:20+0800</time>
        <extensions>
          <gpxtpx:TrackPointExtension>
            <gpxtpx:hr>166</gpxtpx:hr>
            <gpxtpx:cad>88</gpxtpx:cad>
          </gpxtpx:TrackPointExtension>
        </extensions>
      </trkpt>
      <trkpt lat="32.0191001147" lon="120.891075656">
        <ele>10.0</ele>
        <time>2026-09-04T14:20:21+0800</time>
        <extensions>
          <gpxtpx:TrackPointExtension>
            <gpxtpx:hr>166</gpxtpx:hr>
            <gpxtpx:cad>88</gpxtpx:cad>
          </gpxtpx:TrackPointExtension>
        </extensions>
      </trkpt>
      <trkpt lat="32.0191089157" lon="120.89103492">
        <ele>10.0</ele>
        <time>2026-09-04T14:20:22+0800</time>
        <extensions>
          <gpxtpx:TrackPointExtension>
            <gpxtpx:hr>167</gpxtpx:hr>
            <gpxtpx:cad>88</gpxtpx:cad>
          </gpxtpx:TrackPointExtension>
        </extensions>
      </trkpt>
      <trkpt lat="32.0191111788" lon="120.891001979">
        <ele>10.0</ele>
        <time>2026-09-04T14:20:23+0800</time>
        <extensions>
          <gpxtpx:TrackPointExtension>
            <gpxtpx:hr>167</gpxtpx:hr>
            <gpxtpx:cad>88</gpxtpx:cad>
          </gpxtpx:TrackPointExtension>
        </extensions>
      </trkpt>
      <trkpt lat="32.0191183034" lon="120.890963422">
        <ele>10.0</ele>
        <time>2026-09-04T14:20:24+0800</time>
        <extensions>
          <gpxtpx:TrackPointExtension>
            <gpxtpx:hr>167</gpxtpx:hr>
            <gpxtpx:cad>89</gpxtpx:cad>
          </gpxtpx:TrackPointExtension>
        </extensions>
      </trkpt>
      <trkpt lat="32.0191168785" lon="120.89092738">
        <ele>10.0</ele>
        <time>2026-09-04T14:20:25+0800</time>
        <extensions>
          <gpxtpx:TrackPointExtension>
            <gpxtpx:hr>166</gpxtpx:hr>
            <gpxtpx:cad>89</gpxtpx:cad>
          </gpxtpx:TrackPointExtension>
        </extensions>
      </trkpt>
      <trkpt lat="32.0191255119" lon="120.890889578">
        <ele>10.0</ele>
        <time>2026-09-04T14:20:26+0800</time>
        <extensions>
          <gpxtpx:TrackPointExtension>
            <gpxtpx:hr>167</gpxtpx:hr>
            <gpxtpx:cad>89</gpxtpx:cad>
          </gpxtpx:TrackPointExtension>
        </extensions>
      </trkpt>
      <trkpt lat="32.0191193093" lon="120.890855715">
        <ele>10.0</ele>
        <time>2026-09-04T14:20:27+0800</time>
        <extensions>
          <gpxtpx:TrackPointExtension>
            <gpxtpx:hr>167</gpxtpx:hr>
            <gpxtpx:cad>89</gpxtpx:cad>
          </gpxtpx:TrackPointExtension>
        </extensions>
      </trkpt>
      <trkpt lat="32.0191276073" lon="120.890818415">
        <ele>10.0</ele>
        <time>2026-09-04T14:20:28+0800</time>
        <extensions>
          <gpxtpx:TrackPointExtension>
            <gpxtpx:hr>167</gpxtpx:hr>
            <gpxtpx:cad>89</gpxtpx:cad>
          </gpxtpx:TrackPointExtension>
        </extensions>
      </trkpt>
      <trkpt lat="32.0191313792" lon="120.890787821">
        <ele>10.0</ele>
        <time>2026-09-04T14:20:29+0800</time>
        <extensions>
          <gpxtpx:TrackPointExtension>
            <gpxtpx:hr>167</gpxtpx:hr>
            <gpxtpx:cad>89</gpxtpx:cad>
          </gpxtpx:TrackPointExtension>
        </extensions>
      </trkpt>
      <trkpt lat="32.0191440359" lon="120.890753623">
        <ele>10.0</ele>
        <time>2026-09-04T14:20:30+0800</time>
        <extensions>
          <gpxtpx:TrackPointExtension>
            <gpxtpx:hr>167</gpxtpx:hr>
            <gpxtpx:cad>89</gpxtpx:cad>
          </gpxtpx:TrackPointExtension>
        </extensions>
      </trkpt>
      <trkpt lat="32.019151412" lon="120.89072831">
        <ele>10.0</ele>
        <time>2026-09-04T14:20:31+0800</time>
        <extensions>
          <gpxtpx:TrackPointExtension>
            <gpxtpx:hr>167</gpxtpx:hr>
            <gpxtpx:cad>88</gpxtpx:cad>
          </gpxtpx:TrackPointExtension>
        </extensions>
      </trkpt>
      <trkpt lat="32.0191656612" lon="120.890702745">
        <ele>9.8</ele>
        <time>2026-09-04T14:20:32+0800</time>
        <extensions>
          <gpxtpx:TrackPointExtension>
            <gpxtpx:hr>167</gpxtpx:hr>
            <gpxtpx:cad>88</gpxtpx:cad>
          </gpxtpx:TrackPointExtension>
        </extensions>
      </trkpt>
      <trkpt lat="32.0191750489" lon="120.89067651">
        <ele>9.8</ele>
        <time>2026-09-04T14:20:33+0800</time>
        <extensions>
          <gpxtpx:TrackPointExtension>
            <gpxtpx:hr>166</gpxtpx:hr>
            <gpxtpx:cad>88</gpxtpx:cad>
          </gpxtpx:TrackPointExtension>
        </extensions>
      </trkpt>
      <trkpt lat="32.0191887114" lon="120.890638791">
        <ele>10.0</ele>
        <time>2026-09-04T14:20:34+0800</time>
        <extensions>
          <gpxtpx:TrackPointExtension>
            <gpxtpx:hr>167</gpxtpx:hr>
            <gpxtpx:cad>88</gpxtpx:cad>
          </gpxtpx:TrackPointExtension>
        </extensions>
      </trkpt>
      <trkpt lat="32.0191915613" lon="120.890608281">
        <ele>10.0</ele>
        <time>2026-09-04T14:20:35+0800</time>
        <extensions>
          <gpxtpx:TrackPointExtension>
            <gpxtpx:hr>166</gpxtpx:hr>
            <gpxtpx:cad>88</gpxtpx:cad>
          </gpxtpx:TrackPointExtension>
        </extensions>
      </trkpt>
      <trkpt lat="32.0191946626" lon="120.890570562">
        <ele>10.0</ele>
        <time>2026-09-04T14:20:36+0800</time>
        <extensions>
          <gpxtpx:TrackPointExtension>
            <gpxtpx:hr>167</gpxtpx:hr>
            <gpxtpx:cad>88</gpxtpx:cad>
          </gpxtpx:TrackPointExtension>
        </extensions>
      </trkpt>
      <trkpt lat="32.0192005299" lon="120.890536951">
        <ele>10.0</ele>
        <time>2026-09-04T14:20:37+0800</time>
        <extensions>
          <gpxtpx:TrackPointExtension>
            <gpxtpx:hr>166</gpxtpx:hr>
            <gpxtpx:cad>88</gpxtpx:cad>
          </gpxtpx:TrackPointExtension>
        </extensions>
      </trkpt>
      <trkpt lat="32.0192053076" lon="120.890494874">
        <ele>10.2</ele>
        <time>2026-09-04T14:20:38+0800</time>
        <extensions>
          <gpxtpx:TrackPointExtension>
            <gpxtpx:hr>166</gpxtpx:hr>
            <gpxtpx:cad>88</gpxtpx:cad>
          </gpxtpx:TrackPointExtension>
        </extensions>
      </trkpt>
      <trkpt lat="32.0192100853" lon="120.890456066">
        <ele>10.2</ele>
        <time>2026-09-04T14:20:39+0800</time>
        <extensions>
          <gpxtpx:TrackPointExtension>
            <gpxtpx:hr>166</gpxtpx:hr>
            <gpxtpx:cad>88</gpxtpx:cad>
          </gpxtpx:TrackPointExtension>
        </extensions>
      </trkpt>
      <trkpt lat="32.0192123484" lon="120.89042455">
        <ele>10.0</ele>
        <time>2026-09-04T14:20:40+0800</time>
        <extensions>
          <gpxtpx:TrackPointExtension>
            <gpxtpx:hr>167</gpxtpx:hr>
            <gpxtpx:cad>88</gpxtpx:cad>
          </gpxtpx:TrackPointExtension>
        </extensions>
      </trkpt>
      <trkpt lat="32.0192203112" lon="120.890391776">
        <ele>10.0</ele>
        <time>2026-09-04T14:20:41+0800</time>
        <extensions>
          <gpxtpx:TrackPointExtension>
            <gpxtpx:hr>166</gpxtpx:hr>
            <gpxtpx:cad>88</gpxtpx:cad>
          </gpxtpx:TrackPointExtension>
        </extensions>
      </trkpt>
      <trkpt lat="32.0192246698" lon="120.890364619">
        <ele>10.0</ele>
        <time>2026-09-04T14:20:42+0800</time>
        <extensions>
          <gpxtpx:TrackPointExtension>
            <gpxtpx:hr>166</gpxtpx:hr>
            <gpxtpx:cad>88</gpxtpx:cad>
          </gpxtpx:TrackPointExtension>
        </extensions>
      </trkpt>
      <trkpt lat="32.0192364044" lon="120.890335534">
        <ele>10.0</ele>
        <time>2026-09-04T14:20:43+0800</time>
        <extensions>
          <gpxtpx:TrackPointExtension>
            <gpxtpx:hr>166</gpxtpx:hr>
            <gpxtpx:cad>87</gpxtpx:cad>
          </gpxtpx:TrackPointExtension>
        </extensions>
      </trkpt>
      <trkpt lat="32.0192308724" lon="120.890295887">
        <ele>10.2</ele>
        <time>2026-09-04T14:20:44+0800</time>
        <extensions>
          <gpxtpx:TrackPointExtension>
            <gpxtpx:hr>166</gpxtpx:hr>
            <gpxtpx:cad>87</gpxtpx:cad>
          </gpxtpx:TrackPointExtension>
        </extensions>
      </trkpt>
      <trkpt lat="32.019239841" lon="120.89025599">
        <ele>10.4</ele>
        <time>2026-09-04T14:20:45+0800</time>
        <extensions>
          <gpxtpx:TrackPointExtension>
            <gpxtpx:hr>165</gpxtpx:hr>
            <gpxtpx:cad>88</gpxtpx:cad>
          </gpxtpx:TrackPointExtension>
        </extensions>
      </trkpt>
      <trkpt lat="32.0192409307" lon="120.890225898">
        <ele>10.4</ele>
        <time>2026-09-04T14:20:46+0800</time>
        <extensions>
          <gpxtpx:TrackPointExtension>
            <gpxtpx:hr>165</gpxtpx:hr>
            <gpxtpx:cad>88</gpxtpx:cad>
          </gpxtpx:TrackPointExtension>
        </extensions>
      </trkpt>
      <trkpt lat="32.0192493964" lon="120.890186084">
        <ele>10.4</ele>
        <time>2026-09-04T14:20:47+0800</time>
        <extensions>
          <gpxtpx:TrackPointExtension>
            <gpxtpx:hr>165</gpxtpx:hr>
            <gpxtpx:cad>88</gpxtpx:cad>
          </gpxtpx:TrackPointExtension>
        </extensions>
      </trkpt>
      <trkpt lat="32.0192508213" lon="120.890155826">
        <ele>10.4</ele>
        <time>2026-09-04T14:20:48+0800</time>
        <extensions>
          <gpxtpx:TrackPointExtension>
            <gpxtpx:hr>165</gpxtpx:hr>
            <gpxtpx:cad>88</gpxtpx:cad>
          </gpxtpx:TrackPointExtension>
        </extensions>
      </trkpt>
      <trkpt lat="32.0192594547" lon="120.890113665">
        <ele>10.2</ele>
        <time>2026-09-04T14:20:49+0800</time>
        <extensions>
          <gpxtpx:TrackPointExtension>
            <gpxtpx:hr>165</gpxtpx:hr>
            <gpxtpx:cad>88</gpxtpx:cad>
          </gpxtpx:TrackPointExtension>
        </extensions>
      </trkpt>
      <trkpt lat="32.0192682557" lon="120.890082903">
        <ele>10.2</ele>
        <time>2026-09-04T14:20:50+0800</time>
        <extensions>
          <gpxtpx:TrackPointExtension>
            <gpxtpx:hr>165</gpxtpx:hr>
            <gpxtpx:cad>88</gpxtpx:cad>
          </gpxtpx:TrackPointExtension>
        </extensions>
      </trkpt>
      <trkpt lat="32.0192691777" lon="120.890045604">
        <ele>10.2</ele>
        <time>2026-09-04T14:20:51+0800</time>
        <extensions>
          <gpxtpx:TrackPointExtension>
            <gpxtpx:hr>165</gpxtpx:hr>
            <gpxtpx:cad>88</gpxtpx:cad>
          </gpxtpx:TrackPointExtension>
        </extensions>
      </trkpt>
      <trkpt lat="32.0192771405" lon="120.890015429">
        <ele>10.2</ele>
        <time>2026-09-04T14:20:52+0800</time>
        <extensions>
          <gpxtpx:TrackPointExtension>
            <gpxtpx:hr>165</gpxtpx:hr>
            <gpxtpx:cad>88</gpxtpx:cad>
          </gpxtpx:TrackPointExtension>
        </extensions>
      </trkpt>
      <trkpt lat="32.0192766376" lon="120.889984751">
        <ele>10.2</ele>
        <time>2026-09-04T14:20:53+0800</time>
        <extensions>
          <gpxtpx:TrackPointExtension>
            <gpxtpx:hr>165</gpxtpx:hr>
            <gpxtpx:cad>88</gpxtpx:cad>
          </gpxtpx:TrackPointExtension>
        </extensions>
      </trkpt>
      <trkpt lat="32.0192859415" lon="120.889948877">
        <ele>10.2</ele>
        <time>2026-09-04T14:20:54+0800</time>
        <extensions>
          <gpxtpx:TrackPointExtension>
            <gpxtpx:hr>165</gpxtpx:hr>
            <gpxtpx:cad>87</gpxtpx:cad>
          </gpxtpx:TrackPointExtension>
        </extensions>
      </trkpt>
      <trkpt lat="32.0192934014" lon="120.889912751">
        <ele>10.2</ele>
        <time>2026-09-04T14:20:55+0800</time>
        <extensions>
          <gpxtpx:TrackPointExtension>
            <gpxtpx:hr>166</gpxtpx:hr>
            <gpxtpx:cad>87</gpxtpx:cad>
          </gpxtpx:TrackPointExtension>
        </extensions>
      </trkpt>
      <trkpt lat="32.0193044655" lon="120.889881486">
        <ele>10.2</ele>
        <time>2026-09-04T14:20:56+0800</time>
        <extensions>
          <gpxtpx:TrackPointExtension>
            <gpxtpx:hr>165</gpxtpx:hr>
            <gpxtpx:cad>87</gpxtpx:cad>
          </gpxtpx:TrackPointExtension>
        </extensions>
      </trkpt>
      <trkpt lat="32.0193089917" lon="120.889852317">
        <ele>10.2</ele>
        <time>2026-09-04T14:20:57+0800</time>
        <extensions>
          <gpxtpx:TrackPointExtension>
            <gpxtpx:hr>165</gpxtpx:hr>
            <gpxtpx:cad>87</gpxtpx:cad>
          </gpxtpx:TrackPointExtension>
        </extensions>
      </trkpt>
      <trkpt lat="32.0193159487" lon="120.889816023">
        <ele>10.2</ele>
        <time>2026-09-04T14:20:58+0800</time>
        <extensions>
          <gpxtpx:TrackPointExtension>
            <gpxtpx:hr>165</gpxtpx:hr>
            <gpxtpx:cad>87</gpxtpx:cad>
          </gpxtpx:TrackPointExtension>
        </extensions>
      </trkpt>
      <trkpt lat="32.0193162002" lon="120.889793728">
        <ele>10.2</ele>
        <time>2026-09-04T14:20:59+0800</time>
        <extensions>
          <gpxtpx:TrackPointExtension>
            <gpxtpx:hr>165</gpxtpx:hr>
            <gpxtpx:cad>87</gpxtpx:cad>
          </gpxtpx:TrackPointExtension>
        </extensions>
      </trkpt>
      <trkpt lat="32.019330617" lon="120.889758524">
        <ele>10.2</ele>
        <time>2026-09-04T14:21:00+0800</time>
        <extensions>
          <gpxtpx:TrackPointExtension>
            <gpxtpx:hr>165</gpxtpx:hr>
            <gpxtpx:cad>87</gpxtpx:cad>
          </gpxtpx:TrackPointExtension>
        </extensions>
      </trkpt>
      <trkpt lat="32.0193395019" lon="120.889731785">
        <ele>10.2</ele>
        <time>2026-09-04T14:21:01+0800</time>
        <extensions>
          <gpxtpx:TrackPointExtension>
            <gpxtpx:hr>165</gpxtpx:hr>
            <gpxtpx:cad>87</gpxtpx:cad>
          </gpxtpx:TrackPointExtension>
        </extensions>
      </trkpt>
      <trkpt lat="32.019348722" lon="120.889699683">
        <ele>10.4</ele>
        <time>2026-09-04T14:21:02+0800</time>
        <extensions>
          <gpxtpx:TrackPointExtension>
            <gpxtpx:hr>165</gpxtpx:hr>
            <gpxtpx:cad>86</gpxtpx:cad>
          </gpxtpx:TrackPointExtension>
        </extensions>
      </trkpt>
      <trkpt lat="32.0193586964" lon="120.88966758">
        <ele>10.4</ele>
        <time>2026-09-04T14:21:03+0800</time>
        <extensions>
          <gpxtpx:TrackPointExtension>
            <gpxtpx:hr>165</gpxtpx:hr>
            <gpxtpx:cad>86</gpxtpx:cad>
          </gpxtpx:TrackPointExtension>
        </extensions>
      </trkpt>
      <trkpt lat="32.0193653181" lon="120.889633466">
        <ele>10.4</ele>
        <time>2026-09-04T14:21:04+0800</time>
        <extensions>
          <gpxtpx:TrackPointExtension>
            <gpxtpx:hr>165</gpxtpx:hr>
            <gpxtpx:cad>86</gpxtpx:cad>
          </gpxtpx:TrackPointExtension>
        </extensions>
      </trkpt>
      <trkpt lat="32.0193780586" lon="120.889602369">
        <ele>10.6</ele>
        <time>2026-09-04T14:21:05+0800</time>
        <extensions>
          <gpxtpx:TrackPointExtension>
            <gpxtpx:hr>164</gpxtpx:hr>
            <gpxtpx:cad>87</gpxtpx:cad>
          </gpxtpx:TrackPointExtension>
        </extensions>
      </trkpt>
      <trkpt lat="32.0193800703" lon="120.889571523">
        <ele>10.6</ele>
        <time>2026-09-04T14:21:06+0800</time>
        <extensions>
          <gpxtpx:TrackPointExtension>
            <gpxtpx:hr>165</gpxtpx:hr>
            <gpxtpx:cad>87</gpxtpx:cad>
          </gpxtpx:TrackPointExtension>
        </extensions>
      </trkpt>
      <trkpt lat="32.0193930622" lon="120.889535146">
        <ele>10.6</ele>
        <time>2026-09-04T14:21:07+0800</time>
        <extensions>
          <gpxtpx:TrackPointExtension>
            <gpxtpx:hr>164</gpxtpx:hr>
            <gpxtpx:cad>87</gpxtpx:cad>
          </gpxtpx:TrackPointExtension>
        </extensions>
      </trkpt>
      <trkpt lat="32.0193970017" lon="120.889507905">
        <ele>10.6</ele>
        <time>2026-09-04T14:21:08+0800</time>
        <extensions>
          <gpxtpx:TrackPointExtension>
            <gpxtpx:hr>165</gpxtpx:hr>
            <gpxtpx:cad>87</gpxtpx:cad>
          </gpxtpx:TrackPointExtension>
        </extensions>
      </trkpt>
      <trkpt lat="32.0194078982" lon="120.889475383">
        <ele>10.4</ele>
        <time>2026-09-04T14:21:09+0800</time>
        <extensions>
          <gpxtpx:TrackPointExtension>
            <gpxtpx:hr>164</gpxtpx:hr>
            <gpxtpx:cad>87</gpxtpx:cad>
          </gpxtpx:TrackPointExtension>
        </extensions>
      </trkpt>
      <trkpt lat="32.0194084011" lon="120.889443113">
        <ele>10.6</ele>
        <time>2026-09-04T14:21:10+0800</time>
        <extensions>
          <gpxtpx:TrackPointExtension>
            <gpxtpx:hr>164</gpxtpx:hr>
            <gpxtpx:cad>87</gpxtpx:cad>
          </gpxtpx:TrackPointExtension>
        </extensions>
      </trkpt>
      <trkpt lat="32.0194156095" lon="120.889408914">
        <ele>10.6</ele>
        <time>2026-09-04T14:21:11+0800</time>
        <extensions>
          <gpxtpx:TrackPointExtension>
            <gpxtpx:hr>164</gpxtpx:hr>
            <gpxtpx:cad>88</gpxtpx:cad>
          </gpxtpx:TrackPointExtension>
        </extensions>
      </trkpt>
      <trkpt lat="32.019416783" lon="120.889383014">
        <ele>10.6</ele>
        <time>2026-09-04T14:21:12+0800</time>
        <extensions>
          <gpxtpx:TrackPointExtension>
            <gpxtpx:hr>164</gpxtpx:hr>
            <gpxtpx:cad>88</gpxtpx:cad>
          </gpxtpx:TrackPointExtension>
        </extensions>
      </trkpt>
      <trkpt lat="32.0194252487" lon="120.889339596">
        <ele>10.6</ele>
        <time>2026-09-04T14:21:13+0800</time>
        <extensions>
          <gpxtpx:TrackPointExtension>
            <gpxtpx:hr>164</gpxtpx:hr>
            <gpxtpx:cad>89</gpxtpx:cad>
          </gpxtpx:TrackPointExtension>
        </extensions>
      </trkpt>
      <trkpt lat="32.019430697" lon="120.889315121">
        <ele>10.6</ele>
        <time>2026-09-04T14:21:14+0800</time>
        <extensions>
          <gpxtpx:TrackPointExtension>
            <gpxtpx:hr>164</gpxtpx:hr>
            <gpxtpx:cad>89</gpxtpx:cad>
          </gpxtpx:TrackPointExtension>
        </extensions>
      </trkpt>
      <trkpt lat="32.019439498" lon="120.889279833">
        <ele>10.6</ele>
        <time>2026-09-04T14:21:15+0800</time>
        <extensions>
          <gpxtpx:TrackPointExtension>
            <gpxtpx:hr>164</gpxtpx:hr>
            <gpxtpx:cad>89</gpxtpx:cad>
          </gpxtpx:TrackPointExtension>
        </extensions>
      </trkpt>
      <trkpt lat="32.0194436889" lon="120.889248233">
        <ele>10.4</ele>
        <time>2026-09-04T14:21:16+0800</time>
        <extensions>
          <gpxtpx:TrackPointExtension>
            <gpxtpx:hr>164</gpxtpx:hr>
            <gpxtpx:cad>90</gpxtpx:cad>
          </gpxtpx:TrackPointExtension>
        </extensions>
      </trkpt>
      <trkpt lat="32.0194512326" lon="120.889205486">
        <ele>10.4</ele>
        <time>2026-09-04T14:21:17+0800</time>
        <extensions>
          <gpxtpx:TrackPointExtension>
            <gpxtpx:hr>164</gpxtpx:hr>
            <gpxtpx:cad>89</gpxtpx:cad>
          </gpxtpx:TrackPointExtension>
        </extensions>
      </trkpt>
      <trkpt lat="32.0194493048" lon="120.889178244">
        <ele>10.4</ele>
        <time>2026-09-04T14:21:18+0800</time>
        <extensions>
          <gpxtpx:TrackPointExtension>
            <gpxtpx:hr>163</gpxtpx:hr>
            <gpxtpx:cad>90</gpxtpx:cad>
          </gpxtpx:TrackPointExtension>
        </extensions>
      </trkpt>
      <trkpt lat="32.0194575191" lon="120.889141113">
        <ele>10.4</ele>
        <time>2026-09-04T14:21:19+0800</time>
        <extensions>
          <gpxtpx:TrackPointExtension>
            <gpxtpx:hr>164</gpxtpx:hr>
            <gpxtpx:cad>89</gpxtpx:cad>
          </gpxtpx:TrackPointExtension>
        </extensions>
      </trkpt>
      <trkpt lat="32.0194608718" lon="120.889112111">
        <ele>10.4</ele>
        <time>2026-09-04T14:21:20+0800</time>
        <extensions>
          <gpxtpx:TrackPointExtension>
            <gpxtpx:hr>164</gpxtpx:hr>
            <gpxtpx:cad>89</gpxtpx:cad>
          </gpxtpx:TrackPointExtension>
        </extensions>
      </trkpt>
      <trkpt lat="32.0194700919" lon="120.889068861">
        <ele>10.4</ele>
        <time>2026-09-04T14:21:21+0800</time>
        <extensions>
          <gpxtpx:TrackPointExtension>
            <gpxtpx:hr>164</gpxtpx:hr>
            <gpxtpx:cad>89</gpxtpx:cad>
          </gpxtpx:TrackPointExtension>
        </extensions>
      </trkpt>
      <trkpt lat="32.0194805693" lon="120.889035333">
        <ele>10.4</ele>
        <time>2026-09-04T14:21:22+0800</time>
        <extensions>
          <gpxtpx:TrackPointExtension>
            <gpxtpx:hr>163</gpxtpx:hr>
            <gpxtpx:cad>89</gpxtpx:cad>
          </gpxtpx:TrackPointExtension>
        </extensions>
      </trkpt>
      <trkpt lat="32.0194926392" lon="120.888997028">
        <ele>10.4</ele>
        <time>2026-09-04T14:21:23+0800</time>
        <extensions>
          <gpxtpx:TrackPointExtension>
            <gpxtpx:hr>164</gpxtpx:hr>
            <gpxtpx:cad>89</gpxtpx:cad>
          </gpxtpx:TrackPointExtension>
        </extensions>
      </trkpt>
      <trkpt lat="32.0194975846" lon="120.888965176">
        <ele>10.6</ele>
        <time>2026-09-04T14:21:24+0800</time>
        <extensions>
          <gpxtpx:TrackPointExtension>
            <gpxtpx:hr>164</gpxtpx:hr>
            <gpxtpx:cad>89</gpxtpx:cad>
          </gpxtpx:TrackPointExtension>
        </extensions>
      </trkpt>
      <trkpt lat="32.0195043739" lon="120.888922596">
        <ele>10.6</ele>
        <time>2026-09-04T14:21:25+0800</time>
        <extensions>
          <gpxtpx:TrackPointExtension>
            <gpxtpx:hr>164</gpxtpx:hr>
            <gpxtpx:cad>89</gpxtpx:cad>
          </gpxtpx:TrackPointExtension>
        </extensions>
      </trkpt>
      <trkpt lat="32.01951175" lon="120.888893176">
        <ele>10.6</ele>
        <time>2026-09-04T14:21:26+0800</time>
        <extensions>
          <gpxtpx:TrackPointExtension>
            <gpxtpx:hr>163</gpxtpx:hr>
            <gpxtpx:cad>89</gpxtpx:cad>
          </gpxtpx:TrackPointExtension>
        </extensions>
      </trkpt>
      <trkpt lat="32.0195265021" lon="120.888852021">
        <ele>10.6</ele>
        <time>2026-09-04T14:21:27+0800</time>
        <extensions>
          <gpxtpx:TrackPointExtension>
            <gpxtpx:hr>164</gpxtpx:hr>
            <gpxtpx:cad>89</gpxtpx:cad>
          </gpxtpx:TrackPointExtension>
        </extensions>
      </trkpt>
      <trkpt lat="32.0195512287" lon="120.888824193">
        <ele>10.8</ele>
        <time>2026-09-04T14:21:28+0800</time>
        <extensions>
          <gpxtpx:TrackPointExtension>
            <gpxtpx:hr>164</gpxtpx:hr>
            <gpxtpx:cad>88</gpxtpx:cad>
          </gpxtpx:TrackPointExtension>
        </extensions>
      </trkpt>
      <trkpt lat="32.0195702557" lon="120.888800053">
        <ele>10.8</ele>
        <time>2026-09-04T14:21:29+0800</time>
        <extensions>
          <gpxtpx:TrackPointExtension>
            <gpxtpx:hr>163</gpxtpx:hr>
            <gpxtpx:cad>88</gpxtpx:cad>
          </gpxtpx:TrackPointExtension>
        </extensions>
      </trkpt>
      <trkpt lat="32.0196042862" lon="120.888789659">
        <ele>10.8</ele>
        <time>2026-09-04T14:21:30+0800</time>
        <extensions>
          <gpxtpx:TrackPointExtension>
            <gpxtpx:hr>164</gpxtpx:hr>
            <gpxtpx:cad>88</gpxtpx:cad>
          </gpxtpx:TrackPointExtension>
        </extensions>
      </trkpt>
      <trkpt lat="32.0196262468" lon="120.888782199">
        <ele>10.8</ele>
        <time>2026-09-04T14:21:31+0800</time>
        <extensions>
          <gpxtpx:TrackPointExtension>
            <gpxtpx:hr>164</gpxtpx:hr>
            <gpxtpx:cad>88</gpxtpx:cad>
          </gpxtpx:TrackPointExtension>
        </extensions>
      </trkpt>
      <trkpt lat="32.0196614508" lon="120.888785888">
        <ele>10.8</ele>
        <time>2026-09-04T14:21:32+0800</time>
        <extensions>
          <gpxtpx:TrackPointExtension>
            <gpxtpx:hr>163</gpxtpx:hr>
            <gpxtpx:cad>87</gpxtpx:cad>
          </gpxtpx:TrackPointExtension>
        </extensions>
      </trkpt>
      <trkpt lat="32.0196840819" lon="120.888780272">
        <ele>10.8</ele>
        <time>2026-09-04T14:21:33+0800</time>
        <extensions>
          <gpxtpx:TrackPointExtension>
            <gpxtpx:hr>164</gpxtpx:hr>
            <gpxtpx:cad>87</gpxtpx:cad>
          </gpxtpx:TrackPointExtension>
        </extensions>
      </trkpt>
      <trkpt lat="32.0197213814" lon="120.888788151">
        <ele>10.8</ele>
        <time>2026-09-04T14:21:34+0800</time>
        <extensions>
          <gpxtpx:TrackPointExtension>
            <gpxtpx:hr>164</gpxtpx:hr>
            <gpxtpx:cad>87</gpxtpx:cad>
          </gpxtpx:TrackPointExtension>
        </extensions>
      </trkpt>
      <trkpt lat="32.0197440125" lon="120.888789827">
        <ele>10.8</ele>
        <time>2026-09-04T14:21:35+0800</time>
        <extensions>
          <gpxtpx:TrackPointExtension>
            <gpxtpx:hr>164</gpxtpx:hr>
            <gpxtpx:cad>87</gpxtpx:cad>
          </gpxtpx:TrackPointExtension>
        </extensions>
      </trkpt>
      <trkpt lat="32.0197786298" lon="120.888792844">
        <ele>10.6</ele>
        <time>2026-09-04T14:21:36+0800</time>
        <extensions>
          <gpxtpx:TrackPointExtension>
            <gpxtpx:hr>163</gpxtpx:hr>
            <gpxtpx:cad>87</gpxtpx:cad>
          </gpxtpx:TrackPointExtension>
        </extensions>
      </trkpt>
      <trkpt lat="32.0198002551" lon="120.888800304">
        <ele>10.6</ele>
        <time>2026-09-04T14:21:37+0800</time>
        <extensions>
          <gpxtpx:TrackPointExtension>
            <gpxtpx:hr>164</gpxtpx:hr>
            <gpxtpx:cad>87</gpxtpx:cad>
          </gpxtpx:TrackPointExtension>
        </extensions>
      </trkpt>
      <trkpt lat="32.0198310167" lon="120.888807597">
        <ele>10.6</ele>
        <time>2026-09-04T14:21:38+0800</time>
        <extensions>
          <gpxtpx:TrackPointExtension>
            <gpxtpx:hr>163</gpxtpx:hr>
            <gpxtpx:cad>87</gpxtpx:cad>
          </gpxtpx:TrackPointExtension>
        </extensions>
      </trkpt>
      <trkpt lat="32.01985633" lon="120.888811117">
        <ele>10.4</ele>
        <time>2026-09-04T14:21:39+0800</time>
        <extensions>
          <gpxtpx:TrackPointExtension>
            <gpxtpx:hr>163</gpxtpx:hr>
            <gpxtpx:cad>87</gpxtpx:cad>
          </gpxtpx:TrackPointExtension>
        </extensions>
      </trkpt>
      <trkpt lat="32.0198833197" lon="120.888811536">
        <ele>10.4</ele>
        <time>2026-09-04T14:21:40+0800</time>
        <extensions>
          <gpxtpx:TrackPointExtension>
            <gpxtpx:hr>163</gpxtpx:hr>
            <gpxtpx:cad>87</gpxtpx:cad>
          </gpxtpx:TrackPointExtension>
        </extensions>
      </trkpt>
      <trkpt lat="32.0199084654" lon="120.888818828">
        <ele>10.4</ele>
        <time>2026-09-04T14:21:41+0800</time>
        <extensions>
          <gpxtpx:TrackPointExtension>
            <gpxtpx:hr>163</gpxtpx:hr>
            <gpxtpx:cad>88</gpxtpx:cad>
          </gpxtpx:TrackPointExtension>
        </extensions>
      </trkpt>
      <trkpt lat="32.019941574" lon="120.88882369">
        <ele>10.4</ele>
        <time>2026-09-04T14:21:42+0800</time>
        <extensions>
          <gpxtpx:TrackPointExtension>
            <gpxtpx:hr>164</gpxtpx:hr>
            <gpxtpx:cad>88</gpxtpx:cad>
          </gpxtpx:TrackPointExtension>
        </extensions>
      </trkpt>
      <trkpt lat="32.0199692342" lon="120.888835927">
        <ele>10.2</ele>
        <time>2026-09-04T14:21:43+0800</time>
        <extensions>
          <gpxtpx:TrackPointExtension>
            <gpxtpx:hr>163</gpxtpx:hr>
            <gpxtpx:cad>88</gpxtpx:cad>
          </gpxtpx:TrackPointExtension>
        </extensions>
      </trkpt>
      <trkpt lat="32.0199973974" lon="120.888843387">
        <ele>10.2</ele>
        <time>2026-09-04T14:21:44+0800</time>
        <extensions>
          <gpxtpx:TrackPointExtension>
            <gpxtpx:hr>163</gpxtpx:hr>
            <gpxtpx:cad>88</gpxtpx:cad>
          </gpxtpx:TrackPointExtension>
        </extensions>
      </trkpt>
      <trkpt lat="32.0200315118" lon="120.888855122">
        <ele>10.2</ele>
        <time>2026-09-04T14:21:45+0800</time>
        <extensions>
          <gpxtpx:TrackPointExtension>
            <gpxtpx:hr>164</gpxtpx:hr>
            <gpxtpx:cad>88</gpxtpx:cad>
          </gpxtpx:TrackPointExtension>
        </extensions>
      </trkpt>
      <trkpt lat="32.0200609323" lon="120.888853278">
        <ele>10.2</ele>
        <time>2026-09-04T14:21:46+0800</time>
        <extensions>
          <gpxtpx:TrackPointExtension>
            <gpxtpx:hr>163</gpxtpx:hr>
            <gpxtpx:cad>88</gpxtpx:cad>
          </gpxtpx:TrackPointExtension>
        </extensions>
      </trkpt>
      <trkpt lat="32.0200956333" lon="120.888871886">
        <ele>10.2</ele>
        <time>2026-09-04T14:21:47+0800</time>
        <extensions>
          <gpxtpx:TrackPointExtension>
            <gpxtpx:hr>163</gpxtpx:hr>
            <gpxtpx:cad>88</gpxtpx:cad>
          </gpxtpx:TrackPointExtension>
        </extensions>
      </trkpt>
      <trkpt lat="32.0201199409" lon="120.888871802">
        <ele>10.2</ele>
        <time>2026-09-04T14:21:48+0800</time>
        <extensions>
          <gpxtpx:TrackPointExtension>
            <gpxtpx:hr>163</gpxtpx:hr>
            <gpxtpx:cad>88</gpxtpx:cad>
          </gpxtpx:TrackPointExtension>
        </extensions>
      </trkpt>
      <trkpt lat="32.0201588329" lon="120.888888817">
        <ele>10.4</ele>
        <time>2026-09-04T14:21:49+0800</time>
        <extensions>
          <gpxtpx:TrackPointExtension>
            <gpxtpx:hr>163</gpxtpx:hr>
            <gpxtpx:cad>88</gpxtpx:cad>
          </gpxtpx:TrackPointExtension>
        </extensions>
      </trkpt>
      <trkpt lat="32.0201851521" lon="120.888894936">
        <ele>10.4</ele>
        <time>2026-09-04T14:21:50+0800</time>
        <extensions>
          <gpxtpx:TrackPointExtension>
            <gpxtpx:hr>163</gpxtpx:hr>
            <gpxtpx:cad>88</gpxtpx:cad>
          </gpxtpx:TrackPointExtension>
        </extensions>
      </trkpt>
      <trkpt lat="32.0202203561" lon="120.888909018">
        <ele>10.4</ele>
        <time>2026-09-04T14:21:51+0800</time>
        <extensions>
          <gpxtpx:TrackPointExtension>
            <gpxtpx:hr>162</gpxtpx:hr>
            <gpxtpx:cad>88</gpxtpx:cad>
          </gpxtpx:TrackPointExtension>
        </extensions>
      </trkpt>
      <trkpt lat="32.0202408079" lon="120.888913544">
        <ele>10.4</ele>
        <time>2026-09-04T14:21:52+0800</time>
        <extensions>
          <gpxtpx:TrackPointExtension>
            <gpxtpx:hr>163</gpxtpx:hr>
            <gpxtpx:cad>88</gpxtpx:cad>
          </gpxtpx:TrackPointExtension>
        </extensions>
      </trkpt>
      <trkpt lat="32.0202757604" lon="120.888923099">
        <ele>10.4</ele>
        <time>2026-09-04T14:21:53+0800</time>
        <extensions>
          <gpxtpx:TrackPointExtension>
            <gpxtpx:hr>163</gpxtpx:hr>
            <gpxtpx:cad>88</gpxtpx:cad>
          </gpxtpx:TrackPointExtension>
        </extensions>
      </trkpt>
      <trkpt lat="32.0202961285" lon="120.888928464">
        <ele>10.4</ele>
        <time>2026-09-04T14:21:54+0800</time>
        <extensions>
          <gpxtpx:TrackPointExtension>
            <gpxtpx:hr>162</gpxtpx:hr>
            <gpxtpx:cad>88</gpxtpx:cad>
          </gpxtpx:TrackPointExtension>
        </extensions>
      </trkpt>
      <trkpt lat="32.0203251299" lon="120.888939193">
        <ele>10.4</ele>
        <time>2026-09-04T14:21:55+0800</time>
        <extensions>
          <gpxtpx:TrackPointExtension>
            <gpxtpx:hr>162</gpxtpx:hr>
            <gpxtpx:cad>88</gpxtpx:cad>
          </gpxtpx:TrackPointExtension>
        </extensions>
      </trkpt>
      <trkpt lat="32.020349605" lon="120.88894397">
        <ele>10.4</ele>
        <time>2026-09-04T14:21:56+0800</time>
        <extensions>
          <gpxtpx:TrackPointExtension>
            <gpxtpx:hr>162</gpxtpx:hr>
            <gpxtpx:cad>88</gpxtpx:cad>
          </gpxtpx:TrackPointExtension>
        </extensions>
      </trkpt>
      <trkpt lat="32.0203808695" lon="120.88894791">
        <ele>10.4</ele>
        <time>2026-09-04T14:21:57+0800</time>
        <extensions>
          <gpxtpx:TrackPointExtension>
            <gpxtpx:hr>163</gpxtpx:hr>
            <gpxtpx:cad>88</gpxtpx:cad>
          </gpxtpx:TrackPointExtension>
        </extensions>
      </trkpt>
      <trkpt lat="32.0204082783" lon="120.888960985">
        <ele>10.2</ele>
        <time>2026-09-04T14:21:58+0800</time>
        <extensions>
          <gpxtpx:TrackPointExtension>
            <gpxtpx:hr>162</gpxtpx:hr>
            <gpxtpx:cad>88</gpxtpx:cad>
          </gpxtpx:TrackPointExtension>
        </extensions>
      </trkpt>
      <trkpt lat="32.0204353519" lon="120.888963919">
        <ele>10.2</ele>
        <time>2026-09-04T14:21:59+0800</time>
        <extensions>
          <gpxtpx:TrackPointExtension>
            <gpxtpx:hr>162</gpxtpx:hr>
            <gpxtpx:cad>88</gpxtpx:cad>
          </gpxtpx:TrackPointExtension>
        </extensions>
      </trkpt>
      <trkpt lat="32.0204656944" lon="120.888975067">
        <ele>10.2</ele>
        <time>2026-09-04T14:22:00+0800</time>
        <extensions>
          <gpxtpx:TrackPointExtension>
            <gpxtpx:hr>162</gpxtpx:hr>
            <gpxtpx:cad>88</gpxtpx:cad>
          </gpxtpx:TrackPointExtension>
        </extensions>
      </trkpt>
      <trkpt lat="32.0204936899" lon="120.888977246">
        <ele>10.2</ele>
        <time>2026-09-04T14:22:01+0800</time>
        <extensions>
          <gpxtpx:TrackPointExtension>
            <gpxtpx:hr>162</gpxtpx:hr>
            <gpxtpx:cad>88</gpxtpx:cad>
          </gpxtpx:TrackPointExtension>
        </extensions>
      </trkpt>
      <trkpt lat="32.0205278043" lon="120.888981689">
        <ele>10.2</ele>
        <time>2026-09-04T14:22:02+0800</time>
        <extensions>
          <gpxtpx:TrackPointExtension>
            <gpxtpx:hr>162</gpxtpx:hr>
            <gpxtpx:cad>88</gpxtpx:cad>
          </gpxtpx:TrackPointExtension>
        </extensions>
      </trkpt>
      <trkpt lat="32.0205486752" lon="120.888975151">
        <ele>10.2</ele>
        <time>2026-09-04T14:22:03+0800</time>
        <extensions>
          <gpxtpx:TrackPointExtension>
            <gpxtpx:hr>162</gpxtpx:hr>
            <gpxtpx:cad>87</gpxtpx:cad>
          </gpxtpx:TrackPointExtension>
        </extensions>
      </trkpt>
      <trkpt lat="32.0205832087" lon="120.888980767">
        <ele>10.0</ele>
        <time>2026-09-04T14:22:04+0800</time>
        <extensions>
          <gpxtpx:TrackPointExtension>
            <gpxtpx:hr>162</gpxtpx:hr>
            <gpxtpx:cad>87</gpxtpx:cad>
          </gpxtpx:TrackPointExtension>
        </extensions>
      </trkpt>
      <trkpt lat="32.0206071809" lon="120.88898303">
        <ele>10.0</ele>
        <time>2026-09-04T14:22:05+0800</time>
        <extensions>
          <gpxtpx:TrackPointExtension>
            <gpxtpx:hr>162</gpxtpx:hr>
            <gpxtpx:cad>87</gpxtpx:cad>
          </gpxtpx:TrackPointExtension>
        </extensions>
      </trkpt>
      <trkpt lat="32.0206436422" lon="120.888991747">
        <ele>10.0</ele>
        <time>2026-09-04T14:22:06+0800</time>
        <extensions>
          <gpxtpx:TrackPointExtension>
            <gpxtpx:hr>162</gpxtpx:hr>
            <gpxtpx:cad>87</gpxtpx:cad>
          </gpxtpx:TrackPointExtension>
        </extensions>
      </trkpt>
      <trkpt lat="32.0206656866" lon="120.888995519">
        <ele>10.0</ele>
        <time>2026-09-04T14:22:07+0800</time>
        <extensions>
          <gpxtpx:TrackPointExtension>
            <gpxtpx:hr>161</gpxtpx:hr>
            <gpxtpx:cad>87</gpxtpx:cad>
          </gpxtpx:TrackPointExtension>
        </extensions>
      </trkpt>
      <trkpt lat="32.0206997171" lon="120.889008092">
        <ele>10.2</ele>
        <time>2026-09-04T14:22:08+0800</time>
        <extensions>
          <gpxtpx:TrackPointExtension>
            <gpxtpx:hr>161</gpxtpx:hr>
            <gpxtpx:cad>87</gpxtpx:cad>
          </gpxtpx:TrackPointExtension>
        </extensions>
      </trkpt>
      <trkpt lat="32.0207254495" lon="120.889023012">
        <ele>10.2</ele>
        <time>2026-09-04T14:22:09+0800</time>
        <extensions>
          <gpxtpx:TrackPointExtension>
            <gpxtpx:hr>160</gpxtpx:hr>
            <gpxtpx:cad>87</gpxtpx:cad>
          </gpxtpx:TrackPointExtension>
        </extensions>
      </trkpt>
      <trkpt lat="32.0207531936" lon="120.889034914">
        <ele>10.2</ele>
        <time>2026-09-04T14:22:10+0800</time>
        <extensions>
          <gpxtpx:TrackPointExtension>
            <gpxtpx:hr>160</gpxtpx:hr>
            <gpxtpx:cad>88</gpxtpx:cad>
          </gpxtpx:TrackPointExtension>
        </extensions>
      </trkpt>
      <trkpt lat="32.0207824465" lon="120.88905545">
        <ele>10.0</ele>
        <time>2026-09-04T14:22:11+0800</time>
        <extensions>
          <gpxtpx:TrackPointExtension>
            <gpxtpx:hr>160</gpxtpx:hr>
            <gpxtpx:cad>88</gpxtpx:cad>
          </gpxtpx:TrackPointExtension>
        </extensions>
      </trkpt>
      <trkpt lat="32.0208116993" lon="120.889065927">
        <ele>10.0</ele>
        <time>2026-09-04T14:22:12+0800</time>
        <extensions>
          <gpxtpx:TrackPointExtension>
            <gpxtpx:hr>159</gpxtpx:hr>
            <gpxtpx:cad>88</gpxtpx:cad>
          </gpxtpx:TrackPointExtension>
        </extensions>
      </trkpt>
      <trkpt lat="32.0208396949" lon="120.889084954">
        <ele>10.0</ele>
        <time>2026-09-04T14:22:13+0800</time>
        <extensions>
          <gpxtpx:TrackPointExtension>
            <gpxtpx:hr>159</gpxtpx:hr>
            <gpxtpx:cad>88</gpxtpx:cad>
          </gpxtpx:TrackPointExtension>
        </extensions>
      </trkpt>
      <trkpt lat="32.0208658464" lon="120.889090737">
        <ele>10.0</ele>
        <time>2026-09-04T14:22:14+0800</time>
        <extensions>
          <gpxtpx:TrackPointExtension>
            <gpxtpx:hr>158</gpxtpx:hr>
            <gpxtpx:cad>88</gpxtpx:cad>
          </gpxtpx:TrackPointExtension>
        </extensions>
      </trkpt>
      <trkpt lat="32.0208982006" lon="120.889110686">
        <ele>10.0</ele>
        <time>2026-09-04T14:22:15+0800</time>
        <extensions>
          <gpxtpx:TrackPointExtension>
            <gpxtpx:hr>158</gpxtpx:hr>
            <gpxtpx:cad>88</gpxtpx:cad>
          </gpxtpx:TrackPointExtension>
        </extensions>
      </trkpt>
      <trkpt lat="32.0209204964" lon="120.889118817">
        <ele>10.0</ele>
        <time>2026-09-04T14:22:16+0800</time>
        <extensions>
          <gpxtpx:TrackPointExtension>
            <gpxtpx:hr>158</gpxtpx:hr>
            <gpxtpx:cad>88</gpxtpx:cad>
          </gpxtpx:TrackPointExtension>
        </extensions>
      </trkpt>
      <trkpt lat="32.0209531859" lon="120.889137508">
        <ele>10.0</ele>
        <time>2026-09-04T14:22:17+0800</time>
        <extensions>
          <gpxtpx:TrackPointExtension>
            <gpxtpx:hr>158</gpxtpx:hr>
            <gpxtpx:cad>88</gpxtpx:cad>
          </gpxtpx:TrackPointExtension>
        </extensions>
      </trkpt>
      <trkpt lat="32.0209821034" lon="120.889143795">
        <ele>10.0</ele>
        <time>2026-09-04T14:22:18+0800</time>
        <extensions>
          <gpxtpx:TrackPointExtension>
            <gpxtpx:hr>158</gpxtpx:hr>
            <gpxtpx:cad>88</gpxtpx:cad>
          </gpxtpx:TrackPointExtension>
        </extensions>
      </trkpt>
      <trkpt lat="32.0210131165" lon="120.889151506">
        <ele>10.0</ele>
        <time>2026-09-04T14:22:19+0800</time>
        <extensions>
          <gpxtpx:TrackPointExtension>
            <gpxtpx:hr>159</gpxtpx:hr>
            <gpxtpx:cad>87</gpxtpx:cad>
          </gpxtpx:TrackPointExtension>
        </extensions>
      </trkpt>
      <trkpt lat="32.0210318919" lon="120.889149243">
        <ele>10.0</ele>
        <time>2026-09-04T14:22:20+0800</time>
        <extensions>
          <gpxtpx:TrackPointExtension>
            <gpxtpx:hr>158</gpxtpx:hr>
            <gpxtpx:cad>88</gpxtpx:cad>
          </gpxtpx:TrackPointExtension>
        </extensions>
      </trkpt>
      <trkpt lat="32.0210687723" lon="120.889151087">
        <ele>10.0</ele>
        <time>2026-09-04T14:22:21+0800</time>
        <extensions>
          <gpxtpx:TrackPointExtension>
            <gpxtpx:hr>159</gpxtpx:hr>
            <gpxtpx:cad>88</gpxtpx:cad>
          </gpxtpx:TrackPointExtension>
        </extensions>
      </trkpt>
      <trkpt lat="32.0210918225" lon="120.889146226">
        <ele>10.0</ele>
        <time>2026-09-04T14:22:22+0800</time>
        <extensions>
          <gpxtpx:TrackPointExtension>
            <gpxtpx:hr>159</gpxtpx:hr>
            <gpxtpx:cad>87</gpxtpx:cad>
          </gpxtpx:TrackPointExtension>
        </extensions>
      </trkpt>
      <trkpt lat="32.0211232547" lon="120.889141196">
        <ele>10.0</ele>
        <time>2026-09-04T14:22:23+0800</time>
        <extensions>
          <gpxtpx:TrackPointExtension>
            <gpxtpx:hr>159</gpxtpx:hr>
            <gpxtpx:cad>87</gpxtpx:cad>
          </gpxtpx:TrackPointExtension>
        </extensions>
      </trkpt>
      <trkpt lat="32.0211496577" lon="120.889153769">
        <ele>9.8</ele>
        <time>2026-09-04T14:22:24+0800</time>
        <extensions>
          <gpxtpx:TrackPointExtension>
            <gpxtpx:hr>159</gpxtpx:hr>
            <gpxtpx:cad>87</gpxtpx:cad>
          </gpxtpx:TrackPointExtension>
        </extensions>
      </trkpt>
      <trkpt lat="32.021180084" lon="120.889163492">
        <ele>9.8</ele>
        <time>2026-09-04T14:22:25+0800</time>
        <extensions>
          <gpxtpx:TrackPointExtension>
            <gpxtpx:hr>159</gpxtpx:hr>
            <gpxtpx:cad>87</gpxtpx:cad>
          </gpxtpx:TrackPointExtension>
        </extensions>
      </trkpt>
      <trkpt lat="32.0212031342" lon="120.889187884">
        <ele>9.8</ele>
        <time>2026-09-04T14:22:26+0800</time>
        <extensions>
          <gpxtpx:TrackPointExtension>
            <gpxtpx:hr>159</gpxtpx:hr>
            <gpxtpx:cad>87</gpxtpx:cad>
          </gpxtpx:TrackPointExtension>
        </extensions>
      </trkpt>
      <trkpt lat="32.0212256815" lon="120.889208503">
        <ele>9.8</ele>
        <time>2026-09-04T14:22:27+0800</time>
        <extensions>
          <gpxtpx:TrackPointExtension>
            <gpxtpx:hr>160</gpxtpx:hr>
            <gpxtpx:cad>87</gpxtpx:cad>
          </gpxtpx:TrackPointExtension>
        </extensions>
      </trkpt>
      <trkpt lat="32.0212355722" lon="120.889237169">
        <ele>10.0</ele>
        <time>2026-09-04T14:22:28+0800</time>
        <extensions>
          <gpxtpx:TrackPointExtension>
            <gpxtpx:hr>160</gpxtpx:hr>
            <gpxtpx:cad>87</gpxtpx:cad>
          </gpxtpx:TrackPointExtension>
        </extensions>
      </trkpt>
      <trkpt lat="32.0212374162" lon="120.889263488">
        <ele>10.0</ele>
        <time>2026-09-04T14:22:29+0800</time>
        <extensions>
          <gpxtpx:TrackPointExtension>
            <gpxtpx:hr>160</gpxtpx:hr>
            <gpxtpx:cad>87</gpxtpx:cad>
          </gpxtpx:TrackPointExtension>
        </extensions>
      </trkpt>
      <trkpt lat="32.02123289" lon="120.889303386">
        <ele>10.0</ele>
        <time>2026-09-04T14:22:30+0800</time>
        <extensions>
          <gpxtpx:TrackPointExtension>
            <gpxtpx:hr>161</gpxtpx:hr>
            <gpxtpx:cad>87</gpxtpx:cad>
          </gpxtpx:TrackPointExtension>
        </extensions>
      </trkpt>
      <trkpt lat="32.0212260168" lon="120.88932585">
        <ele>10.2</ele>
        <time>2026-09-04T14:22:31+0800</time>
        <extensions>
          <gpxtpx:TrackPointExtension>
            <gpxtpx:hr>161</gpxtpx:hr>
            <gpxtpx:cad>87</gpxtpx:cad>
          </gpxtpx:TrackPointExtension>
        </extensions>
      </trkpt>
      <trkpt lat="32.0212137792" lon="120.889366334">
        <ele>10.2</ele>
        <time>2026-09-04T14:22:32+0800</time>
        <extensions>
          <gpxtpx:TrackPointExtension>
            <gpxtpx:hr>161</gpxtpx:hr>
            <gpxtpx:cad>87</gpxtpx:cad>
          </gpxtpx:TrackPointExtension>
        </extensions>
      </trkpt>
      <trkpt lat="32.0212103426" lon="120.889397096">
        <ele>10.4</ele>
        <time>2026-09-04T14:22:33+0800</time>
        <extensions>
          <gpxtpx:TrackPointExtension>
            <gpxtpx:hr>161</gpxtpx:hr>
            <gpxtpx:cad>87</gpxtpx:cad>
          </gpxtpx:TrackPointExtension>
        </extensions>
      </trkpt>
      <trkpt lat="32.0212048944" lon="120.889430875">
        <ele>10.4</ele>
        <time>2026-09-04T14:22:34+0800</time>
        <extensions>
          <gpxtpx:TrackPointExtension>
            <gpxtpx:hr>160</gpxtpx:hr>
            <gpxtpx:cad>88</gpxtpx:cad>
          </gpxtpx:TrackPointExtension>
        </extensions>
      </trkpt>
      <trkpt lat="32.0212007035" lon="120.889459541">
        <ele>10.4</ele>
        <time>2026-09-04T14:22:35+0800</time>
        <extensions>
          <gpxtpx:TrackPointExtension>
            <gpxtpx:hr>161</gpxtpx:hr>
            <gpxtpx:cad>88</gpxtpx:cad>
          </gpxtpx:TrackPointExtension>
        </extensions>
      </trkpt>
      <trkpt lat="32.021197686" lon="120.889503881">
        <ele>10.4</ele>
        <time>2026-09-04T14:22:36+0800</time>
        <extensions>
          <gpxtpx:TrackPointExtension>
            <gpxtpx:hr>161</gpxtpx:hr>
            <gpxtpx:cad>88</gpxtpx:cad>
          </gpxtpx:TrackPointExtension>
        </extensions>
      </trkpt>
      <trkpt lat="32.0211856999" lon="120.889535146">
        <ele>10.6</ele>
        <time>2026-09-04T14:22:37+0800</time>
        <extensions>
          <gpxtpx:TrackPointExtension>
            <gpxtpx:hr>161</gpxtpx:hr>
            <gpxtpx:cad>88</gpxtpx:cad>
          </gpxtpx:TrackPointExtension>
        </extensions>
      </trkpt>
      <trkpt lat="32.021175893" lon="120.889572445">
        <ele>10.6</ele>
        <time>2026-09-04T14:22:38+0800</time>
        <extensions>
          <gpxtpx:TrackPointExtension>
            <gpxtpx:hr>162</gpxtpx:hr>
            <gpxtpx:cad>88</gpxtpx:cad>
          </gpxtpx:TrackPointExtension>
        </extensions>
      </trkpt>
      <trkpt lat="32.0211590454" lon="120.889601447">
        <ele>10.4</ele>
        <time>2026-09-04T14:22:39+0800</time>
        <extensions>
          <gpxtpx:TrackPointExtension>
            <gpxtpx:hr>162</gpxtpx:hr>
            <gpxtpx:cad>88</gpxtpx:cad>
          </gpxtpx:TrackPointExtension>
        </extensions>
      </trkpt>
      <trkpt lat="32.0211549383" lon="120.889635896">
        <ele>10.6</ele>
        <time>2026-09-04T14:22:40+0800</time>
        <extensions>
          <gpxtpx:TrackPointExtension>
            <gpxtpx:hr>162</gpxtpx:hr>
            <gpxtpx:cad>88</gpxtpx:cad>
          </gpxtpx:TrackPointExtension>
        </extensions>
      </trkpt>
      <trkpt lat="32.0211447962" lon="120.889671436">
        <ele>10.6</ele>
        <time>2026-09-04T14:22:41+0800</time>
        <extensions>
          <gpxtpx:TrackPointExtension>
            <gpxtpx:hr>162</gpxtpx:hr>
            <gpxtpx:cad>88</gpxtpx:cad>
          </gpxtpx:TrackPointExtension>
        </extensions>
      </trkpt>
      <trkpt lat="32.0211427007" lon="120.889701694">
        <ele>10.6</ele>
        <time>2026-09-04T14:22:42+0800</time>
        <extensions>
          <gpxtpx:TrackPointExtension>
            <gpxtpx:hr>162</gpxtpx:hr>
            <gpxtpx:cad>88</gpxtpx:cad>
          </gpxtpx:TrackPointExtension>
        </extensions>
      </trkpt>
      <trkpt lat="32.021126356" lon="120.889740335">
        <ele>10.4</ele>
        <time>2026-09-04T14:22:43+0800</time>
        <extensions>
          <gpxtpx:TrackPointExtension>
            <gpxtpx:hr>162</gpxtpx:hr>
            <gpxtpx:cad>88</gpxtpx:cad>
          </gpxtpx:TrackPointExtension>
        </extensions>
      </trkpt>
      <trkpt lat="32.021124009" lon="120.889771935">
        <ele>10.4</ele>
        <time>2026-09-04T14:22:44+0800</time>
        <extensions>
          <gpxtpx:TrackPointExtension>
            <gpxtpx:hr>162</gpxtpx:hr>
            <gpxtpx:cad>88</gpxtpx:cad>
          </gpxtpx:TrackPointExtension>
        </extensions>
      </trkpt>
      <trkpt lat="32.0211100951" lon="120.889808144">
        <ele>10.4</ele>
        <time>2026-09-04T14:22:45+0800</time>
        <extensions>
          <gpxtpx:TrackPointExtension>
            <gpxtpx:hr>162</gpxtpx:hr>
            <gpxtpx:cad>87</gpxtpx:cad>
          </gpxtpx:TrackPointExtension>
        </extensions>
      </trkpt>
      <trkpt lat="32.0211038087" lon="120.889835721">
        <ele>10.4</ele>
        <time>2026-09-04T14:22:46+0800</time>
        <extensions>
          <gpxtpx:TrackPointExtension>
            <gpxtpx:hr>162</gpxtpx:hr>
            <gpxtpx:cad>87</gpxtpx:cad>
          </gpxtpx:TrackPointExtension>
        </extensions>
      </trkpt>
      <trkpt lat="32.0210940018" lon="120.889871428">
        <ele>10.4</ele>
        <time>2026-09-04T14:22:47+0800</time>
        <extensions>
          <gpxtpx:TrackPointExtension>
            <gpxtpx:hr>162</gpxtpx:hr>
            <gpxtpx:cad>87</gpxtpx:cad>
          </gpxtpx:TrackPointExtension>
        </extensions>
      </trkpt>
      <trkpt lat="32.0210843626" lon="120.889900345">
        <ele>10.4</ele>
        <time>2026-09-04T14:22:48+0800</time>
        <extensions>
          <gpxtpx:TrackPointExtension>
            <gpxtpx:hr>162</gpxtpx:hr>
            <gpxtpx:cad>87</gpxtpx:cad>
          </gpxtpx:TrackPointExtension>
        </extensions>
      </trkpt>
      <trkpt lat="32.0210736338" lon="120.889932364">
        <ele>10.6</ele>
        <time>2026-09-04T14:22:49+0800</time>
        <extensions>
          <gpxtpx:TrackPointExtension>
            <gpxtpx:hr>162</gpxtpx:hr>
            <gpxtpx:cad>87</gpxtpx:cad>
          </gpxtpx:TrackPointExtension>
        </extensions>
      </trkpt>
      <trkpt lat="32.021070784" lon="120.889958013">
        <ele>10.6</ele>
        <time>2026-09-04T14:22:50+0800</time>
        <extensions>
          <gpxtpx:TrackPointExtension>
            <gpxtpx:hr>163</gpxtpx:hr>
            <gpxtpx:cad>87</gpxtpx:cad>
          </gpxtpx:TrackPointExtension>
        </extensions>
      </trkpt>
      <trkpt lat="32.021061061" lon="120.889996486">
        <ele>10.6</ele>
        <time>2026-09-04T14:22:51+0800</time>
        <extensions>
          <gpxtpx:TrackPointExtension>
            <gpxtpx:hr>163</gpxtpx:hr>
            <gpxtpx:cad>88</gpxtpx:cad>
          </gpxtpx:TrackPointExtension>
        </extensions>
      </trkpt>
      <trkpt lat="32.0210468117" lon="120.890028086">
        <ele>10.6</ele>
        <time>2026-09-04T14:22:52+0800</time>
        <extensions>
          <gpxtpx:TrackPointExtension>
            <gpxtpx:hr>163</gpxtpx:hr>
            <gpxtpx:cad>88</gpxtpx:cad>
          </gpxtpx:TrackPointExtension>
        </extensions>
      </trkpt>
      <trkpt lat="32.0210408606" lon="120.890063625">
        <ele>10.4</ele>
        <time>2026-09-04T14:22:53+0800</time>
        <extensions>
          <gpxtpx:TrackPointExtension>
            <gpxtpx:hr>163</gpxtpx:hr>
            <gpxtpx:cad>88</gpxtpx:cad>
          </gpxtpx:TrackPointExtension>
        </extensions>
      </trkpt>
      <trkpt lat="32.0210310537" lon="120.890096733">
        <ele>10.4</ele>
        <time>2026-09-04T14:22:54+0800</time>
        <extensions>
          <gpxtpx:TrackPointExtension>
            <gpxtpx:hr>163</gpxtpx:hr>
            <gpxtpx:cad>89</gpxtpx:cad>
          </gpxtpx:TrackPointExtension>
        </extensions>
      </trkpt>
      <trkpt lat="32.0210173074" lon="120.890131602">
        <ele>10.4</ele>
        <time>2026-09-04T14:22:55+0800</time>
        <extensions>
          <gpxtpx:TrackPointExtension>
            <gpxtpx:hr>163</gpxtpx:hr>
            <gpxtpx:cad>89</gpxtpx:cad>
          </gpxtpx:TrackPointExtension>
        </extensions>
      </trkpt>
      <trkpt lat="32.0210007112" lon="120.890164543">
        <ele>10.4</ele>
        <time>2026-09-04T14:22:56+0800</time>
        <extensions>
          <gpxtpx:TrackPointExtension>
            <gpxtpx:hr>164</gpxtpx:hr>
            <gpxtpx:cad>89</gpxtpx:cad>
          </gpxtpx:TrackPointExtension>
        </extensions>
      </trkpt>
      <trkpt lat="32.0209984481" lon="120.890201339">
        <ele>10.4</ele>
        <time>2026-09-04T14:22:57+0800</time>
        <extensions>
          <gpxtpx:TrackPointExtension>
            <gpxtpx:hr>164</gpxtpx:hr>
            <gpxtpx:cad>89</gpxtpx:cad>
          </gpxtpx:TrackPointExtension>
        </extensions>
      </trkpt>
      <trkpt lat="32.0209857076" lon="120.890229084">
        <ele>10.6</ele>
        <time>2026-09-04T14:22:58+0800</time>
        <extensions>
          <gpxtpx:TrackPointExtension>
            <gpxtpx:hr>164</gpxtpx:hr>
            <gpxtpx:cad>89</gpxtpx:cad>
          </gpxtpx:TrackPointExtension>
        </extensions>
      </trkpt>
      <trkpt lat="32.0209820196" lon="120.890260516">
        <ele>10.6</ele>
        <time>2026-09-04T14:22:59+0800</time>
        <extensions>
          <gpxtpx:TrackPointExtension>
            <gpxtpx:hr>164</gpxtpx:hr>
            <gpxtpx:cad>89</gpxtpx:cad>
          </gpxtpx:TrackPointExtension>
        </extensions>
      </trkpt>
      <trkpt lat="32.0209657587" lon="120.890292116">
        <ele>10.6</ele>
        <time>2026-09-04T14:23:00+0800</time>
        <extensions>
          <gpxtpx:TrackPointExtension>
            <gpxtpx:hr>164</gpxtpx:hr>
            <gpxtpx:cad>89</gpxtpx:cad>
          </gpxtpx:TrackPointExtension>
        </extensions>
      </trkpt>
      <trkpt lat="32.0209634118" lon="120.890328242">
        <ele>10.6</ele>
        <time>2026-09-04T14:23:01+0800</time>
        <extensions>
          <gpxtpx:TrackPointExtension>
            <gpxtpx:hr>164</gpxtpx:hr>
            <gpxtpx:cad>89</gpxtpx:cad>
          </gpxtpx:TrackPointExtension>
        </extensions>
      </trkpt>
      <trkpt lat="32.020950336" lon="120.890363781">
        <ele>10.6</ele>
        <time>2026-09-04T14:23:02+0800</time>
        <extensions>
          <gpxtpx:TrackPointExtension>
            <gpxtpx:hr>164</gpxtpx:hr>
            <gpxtpx:cad>89</gpxtpx:cad>
          </gpxtpx:TrackPointExtension>
        </extensions>
      </trkpt>
      <trkpt lat="32.0209414512" lon="120.890398147">
        <ele>10.6</ele>
        <time>2026-09-04T14:23:03+0800</time>
        <extensions>
          <gpxtpx:TrackPointExtension>
            <gpxtpx:hr>164</gpxtpx:hr>
            <gpxtpx:cad>89</gpxtpx:cad>
          </gpxtpx:TrackPointExtension>
        </extensions>
      </trkpt>
      <trkpt lat="32.0209324826" lon="120.890433099">
        <ele>10.6</ele>
        <time>2026-09-04T14:23:04+0800</time>
        <extensions>
          <gpxtpx:TrackPointExtension>
            <gpxtpx:hr>163</gpxtpx:hr>
            <gpxtpx:cad>89</gpxtpx:cad>
          </gpxtpx:TrackPointExtension>
        </extensions>
      </trkpt>
      <trkpt lat="32.0209296327" lon="120.890465956">
        <ele>10.6</ele>
        <time>2026-09-04T14:23:05+0800</time>
        <extensions>
          <gpxtpx:TrackPointExtension>
            <gpxtpx:hr>164</gpxtpx:hr>
            <gpxtpx:cad>89</gpxtpx:cad>
          </gpxtpx:TrackPointExtension>
        </extensions>
      </trkpt>
      <trkpt lat="32.0209224243" lon="120.890509207">
        <ele>10.6</ele>
        <time>2026-09-04T14:23:06+0800</time>
        <extensions>
          <gpxtpx:TrackPointExtension>
            <gpxtpx:hr>164</gpxtpx:hr>
            <gpxtpx:cad>89</gpxtpx:cad>
          </gpxtpx:TrackPointExtension>
        </extensions>
      </trkpt>
      <trkpt lat="32.0209241007" lon="120.890539717">
        <ele>10.6</ele>
        <time>2026-09-04T14:23:07+0800</time>
        <extensions>
          <gpxtpx:TrackPointExtension>
            <gpxtpx:hr>163</gpxtpx:hr>
            <gpxtpx:cad>89</gpxtpx:cad>
          </gpxtpx:TrackPointExtension>
        </extensions>
      </trkpt>
      <trkpt lat="32.0209244359" lon="120.890580118">
        <ele>10.4</ele>
        <time>2026-09-04T14:23:08+0800</time>
        <extensions>
          <gpxtpx:TrackPointExtension>
            <gpxtpx:hr>164</gpxtpx:hr>
            <gpxtpx:cad>89</gpxtpx:cad>
          </gpxtpx:TrackPointExtension>
        </extensions>
      </trkpt>
      <trkpt lat="32.0209226757" lon="120.890611131">
        <ele>10.4</ele>
        <time>2026-09-04T14:23:09+0800</time>
        <extensions>
          <gpxtpx:TrackPointExtension>
            <gpxtpx:hr>164</gpxtpx:hr>
            <gpxtpx:cad>89</gpxtpx:cad>
          </gpxtpx:TrackPointExtension>
        </extensions>
      </trkpt>
      <trkpt lat="32.0209166408" lon="120.890648765">
        <ele>10.6</ele>
        <time>2026-09-04T14:23:10+0800</time>
        <extensions>
          <gpxtpx:TrackPointExtension>
            <gpxtpx:hr>163</gpxtpx:hr>
            <gpxtpx:cad>89</gpxtpx:cad>
          </gpxtpx:TrackPointExtension>
        </extensions>
      </trkpt>
      <trkpt lat="32.0209154673" lon="120.89067718">
        <ele>10.4</ele>
        <time>2026-09-04T14:23:11+0800</time>
        <extensions>
          <gpxtpx:TrackPointExtension>
            <gpxtpx:hr>164</gpxtpx:hr>
            <gpxtpx:cad>89</gpxtpx:cad>
          </gpxtpx:TrackPointExtension>
        </extensions>
      </trkpt>
      <trkpt lat="32.020901721" lon="120.890716407">
        <ele>10.6</ele>
        <time>2026-09-04T14:23:12+0800</time>
        <extensions>
          <gpxtpx:TrackPointExtension>
            <gpxtpx:hr>164</gpxtpx:hr>
            <gpxtpx:cad>89</gpxtpx:cad>
          </gpxtpx:TrackPointExtension>
        </extensions>
      </trkpt>
      <trkpt lat="32.0208986197" lon="120.89075027">
        <ele>10.4</ele>
        <time>2026-09-04T14:23:13+0800</time>
        <extensions>
          <gpxtpx:TrackPointExtension>
            <gpxtpx:hr>163</gpxtpx:hr>
            <gpxtpx:cad>89</gpxtpx:cad>
          </gpxtpx:TrackPointExtension>
        </extensions>
      </trkpt>
      <trkpt lat="32.0208891481" lon="120.890791258">
        <ele>10.4</ele>
        <time>2026-09-04T14:23:14+0800</time>
        <extensions>
          <gpxtpx:TrackPointExtension>
            <gpxtpx:hr>164</gpxtpx:hr>
            <gpxtpx:cad>89</gpxtpx:cad>
          </gpxtpx:TrackPointExtension>
        </extensions>
      </trkpt>
      <trkpt lat="32.020879006" lon="120.890823947">
        <ele>10.4</ele>
        <time>2026-09-04T14:23:15+0800</time>
        <extensions>
          <gpxtpx:TrackPointExtension>
            <gpxtpx:hr>164</gpxtpx:hr>
            <gpxtpx:cad>89</gpxtpx:cad>
          </gpxtpx:TrackPointExtension>
        </extensions>
      </trkpt>
      <trkpt lat="32.0208697021" lon="120.890853535">
        <ele>10.4</ele>
        <time>2026-09-04T14:23:16+0800</time>
        <extensions>
          <gpxtpx:TrackPointExtension>
            <gpxtpx:hr>163</gpxtpx:hr>
            <gpxtpx:cad>88</gpxtpx:cad>
          </gpxtpx:TrackPointExtension>
        </extensions>
      </trkpt>
      <trkpt lat="32.0208654273" lon="120.890888739">
        <ele>10.4</ele>
        <time>2026-09-04T14:23:17+0800</time>
        <extensions>
          <gpxtpx:TrackPointExtension>
            <gpxtpx:hr>164</gpxtpx:hr>
            <gpxtpx:cad>88</gpxtpx:cad>
          </gpxtpx:TrackPointExtension>
        </extensions>
      </trkpt>
      <trkpt lat="32.0208650921" lon="120.890917154">
        <ele>10.4</ele>
        <time>2026-09-04T14:23:18+0800</time>
        <extensions>
          <gpxtpx:TrackPointExtension>
            <gpxtpx:hr>164</gpxtpx:hr>
            <gpxtpx:cad>88</gpxtpx:cad>
          </gpxtpx:TrackPointExtension>
        </extensions>
      </trkpt>
      <trkpt lat="32.0208628289" lon="120.890951855">
        <ele>10.6</ele>
        <time>2026-09-04T14:23:19+0800</time>
        <extensions>
          <gpxtpx:TrackPointExtension>
            <gpxtpx:hr>164</gpxtpx:hr>
            <gpxtpx:cad>88</gpxtpx:cad>
          </gpxtpx:TrackPointExtension>
        </extensions>
      </trkpt>
      <trkpt lat="32.020863248" lon="120.890984209">
        <ele>10.6</ele>
        <time>2026-09-04T14:23:20+0800</time>
        <extensions>
          <gpxtpx:TrackPointExtension>
            <gpxtpx:hr>163</gpxtpx:hr>
            <gpxtpx:cad>88</gpxtpx:cad>
          </gpxtpx:TrackPointExtension>
        </extensions>
      </trkpt>
      <trkpt lat="32.0208570454" lon="120.891017988">
        <ele>10.6</ele>
        <time>2026-09-04T14:23:21+0800</time>
        <extensions>
          <gpxtpx:TrackPointExtension>
            <gpxtpx:hr>164</gpxtpx:hr>
            <gpxtpx:cad>88</gpxtpx:cad>
          </gpxtpx:TrackPointExtension>
        </extensions>
      </trkpt>
      <trkpt lat="32.0208573807" lon="120.891055958">
        <ele>10.6</ele>
        <time>2026-09-04T14:23:22+0800</time>
        <extensions>
          <gpxtpx:TrackPointExtension>
            <gpxtpx:hr>164</gpxtpx:hr>
            <gpxtpx:cad>88</gpxtpx:cad>
          </gpxtpx:TrackPointExtension>
        </extensions>
      </trkpt>
      <trkpt lat="32.0208567102" lon="120.891089989">
        <ele>10.6</ele>
        <time>2026-09-04T14:23:23+0800</time>
        <extensions>
          <gpxtpx:TrackPointExtension>
            <gpxtpx:hr>164</gpxtpx:hr>
            <gpxtpx:cad>88</gpxtpx:cad>
          </gpxtpx:TrackPointExtension>
        </extensions>
      </trkpt>
      <trkpt lat="32.0208589733" lon="120.891116895">
        <ele>10.4</ele>
        <time>2026-09-04T14:23:24+0800</time>
        <extensions>
          <gpxtpx:TrackPointExtension>
            <gpxtpx:hr>164</gpxtpx:hr>
            <gpxtpx:cad>88</gpxtpx:cad>
          </gpxtpx:TrackPointExtension>
        </extensions>
      </trkpt>
      <trkpt lat="32.020861404" lon="120.891140699">
        <ele>10.4</ele>
        <time>2026-09-04T14:23:25+0800</time>
        <extensions>
          <gpxtpx:TrackPointExtension>
            <gpxtpx:hr>164</gpxtpx:hr>
            <gpxtpx:cad>87</gpxtpx:cad>
          </gpxtpx:TrackPointExtension>
        </extensions>
      </trkpt>
      <trkpt lat="32.0208660141" lon="120.89116157">
        <ele>10.6</ele>
        <time>2026-09-04T14:23:26+0800</time>
        <extensions>
          <gpxtpx:TrackPointExtension>
            <gpxtpx:hr>164</gpxtpx:hr>
            <gpxtpx:cad>84</gpxtpx:cad>
          </gpxtpx:TrackPointExtension>
        </extensions>
      </trkpt>
      <trkpt lat="32.0208676904" lon="120.891178418">
        <ele>10.4</ele>
        <time>2026-09-04T14:23:27+0800</time>
        <extensions>
          <gpxtpx:TrackPointExtension>
            <gpxtpx:hr>164</gpxtpx:hr>
            <gpxtpx:cad>81</gpxtpx:cad>
          </gpxtpx:TrackPointExtension>
        </extensions>
      </trkpt>
      <trkpt lat="32.0208690315" lon="120.891196188">
        <ele>10.4</ele>
        <time>2026-09-04T14:23:28+0800</time>
        <extensions>
          <gpxtpx:TrackPointExtension>
            <gpxtpx:hr>164</gpxtpx:hr>
            <gpxtpx:cad>78</gpxtpx:cad>
          </gpxtpx:TrackPointExtension>
        </extensions>
      </trkpt>
      <trkpt lat="32.0208685286" lon="120.891212197">
        <ele>10.4</ele>
        <time>2026-09-04T14:23:29+0800</time>
        <extensions>
          <gpxtpx:TrackPointExtension>
            <gpxtpx:hr>164</gpxtpx:hr>
            <gpxtpx:cad>75</gpxtpx:cad>
          </gpxtpx:TrackPointExtension>
        </extensions>
      </trkpt>
      <trkpt lat="32.0208693668" lon="120.89122368">
        <ele>10.4</ele>
        <time>2026-09-04T14:23:30+0800</time>
        <extensions>
          <gpxtpx:TrackPointExtension>
            <gpxtpx:hr>164</gpxtpx:hr>
            <gpxtpx:cad>70</gpxtpx:cad>
          </gpxtpx:TrackPointExtension>
        </extensions>
      </trkpt>
      <trkpt lat="32.0208663493" lon="120.891236672">
        <ele>10.4</ele>
        <time>2026-09-04T14:23:31+0800</time>
        <extensions>
          <gpxtpx:TrackPointExtension>
            <gpxtpx:hr>164</gpxtpx:hr>
            <gpxtpx:cad>68</gpxtpx:cad>
          </gpxtpx:TrackPointExtension>
        </extensions>
      </trkpt>
      <trkpt lat="32.0208629128" lon="120.891256705">
        <ele>10.2</ele>
        <time>2026-09-04T14:23:32+0800</time>
        <extensions>
          <gpxtpx:TrackPointExtension>
            <gpxtpx:hr>164</gpxtpx:hr>
            <gpxtpx:cad>68</gpxtpx:cad>
          </gpxtpx:TrackPointExtension>
        </extensions>
      </trkpt>
    </trkseg>
  </trk>
</gpx>