<?xml version="1.0" encoding="UTF-8"?>
<gpx xmlns="http://www.topografix.com/GPX/1/1" xmlns:gpxtpx="http://www.garmin.com/xmlschemas/TrackPointExtension/v1" xmlns:xsi="http://www.w3.org/2001/XMLSchema-instance" xsi:schemaLocation="http://www.topografix.com/GPX/1/1 http://www.topografix.com/GPX/1/1/gpx.xsd" version="1.1" creator="gpx.py -- https://github.com/tkrajina/gpxpy">
  <trk>
    <name>run from tulipsport by Garmin FR255</name>
    <trkseg>
      <trkpt lat="32.0234101731" lon="120.893164761">
        <ele>5.2</ele>
        <time>2026-09-17T14:43:22+0800</time>
        <extensions>
          <gpxtpx:TrackPointExtension>
            <gpxtpx:hr>85</gpxtpx:hr>
            <gpxtpx:cad>53</gpxtpx:cad>
          </gpxtpx:TrackPointExtension>
        </extensions>
      </trkpt>
      <trkpt lat="32.0233891346" lon="120.89316518">
        <ele>5.2</ele>
        <time>2026-09-17T14:43:23+0800</time>
        <extensions>
          <gpxtpx:TrackPointExtension>
            <gpxtpx:hr>84</gpxtpx:hr>
            <gpxtpx:cad>59</gpxtpx:cad>
          </gpxtpx:TrackPointExtension>
        </extensions>
      </trkpt>
      <trkpt lat="32.0233901404" lon="120.893138526">
        <ele>5.0</ele>
        <time>2026-09-17T14:43:24+0800</time>
        <extensions>
          <gpxtpx:TrackPointExtension>
            <gpxtpx:hr>82</gpxtpx:hr>
            <gpxtpx:cad>59</gpxtpx:cad>
          </gpxtpx:TrackPointExtension>
        </extensions>
      </trkpt>
      <trkpt lat="32.0233915653" lon="120.893110614">
        <ele>5.0</ele>
        <time>2026-09-17T14:43:25+0800</time>
        <extensions>
          <gpxtpx:TrackPointExtension>
            <gpxtpx:hr>82</gpxtpx:hr>
            <gpxtpx:cad>59</gpxtpx:cad>
          </gpxtpx:TrackPointExtension>
        </extensions>
      </trkpt>
      <trkpt lat="32.0233919006" lon="120.893079937">
        <ele>5.0</ele>
        <time>2026-09-17T14:43:26+0800</time>
        <extensions>
          <gpxtpx:TrackPointExtension>
            <gpxtpx:hr>82</gpxtpx:hr>
            <gpxtpx:cad>88</gpxtpx:cad>
          </gpxtpx:TrackPointExtension>
        </extensions>
      </trkpt>
      <trkpt lat="32.0233992767" lon="120.893052444">
        <ele>5.0</ele>
        <time>2026-09-17T14:43:27+0800</time>
        <extensions>
          <gpxtpx:TrackPointExtension>
            <gpxtpx:hr>83</gpxtpx:hr>
            <gpxtpx:cad>88</gpxtpx:cad>
          </gpxtpx:TrackPointExtension>
        </extensions>
      </trkpt>
      <trkpt lat="32.0233980194" lon="120.893016485">
        <ele>5.0</ele>
        <time>2026-09-17T14:43:28+0800</time>
        <extensions>
          <gpxtpx:TrackPointExtension>
            <gpxtpx:hr>84</gpxtpx:hr>
            <gpxtpx:cad>89</gpxtpx:cad>
          </gpxtpx:TrackPointExtension>
        </extensions>
      </trkpt>
      <trkpt lat="32.0233941637" lon="120.892987987">
        <ele>5.0</ele>
        <time>2026-09-17T14:43:29+0800</time>
        <extensions>
          <gpxtpx:TrackPointExtension>
            <gpxtpx:hr>85</gpxtpx:hr>
            <gpxtpx:cad>89</gpxtpx:cad>
          </gpxtpx:TrackPointExtension>
        </extensions>
      </trkpt>
      <trkpt lat="32.0233973488" lon="120.892950185">
        <ele>5.0</ele>
        <time>2026-09-17T14:43:30+0800</time>
        <extensions>
          <gpxtpx:TrackPointExtension>
            <gpxtpx:hr>87</gpxtpx:hr>
            <gpxtpx:cad>89</gpxtpx:cad>
          </gpxtpx:TrackPointExtension>
        </extensions>
      </trkpt>
      <trkpt lat="32.0233961754" lon="120.892919339">
        <ele>5.0</ele>
        <time>2026-09-17T14:43:31+0800</time>
        <extensions>
          <gpxtpx:TrackPointExtension>
            <gpxtpx:hr>89</gpxtpx:hr>
            <gpxtpx:cad>89</gpxtpx:cad>
          </gpxtpx:TrackPointExtension>
        </extensions>
      </trkpt>
      <trkpt lat="32.023399109" lon="120.892885644">
        <ele>5.0</ele>
        <time>2026-09-17T14:43:32+0800</time>
        <extensions>
          <gpxtpx:TrackPointExtension>
            <gpxtpx:hr>90</gpxtpx:hr>
            <gpxtpx:cad>89</gpxtpx:cad>
          </gpxtpx:TrackPointExtension>
        </extensions>
      </trkpt>
      <trkpt lat="32.0233958401" lon="120.892863767">
        <ele>5.0</ele>
        <time>2026-09-17T14:43:33+0800</time>
        <extensions>
          <gpxtpx:TrackPointExtension>
            <gpxtpx:hr>92</gpxtpx:hr>
            <gpxtpx:cad>90</gpxtpx:cad>
          </gpxtpx:TrackPointExtension>
        </extensions>
      </trkpt>
      <trkpt lat="32.0233899727" lon="120.892838705">
        <ele>5.2</ele>
        <time>2026-09-17T14:43:34+0800</time>
        <extensions>
          <gpxtpx:TrackPointExtension>
            <gpxtpx:hr>93</gpxtpx:hr>
            <gpxtpx:cad>90</gpxtpx:cad>
          </gpxtpx:TrackPointExtension>
        </extensions>
      </trkpt>
      <trkpt lat="32.0233812556" lon="120.892812805">
        <ele>5.2</ele>
        <time>2026-09-17T14:43:35+0800</time>
        <extensions>
          <gpxtpx:TrackPointExtension>
            <gpxtpx:hr>94</gpxtpx:hr>
            <gpxtpx:cad>90</gpxtpx:cad>
          </gpxtpx:TrackPointExtension>
        </extensions>
      </trkpt>
      <trkpt lat="32.0233646594" lon="120.892792605">
        <ele>5.2</ele>
        <time>2026-09-17T14:43:36+0800</time>
        <extensions>
          <gpxtpx:TrackPointExtension>
            <gpxtpx:hr>96</gpxtpx:hr>
            <gpxtpx:cad>90</gpxtpx:cad>
          </gpxtpx:TrackPointExtension>
        </extensions>
      </trkpt>
      <trkpt lat="32.0233454648" lon="120.892781792">
        <ele>5.0</ele>
        <time>2026-09-17T14:43:37+0800</time>
        <extensions>
          <gpxtpx:TrackPointExtension>
            <gpxtpx:hr>97</gpxtpx:hr>
            <gpxtpx:cad>90</gpxtpx:cad>
          </gpxtpx:TrackPointExtension>
        </extensions>
      </trkpt>
      <trkpt lat="32.0233215764" lon="120.892773578">
        <ele>5.0</ele>
        <time>2026-09-17T14:43:38+0800</time>
        <extensions>
          <gpxtpx:TrackPointExtension>
            <gpxtpx:hr>98</gpxtpx:hr>
            <gpxtpx:cad>90</gpxtpx:cad>
          </gpxtpx:TrackPointExtension>
        </extensions>
      </trkpt>
      <trkpt lat="32.023303723" lon="120.892778607">
        <ele>5.0</ele>
        <time>2026-09-17T14:43:39+0800</time>
        <extensions>
          <gpxtpx:TrackPointExtension>
            <gpxtpx:hr>100</gpxtpx:hr>
            <gpxtpx:cad>90</gpxtpx:cad>
          </gpxtpx:TrackPointExtension>
        </extensions>
      </trkpt>
      <trkpt lat="32.0232778229" lon="120.892774835">
        <ele>5.0</ele>
        <time>2026-09-17T14:43:40+0800</time>
        <extensions>
          <gpxtpx:TrackPointExtension>
            <gpxtpx:hr>102</gpxtpx:hr>
            <gpxtpx:cad>90</gpxtpx:cad>
          </gpxtpx:TrackPointExtension>
        </extensions>
      </trkpt>
      <trkpt lat="32.0232624002" lon="120.892779445">
        <ele>4.8</ele>
        <time>2026-09-17T14:43:41+0800</time>
        <extensions>
          <gpxtpx:TrackPointExtension>
            <gpxtpx:hr>104</gpxtpx:hr>
            <gpxtpx:cad>89</gpxtpx:cad>
          </gpxtpx:TrackPointExtension>
        </extensions>
      </trkpt>
      <trkpt lat="32.0232363325" lon="120.89278481">
        <ele>4.8</ele>
        <time>2026-09-17T14:43:42+0800</time>
        <extensions>
          <gpxtpx:TrackPointExtension>
            <gpxtpx:hr>106</gpxtpx:hr>
            <gpxtpx:cad>89</gpxtpx:cad>
          </gpxtpx:TrackPointExtension>
        </extensions>
      </trkpt>
      <trkpt lat="32.0232152939" lon="120.892788498">
        <ele>4.8</ele>
        <time>2026-09-17T14:43:43+0800</time>
        <extensions>
          <gpxtpx:TrackPointExtension>
            <gpxtpx:hr>109</gpxtpx:hr>
            <gpxtpx:cad>88</gpxtpx:cad>
          </gpxtpx:TrackPointExtension>
        </extensions>
      </trkpt>
      <trkpt lat="32.0231903996" lon="120.89279403">
        <ele>4.8</ele>
        <time>2026-09-17T14:43:44+0800</time>
        <extensions>
          <gpxtpx:TrackPointExtension>
            <gpxtpx:hr>111</gpxtpx:hr>
            <gpxtpx:cad>88</gpxtpx:cad>
          </gpxtpx:TrackPointExtension>
        </extensions>
      </trkpt>
      <trkpt lat="32.0231704507" lon="120.89280325">
        <ele>4.8</ele>
        <time>2026-09-17T14:43:45+0800</time>
        <extensions>
          <gpxtpx:TrackPointExtension>
            <gpxtpx:hr>113</gpxtpx:hr>
            <gpxtpx:cad>88</gpxtpx:cad>
          </gpxtpx:TrackPointExtension>
        </extensions>
      </trkpt>
      <trkpt lat="32.0231516752" lon="120.892818756">
        <ele>4.8</ele>
        <time>2026-09-17T14:43:46+0800</time>
        <extensions>
          <gpxtpx:TrackPointExtension>
            <gpxtpx:hr>113</gpxtpx:hr>
            <gpxtpx:cad>89</gpxtpx:cad>
          </gpxtpx:TrackPointExtension>
        </extensions>
      </trkpt>
      <trkpt lat="32.0231334865" lon="120.892828731">
        <ele>5.0</ele>
        <time>2026-09-17T14:43:47+0800</time>
        <extensions>
          <gpxtpx:TrackPointExtension>
            <gpxtpx:hr>113</gpxtpx:hr>
            <gpxtpx:cad>89</gpxtpx:cad>
          </gpxtpx:TrackPointExtension>
        </extensions>
      </trkpt>
      <trkpt lat="32.0231092628" lon="120.892840466">
        <ele>5.0</ele>
        <time>2026-09-17T14:43:48+0800</time>
        <extensions>
          <gpxtpx:TrackPointExtension>
            <gpxtpx:hr>113</gpxtpx:hr>
            <gpxtpx:cad>90</gpxtpx:cad>
          </gpxtpx:TrackPointExtension>
        </extensions>
      </trkpt>
      <trkpt lat="32.0230894815" lon="120.892852535">
        <ele>5.0</ele>
        <time>2026-09-17T14:43:49+0800</time>
        <extensions>
          <gpxtpx:TrackPointExtension>
            <gpxtpx:hr>113</gpxtpx:hr>
            <gpxtpx:cad>91</gpxtpx:cad>
          </gpxtpx:TrackPointExtension>
        </extensions>
      </trkpt>
      <trkpt lat="32.0230687782" lon="120.892863432">
        <ele>5.0</ele>
        <time>2026-09-17T14:43:50+0800</time>
        <extensions>
          <gpxtpx:TrackPointExtension>
            <gpxtpx:hr>114</gpxtpx:hr>
            <gpxtpx:cad>91</gpxtpx:cad>
          </gpxtpx:TrackPointExtension>
        </extensions>
      </trkpt>
      <trkpt lat="32.0230459794" lon="120.892876172">
        <ele>5.0</ele>
        <time>2026-09-17T14:43:51+0800</time>
        <extensions>
          <gpxtpx:TrackPointExtension>
            <gpxtpx:hr>113</gpxtpx:hr>
            <gpxtpx:cad>91</gpxtpx:cad>
          </gpxtpx:TrackPointExtension>
        </extensions>
      </trkpt>
      <trkpt lat="32.0230231807" lon="120.892887739">
        <ele>5.0</ele>
        <time>2026-09-17T14:43:52+0800</time>
        <extensions>
          <gpxtpx:TrackPointExtension>
            <gpxtpx:hr>114</gpxtpx:hr>
            <gpxtpx:cad>91</gpxtpx:cad>
          </gpxtpx:TrackPointExtension>
        </extensions>
      </trkpt>
      <trkpt lat="32.0229994599" lon="120.892908527">
        <ele>5.0</ele>
        <time>2026-09-17T14:43:53+0800</time>
        <extensions>
          <gpxtpx:TrackPointExtension>
            <gpxtpx:hr>114</gpxtpx:hr>
            <gpxtpx:cad>91</gpxtpx:cad>
          </gpxtpx:TrackPointExtension>
        </extensions>
      </trkpt>
      <trkpt lat="32.0229764935" lon="120.892923949">
        <ele>5.0</ele>
        <time>2026-09-17T14:43:54+0800</time>
        <extensions>
          <gpxtpx:TrackPointExtension>
            <gpxtpx:hr>114</gpxtpx:hr>
            <gpxtpx:cad>91</gpxtpx:cad>
          </gpxtpx:TrackPointExtension>
        </extensions>
      </trkpt>
      <trkpt lat="32.0229488332" lon="120.892940629">
        <ele>5.2</ele>
        <time>2026-09-17T14:43:55+0800</time>
        <extensions>
          <gpxtpx:TrackPointExtension>
            <gpxtpx:hr>114</gpxtpx:hr>
            <gpxtpx:cad>91</gpxtpx:cad>
          </gpxtpx:TrackPointExtension>
        </extensions>
      </trkpt>
      <trkpt lat="32.0229274593" lon="120.892952699">
        <ele>5.2</ele>
        <time>2026-09-17T14:43:56+0800</time>
        <extensions>
          <gpxtpx:TrackPointExtension>
            <gpxtpx:hr>115</gpxtpx:hr>
            <gpxtpx:cad>91</gpxtpx:cad>
          </gpxtpx:TrackPointExtension>
        </extensions>
      </trkpt>
      <trkpt lat="32.022894267" lon="120.892965775">
        <ele>5.2</ele>
        <time>2026-09-17T14:43:57+0800</time>
        <extensions>
          <gpxtpx:TrackPointExtension>
            <gpxtpx:hr>115</gpxtpx:hr>
            <gpxtpx:cad>91</gpxtpx:cad>
          </gpxtpx:TrackPointExtension>
        </extensions>
      </trkpt>
      <trkpt lat="32.0228745695" lon="120.892975749">
        <ele>5.2</ele>
        <time>2026-09-17T14:43:58+0800</time>
        <extensions>
          <gpxtpx:TrackPointExtension>
            <gpxtpx:hr>115</gpxtpx:hr>
            <gpxtpx:cad>93</gpxtpx:cad>
          </gpxtpx:TrackPointExtension>
        </extensions>
      </trkpt>
      <trkpt lat="32.0228395332" lon="120.892981784">
        <ele>5.2</ele>
        <time>2026-09-17T14:43:59+0800</time>
        <extensions>
          <gpxtpx:TrackPointExtension>
            <gpxtpx:hr>115</gpxtpx:hr>
            <gpxtpx:cad>93</gpxtpx:cad>
          </gpxtpx:TrackPointExtension>
        </extensions>
      </trkpt>
      <trkpt lat="32.022819249" lon="120.892991927">
        <ele>5.2</ele>
        <time>2026-09-17T14:44:00+0800</time>
        <extensions>
          <gpxtpx:TrackPointExtension>
            <gpxtpx:hr>116</gpxtpx:hr>
            <gpxtpx:cad>93</gpxtpx:cad>
          </gpxtpx:TrackPointExtension>
        </extensions>
      </trkpt>
      <trkpt lat="32.0227838773" lon="120.892999303">
        <ele>5.2</ele>
        <time>2026-09-17T14:44:01+0800</time>
        <extensions>
          <gpxtpx:TrackPointExtension>
            <gpxtpx:hr>116</gpxtpx:hr>
            <gpxtpx:cad>92</gpxtpx:cad>
          </gpxtpx:TrackPointExtension>
        </extensions>
      </trkpt>
      <trkpt lat="32.0227623358" lon="120.893008104">
        <ele>5.2</ele>
        <time>2026-09-17T14:44:02+0800</time>
        <extensions>
          <gpxtpx:TrackPointExtension>
            <gpxtpx:hr>118</gpxtpx:hr>
            <gpxtpx:cad>92</gpxtpx:cad>
          </gpxtpx:TrackPointExtension>
        </extensions>
      </trkpt>
      <trkpt lat="32.0227322448" lon="120.893013384">
        <ele>5.2</ele>
        <time>2026-09-17T14:44:03+0800</time>
        <extensions>
          <gpxtpx:TrackPointExtension>
            <gpxtpx:hr>119</gpxtpx:hr>
            <gpxtpx:cad>92</gpxtpx:cad>
          </gpxtpx:TrackPointExtension>
        </extensions>
      </trkpt>
      <trkpt lat="32.022712715" lon="120.89302009">
        <ele>5.2</ele>
        <time>2026-09-17T14:44:04+0800</time>
        <extensions>
          <gpxtpx:TrackPointExtension>
            <gpxtpx:hr>120</gpxtpx:hr>
            <gpxtpx:cad>92</gpxtpx:cad>
          </gpxtpx:TrackPointExtension>
        </extensions>
      </trkpt>
      <trkpt lat="32.0226832107" lon="120.893021766">
        <ele>5.2</ele>
        <time>2026-09-17T14:44:05+0800</time>
        <extensions>
          <gpxtpx:TrackPointExtension>
            <gpxtpx:hr>121</gpxtpx:hr>
            <gpxtpx:cad>92</gpxtpx:cad>
          </gpxtpx:TrackPointExtension>
        </extensions>
      </trkpt>
      <trkpt lat="32.0226646867" lon="120.893020676">
        <ele>5.2</ele>
        <time>2026-09-17T14:44:06+0800</time>
        <extensions>
          <gpxtpx:TrackPointExtension>
            <gpxtpx:hr>121</gpxtpx:hr>
            <gpxtpx:cad>92</gpxtpx:cad>
          </gpxtpx:TrackPointExtension>
        </extensions>
      </trkpt>
      <trkpt lat="32.0226443186" lon="120.893023023">
        <ele>5.2</ele>
        <time>2026-09-17T14:44:07+0800</time>
        <extensions>
          <gpxtpx:TrackPointExtension>
            <gpxtpx:hr>122</gpxtpx:hr>
            <gpxtpx:cad>92</gpxtpx:cad>
          </gpxtpx:TrackPointExtension>
        </extensions>
      </trkpt>
      <trkpt lat="32.0226207655" lon="120.893024281">
        <ele>5.2</ele>
        <time>2026-09-17T14:44:08+0800</time>
        <extensions>
          <gpxtpx:TrackPointExtension>
            <gpxtpx:hr>122</gpxtpx:hr>
            <gpxtpx:cad>92</gpxtpx:cad>
          </gpxtpx:TrackPointExtension>
        </extensions>
      </trkpt>
      <trkpt lat="32.0225993078" lon="120.893028975">
        <ele>5.2</ele>
        <time>2026-09-17T14:44:09+0800</time>
        <extensions>
          <gpxtpx:TrackPointExtension>
            <gpxtpx:hr>123</gpxtpx:hr>
            <gpxtpx:cad>92</gpxtpx:cad>
          </gpxtpx:TrackPointExtension>
        </extensions>
      </trkpt>
      <trkpt lat="32.0225757547" lon="120.893031908">
        <ele>5.2</ele>
        <time>2026-09-17T14:44:10+0800</time>
        <extensions>
          <gpxtpx:TrackPointExtension>
            <gpxtpx:hr>123</gpxtpx:hr>
            <gpxtpx:cad>92</gpxtpx:cad>
          </gpxtpx:TrackPointExtension>
        </extensions>
      </trkpt>
      <trkpt lat="32.0225507766" lon="120.893034255">
        <ele>5.2</ele>
        <time>2026-09-17T14:44:11+0800</time>
        <extensions>
          <gpxtpx:TrackPointExtension>
            <gpxtpx:hr>123</gpxtpx:hr>
            <gpxtpx:cad>92</gpxtpx:cad>
          </gpxtpx:TrackPointExtension>
        </extensions>
      </trkpt>
      <trkpt lat="32.0225178357" lon="120.893047834">
        <ele>5.2</ele>
        <time>2026-09-17T14:44:12+0800</time>
        <extensions>
          <gpxtpx:TrackPointExtension>
            <gpxtpx:hr>123</gpxtpx:hr>
            <gpxtpx:cad>92</gpxtpx:cad>
          </gpxtpx:TrackPointExtension>
        </extensions>
      </trkpt>
      <trkpt lat="32.0224938635" lon="120.893051438">
        <ele>5.2</ele>
        <time>2026-09-17T14:44:13+0800</time>
        <extensions>
          <gpxtpx:TrackPointExtension>
            <gpxtpx:hr>123</gpxtpx:hr>
            <gpxtpx:cad>92</gpxtpx:cad>
          </gpxtpx:TrackPointExtension>
        </extensions>
      </trkpt>
      <trkpt lat="32.0224639401" lon="120.893048253">
        <ele>5.2</ele>
        <time>2026-09-17T14:44:14+0800</time>
        <extensions>
          <gpxtpx:TrackPointExtension>
            <gpxtpx:hr>124</gpxtpx:hr>
            <gpxtpx:cad>92</gpxtpx:cad>
          </gpxtpx:TrackPointExtension>
        </extensions>
      </trkpt>
      <trkpt lat="32.0224418119" lon="120.893052695">
        <ele>5.4</ele>
        <time>2026-09-17T14:44:15+0800</time>
        <extensions>
          <gpxtpx:TrackPointExtension>
            <gpxtpx:hr>124</gpxtpx:hr>
            <gpxtpx:cad>92</gpxtpx:cad>
          </gpxtpx:TrackPointExtension>
        </extensions>
      </trkpt>
      <trkpt lat="32.0224145707" lon="120.893051941">
        <ele>5.4</ele>
        <time>2026-09-17T14:44:16+0800</time>
        <extensions>
          <gpxtpx:TrackPointExtension>
            <gpxtpx:hr>124</gpxtpx:hr>
            <gpxtpx:cad>92</gpxtpx:cad>
          </gpxtpx:TrackPointExtension>
        </extensions>
      </trkpt>
      <trkpt lat="32.0223928615" lon="120.893054288">
        <ele>5.4</ele>
        <time>2026-09-17T14:44:17+0800</time>
        <extensions>
          <gpxtpx:TrackPointExtension>
            <gpxtpx:hr>124</gpxtpx:hr>
            <gpxtpx:cad>92</gpxtpx:cad>
          </gpxtpx:TrackPointExtension>
        </extensions>
      </trkpt>
      <trkpt lat="32.0223651174" lon="120.893056216">
        <ele>5.4</ele>
        <time>2026-09-17T14:44:18+0800</time>
        <extensions>
          <gpxtpx:TrackPointExtension>
            <gpxtpx:hr>124</gpxtpx:hr>
            <gpxtpx:cad>91</gpxtpx:cad>
          </gpxtpx:TrackPointExtension>
        </extensions>
      </trkpt>
      <trkpt lat="32.0223425701" lon="120.893058144">
        <ele>5.4</ele>
        <time>2026-09-17T14:44:19+0800</time>
        <extensions>
          <gpxtpx:TrackPointExtension>
            <gpxtpx:hr>125</gpxtpx:hr>
            <gpxtpx:cad>91</gpxtpx:cad>
          </gpxtpx:TrackPointExtension>
        </extensions>
      </trkpt>
      <trkpt lat="32.0223081205" lon="120.893053701">
        <ele>5.4</ele>
        <time>2026-09-17T14:44:20+0800</time>
        <extensions>
          <gpxtpx:TrackPointExtension>
            <gpxtpx:hr>125</gpxtpx:hr>
            <gpxtpx:cad>92</gpxtpx:cad>
          </gpxtpx:TrackPointExtension>
        </extensions>
      </trkpt>
      <trkpt lat="32.0222887583" lon="120.893049091">
        <ele>5.4</ele>
        <time>2026-09-17T14:44:21+0800</time>
        <extensions>
          <gpxtpx:TrackPointExtension>
            <gpxtpx:hr>126</gpxtpx:hr>
            <gpxtpx:cad>92</gpxtpx:cad>
          </gpxtpx:TrackPointExtension>
        </extensions>
      </trkpt>
      <trkpt lat="32.0222577453" lon="120.893040961">
        <ele>5.2</ele>
        <time>2026-09-17T14:44:22+0800</time>
        <extensions>
          <gpxtpx:TrackPointExtension>
            <gpxtpx:hr>126</gpxtpx:hr>
            <gpxtpx:cad>92</gpxtpx:cad>
          </gpxtpx:TrackPointExtension>
        </extensions>
      </trkpt>
      <trkpt lat="32.0222348627" lon="120.893042218">
        <ele>5.2</ele>
        <time>2026-09-17T14:44:23+0800</time>
        <extensions>
          <gpxtpx:TrackPointExtension>
            <gpxtpx:hr>127</gpxtpx:hr>
            <gpxtpx:cad>92</gpxtpx:cad>
          </gpxtpx:TrackPointExtension>
        </extensions>
      </trkpt>
      <trkpt lat="32.0222048555" lon="120.893037021">
        <ele>5.2</ele>
        <time>2026-09-17T14:44:24+0800</time>
        <extensions>
          <gpxtpx:TrackPointExtension>
            <gpxtpx:hr>127</gpxtpx:hr>
            <gpxtpx:cad>92</gpxtpx:cad>
          </gpxtpx:TrackPointExtension>
        </extensions>
      </trkpt>
      <trkpt lat="32.022181889" lon="120.893038865">
        <ele>5.2</ele>
        <time>2026-09-17T14:44:25+0800</time>
        <extensions>
          <gpxtpx:TrackPointExtension>
            <gpxtpx:hr>127</gpxtpx:hr>
            <gpxtpx:cad>92</gpxtpx:cad>
          </gpxtpx:TrackPointExtension>
        </extensions>
      </trkpt>
      <trkpt lat="32.0221580006" lon="120.893034423">
        <ele>5.2</ele>
        <time>2026-09-17T14:44:26+0800</time>
        <extensions>
          <gpxtpx:TrackPointExtension>
            <gpxtpx:hr>127</gpxtpx:hr>
            <gpxtpx:cad>92</gpxtpx:cad>
          </gpxtpx:TrackPointExtension>
        </extensions>
      </trkpt>
      <trkpt lat="32.0221331064" lon="120.893038865">
        <ele>5.4</ele>
        <time>2026-09-17T14:44:27+0800</time>
        <extensions>
          <gpxtpx:TrackPointExtension>
            <gpxtpx:hr>127</gpxtpx:hr>
            <gpxtpx:cad>92</gpxtpx:cad>
          </gpxtpx:TrackPointExtension>
        </extensions>
      </trkpt>
      <trkpt lat="32.0220978186" lon="120.893037859">
        <ele>5.4</ele>
        <time>2026-09-17T14:44:28+0800</time>
        <extensions>
          <gpxtpx:TrackPointExtension>
            <gpxtpx:hr>128</gpxtpx:hr>
            <gpxtpx:cad>92</gpxtpx:cad>
          </gpxtpx:TrackPointExtension>
        </extensions>
      </trkpt>
      <trkpt lat="32.0220684819" lon="120.893042134">
        <ele>5.4</ele>
        <time>2026-09-17T14:44:29+0800</time>
        <extensions>
          <gpxtpx:TrackPointExtension>
            <gpxtpx:hr>129</gpxtpx:hr>
            <gpxtpx:cad>92</gpxtpx:cad>
          </gpxtpx:TrackPointExtension>
        </extensions>
      </trkpt>
      <trkpt lat="32.0220363792" lon="120.893039033">
        <ele>5.4</ele>
        <time>2026-09-17T14:44:30+0800</time>
        <extensions>
          <gpxtpx:TrackPointExtension>
            <gpxtpx:hr>130</gpxtpx:hr>
            <gpxtpx:cad>92</gpxtpx:cad>
          </gpxtpx:TrackPointExtension>
        </extensions>
      </trkpt>
      <trkpt lat="32.0220078807" lon="120.893041883">
        <ele>5.4</ele>
        <time>2026-09-17T14:44:31+0800</time>
        <extensions>
          <gpxtpx:TrackPointExtension>
            <gpxtpx:hr>131</gpxtpx:hr>
            <gpxtpx:cad>92</gpxtpx:cad>
          </gpxtpx:TrackPointExtension>
        </extensions>
      </trkpt>
      <trkpt lat="32.021977203" lon="120.89303459">
        <ele>5.4</ele>
        <time>2026-09-17T14:44:32+0800</time>
        <extensions>
          <gpxtpx:TrackPointExtension>
            <gpxtpx:hr>131</gpxtpx:hr>
            <gpxtpx:cad>92</gpxtpx:cad>
          </gpxtpx:TrackPointExtension>
        </extensions>
      </trkpt>
      <trkpt lat="32.021949375" lon="120.893027382">
        <ele>5.6</ele>
        <time>2026-09-17T14:44:33+0800</time>
        <extensions>
          <gpxtpx:TrackPointExtension>
            <gpxtpx:hr>131</gpxtpx:hr>
            <gpxtpx:cad>92</gpxtpx:cad>
          </gpxtpx:TrackPointExtension>
        </extensions>
      </trkpt>
      <trkpt lat="32.0219212119" lon="120.893014893">
        <ele>5.6</ele>
        <time>2026-09-17T14:44:34+0800</time>
        <extensions>
          <gpxtpx:TrackPointExtension>
            <gpxtpx:hr>131</gpxtpx:hr>
            <gpxtpx:cad>92</gpxtpx:cad>
          </gpxtpx:TrackPointExtension>
        </extensions>
      </trkpt>
      <trkpt lat="32.0218895283" lon="120.893008104">
        <ele>5.6</ele>
        <time>2026-09-17T14:44:35+0800</time>
        <extensions>
          <gpxtpx:TrackPointExtension>
            <gpxtpx:hr>131</gpxtpx:hr>
            <gpxtpx:cad>92</gpxtpx:cad>
          </gpxtpx:TrackPointExtension>
        </extensions>
      </trkpt>
      <trkpt lat="32.0218665618" lon="120.893000979">
        <ele>5.6</ele>
        <time>2026-09-17T14:44:36+0800</time>
        <extensions>
          <gpxtpx:TrackPointExtension>
            <gpxtpx:hr>131</gpxtpx:hr>
            <gpxtpx:cad>90</gpxtpx:cad>
          </gpxtpx:TrackPointExtension>
        </extensions>
      </trkpt>
      <trkpt lat="32.0218337048" lon="120.892992597">
        <ele>5.6</ele>
        <time>2026-09-17T14:44:37+0800</time>
        <extensions>
          <gpxtpx:TrackPointExtension>
            <gpxtpx:hr>132</gpxtpx:hr>
            <gpxtpx:cad>90</gpxtpx:cad>
          </gpxtpx:TrackPointExtension>
        </extensions>
      </trkpt>
      <trkpt lat="32.0218150131" lon="120.892993435">
        <ele>5.6</ele>
        <time>2026-09-17T14:44:38+0800</time>
        <extensions>
          <gpxtpx:TrackPointExtension>
            <gpxtpx:hr>133</gpxtpx:hr>
            <gpxtpx:cad>92</gpxtpx:cad>
          </gpxtpx:TrackPointExtension>
        </extensions>
      </trkpt>
      <trkpt lat="32.0217798091" lon="120.892986646">
        <ele>5.6</ele>
        <time>2026-09-17T14:44:39+0800</time>
        <extensions>
          <gpxtpx:TrackPointExtension>
            <gpxtpx:hr>134</gpxtpx:hr>
            <gpxtpx:cad>93</gpxtpx:cad>
          </gpxtpx:TrackPointExtension>
        </extensions>
      </trkpt>
      <trkpt lat="32.0217555854" lon="120.892988071">
        <ele>5.6</ele>
        <time>2026-09-17T14:44:40+0800</time>
        <extensions>
          <gpxtpx:TrackPointExtension>
            <gpxtpx:hr>134</gpxtpx:hr>
            <gpxtpx:cad>93</gpxtpx:cad>
          </gpxtpx:TrackPointExtension>
        </extensions>
      </trkpt>
      <trkpt lat="32.0217244048" lon="120.892981365">
        <ele>5.6</ele>
        <time>2026-09-17T14:44:41+0800</time>
        <extensions>
          <gpxtpx:TrackPointExtension>
            <gpxtpx:hr>135</gpxtpx:hr>
            <gpxtpx:cad>93</gpxtpx:cad>
          </gpxtpx:TrackPointExtension>
        </extensions>
      </trkpt>
      <trkpt lat="32.0216987561" lon="120.892986814">
        <ele>5.8</ele>
        <time>2026-09-17T14:44:42+0800</time>
        <extensions>
          <gpxtpx:TrackPointExtension>
            <gpxtpx:hr>135</gpxtpx:hr>
            <gpxtpx:cad>93</gpxtpx:cad>
          </gpxtpx:TrackPointExtension>
        </extensions>
      </trkpt>
      <trkpt lat="32.0216706768" lon="120.892978264">
        <ele>5.8</ele>
        <time>2026-09-17T14:44:43+0800</time>
        <extensions>
          <gpxtpx:TrackPointExtension>
            <gpxtpx:hr>136</gpxtpx:hr>
            <gpxtpx:cad>93</gpxtpx:cad>
          </gpxtpx:TrackPointExtension>
        </extensions>
      </trkpt>
      <trkpt lat="32.0216440223" lon="120.892979521">
        <ele>5.8</ele>
        <time>2026-09-17T14:44:44+0800</time>
        <extensions>
          <gpxtpx:TrackPointExtension>
            <gpxtpx:hr>136</gpxtpx:hr>
            <gpxtpx:cad>93</gpxtpx:cad>
          </gpxtpx:TrackPointExtension>
        </extensions>
      </trkpt>
      <trkpt lat="32.0216183737" lon="120.892972145">
        <ele>5.8</ele>
        <time>2026-09-17T14:44:45+0800</time>
        <extensions>
          <gpxtpx:TrackPointExtension>
            <gpxtpx:hr>137</gpxtpx:hr>
            <gpxtpx:cad>93</gpxtpx:cad>
          </gpxtpx:TrackPointExtension>
        </extensions>
      </trkpt>
      <trkpt lat="32.0215933956" lon="120.89297072">
        <ele>5.8</ele>
        <time>2026-09-17T14:44:46+0800</time>
        <extensions>
          <gpxtpx:TrackPointExtension>
            <gpxtpx:hr>137</gpxtpx:hr>
            <gpxtpx:cad>93</gpxtpx:cad>
          </gpxtpx:TrackPointExtension>
        </extensions>
      </trkpt>
      <trkpt lat="32.0215680823" lon="120.892961416">
        <ele>5.8</ele>
        <time>2026-09-17T14:44:47+0800</time>
        <extensions>
          <gpxtpx:TrackPointExtension>
            <gpxtpx:hr>138</gpxtpx:hr>
            <gpxtpx:cad>93</gpxtpx:cad>
          </gpxtpx:TrackPointExtension>
        </extensions>
      </trkpt>
      <trkpt lat="32.0215429366" lon="120.892952532">
        <ele>5.8</ele>
        <time>2026-09-17T14:44:48+0800</time>
        <extensions>
          <gpxtpx:TrackPointExtension>
            <gpxtpx:hr>138</gpxtpx:hr>
            <gpxtpx:cad>93</gpxtpx:cad>
          </gpxtpx:TrackPointExtension>
        </extensions>
      </trkpt>
      <trkpt lat="32.0215180423" lon="120.892939623">
        <ele>5.8</ele>
        <time>2026-09-17T14:44:49+0800</time>
        <extensions>
          <gpxtpx:TrackPointExtension>
            <gpxtpx:hr>137</gpxtpx:hr>
            <gpxtpx:cad>93</gpxtpx:cad>
          </gpxtpx:TrackPointExtension>
        </extensions>
      </trkpt>
      <trkpt lat="32.0214902982" lon="120.892922943">
        <ele>5.8</ele>
        <time>2026-09-17T14:44:50+0800</time>
        <extensions>
          <gpxtpx:TrackPointExtension>
            <gpxtpx:hr>137</gpxtpx:hr>
            <gpxtpx:cad>91</gpxtpx:cad>
          </gpxtpx:TrackPointExtension>
        </extensions>
      </trkpt>
      <trkpt lat="32.0214670803" lon="120.892913723">
        <ele>5.8</ele>
        <time>2026-09-17T14:44:51+0800</time>
        <extensions>
          <gpxtpx:TrackPointExtension>
            <gpxtpx:hr>137</gpxtpx:hr>
            <gpxtpx:cad>91</gpxtpx:cad>
          </gpxtpx:TrackPointExtension>
        </extensions>
      </trkpt>
      <trkpt lat="32.0214367379" lon="120.892894026">
        <ele>5.8</ele>
        <time>2026-09-17T14:44:52+0800</time>
        <extensions>
          <gpxtpx:TrackPointExtension>
            <gpxtpx:hr>137</gpxtpx:hr>
            <gpxtpx:cad>92</gpxtpx:cad>
          </gpxtpx:TrackPointExtension>
        </extensions>
      </trkpt>
      <trkpt lat="32.0214142743" lon="120.892881537">
        <ele>5.8</ele>
        <time>2026-09-17T14:44:53+0800</time>
        <extensions>
          <gpxtpx:TrackPointExtension>
            <gpxtpx:hr>137</gpxtpx:hr>
            <gpxtpx:cad>93</gpxtpx:cad>
          </gpxtpx:TrackPointExtension>
        </extensions>
      </trkpt>
      <trkpt lat="32.021387117" lon="120.89285899">
        <ele>5.8</ele>
        <time>2026-09-17T14:44:54+0800</time>
        <extensions>
          <gpxtpx:TrackPointExtension>
            <gpxtpx:hr>137</gpxtpx:hr>
            <gpxtpx:cad>93</gpxtpx:cad>
          </gpxtpx:TrackPointExtension>
        </extensions>
      </trkpt>
      <trkpt lat="32.0213668328" lon="120.892845998">
        <ele>6.0</ele>
        <time>2026-09-17T14:44:55+0800</time>
        <extensions>
          <gpxtpx:TrackPointExtension>
            <gpxtpx:hr>137</gpxtpx:hr>
            <gpxtpx:cad>92</gpxtpx:cad>
          </gpxtpx:TrackPointExtension>
        </extensions>
      </trkpt>
      <trkpt lat="32.0213382505" lon="120.892824708">
        <ele>6.0</ele>
        <time>2026-09-17T14:44:56+0800</time>
        <extensions>
          <gpxtpx:TrackPointExtension>
            <gpxtpx:hr>137</gpxtpx:hr>
            <gpxtpx:cad>92</gpxtpx:cad>
          </gpxtpx:TrackPointExtension>
        </extensions>
      </trkpt>
      <trkpt lat="32.0213207323" lon="120.892811632">
        <ele>6.0</ele>
        <time>2026-09-17T14:44:57+0800</time>
        <extensions>
          <gpxtpx:TrackPointExtension>
            <gpxtpx:hr>138</gpxtpx:hr>
            <gpxtpx:cad>92</gpxtpx:cad>
          </gpxtpx:TrackPointExtension>
        </extensions>
      </trkpt>
      <trkpt lat="32.021300029" lon="120.892780116">
        <ele>6.0</ele>
        <time>2026-09-17T14:44:58+0800</time>
        <extensions>
          <gpxtpx:TrackPointExtension>
            <gpxtpx:hr>138</gpxtpx:hr>
            <gpxtpx:cad>93</gpxtpx:cad>
          </gpxtpx:TrackPointExtension>
        </extensions>
      </trkpt>
      <trkpt lat="32.0212848578" lon="120.892765028">
        <ele>6.0</ele>
        <time>2026-09-17T14:44:59+0800</time>
        <extensions>
          <gpxtpx:TrackPointExtension>
            <gpxtpx:hr>137</gpxtpx:hr>
            <gpxtpx:cad>93</gpxtpx:cad>
          </gpxtpx:TrackPointExtension>
        </extensions>
      </trkpt>
      <trkpt lat="32.0212573651" lon="120.892738374">
        <ele>6.0</ele>
        <time>2026-09-17T14:45:00+0800</time>
        <extensions>
          <gpxtpx:TrackPointExtension>
            <gpxtpx:hr>137</gpxtpx:hr>
            <gpxtpx:cad>93</gpxtpx:cad>
          </gpxtpx:TrackPointExtension>
        </extensions>
      </trkpt>
      <trkpt lat="32.0212387573" lon="120.892722281">
        <ele>5.8</ele>
        <time>2026-09-17T14:45:01+0800</time>
        <extensions>
          <gpxtpx:TrackPointExtension>
            <gpxtpx:hr>136</gpxtpx:hr>
            <gpxtpx:cad>92</gpxtpx:cad>
          </gpxtpx:TrackPointExtension>
        </extensions>
      </trkpt>
      <trkpt lat="32.0212147851" lon="120.892695291">
        <ele>5.8</ele>
        <time>2026-09-17T14:45:02+0800</time>
        <extensions>
          <gpxtpx:TrackPointExtension>
            <gpxtpx:hr>136</gpxtpx:hr>
            <gpxtpx:cad>92</gpxtpx:cad>
          </gpxtpx:TrackPointExtension>
        </extensions>
      </trkpt>
      <trkpt lat="32.021196261" lon="120.89267903">
        <ele>5.8</ele>
        <time>2026-09-17T14:45:03+0800</time>
        <extensions>
          <gpxtpx:TrackPointExtension>
            <gpxtpx:hr>136</gpxtpx:hr>
            <gpxtpx:cad>92</gpxtpx:cad>
          </gpxtpx:TrackPointExtension>
        </extensions>
      </trkpt>
      <trkpt lat="32.0211743005" lon="120.892656483">
        <ele>6.0</ele>
        <time>2026-09-17T14:45:04+0800</time>
        <extensions>
          <gpxtpx:TrackPointExtension>
            <gpxtpx:hr>135</gpxtpx:hr>
            <gpxtpx:cad>92</gpxtpx:cad>
          </gpxtpx:TrackPointExtension>
        </extensions>
      </trkpt>
      <trkpt lat="32.0211549383" lon="120.892635696">
        <ele>5.8</ele>
        <time>2026-09-17T14:45:05+0800</time>
        <extensions>
          <gpxtpx:TrackPointExtension>
            <gpxtpx:hr>135</gpxtpx:hr>
            <gpxtpx:cad>92</gpxtpx:cad>
          </gpxtpx:TrackPointExtension>
        </extensions>
      </trkpt>
      <trkpt lat="32.021136079" lon="120.892610215">
        <ele>5.8</ele>
        <time>2026-09-17T14:45:06+0800</time>
        <extensions>
          <gpxtpx:TrackPointExtension>
            <gpxtpx:hr>135</gpxtpx:hr>
            <gpxtpx:cad>92</gpxtpx:cad>
          </gpxtpx:TrackPointExtension>
        </extensions>
      </trkpt>
      <trkpt lat="32.021116633" lon="120.892582973">
        <ele>5.8</ele>
        <time>2026-09-17T14:45:07+0800</time>
        <extensions>
          <gpxtpx:TrackPointExtension>
            <gpxtpx:hr>136</gpxtpx:hr>
            <gpxtpx:cad>91</gpxtpx:cad>
          </gpxtpx:TrackPointExtension>
        </extensions>
      </trkpt>
      <trkpt lat="32.0211012103" lon="120.892561348">
        <ele>5.8</ele>
        <time>2026-09-17T14:45:08+0800</time>
        <extensions>
          <gpxtpx:TrackPointExtension>
            <gpxtpx:hr>137</gpxtpx:hr>
            <gpxtpx:cad>91</gpxtpx:cad>
          </gpxtpx:TrackPointExtension>
        </extensions>
      </trkpt>
      <trkpt lat="32.0210845303" lon="120.892532598">
        <ele>5.8</ele>
        <time>2026-09-17T14:45:09+0800</time>
        <extensions>
          <gpxtpx:TrackPointExtension>
            <gpxtpx:hr>137</gpxtpx:hr>
            <gpxtpx:cad>92</gpxtpx:cad>
          </gpxtpx:TrackPointExtension>
        </extensions>
      </trkpt>
      <trkpt lat="32.0210727956" lon="120.892517511">
        <ele>5.8</ele>
        <time>2026-09-17T14:45:10+0800</time>
        <extensions>
          <gpxtpx:TrackPointExtension>
            <gpxtpx:hr>137</gpxtpx:hr>
            <gpxtpx:cad>92</gpxtpx:cad>
          </gpxtpx:TrackPointExtension>
        </extensions>
      </trkpt>
      <trkpt lat="32.0210530143" lon="120.8924927">
        <ele>5.8</ele>
        <time>2026-09-17T14:45:11+0800</time>
        <extensions>
          <gpxtpx:TrackPointExtension>
            <gpxtpx:hr>137</gpxtpx:hr>
            <gpxtpx:cad>92</gpxtpx:cad>
          </gpxtpx:TrackPointExtension>
        </extensions>
      </trkpt>
      <trkpt lat="32.0210397709" lon="120.892471829">
        <ele>5.8</ele>
        <time>2026-09-17T14:45:12+0800</time>
        <extensions>
          <gpxtpx:TrackPointExtension>
            <gpxtpx:hr>137</gpxtpx:hr>
            <gpxtpx:cad>92</gpxtpx:cad>
          </gpxtpx:TrackPointExtension>
        </extensions>
      </trkpt>
      <trkpt lat="32.0210206602" lon="120.892443918">
        <ele>5.8</ele>
        <time>2026-09-17T14:45:13+0800</time>
        <extensions>
          <gpxtpx:TrackPointExtension>
            <gpxtpx:hr>137</gpxtpx:hr>
            <gpxtpx:cad>92</gpxtpx:cad>
          </gpxtpx:TrackPointExtension>
        </extensions>
      </trkpt>
      <trkpt lat="32.0210064109" lon="120.892419526">
        <ele>6.0</ele>
        <time>2026-09-17T14:45:14+0800</time>
        <extensions>
          <gpxtpx:TrackPointExtension>
            <gpxtpx:hr>137</gpxtpx:hr>
            <gpxtpx:cad>92</gpxtpx:cad>
          </gpxtpx:TrackPointExtension>
        </extensions>
      </trkpt>
      <trkpt lat="32.0209929161" lon="120.892378455">
        <ele>6.0</ele>
        <time>2026-09-17T14:45:15+0800</time>
        <extensions>
          <gpxtpx:TrackPointExtension>
            <gpxtpx:hr>137</gpxtpx:hr>
            <gpxtpx:cad>92</gpxtpx:cad>
          </gpxtpx:TrackPointExtension>
        </extensions>
      </trkpt>
      <trkpt lat="32.0209817681" lon="120.892345766">
        <ele>6.0</ele>
        <time>2026-09-17T14:45:16+0800</time>
        <extensions>
          <gpxtpx:TrackPointExtension>
            <gpxtpx:hr>136</gpxtpx:hr>
            <gpxtpx:cad>92</gpxtpx:cad>
          </gpxtpx:TrackPointExtension>
        </extensions>
      </trkpt>
      <trkpt lat="32.0209737215" lon="120.892309304">
        <ele>6.0</ele>
        <time>2026-09-17T14:45:17+0800</time>
        <extensions>
          <gpxtpx:TrackPointExtension>
            <gpxtpx:hr>137</gpxtpx:hr>
            <gpxtpx:cad>92</gpxtpx:cad>
          </gpxtpx:TrackPointExtension>
        </extensions>
      </trkpt>
      <trkpt lat="32.0209637471" lon="120.892282734">
        <ele>6.0</ele>
        <time>2026-09-17T14:45:18+0800</time>
        <extensions>
          <gpxtpx:TrackPointExtension>
            <gpxtpx:hr>137</gpxtpx:hr>
            <gpxtpx:cad>92</gpxtpx:cad>
          </gpxtpx:TrackPointExtension>
        </extensions>
      </trkpt>
      <trkpt lat="32.0209601428" lon="120.89223898">
        <ele>6.0</ele>
        <time>2026-09-17T14:45:19+0800</time>
        <extensions>
          <gpxtpx:TrackPointExtension>
            <gpxtpx:hr>137</gpxtpx:hr>
            <gpxtpx:cad>92</gpxtpx:cad>
          </gpxtpx:TrackPointExtension>
        </extensions>
      </trkpt>
      <trkpt lat="32.0209529344" lon="120.892210649">
        <ele>6.0</ele>
        <time>2026-09-17T14:45:20+0800</time>
        <extensions>
          <gpxtpx:TrackPointExtension>
            <gpxtpx:hr>137</gpxtpx:hr>
            <gpxtpx:cad>92</gpxtpx:cad>
          </gpxtpx:TrackPointExtension>
        </extensions>
      </trkpt>
      <trkpt lat="32.0209546108" lon="120.892173937">
        <ele>5.8</ele>
        <time>2026-09-17T14:45:21+0800</time>
        <extensions>
          <gpxtpx:TrackPointExtension>
            <gpxtpx:hr>137</gpxtpx:hr>
            <gpxtpx:cad>91</gpxtpx:cad>
          </gpxtpx:TrackPointExtension>
        </extensions>
      </trkpt>
      <trkpt lat="32.0209479891" lon="120.892147869">
        <ele>6.0</ele>
        <time>2026-09-17T14:45:22+0800</time>
        <extensions>
          <gpxtpx:TrackPointExtension>
            <gpxtpx:hr>137</gpxtpx:hr>
            <gpxtpx:cad>90</gpxtpx:cad>
          </gpxtpx:TrackPointExtension>
        </extensions>
      </trkpt>
      <trkpt lat="32.0209461451" lon="120.892110318">
        <ele>6.0</ele>
        <time>2026-09-17T14:45:23+0800</time>
        <extensions>
          <gpxtpx:TrackPointExtension>
            <gpxtpx:hr>137</gpxtpx:hr>
            <gpxtpx:cad>90</gpxtpx:cad>
          </gpxtpx:TrackPointExtension>
        </extensions>
      </trkpt>
      <trkpt lat="32.0209430438" lon="120.89208425">
        <ele>5.8</ele>
        <time>2026-09-17T14:45:24+0800</time>
        <extensions>
          <gpxtpx:TrackPointExtension>
            <gpxtpx:hr>137</gpxtpx:hr>
            <gpxtpx:cad>88</gpxtpx:cad>
          </gpxtpx:TrackPointExtension>
        </extensions>
      </trkpt>
      <trkpt lat="32.0209423732" lon="120.892047286">
        <ele>5.8</ele>
        <time>2026-09-17T14:45:25+0800</time>
        <extensions>
          <gpxtpx:TrackPointExtension>
            <gpxtpx:hr>137</gpxtpx:hr>
            <gpxtpx:cad>88</gpxtpx:cad>
          </gpxtpx:TrackPointExtension>
        </extensions>
      </trkpt>
      <trkpt lat="32.0209370088" lon="120.89202608">
        <ele>5.8</ele>
        <time>2026-09-17T14:45:26+0800</time>
        <extensions>
          <gpxtpx:TrackPointExtension>
            <gpxtpx:hr>137</gpxtpx:hr>
            <gpxtpx:cad>88</gpxtpx:cad>
          </gpxtpx:TrackPointExtension>
        </extensions>
      </trkpt>
      <trkpt lat="32.020936925" lon="120.891992385">
        <ele>5.8</ele>
        <time>2026-09-17T14:45:27+0800</time>
        <extensions>
          <gpxtpx:TrackPointExtension>
            <gpxtpx:hr>136</gpxtpx:hr>
            <gpxtpx:cad>89</gpxtpx:cad>
          </gpxtpx:TrackPointExtension>
        </extensions>
      </trkpt>
      <trkpt lat="32.020933656" lon="120.891967742">
        <ele>5.8</ele>
        <time>2026-09-17T14:45:28+0800</time>
        <extensions>
          <gpxtpx:TrackPointExtension>
            <gpxtpx:hr>137</gpxtpx:hr>
            <gpxtpx:cad>89</gpxtpx:cad>
          </gpxtpx:TrackPointExtension>
        </extensions>
      </trkpt>
      <trkpt lat="32.0209243521" lon="120.891933627">
        <ele>5.8</ele>
        <time>2026-09-17T14:45:29+0800</time>
        <extensions>
          <gpxtpx:TrackPointExtension>
            <gpxtpx:hr>137</gpxtpx:hr>
            <gpxtpx:cad>89</gpxtpx:cad>
          </gpxtpx:TrackPointExtension>
        </extensions>
      </trkpt>
      <trkpt lat="32.0209140424" lon="120.891906805">
        <ele>5.8</ele>
        <time>2026-09-17T14:45:30+0800</time>
        <extensions>
          <gpxtpx:TrackPointExtension>
            <gpxtpx:hr>136</gpxtpx:hr>
            <gpxtpx:cad>89</gpxtpx:cad>
          </gpxtpx:TrackPointExtension>
        </extensions>
      </trkpt>
      <trkpt lat="32.0209058281" lon="120.891873864">
        <ele>5.8</ele>
        <time>2026-09-17T14:45:31+0800</time>
        <extensions>
          <gpxtpx:TrackPointExtension>
            <gpxtpx:hr>137</gpxtpx:hr>
            <gpxtpx:cad>89</gpxtpx:cad>
          </gpxtpx:TrackPointExtension>
        </extensions>
      </trkpt>
      <trkpt lat="32.0208994579" lon="120.891841929">
        <ele>6.0</ele>
        <time>2026-09-17T14:45:32+0800</time>
        <extensions>
          <gpxtpx:TrackPointExtension>
            <gpxtpx:hr>137</gpxtpx:hr>
            <gpxtpx:cad>89</gpxtpx:cad>
          </gpxtpx:TrackPointExtension>
        </extensions>
      </trkpt>
      <trkpt lat="32.0208940934" lon="120.891808653">
        <ele>6.0</ele>
        <time>2026-09-17T14:45:33+0800</time>
        <extensions>
          <gpxtpx:TrackPointExtension>
            <gpxtpx:hr>137</gpxtpx:hr>
            <gpxtpx:cad>89</gpxtpx:cad>
          </gpxtpx:TrackPointExtension>
        </extensions>
      </trkpt>
      <trkpt lat="32.0208935905" lon="120.891773701">
        <ele>6.0</ele>
        <time>2026-09-17T14:45:34+0800</time>
        <extensions>
          <gpxtpx:TrackPointExtension>
            <gpxtpx:hr>137</gpxtpx:hr>
            <gpxtpx:cad>88</gpxtpx:cad>
          </gpxtpx:TrackPointExtension>
        </extensions>
      </trkpt>
      <trkpt lat="32.0208863821" lon="120.891745873">
        <ele>6.0</ele>
        <time>2026-09-17T14:45:35+0800</time>
        <extensions>
          <gpxtpx:TrackPointExtension>
            <gpxtpx:hr>137</gpxtpx:hr>
            <gpxtpx:cad>88</gpxtpx:cad>
          </gpxtpx:TrackPointExtension>
        </extensions>
      </trkpt>
      <trkpt lat="32.0208869688" lon="120.891711172">
        <ele>6.0</ele>
        <time>2026-09-17T14:45:36+0800</time>
        <extensions>
          <gpxtpx:TrackPointExtension>
            <gpxtpx:hr>137</gpxtpx:hr>
            <gpxtpx:cad>88</gpxtpx:cad>
          </gpxtpx:TrackPointExtension>
        </extensions>
      </trkpt>
      <trkpt lat="32.0208805148" lon="120.891684769">
        <ele>6.0</ele>
        <time>2026-09-17T14:45:37+0800</time>
        <extensions>
          <gpxtpx:TrackPointExtension>
            <gpxtpx:hr>136</gpxtpx:hr>
            <gpxtpx:cad>88</gpxtpx:cad>
          </gpxtpx:TrackPointExtension>
        </extensions>
      </trkpt>
      <trkpt lat="32.0208823588" lon="120.891646715">
        <ele>6.0</ele>
        <time>2026-09-17T14:45:38+0800</time>
        <extensions>
          <gpxtpx:TrackPointExtension>
            <gpxtpx:hr>136</gpxtpx:hr>
            <gpxtpx:cad>89</gpxtpx:cad>
          </gpxtpx:TrackPointExtension>
        </extensions>
      </trkpt>
      <trkpt lat="32.0208790898" lon="120.89161478">
        <ele>6.0</ele>
        <time>2026-09-17T14:45:39+0800</time>
        <extensions>
          <gpxtpx:TrackPointExtension>
            <gpxtpx:hr>137</gpxtpx:hr>
            <gpxtpx:cad>89</gpxtpx:cad>
          </gpxtpx:TrackPointExtension>
        </extensions>
      </trkpt>
      <trkpt lat="32.0208794251" lon="120.891585359">
        <ele>6.0</ele>
        <time>2026-09-17T14:45:40+0800</time>
        <extensions>
          <gpxtpx:TrackPointExtension>
            <gpxtpx:hr>137</gpxtpx:hr>
            <gpxtpx:cad>89</gpxtpx:cad>
          </gpxtpx:TrackPointExtension>
        </extensions>
      </trkpt>
      <trkpt lat="32.0208728034" lon="120.891551999">
        <ele>5.8</ele>
        <time>2026-09-17T14:45:41+0800</time>
        <extensions>
          <gpxtpx:TrackPointExtension>
            <gpxtpx:hr>137</gpxtpx:hr>
            <gpxtpx:cad>88</gpxtpx:cad>
          </gpxtpx:TrackPointExtension>
        </extensions>
      </trkpt>
      <trkpt lat="32.0208737254" lon="120.891516628">
        <ele>5.8</ele>
        <time>2026-09-17T14:45:42+0800</time>
        <extensions>
          <gpxtpx:TrackPointExtension>
            <gpxtpx:hr>136</gpxtpx:hr>
            <gpxtpx:cad>88</gpxtpx:cad>
          </gpxtpx:TrackPointExtension>
        </extensions>
      </trkpt>
      <trkpt lat="32.0208702888" lon="120.891485279">
        <ele>5.8</ele>
        <time>2026-09-17T14:45:43+0800</time>
        <extensions>
          <gpxtpx:TrackPointExtension>
            <gpxtpx:hr>137</gpxtpx:hr>
            <gpxtpx:cad>88</gpxtpx:cad>
          </gpxtpx:TrackPointExtension>
        </extensions>
      </trkpt>
      <trkpt lat="32.0208697021" lon="120.891449573">
        <ele>5.8</ele>
        <time>2026-09-17T14:45:44+0800</time>
        <extensions>
          <gpxtpx:TrackPointExtension>
            <gpxtpx:hr>137</gpxtpx:hr>
            <gpxtpx:cad>89</gpxtpx:cad>
          </gpxtpx:TrackPointExtension>
        </extensions>
      </trkpt>
      <trkpt lat="32.0208719652" lon="120.891417637">
        <ele>5.8</ele>
        <time>2026-09-17T14:45:45+0800</time>
        <extensions>
          <gpxtpx:TrackPointExtension>
            <gpxtpx:hr>136</gpxtpx:hr>
            <gpxtpx:cad>89</gpxtpx:cad>
          </gpxtpx:TrackPointExtension>
        </extensions>
      </trkpt>
      <trkpt lat="32.0208759047" lon="120.891382685">
        <ele>5.8</ele>
        <time>2026-09-17T14:45:46+0800</time>
        <extensions>
          <gpxtpx:TrackPointExtension>
            <gpxtpx:hr>136</gpxtpx:hr>
            <gpxtpx:cad>89</gpxtpx:cad>
          </gpxtpx:TrackPointExtension>
        </extensions>
      </trkpt>
      <trkpt lat="32.0208761562" lon="120.891352426">
        <ele>6.0</ele>
        <time>2026-09-17T14:45:47+0800</time>
        <extensions>
          <gpxtpx:TrackPointExtension>
            <gpxtpx:hr>137</gpxtpx:hr>
            <gpxtpx:cad>89</gpxtpx:cad>
          </gpxtpx:TrackPointExtension>
        </extensions>
      </trkpt>
      <trkpt lat="32.0208785869" lon="120.891313031">
        <ele>6.0</ele>
        <time>2026-09-17T14:45:48+0800</time>
        <extensions>
          <gpxtpx:TrackPointExtension>
            <gpxtpx:hr>137</gpxtpx:hr>
            <gpxtpx:cad>89</gpxtpx:cad>
          </gpxtpx:TrackPointExtension>
        </extensions>
      </trkpt>
      <trkpt lat="32.0208768267" lon="120.891289143">
        <ele>6.0</ele>
        <time>2026-09-17T14:45:49+0800</time>
        <extensions>
          <gpxtpx:TrackPointExtension>
            <gpxtpx:hr>137</gpxtpx:hr>
            <gpxtpx:cad>90</gpxtpx:cad>
          </gpxtpx:TrackPointExtension>
        </extensions>
      </trkpt>
      <trkpt lat="32.02088085" lon="120.891255448">
        <ele>6.0</ele>
        <time>2026-09-17T14:45:50+0800</time>
        <extensions>
          <gpxtpx:TrackPointExtension>
            <gpxtpx:hr>137</gpxtpx:hr>
            <gpxtpx:cad>90</gpxtpx:cad>
          </gpxtpx:TrackPointExtension>
        </extensions>
      </trkpt>
      <trkpt lat="32.0208748151" lon="120.891228542">
        <ele>6.0</ele>
        <time>2026-09-17T14:45:51+0800</time>
        <extensions>
          <gpxtpx:TrackPointExtension>
            <gpxtpx:hr>137</gpxtpx:hr>
            <gpxtpx:cad>90</gpxtpx:cad>
          </gpxtpx:TrackPointExtension>
        </extensions>
      </trkpt>
      <trkpt lat="32.0208828617" lon="120.891189398">
        <ele>6.0</ele>
        <time>2026-09-17T14:45:52+0800</time>
        <extensions>
          <gpxtpx:TrackPointExtension>
            <gpxtpx:hr>137</gpxtpx:hr>
            <gpxtpx:cad>90</gpxtpx:cad>
          </gpxtpx:TrackPointExtension>
        </extensions>
      </trkpt>
      <trkpt lat="32.020878084" lon="120.891157798">
        <ele>6.0</ele>
        <time>2026-09-17T14:45:53+0800</time>
        <extensions>
          <gpxtpx:TrackPointExtension>
            <gpxtpx:hr>136</gpxtpx:hr>
            <gpxtpx:cad>89</gpxtpx:cad>
          </gpxtpx:TrackPointExtension>
        </extensions>
      </trkpt>
      <trkpt lat="32.0208846219" lon="120.891114548">
        <ele>6.0</ele>
        <time>2026-09-17T14:45:54+0800</time>
        <extensions>
          <gpxtpx:TrackPointExtension>
            <gpxtpx:hr>136</gpxtpx:hr>
            <gpxtpx:cad>88</gpxtpx:cad>
          </gpxtpx:TrackPointExtension>
        </extensions>
      </trkpt>
      <trkpt lat="32.0208862145" lon="120.891087977">
        <ele>6.0</ele>
        <time>2026-09-17T14:45:55+0800</time>
        <extensions>
          <gpxtpx:TrackPointExtension>
            <gpxtpx:hr>137</gpxtpx:hr>
            <gpxtpx:cad>88</gpxtpx:cad>
          </gpxtpx:TrackPointExtension>
        </extensions>
      </trkpt>
      <trkpt lat="32.0208914112" lon="120.891044308">
        <ele>6.0</ele>
        <time>2026-09-17T14:45:56+0800</time>
        <extensions>
          <gpxtpx:TrackPointExtension>
            <gpxtpx:hr>137</gpxtpx:hr>
            <gpxtpx:cad>89</gpxtpx:cad>
          </gpxtpx:TrackPointExtension>
        </extensions>
      </trkpt>
      <trkpt lat="32.0208860468" lon="120.891015222">
        <ele>6.0</ele>
        <time>2026-09-17T14:45:57+0800</time>
        <extensions>
          <gpxtpx:TrackPointExtension>
            <gpxtpx:hr>137</gpxtpx:hr>
            <gpxtpx:cad>89</gpxtpx:cad>
          </gpxtpx:TrackPointExtension>
        </extensions>
      </trkpt>
      <trkpt lat="32.0208902378" lon="120.890973816">
        <ele>6.0</ele>
        <time>2026-09-17T14:45:58+0800</time>
        <extensions>
          <gpxtpx:TrackPointExtension>
            <gpxtpx:hr>138</gpxtpx:hr>
            <gpxtpx:cad>89</gpxtpx:cad>
          </gpxtpx:TrackPointExtension>
        </extensions>
      </trkpt>
      <trkpt lat="32.0208930876" lon="120.89094976">
        <ele>6.0</ele>
        <time>2026-09-17T14:45:59+0800</time>
        <extensions>
          <gpxtpx:TrackPointExtension>
            <gpxtpx:hr>138</gpxtpx:hr>
            <gpxtpx:cad>90</gpxtpx:cad>
          </gpxtpx:TrackPointExtension>
        </extensions>
      </trkpt>
      <trkpt lat="32.0208991226" lon="120.890906509">
        <ele>6.0</ele>
        <time>2026-09-17T14:46:00+0800</time>
        <extensions>
          <gpxtpx:TrackPointExtension>
            <gpxtpx:hr>138</gpxtpx:hr>
            <gpxtpx:cad>90</gpxtpx:cad>
          </gpxtpx:TrackPointExtension>
        </extensions>
      </trkpt>
      <trkpt lat="32.0208971109" lon="120.890883459">
        <ele>6.0</ele>
        <time>2026-09-17T14:46:01+0800</time>
        <extensions>
          <gpxtpx:TrackPointExtension>
            <gpxtpx:hr>138</gpxtpx:hr>
            <gpxtpx:cad>90</gpxtpx:cad>
          </gpxtpx:TrackPointExtension>
        </extensions>
      </trkpt>
      <trkpt lat="32.0209039003" lon="120.890845573">
        <ele>6.0</ele>
        <time>2026-09-17T14:46:02+0800</time>
        <extensions>
          <gpxtpx:TrackPointExtension>
            <gpxtpx:hr>138</gpxtpx:hr>
            <gpxtpx:cad>90</gpxtpx:cad>
          </gpxtpx:TrackPointExtension>
        </extensions>
      </trkpt>
      <trkpt lat="32.0209045708" lon="120.890822271">
        <ele>6.0</ele>
        <time>2026-09-17T14:46:03+0800</time>
        <extensions>
          <gpxtpx:TrackPointExtension>
            <gpxtpx:hr>138</gpxtpx:hr>
            <gpxtpx:cad>90</gpxtpx:cad>
          </gpxtpx:TrackPointExtension>
        </extensions>
      </trkpt>
      <trkpt lat="32.0209152158" lon="120.890783966">
        <ele>6.0</ele>
        <time>2026-09-17T14:46:04+0800</time>
        <extensions>
          <gpxtpx:TrackPointExtension>
            <gpxtpx:hr>138</gpxtpx:hr>
            <gpxtpx:cad>90</gpxtpx:cad>
          </gpxtpx:TrackPointExtension>
        </extensions>
      </trkpt>
      <trkpt lat="32.0209179819" lon="120.890754461">
        <ele>6.0</ele>
        <time>2026-09-17T14:46:05+0800</time>
        <extensions>
          <gpxtpx:TrackPointExtension>
            <gpxtpx:hr>139</gpxtpx:hr>
            <gpxtpx:cad>90</gpxtpx:cad>
          </gpxtpx:TrackPointExtension>
        </extensions>
      </trkpt>
      <trkpt lat="32.0209285431" lon="120.890717832">
        <ele>6.0</ele>
        <time>2026-09-17T14:46:06+0800</time>
        <extensions>
          <gpxtpx:TrackPointExtension>
            <gpxtpx:hr>139</gpxtpx:hr>
            <gpxtpx:cad>90</gpxtpx:cad>
          </gpxtpx:TrackPointExtension>
        </extensions>
      </trkpt>
      <trkpt lat="32.0209334046" lon="120.890692687">
        <ele>6.0</ele>
        <time>2026-09-17T14:46:07+0800</time>
        <extensions>
          <gpxtpx:TrackPointExtension>
            <gpxtpx:hr>139</gpxtpx:hr>
            <gpxtpx:cad>90</gpxtpx:cad>
          </gpxtpx:TrackPointExtension>
        </extensions>
      </trkpt>
      <trkpt lat="32.0209474862" lon="120.890656393">
        <ele>6.0</ele>
        <time>2026-09-17T14:46:08+0800</time>
        <extensions>
          <gpxtpx:TrackPointExtension>
            <gpxtpx:hr>139</gpxtpx:hr>
            <gpxtpx:cad>89</gpxtpx:cad>
          </gpxtpx:TrackPointExtension>
        </extensions>
      </trkpt>
      <trkpt lat="32.0209529344" lon="120.890630241">
        <ele>6.0</ele>
        <time>2026-09-17T14:46:09+0800</time>
        <extensions>
          <gpxtpx:TrackPointExtension>
            <gpxtpx:hr>139</gpxtpx:hr>
            <gpxtpx:cad>88</gpxtpx:cad>
          </gpxtpx:TrackPointExtension>
        </extensions>
      </trkpt>
      <trkpt lat="32.020966094" lon="120.890587494">
        <ele>6.0</ele>
        <time>2026-09-17T14:46:10+0800</time>
        <extensions>
          <gpxtpx:TrackPointExtension>
            <gpxtpx:hr>139</gpxtpx:hr>
            <gpxtpx:cad>88</gpxtpx:cad>
          </gpxtpx:TrackPointExtension>
        </extensions>
      </trkpt>
      <trkpt lat="32.0209700335" lon="120.890558995">
        <ele>6.0</ele>
        <time>2026-09-17T14:46:11+0800</time>
        <extensions>
          <gpxtpx:TrackPointExtension>
            <gpxtpx:hr>139</gpxtpx:hr>
            <gpxtpx:cad>88</gpxtpx:cad>
          </gpxtpx:TrackPointExtension>
        </extensions>
      </trkpt>
      <trkpt lat="32.0209796727" lon="120.890520187">
        <ele>6.0</ele>
        <time>2026-09-17T14:46:12+0800</time>
        <extensions>
          <gpxtpx:TrackPointExtension>
            <gpxtpx:hr>138</gpxtpx:hr>
            <gpxtpx:cad>89</gpxtpx:cad>
          </gpxtpx:TrackPointExtension>
        </extensions>
      </trkpt>
      <trkpt lat="32.0209825225" lon="120.89049546">
        <ele>6.0</ele>
        <time>2026-09-17T14:46:13+0800</time>
        <extensions>
          <gpxtpx:TrackPointExtension>
            <gpxtpx:hr>138</gpxtpx:hr>
            <gpxtpx:cad>89</gpxtpx:cad>
          </gpxtpx:TrackPointExtension>
        </extensions>
      </trkpt>
      <trkpt lat="32.0209908206" lon="120.890459586">
        <ele>6.0</ele>
        <time>2026-09-17T14:46:14+0800</time>
        <extensions>
          <gpxtpx:TrackPointExtension>
            <gpxtpx:hr>138</gpxtpx:hr>
            <gpxtpx:cad>89</gpxtpx:cad>
          </gpxtpx:TrackPointExtension>
        </extensions>
      </trkpt>
      <trkpt lat="32.0209947601" lon="120.89043662">
        <ele>6.0</ele>
        <time>2026-09-17T14:46:15+0800</time>
        <extensions>
          <gpxtpx:TrackPointExtension>
            <gpxtpx:hr>138</gpxtpx:hr>
            <gpxtpx:cad>89</gpxtpx:cad>
          </gpxtpx:TrackPointExtension>
        </extensions>
      </trkpt>
      <trkpt lat="32.0210033096" lon="120.890400745">
        <ele>6.0</ele>
        <time>2026-09-17T14:46:16+0800</time>
        <extensions>
          <gpxtpx:TrackPointExtension>
            <gpxtpx:hr>138</gpxtpx:hr>
            <gpxtpx:cad>89</gpxtpx:cad>
          </gpxtpx:TrackPointExtension>
        </extensions>
      </trkpt>
      <trkpt lat="32.021009177" lon="120.89037912">
        <ele>6.0</ele>
        <time>2026-09-17T14:46:17+0800</time>
        <extensions>
          <gpxtpx:TrackPointExtension>
            <gpxtpx:hr>138</gpxtpx:hr>
            <gpxtpx:cad>89</gpxtpx:cad>
          </gpxtpx:TrackPointExtension>
        </extensions>
      </trkpt>
      <trkpt lat="32.021017978" lon="120.890342239">
        <ele>6.2</ele>
        <time>2026-09-17T14:46:18+0800</time>
        <extensions>
          <gpxtpx:TrackPointExtension>
            <gpxtpx:hr>138</gpxtpx:hr>
            <gpxtpx:cad>89</gpxtpx:cad>
          </gpxtpx:TrackPointExtension>
        </extensions>
      </trkpt>
      <trkpt lat="32.0210251026" lon="120.890310723">
        <ele>6.2</ele>
        <time>2026-09-17T14:46:19+0800</time>
        <extensions>
          <gpxtpx:TrackPointExtension>
            <gpxtpx:hr>138</gpxtpx:hr>
            <gpxtpx:cad>89</gpxtpx:cad>
          </gpxtpx:TrackPointExtension>
        </extensions>
      </trkpt>
      <trkpt lat="32.0210342389" lon="120.890279626">
        <ele>6.2</ele>
        <time>2026-09-17T14:46:20+0800</time>
        <extensions>
          <gpxtpx:TrackPointExtension>
            <gpxtpx:hr>138</gpxtpx:hr>
            <gpxtpx:cad>89</gpxtpx:cad>
          </gpxtpx:TrackPointExtension>
        </extensions>
      </trkpt>
      <trkpt lat="32.0210468955" lon="120.890251296">
        <ele>6.2</ele>
        <time>2026-09-17T14:46:21+0800</time>
        <extensions>
          <gpxtpx:TrackPointExtension>
            <gpxtpx:hr>138</gpxtpx:hr>
            <gpxtpx:cad>89</gpxtpx:cad>
          </gpxtpx:TrackPointExtension>
        </extensions>
      </trkpt>
      <trkpt lat="32.0210589655" lon="120.890213493">
        <ele>6.2</ele>
        <time>2026-09-17T14:46:22+0800</time>
        <extensions>
          <gpxtpx:TrackPointExtension>
            <gpxtpx:hr>139</gpxtpx:hr>
            <gpxtpx:cad>89</gpxtpx:cad>
          </gpxtpx:TrackPointExtension>
        </extensions>
      </trkpt>
      <trkpt lat="32.0210706163" lon="120.890181223">
        <ele>6.2</ele>
        <time>2026-09-17T14:46:23+0800</time>
        <extensions>
          <gpxtpx:TrackPointExtension>
            <gpxtpx:hr>139</gpxtpx:hr>
            <gpxtpx:cad>89</gpxtpx:cad>
          </gpxtpx:TrackPointExtension>
        </extensions>
      </trkpt>
      <trkpt lat="32.0210765675" lon="120.89014627">
        <ele>6.0</ele>
        <time>2026-09-17T14:46:24+0800</time>
        <extensions>
          <gpxtpx:TrackPointExtension>
            <gpxtpx:hr>139</gpxtpx:hr>
            <gpxtpx:cad>89</gpxtpx:cad>
          </gpxtpx:TrackPointExtension>
        </extensions>
      </trkpt>
      <trkpt lat="32.0210871287" lon="120.890117018">
        <ele>6.0</ele>
        <time>2026-09-17T14:46:25+0800</time>
        <extensions>
          <gpxtpx:TrackPointExtension>
            <gpxtpx:hr>139</gpxtpx:hr>
            <gpxtpx:cad>89</gpxtpx:cad>
          </gpxtpx:TrackPointExtension>
        </extensions>
      </trkpt>
      <trkpt lat="32.0210906491" lon="120.89008458">
        <ele>6.0</ele>
        <time>2026-09-17T14:46:26+0800</time>
        <extensions>
          <gpxtpx:TrackPointExtension>
            <gpxtpx:hr>140</gpxtpx:hr>
            <gpxtpx:cad>89</gpxtpx:cad>
          </gpxtpx:TrackPointExtension>
        </extensions>
      </trkpt>
      <trkpt lat="32.0211012941" lon="120.890048454">
        <ele>6.0</ele>
        <time>2026-09-17T14:46:27+0800</time>
        <extensions>
          <gpxtpx:TrackPointExtension>
            <gpxtpx:hr>140</gpxtpx:hr>
            <gpxtpx:cad>89</gpxtpx:cad>
          </gpxtpx:TrackPointExtension>
        </extensions>
      </trkpt>
      <trkpt lat="32.0211071614" lon="120.89001677">
        <ele>6.0</ele>
        <time>2026-09-17T14:46:28+0800</time>
        <extensions>
          <gpxtpx:TrackPointExtension>
            <gpxtpx:hr>140</gpxtpx:hr>
            <gpxtpx:cad>89</gpxtpx:cad>
          </gpxtpx:TrackPointExtension>
        </extensions>
      </trkpt>
      <trkpt lat="32.0211183932" lon="120.889980728">
        <ele>6.0</ele>
        <time>2026-09-17T14:46:29+0800</time>
        <extensions>
          <gpxtpx:TrackPointExtension>
            <gpxtpx:hr>140</gpxtpx:hr>
            <gpxtpx:cad>89</gpxtpx:cad>
          </gpxtpx:TrackPointExtension>
        </extensions>
      </trkpt>
      <trkpt lat="32.0211232547" lon="120.889948457">
        <ele>6.0</ele>
        <time>2026-09-17T14:46:30+0800</time>
        <extensions>
          <gpxtpx:TrackPointExtension>
            <gpxtpx:hr>141</gpxtpx:hr>
            <gpxtpx:cad>89</gpxtpx:cad>
          </gpxtpx:TrackPointExtension>
        </extensions>
      </trkpt>
      <trkpt lat="32.0211352408" lon="120.889910236">
        <ele>6.0</ele>
        <time>2026-09-17T14:46:31+0800</time>
        <extensions>
          <gpxtpx:TrackPointExtension>
            <gpxtpx:hr>141</gpxtpx:hr>
            <gpxtpx:cad>88</gpxtpx:cad>
          </gpxtpx:TrackPointExtension>
        </extensions>
      </trkpt>
      <trkpt lat="32.0211436227" lon="120.889880145">
        <ele>6.0</ele>
        <time>2026-09-17T14:46:32+0800</time>
        <extensions>
          <gpxtpx:TrackPointExtension>
            <gpxtpx:hr>141</gpxtpx:hr>
            <gpxtpx:cad>88</gpxtpx:cad>
          </gpxtpx:TrackPointExtension>
        </extensions>
      </trkpt>
      <trkpt lat="32.0211586263" lon="120.889846617">
        <ele>6.0</ele>
        <time>2026-09-17T14:46:33+0800</time>
        <extensions>
          <gpxtpx:TrackPointExtension>
            <gpxtpx:hr>141</gpxtpx:hr>
            <gpxtpx:cad>88</gpxtpx:cad>
          </gpxtpx:TrackPointExtension>
        </extensions>
      </trkpt>
      <trkpt lat="32.0211653318" lon="120.889817448">
        <ele>6.0</ele>
        <time>2026-09-17T14:46:34+0800</time>
        <extensions>
          <gpxtpx:TrackPointExtension>
            <gpxtpx:hr>141</gpxtpx:hr>
            <gpxtpx:cad>88</gpxtpx:cad>
          </gpxtpx:TrackPointExtension>
        </extensions>
      </trkpt>
      <trkpt lat="32.0211763121" lon="120.889782915">
        <ele>6.0</ele>
        <time>2026-09-17T14:46:35+0800</time>
        <extensions>
          <gpxtpx:TrackPointExtension>
            <gpxtpx:hr>141</gpxtpx:hr>
            <gpxtpx:cad>87</gpxtpx:cad>
          </gpxtpx:TrackPointExtension>
        </extensions>
      </trkpt>
      <trkpt lat="32.0211862028" lon="120.889755674">
        <ele>6.0</ele>
        <time>2026-09-17T14:46:36+0800</time>
        <extensions>
          <gpxtpx:TrackPointExtension>
            <gpxtpx:hr>141</gpxtpx:hr>
            <gpxtpx:cad>87</gpxtpx:cad>
          </gpxtpx:TrackPointExtension>
        </extensions>
      </trkpt>
      <trkpt lat="32.0211985242" lon="120.889718207">
        <ele>6.0</ele>
        <time>2026-09-17T14:46:37+0800</time>
        <extensions>
          <gpxtpx:TrackPointExtension>
            <gpxtpx:hr>141</gpxtpx:hr>
            <gpxtpx:cad>88</gpxtpx:cad>
          </gpxtpx:TrackPointExtension>
        </extensions>
      </trkpt>
      <trkpt lat="32.0212093368" lon="120.889693145">
        <ele>6.0</ele>
        <time>2026-09-17T14:46:38+0800</time>
        <extensions>
          <gpxtpx:TrackPointExtension>
            <gpxtpx:hr>141</gpxtpx:hr>
            <gpxtpx:cad>88</gpxtpx:cad>
          </gpxtpx:TrackPointExtension>
        </extensions>
      </trkpt>
      <trkpt lat="32.0212200657" lon="120.88965375">
        <ele>6.0</ele>
        <time>2026-09-17T14:46:39+0800</time>
        <extensions>
          <gpxtpx:TrackPointExtension>
            <gpxtpx:hr>141</gpxtpx:hr>
            <gpxtpx:cad>88</gpxtpx:cad>
          </gpxtpx:TrackPointExtension>
        </extensions>
      </trkpt>
      <trkpt lat="32.0212343149" lon="120.889626257">
        <ele>6.0</ele>
        <time>2026-09-17T14:46:40+0800</time>
        <extensions>
          <gpxtpx:TrackPointExtension>
            <gpxtpx:hr>141</gpxtpx:hr>
            <gpxtpx:cad>89</gpxtpx:cad>
          </gpxtpx:TrackPointExtension>
        </extensions>
      </trkpt>
      <trkpt lat="32.0212564431" lon="120.889594741">
        <ele>6.0</ele>
        <time>2026-09-17T14:46:41+0800</time>
        <extensions>
          <gpxtpx:TrackPointExtension>
            <gpxtpx:hr>142</gpxtpx:hr>
            <gpxtpx:cad>89</gpxtpx:cad>
          </gpxtpx:TrackPointExtension>
        </extensions>
      </trkpt>
      <trkpt lat="32.0212688483" lon="120.889570601">
        <ele>6.0</ele>
        <time>2026-09-17T14:46:42+0800</time>
        <extensions>
          <gpxtpx:TrackPointExtension>
            <gpxtpx:hr>142</gpxtpx:hr>
            <gpxtpx:cad>89</gpxtpx:cad>
          </gpxtpx:TrackPointExtension>
        </extensions>
      </trkpt>
      <trkpt lat="32.0212867018" lon="120.889537577">
        <ele>6.0</ele>
        <time>2026-09-17T14:46:43+0800</time>
        <extensions>
          <gpxtpx:TrackPointExtension>
            <gpxtpx:hr>141</gpxtpx:hr>
            <gpxtpx:cad>89</gpxtpx:cad>
          </gpxtpx:TrackPointExtension>
        </extensions>
      </trkpt>
      <trkpt lat="32.0212995261" lon="120.889510922">
        <ele>6.0</ele>
        <time>2026-09-17T14:46:44+0800</time>
        <extensions>
          <gpxtpx:TrackPointExtension>
            <gpxtpx:hr>141</gpxtpx:hr>
            <gpxtpx:cad>88</gpxtpx:cad>
          </gpxtpx:TrackPointExtension>
        </extensions>
      </trkpt>
      <trkpt lat="32.021313943" lon="120.889477059">
        <ele>6.0</ele>
        <time>2026-09-17T14:46:45+0800</time>
        <extensions>
          <gpxtpx:TrackPointExtension>
            <gpxtpx:hr>141</gpxtpx:hr>
            <gpxtpx:cad>89</gpxtpx:cad>
          </gpxtpx:TrackPointExtension>
        </extensions>
      </trkpt>
      <trkpt lat="32.021328276" lon="120.889448728">
        <ele>6.2</ele>
        <time>2026-09-17T14:46:46+0800</time>
        <extensions>
          <gpxtpx:TrackPointExtension>
            <gpxtpx:hr>141</gpxtpx:hr>
            <gpxtpx:cad>89</gpxtpx:cad>
          </gpxtpx:TrackPointExtension>
        </extensions>
      </trkpt>
      <trkpt lat="32.0213435311" lon="120.889410423">
        <ele>6.2</ele>
        <time>2026-09-17T14:46:47+0800</time>
        <extensions>
          <gpxtpx:TrackPointExtension>
            <gpxtpx:hr>141</gpxtpx:hr>
            <gpxtpx:cad>89</gpxtpx:cad>
          </gpxtpx:TrackPointExtension>
        </extensions>
      </trkpt>
      <trkpt lat="32.0213613845" lon="120.889382511">
        <ele>6.2</ele>
        <time>2026-09-17T14:46:48+0800</time>
        <extensions>
          <gpxtpx:TrackPointExtension>
            <gpxtpx:hr>141</gpxtpx:hr>
            <gpxtpx:cad>89</gpxtpx:cad>
          </gpxtpx:TrackPointExtension>
        </extensions>
      </trkpt>
      <trkpt lat="32.0213711914" lon="120.88934781">
        <ele>6.2</ele>
        <time>2026-09-17T14:46:49+0800</time>
        <extensions>
          <gpxtpx:TrackPointExtension>
            <gpxtpx:hr>141</gpxtpx:hr>
            <gpxtpx:cad>89</gpxtpx:cad>
          </gpxtpx:TrackPointExtension>
        </extensions>
      </trkpt>
      <trkpt lat="32.0213834289" lon="120.889317803">
        <ele>6.2</ele>
        <time>2026-09-17T14:46:50+0800</time>
        <extensions>
          <gpxtpx:TrackPointExtension>
            <gpxtpx:hr>141</gpxtpx:hr>
            <gpxtpx:cad>89</gpxtpx:cad>
          </gpxtpx:TrackPointExtension>
        </extensions>
      </trkpt>
      <trkpt lat="32.0213845186" lon="120.889291065">
        <ele>6.2</ele>
        <time>2026-09-17T14:46:51+0800</time>
        <extensions>
          <gpxtpx:TrackPointExtension>
            <gpxtpx:hr>141</gpxtpx:hr>
            <gpxtpx:cad>89</gpxtpx:cad>
          </gpxtpx:TrackPointExtension>
        </extensions>
      </trkpt>
      <trkpt lat="32.0213772263" lon="120.889268853">
        <ele>6.2</ele>
        <time>2026-09-17T14:46:52+0800</time>
        <extensions>
          <gpxtpx:TrackPointExtension>
            <gpxtpx:hr>142</gpxtpx:hr>
            <gpxtpx:cad>88</gpxtpx:cad>
          </gpxtpx:TrackPointExtension>
        </extensions>
      </trkpt>
      <trkpt lat="32.0213632286" lon="120.889251083">
        <ele>6.2</ele>
        <time>2026-09-17T14:46:53+0800</time>
        <extensions>
          <gpxtpx:TrackPointExtension>
            <gpxtpx:hr>142</gpxtpx:hr>
            <gpxtpx:cad>88</gpxtpx:cad>
          </gpxtpx:TrackPointExtension>
        </extensions>
      </trkpt>
      <trkpt lat="32.0213445369" lon="120.889246222">
        <ele>6.2</ele>
        <time>2026-09-17T14:46:54+0800</time>
        <extensions>
          <gpxtpx:TrackPointExtension>
            <gpxtpx:hr>142</gpxtpx:hr>
            <gpxtpx:cad>88</gpxtpx:cad>
          </gpxtpx:TrackPointExtension>
        </extensions>
      </trkpt>
      <trkpt lat="32.0213102549" lon="120.88923851">
        <ele>6.2</ele>
        <time>2026-09-17T14:46:55+0800</time>
        <extensions>
          <gpxtpx:TrackPointExtension>
            <gpxtpx:hr>142</gpxtpx:hr>
            <gpxtpx:cad>88</gpxtpx:cad>
          </gpxtpx:TrackPointExtension>
        </extensions>
      </trkpt>
      <trkpt lat="32.0212869532" lon="120.889236918">
        <ele>6.2</ele>
        <time>2026-09-17T14:46:56+0800</time>
        <extensions>
          <gpxtpx:TrackPointExtension>
            <gpxtpx:hr>142</gpxtpx:hr>
            <gpxtpx:cad>86</gpxtpx:cad>
          </gpxtpx:TrackPointExtension>
        </extensions>
      </trkpt>
      <trkpt lat="32.021255102" lon="120.889221998">
        <ele>6.2</ele>
        <time>2026-09-17T14:46:57+0800</time>
        <extensions>
          <gpxtpx:TrackPointExtension>
            <gpxtpx:hr>142</gpxtpx:hr>
            <gpxtpx:cad>86</gpxtpx:cad>
          </gpxtpx:TrackPointExtension>
        </extensions>
      </trkpt>
      <trkpt lat="32.0212297887" lon="120.889211437">
        <ele>6.2</ele>
        <time>2026-09-17T14:46:58+0800</time>
        <extensions>
          <gpxtpx:TrackPointExtension>
            <gpxtpx:hr>142</gpxtpx:hr>
            <gpxtpx:cad>86</gpxtpx:cad>
          </gpxtpx:TrackPointExtension>
        </extensions>
      </trkpt>
      <trkpt lat="32.0211979374" lon="120.889198864">
        <ele>6.0</ele>
        <time>2026-09-17T14:46:59+0800</time>
        <extensions>
          <gpxtpx:TrackPointExtension>
            <gpxtpx:hr>142</gpxtpx:hr>
            <gpxtpx:cad>86</gpxtpx:cad>
          </gpxtpx:TrackPointExtension>
        </extensions>
      </trkpt>
      <trkpt lat="32.0211727079" lon="120.889197774">
        <ele>6.0</ele>
        <time>2026-09-17T14:47:00+0800</time>
        <extensions>
          <gpxtpx:TrackPointExtension>
            <gpxtpx:hr>142</gpxtpx:hr>
            <gpxtpx:cad>86</gpxtpx:cad>
          </gpxtpx:TrackPointExtension>
        </extensions>
      </trkpt>
      <trkpt lat="32.021140689" lon="120.889190901">
        <ele>6.0</ele>
        <time>2026-09-17T14:47:01+0800</time>
        <extensions>
          <gpxtpx:TrackPointExtension>
            <gpxtpx:hr>143</gpxtpx:hr>
            <gpxtpx:cad>86</gpxtpx:cad>
          </gpxtpx:TrackPointExtension>
        </extensions>
      </trkpt>
      <trkpt lat="32.0211168006" lon="120.889186626">
        <ele>6.0</ele>
        <time>2026-09-17T14:47:02+0800</time>
        <extensions>
          <gpxtpx:TrackPointExtension>
            <gpxtpx:hr>143</gpxtpx:hr>
            <gpxtpx:cad>89</gpxtpx:cad>
          </gpxtpx:TrackPointExtension>
        </extensions>
      </trkpt>
      <trkpt lat="32.0210829377" lon="120.889174137">
        <ele>6.0</ele>
        <time>2026-09-17T14:47:03+0800</time>
        <extensions>
          <gpxtpx:TrackPointExtension>
            <gpxtpx:hr>143</gpxtpx:hr>
            <gpxtpx:cad>89</gpxtpx:cad>
          </gpxtpx:TrackPointExtension>
        </extensions>
      </trkpt>
      <trkpt lat="32.0210611448" lon="120.889170449">
        <ele>6.0</ele>
        <time>2026-09-17T14:47:04+0800</time>
        <extensions>
          <gpxtpx:TrackPointExtension>
            <gpxtpx:hr>143</gpxtpx:hr>
            <gpxtpx:cad>90</gpxtpx:cad>
          </gpxtpx:TrackPointExtension>
        </extensions>
      </trkpt>
      <trkpt lat="32.0210260246" lon="120.889160139">
        <ele>6.0</ele>
        <time>2026-09-17T14:47:05+0800</time>
        <extensions>
          <gpxtpx:TrackPointExtension>
            <gpxtpx:hr>142</gpxtpx:hr>
            <gpxtpx:cad>90</gpxtpx:cad>
          </gpxtpx:TrackPointExtension>
        </extensions>
      </trkpt>
      <trkpt lat="32.0210018009" lon="120.889156116">
        <ele>6.0</ele>
        <time>2026-09-17T14:47:06+0800</time>
        <extensions>
          <gpxtpx:TrackPointExtension>
            <gpxtpx:hr>142</gpxtpx:hr>
            <gpxtpx:cad>90</gpxtpx:cad>
          </gpxtpx:TrackPointExtension>
        </extensions>
      </trkpt>
      <trkpt lat="32.0209702849" lon="120.889148321">
        <ele>6.0</ele>
        <time>2026-09-17T14:47:07+0800</time>
        <extensions>
          <gpxtpx:TrackPointExtension>
            <gpxtpx:hr>142</gpxtpx:hr>
            <gpxtpx:cad>90</gpxtpx:cad>
          </gpxtpx:TrackPointExtension>
        </extensions>
      </trkpt>
      <trkpt lat="32.0209449716" lon="120.889142454">
        <ele>6.0</ele>
        <time>2026-09-17T14:47:08+0800</time>
        <extensions>
          <gpxtpx:TrackPointExtension>
            <gpxtpx:hr>143</gpxtpx:hr>
            <gpxtpx:cad>91</gpxtpx:cad>
          </gpxtpx:TrackPointExtension>
        </extensions>
      </trkpt>
      <trkpt lat="32.0209136233" lon="120.889128037">
        <ele>6.0</ele>
        <time>2026-09-17T14:47:09+0800</time>
        <extensions>
          <gpxtpx:TrackPointExtension>
            <gpxtpx:hr>143</gpxtpx:hr>
            <gpxtpx:cad>91</gpxtpx:cad>
          </gpxtpx:TrackPointExtension>
        </extensions>
      </trkpt>
      <trkpt lat="32.0208888128" lon="120.889119655">
        <ele>6.0</ele>
        <time>2026-09-17T14:47:10+0800</time>
        <extensions>
          <gpxtpx:TrackPointExtension>
            <gpxtpx:hr>143</gpxtpx:hr>
            <gpxtpx:cad>91</gpxtpx:cad>
          </gpxtpx:TrackPointExtension>
        </extensions>
      </trkpt>
      <trkpt lat="32.0208565425" lon="120.889107082">
        <ele>6.0</ele>
        <time>2026-09-17T14:47:11+0800</time>
        <extensions>
          <gpxtpx:TrackPointExtension>
            <gpxtpx:hr>142</gpxtpx:hr>
            <gpxtpx:cad>91</gpxtpx:cad>
          </gpxtpx:TrackPointExtension>
        </extensions>
      </trkpt>
      <trkpt lat="32.0208303072" lon="120.889098784">
        <ele>6.0</ele>
        <time>2026-09-17T14:47:12+0800</time>
        <extensions>
          <gpxtpx:TrackPointExtension>
            <gpxtpx:hr>143</gpxtpx:hr>
            <gpxtpx:cad>91</gpxtpx:cad>
          </gpxtpx:TrackPointExtension>
        </extensions>
      </trkpt>
      <trkpt lat="32.0208018087" lon="120.889085205">
        <ele>6.0</ele>
        <time>2026-09-17T14:47:13+0800</time>
        <extensions>
          <gpxtpx:TrackPointExtension>
            <gpxtpx:hr>143</gpxtpx:hr>
            <gpxtpx:cad>91</gpxtpx:cad>
          </gpxtpx:TrackPointExtension>
        </extensions>
      </trkpt>
      <trkpt lat="32.0207765792" lon="120.889078919">
        <ele>6.0</ele>
        <time>2026-09-17T14:47:14+0800</time>
        <extensions>
          <gpxtpx:TrackPointExtension>
            <gpxtpx:hr>143</gpxtpx:hr>
            <gpxtpx:cad>91</gpxtpx:cad>
          </gpxtpx:TrackPointExtension>
        </extensions>
      </trkpt>
      <trkpt lat="32.0207425486" lon="120.889060562">
        <ele>6.0</ele>
        <time>2026-09-17T14:47:15+0800</time>
        <extensions>
          <gpxtpx:TrackPointExtension>
            <gpxtpx:hr>142</gpxtpx:hr>
            <gpxtpx:cad>91</gpxtpx:cad>
          </gpxtpx:TrackPointExtension>
        </extensions>
      </trkpt>
      <trkpt lat="32.0207149722" lon="120.889051091">
        <ele>6.2</ele>
        <time>2026-09-17T14:47:16+0800</time>
        <extensions>
          <gpxtpx:TrackPointExtension>
            <gpxtpx:hr>142</gpxtpx:hr>
            <gpxtpx:cad>91</gpxtpx:cad>
          </gpxtpx:TrackPointExtension>
        </extensions>
      </trkpt>
      <trkpt lat="32.0206836239" lon="120.889036255">
        <ele>6.0</ele>
        <time>2026-09-17T14:47:17+0800</time>
        <extensions>
          <gpxtpx:TrackPointExtension>
            <gpxtpx:hr>142</gpxtpx:hr>
            <gpxtpx:cad>91</gpxtpx:cad>
          </gpxtpx:TrackPointExtension>
        </extensions>
      </trkpt>
      <trkpt lat="32.0206562988" lon="120.889030304">
        <ele>6.2</ele>
        <time>2026-09-17T14:47:18+0800</time>
        <extensions>
          <gpxtpx:TrackPointExtension>
            <gpxtpx:hr>142</gpxtpx:hr>
            <gpxtpx:cad>90</gpxtpx:cad>
          </gpxtpx:TrackPointExtension>
        </extensions>
      </trkpt>
      <trkpt lat="32.0206243638" lon="120.889016641">
        <ele>6.2</ele>
        <time>2026-09-17T14:47:19+0800</time>
        <extensions>
          <gpxtpx:TrackPointExtension>
            <gpxtpx:hr>142</gpxtpx:hr>
            <gpxtpx:cad>90</gpxtpx:cad>
          </gpxtpx:TrackPointExtension>
        </extensions>
      </trkpt>
      <trkpt lat="32.0206012297" lon="120.889011109">
        <ele>6.2</ele>
        <time>2026-09-17T14:47:20+0800</time>
        <extensions>
          <gpxtpx:TrackPointExtension>
            <gpxtpx:hr>140</gpxtpx:hr>
            <gpxtpx:cad>90</gpxtpx:cad>
          </gpxtpx:TrackPointExtension>
        </extensions>
      </trkpt>
      <trkpt lat="32.0205728151" lon="120.88900608">
        <ele>6.2</ele>
        <time>2026-09-17T14:47:21+0800</time>
        <extensions>
          <gpxtpx:TrackPointExtension>
            <gpxtpx:hr>140</gpxtpx:hr>
            <gpxtpx:cad>90</gpxtpx:cad>
          </gpxtpx:TrackPointExtension>
        </extensions>
      </trkpt>
      <trkpt lat="32.0205493458" lon="120.889008511">
        <ele>6.2</ele>
        <time>2026-09-17T14:47:22+0800</time>
        <extensions>
          <gpxtpx:TrackPointExtension>
            <gpxtpx:hr>140</gpxtpx:hr>
            <gpxtpx:cad>90</gpxtpx:cad>
          </gpxtpx:TrackPointExtension>
        </extensions>
      </trkpt>
      <trkpt lat="32.0205169916" lon="120.889000464">
        <ele>6.2</ele>
        <time>2026-09-17T14:47:23+0800</time>
        <extensions>
          <gpxtpx:TrackPointExtension>
            <gpxtpx:hr>139</gpxtpx:hr>
            <gpxtpx:cad>90</gpxtpx:cad>
          </gpxtpx:TrackPointExtension>
        </extensions>
      </trkpt>
      <trkpt lat="32.0204917621" lon="120.888998536">
        <ele>6.0</ele>
        <time>2026-09-17T14:47:24+0800</time>
        <extensions>
          <gpxtpx:TrackPointExtension>
            <gpxtpx:hr>140</gpxtpx:hr>
            <gpxtpx:cad>90</gpxtpx:cad>
          </gpxtpx:TrackPointExtension>
        </extensions>
      </trkpt>
      <trkpt lat="32.0204600785" lon="120.888989568">
        <ele>6.2</ele>
        <time>2026-09-17T14:47:25+0800</time>
        <extensions>
          <gpxtpx:TrackPointExtension>
            <gpxtpx:hr>140</gpxtpx:hr>
            <gpxtpx:cad>90</gpxtpx:cad>
          </gpxtpx:TrackPointExtension>
        </extensions>
      </trkpt>
      <trkpt lat="32.0204367768" lon="120.888985461">
        <ele>6.2</ele>
        <time>2026-09-17T14:47:26+0800</time>
        <extensions>
          <gpxtpx:TrackPointExtension>
            <gpxtpx:hr>140</gpxtpx:hr>
            <gpxtpx:cad>90</gpxtpx:cad>
          </gpxtpx:TrackPointExtension>
        </extensions>
      </trkpt>
      <trkpt lat="32.0204060152" lon="120.888979007">
        <ele>6.2</ele>
        <time>2026-09-17T14:47:27+0800</time>
        <extensions>
          <gpxtpx:TrackPointExtension>
            <gpxtpx:hr>140</gpxtpx:hr>
            <gpxtpx:cad>90</gpxtpx:cad>
          </gpxtpx:TrackPointExtension>
        </extensions>
      </trkpt>
      <trkpt lat="32.0203812886" lon="120.888973307">
        <ele>6.2</ele>
        <time>2026-09-17T14:47:28+0800</time>
        <extensions>
          <gpxtpx:TrackPointExtension>
            <gpxtpx:hr>141</gpxtpx:hr>
            <gpxtpx:cad>90</gpxtpx:cad>
          </gpxtpx:TrackPointExtension>
        </extensions>
      </trkpt>
      <trkpt lat="32.0203499403" lon="120.888967523">
        <ele>6.2</ele>
        <time>2026-09-17T14:47:29+0800</time>
        <extensions>
          <gpxtpx:TrackPointExtension>
            <gpxtpx:hr>141</gpxtpx:hr>
            <gpxtpx:cad>90</gpxtpx:cad>
          </gpxtpx:TrackPointExtension>
        </extensions>
      </trkpt>
      <trkpt lat="32.0203248784" lon="120.888965093">
        <ele>6.2</ele>
        <time>2026-09-17T14:47:30+0800</time>
        <extensions>
          <gpxtpx:TrackPointExtension>
            <gpxtpx:hr>141</gpxtpx:hr>
            <gpxtpx:cad>89</gpxtpx:cad>
          </gpxtpx:TrackPointExtension>
        </extensions>
      </trkpt>
      <trkpt lat="32.0202928595" lon="120.888951346">
        <ele>6.2</ele>
        <time>2026-09-17T14:47:31+0800</time>
        <extensions>
          <gpxtpx:TrackPointExtension>
            <gpxtpx:hr>142</gpxtpx:hr>
            <gpxtpx:cad>88</gpxtpx:cad>
          </gpxtpx:TrackPointExtension>
        </extensions>
      </trkpt>
      <trkpt lat="32.0202698931" lon="120.888947407">
        <ele>6.2</ele>
        <time>2026-09-17T14:47:32+0800</time>
        <extensions>
          <gpxtpx:TrackPointExtension>
            <gpxtpx:hr>143</gpxtpx:hr>
            <gpxtpx:cad>88</gpxtpx:cad>
          </gpxtpx:TrackPointExtension>
        </extensions>
      </trkpt>
      <trkpt lat="32.0202389639" lon="120.888935504">
        <ele>6.2</ele>
        <time>2026-09-17T14:47:33+0800</time>
        <extensions>
          <gpxtpx:TrackPointExtension>
            <gpxtpx:hr>143</gpxtpx:hr>
            <gpxtpx:cad>89</gpxtpx:cad>
          </gpxtpx:TrackPointExtension>
        </extensions>
      </trkpt>
      <trkpt lat="32.020213902" lon="120.888932152">
        <ele>6.2</ele>
        <time>2026-09-17T14:47:34+0800</time>
        <extensions>
          <gpxtpx:TrackPointExtension>
            <gpxtpx:hr>143</gpxtpx:hr>
            <gpxtpx:cad>89</gpxtpx:cad>
          </gpxtpx:TrackPointExtension>
        </extensions>
      </trkpt>
      <trkpt lat="32.0201821346" lon="120.888922932">
        <ele>6.2</ele>
        <time>2026-09-17T14:47:35+0800</time>
        <extensions>
          <gpxtpx:TrackPointExtension>
            <gpxtpx:hr>143</gpxtpx:hr>
            <gpxtpx:cad>90</gpxtpx:cad>
          </gpxtpx:TrackPointExtension>
        </extensions>
      </trkpt>
      <trkpt lat="32.0201553963" lon="120.888919663">
        <ele>6.2</ele>
        <time>2026-09-17T14:47:36+0800</time>
        <extensions>
          <gpxtpx:TrackPointExtension>
            <gpxtpx:hr>144</gpxtpx:hr>
            <gpxtpx:cad>89</gpxtpx:cad>
          </gpxtpx:TrackPointExtension>
        </extensions>
      </trkpt>
      <trkpt lat="32.0201191865" lon="120.888905497">
        <ele>6.2</ele>
        <time>2026-09-17T14:47:37+0800</time>
        <extensions>
          <gpxtpx:TrackPointExtension>
            <gpxtpx:hr>144</gpxtpx:hr>
            <gpxtpx:cad>89</gpxtpx:cad>
          </gpxtpx:TrackPointExtension>
        </extensions>
      </trkpt>
      <trkpt lat="32.020093454" lon="120.888899798">
        <ele>6.2</ele>
        <time>2026-09-17T14:47:38+0800</time>
        <extensions>
          <gpxtpx:TrackPointExtension>
            <gpxtpx:hr>144</gpxtpx:hr>
            <gpxtpx:cad>89</gpxtpx:cad>
          </gpxtpx:TrackPointExtension>
        </extensions>
      </trkpt>
      <trkpt lat="32.020060597" lon="120.888890494">
        <ele>6.2</ele>
        <time>2026-09-17T14:47:39+0800</time>
        <extensions>
          <gpxtpx:TrackPointExtension>
            <gpxtpx:hr>144</gpxtpx:hr>
            <gpxtpx:cad>89</gpxtpx:cad>
          </gpxtpx:TrackPointExtension>
        </extensions>
      </trkpt>
      <trkpt lat="32.0200345293" lon="120.888885884">
        <ele>6.2</ele>
        <time>2026-09-17T14:47:40+0800</time>
        <extensions>
          <gpxtpx:TrackPointExtension>
            <gpxtpx:hr>145</gpxtpx:hr>
            <gpxtpx:cad>89</gpxtpx:cad>
          </gpxtpx:TrackPointExtension>
        </extensions>
      </trkpt>
      <trkpt lat="32.0200036" lon="120.888874065">
        <ele>6.2</ele>
        <time>2026-09-17T14:47:41+0800</time>
        <extensions>
          <gpxtpx:TrackPointExtension>
            <gpxtpx:hr>146</gpxtpx:hr>
            <gpxtpx:cad>89</gpxtpx:cad>
          </gpxtpx:TrackPointExtension>
        </extensions>
      </trkpt>
      <trkpt lat="32.0199761074" lon="120.888870461">
        <ele>6.2</ele>
        <time>2026-09-17T14:47:42+0800</time>
        <extensions>
          <gpxtpx:TrackPointExtension>
            <gpxtpx:hr>146</gpxtpx:hr>
            <gpxtpx:cad>90</gpxtpx:cad>
          </gpxtpx:TrackPointExtension>
        </extensions>
      </trkpt>
      <trkpt lat="32.0199448429" lon="120.888859564">
        <ele>6.2</ele>
        <time>2026-09-17T14:47:43+0800</time>
        <extensions>
          <gpxtpx:TrackPointExtension>
            <gpxtpx:hr>146</gpxtpx:hr>
            <gpxtpx:cad>90</gpxtpx:cad>
          </gpxtpx:TrackPointExtension>
        </extensions>
      </trkpt>
      <trkpt lat="32.0199240558" lon="120.888850763">
        <ele>6.2</ele>
        <time>2026-09-17T14:47:44+0800</time>
        <extensions>
          <gpxtpx:TrackPointExtension>
            <gpxtpx:hr>147</gpxtpx:hr>
            <gpxtpx:cad>90</gpxtpx:cad>
          </gpxtpx:TrackPointExtension>
        </extensions>
      </trkpt>
      <trkpt lat="32.0198948029" lon="120.88884322">
        <ele>6.4</ele>
        <time>2026-09-17T14:47:45+0800</time>
        <extensions>
          <gpxtpx:TrackPointExtension>
            <gpxtpx:hr>147</gpxtpx:hr>
            <gpxtpx:cad>90</gpxtpx:cad>
          </gpxtpx:TrackPointExtension>
        </extensions>
      </trkpt>
      <trkpt lat="32.0198751055" lon="120.888835844">
        <ele>6.4</ele>
        <time>2026-09-17T14:47:46+0800</time>
        <extensions>
          <gpxtpx:TrackPointExtension>
            <gpxtpx:hr>147</gpxtpx:hr>
            <gpxtpx:cad>90</gpxtpx:cad>
          </gpxtpx:TrackPointExtension>
        </extensions>
      </trkpt>
      <trkpt lat="32.0198450144" lon="120.88882721">
        <ele>6.4</ele>
        <time>2026-09-17T14:47:47+0800</time>
        <extensions>
          <gpxtpx:TrackPointExtension>
            <gpxtpx:hr>147</gpxtpx:hr>
            <gpxtpx:cad>89</gpxtpx:cad>
          </gpxtpx:TrackPointExtension>
        </extensions>
      </trkpt>
      <trkpt lat="32.0198207907" lon="120.888823774">
        <ele>6.4</ele>
        <time>2026-09-17T14:47:48+0800</time>
        <extensions>
          <gpxtpx:TrackPointExtension>
            <gpxtpx:hr>147</gpxtpx:hr>
            <gpxtpx:cad>89</gpxtpx:cad>
          </gpxtpx:TrackPointExtension>
        </extensions>
      </trkpt>
      <trkpt lat="32.0197864249" lon="120.888820505">
        <ele>6.4</ele>
        <time>2026-09-17T14:47:49+0800</time>
        <extensions>
          <gpxtpx:TrackPointExtension>
            <gpxtpx:hr>147</gpxtpx:hr>
            <gpxtpx:cad>90</gpxtpx:cad>
          </gpxtpx:TrackPointExtension>
        </extensions>
      </trkpt>
      <trkpt lat="32.0197590161" lon="120.888814135">
        <ele>6.4</ele>
        <time>2026-09-17T14:47:50+0800</time>
        <extensions>
          <gpxtpx:TrackPointExtension>
            <gpxtpx:hr>147</gpxtpx:hr>
            <gpxtpx:cad>90</gpxtpx:cad>
          </gpxtpx:TrackPointExtension>
        </extensions>
      </trkpt>
      <trkpt lat="32.019719705" lon="120.888802735">
        <ele>6.4</ele>
        <time>2026-09-17T14:47:51+0800</time>
        <extensions>
          <gpxtpx:TrackPointExtension>
            <gpxtpx:hr>147</gpxtpx:hr>
            <gpxtpx:cad>89</gpxtpx:cad>
          </gpxtpx:TrackPointExtension>
        </extensions>
      </trkpt>
      <trkpt lat="32.0196925476" lon="120.888793347">
        <ele>6.4</ele>
        <time>2026-09-17T14:47:52+0800</time>
        <extensions>
          <gpxtpx:TrackPointExtension>
            <gpxtpx:hr>147</gpxtpx:hr>
            <gpxtpx:cad>89</gpxtpx:cad>
          </gpxtpx:TrackPointExtension>
        </extensions>
      </trkpt>
      <trkpt lat="32.0196596067" lon="120.888787396">
        <ele>6.4</ele>
        <time>2026-09-17T14:47:53+0800</time>
        <extensions>
          <gpxtpx:TrackPointExtension>
            <gpxtpx:hr>147</gpxtpx:hr>
            <gpxtpx:cad>89</gpxtpx:cad>
          </gpxtpx:TrackPointExtension>
        </extensions>
      </trkpt>
      <trkpt lat="32.0196321979" lon="120.888783541">
        <ele>6.4</ele>
        <time>2026-09-17T14:47:54+0800</time>
        <extensions>
          <gpxtpx:TrackPointExtension>
            <gpxtpx:hr>147</gpxtpx:hr>
            <gpxtpx:cad>88</gpxtpx:cad>
          </gpxtpx:TrackPointExtension>
        </extensions>
      </trkpt>
      <trkpt lat="32.0196061302" lon="120.888788486">
        <ele>6.6</ele>
        <time>2026-09-17T14:47:55+0800</time>
        <extensions>
          <gpxtpx:TrackPointExtension>
            <gpxtpx:hr>147</gpxtpx:hr>
            <gpxtpx:cad>88</gpxtpx:cad>
          </gpxtpx:TrackPointExtension>
        </extensions>
      </trkpt>
      <trkpt lat="32.0195837505" lon="120.888797035">
        <ele>6.6</ele>
        <time>2026-09-17T14:47:56+0800</time>
        <extensions>
          <gpxtpx:TrackPointExtension>
            <gpxtpx:hr>147</gpxtpx:hr>
            <gpxtpx:cad>88</gpxtpx:cad>
          </gpxtpx:TrackPointExtension>
        </extensions>
      </trkpt>
      <trkpt lat="32.0195669029" lon="120.888812207">
        <ele>6.6</ele>
        <time>2026-09-17T14:47:57+0800</time>
        <extensions>
          <gpxtpx:TrackPointExtension>
            <gpxtpx:hr>147</gpxtpx:hr>
            <gpxtpx:cad>88</gpxtpx:cad>
          </gpxtpx:TrackPointExtension>
        </extensions>
      </trkpt>
      <trkpt lat="32.01954972" lon="120.888834">
        <ele>6.4</ele>
        <time>2026-09-17T14:47:58+0800</time>
        <extensions>
          <gpxtpx:TrackPointExtension>
            <gpxtpx:hr>147</gpxtpx:hr>
            <gpxtpx:cad>88</gpxtpx:cad>
          </gpxtpx:TrackPointExtension>
        </extensions>
      </trkpt>
      <trkpt lat="32.0195434336" lon="120.88885881">
        <ele>6.4</ele>
        <time>2026-09-17T14:47:59+0800</time>
        <extensions>
          <gpxtpx:TrackPointExtension>
            <gpxtpx:hr>148</gpxtpx:hr>
            <gpxtpx:cad>88</gpxtpx:cad>
          </gpxtpx:TrackPointExtension>
        </extensions>
      </trkpt>
      <trkpt lat="32.0195326209" lon="120.888886387">
        <ele>6.4</ele>
        <time>2026-09-17T14:48:00+0800</time>
        <extensions>
          <gpxtpx:TrackPointExtension>
            <gpxtpx:hr>147</gpxtpx:hr>
            <gpxtpx:cad>88</gpxtpx:cad>
          </gpxtpx:TrackPointExtension>
        </extensions>
      </trkpt>
      <trkpt lat="32.0195236523" lon="120.888909856">
        <ele>6.4</ele>
        <time>2026-09-17T14:48:01+0800</time>
        <extensions>
          <gpxtpx:TrackPointExtension>
            <gpxtpx:hr>147</gpxtpx:hr>
            <gpxtpx:cad>88</gpxtpx:cad>
          </gpxtpx:TrackPointExtension>
        </extensions>
      </trkpt>
      <trkpt lat="32.0195120852" lon="120.888943467">
        <ele>6.4</ele>
        <time>2026-09-17T14:48:02+0800</time>
        <extensions>
          <gpxtpx:TrackPointExtension>
            <gpxtpx:hr>147</gpxtpx:hr>
            <gpxtpx:cad>89</gpxtpx:cad>
          </gpxtpx:TrackPointExtension>
        </extensions>
      </trkpt>
      <trkpt lat="32.0195065532" lon="120.888974648">
        <ele>6.4</ele>
        <time>2026-09-17T14:48:03+0800</time>
        <extensions>
          <gpxtpx:TrackPointExtension>
            <gpxtpx:hr>148</gpxtpx:hr>
            <gpxtpx:cad>89</gpxtpx:cad>
          </gpxtpx:TrackPointExtension>
        </extensions>
      </trkpt>
      <trkpt lat="32.0194986742" lon="120.889006918">
        <ele>6.4</ele>
        <time>2026-09-17T14:48:04+0800</time>
        <extensions>
          <gpxtpx:TrackPointExtension>
            <gpxtpx:hr>148</gpxtpx:hr>
            <gpxtpx:cad>88</gpxtpx:cad>
          </gpxtpx:TrackPointExtension>
        </extensions>
      </trkpt>
      <trkpt lat="32.0194928069" lon="120.889036087">
        <ele>6.4</ele>
        <time>2026-09-17T14:48:05+0800</time>
        <extensions>
          <gpxtpx:TrackPointExtension>
            <gpxtpx:hr>148</gpxtpx:hr>
            <gpxtpx:cad>88</gpxtpx:cad>
          </gpxtpx:TrackPointExtension>
        </extensions>
      </trkpt>
      <trkpt lat="32.0194854308" lon="120.88906995">
        <ele>6.4</ele>
        <time>2026-09-17T14:48:06+0800</time>
        <extensions>
          <gpxtpx:TrackPointExtension>
            <gpxtpx:hr>149</gpxtpx:hr>
            <gpxtpx:cad>88</gpxtpx:cad>
          </gpxtpx:TrackPointExtension>
        </extensions>
      </trkpt>
      <trkpt lat="32.0194806531" lon="120.889100125">
        <ele>6.4</ele>
        <time>2026-09-17T14:48:07+0800</time>
        <extensions>
          <gpxtpx:TrackPointExtension>
            <gpxtpx:hr>149</gpxtpx:hr>
            <gpxtpx:cad>89</gpxtpx:cad>
          </gpxtpx:TrackPointExtension>
        </extensions>
      </trkpt>
      <trkpt lat="32.0194706786" lon="120.889134239">
        <ele>6.2</ele>
        <time>2026-09-17T14:48:08+0800</time>
        <extensions>
          <gpxtpx:TrackPointExtension>
            <gpxtpx:hr>149</gpxtpx:hr>
            <gpxtpx:cad>90</gpxtpx:cad>
          </gpxtpx:TrackPointExtension>
        </extensions>
      </trkpt>
      <trkpt lat="32.0194674097" lon="120.889166342">
        <ele>6.2</ele>
        <time>2026-09-17T14:48:09+0800</time>
        <extensions>
          <gpxtpx:TrackPointExtension>
            <gpxtpx:hr>149</gpxtpx:hr>
            <gpxtpx:cad>90</gpxtpx:cad>
          </gpxtpx:TrackPointExtension>
        </extensions>
      </trkpt>
      <trkpt lat="32.0194602851" lon="120.889199954">
        <ele>6.2</ele>
        <time>2026-09-17T14:48:10+0800</time>
        <extensions>
          <gpxtpx:TrackPointExtension>
            <gpxtpx:hr>149</gpxtpx:hr>
            <gpxtpx:cad>89</gpxtpx:cad>
          </gpxtpx:TrackPointExtension>
        </extensions>
      </trkpt>
      <trkpt lat="32.0194555074" lon="120.889231134">
        <ele>6.2</ele>
        <time>2026-09-17T14:48:11+0800</time>
        <extensions>
          <gpxtpx:TrackPointExtension>
            <gpxtpx:hr>149</gpxtpx:hr>
            <gpxtpx:cad>89</gpxtpx:cad>
          </gpxtpx:TrackPointExtension>
        </extensions>
      </trkpt>
      <trkpt lat="32.0194446109" lon="120.889273379">
        <ele>6.2</ele>
        <time>2026-09-17T14:48:12+0800</time>
        <extensions>
          <gpxtpx:TrackPointExtension>
            <gpxtpx:hr>148</gpxtpx:hr>
            <gpxtpx:cad>89</gpxtpx:cad>
          </gpxtpx:TrackPointExtension>
        </extensions>
      </trkpt>
      <trkpt lat="32.0194373187" lon="120.889301961">
        <ele>6.4</ele>
        <time>2026-09-17T14:48:13+0800</time>
        <extensions>
          <gpxtpx:TrackPointExtension>
            <gpxtpx:hr>148</gpxtpx:hr>
            <gpxtpx:cad>88</gpxtpx:cad>
          </gpxtpx:TrackPointExtension>
        </extensions>
      </trkpt>
      <trkpt lat="32.0194333792" lon="120.889338003">
        <ele>6.4</ele>
        <time>2026-09-17T14:48:14+0800</time>
        <extensions>
          <gpxtpx:TrackPointExtension>
            <gpxtpx:hr>148</gpxtpx:hr>
            <gpxtpx:cad>88</gpxtpx:cad>
          </gpxtpx:TrackPointExtension>
        </extensions>
      </trkpt>
      <trkpt lat="32.0194300264" lon="120.889366753">
        <ele>6.4</ele>
        <time>2026-09-17T14:48:15+0800</time>
        <extensions>
          <gpxtpx:TrackPointExtension>
            <gpxtpx:hr>148</gpxtpx:hr>
            <gpxtpx:cad>88</gpxtpx:cad>
          </gpxtpx:TrackPointExtension>
        </extensions>
      </trkpt>
      <trkpt lat="32.0194188785" lon="120.889407154">
        <ele>6.4</ele>
        <time>2026-09-17T14:48:16+0800</time>
        <extensions>
          <gpxtpx:TrackPointExtension>
            <gpxtpx:hr>149</gpxtpx:hr>
            <gpxtpx:cad>88</gpxtpx:cad>
          </gpxtpx:TrackPointExtension>
        </extensions>
      </trkpt>
      <trkpt lat="32.019414017" lon="120.889439424">
        <ele>6.4</ele>
        <time>2026-09-17T14:48:17+0800</time>
        <extensions>
          <gpxtpx:TrackPointExtension>
            <gpxtpx:hr>148</gpxtpx:hr>
            <gpxtpx:cad>88</gpxtpx:cad>
          </gpxtpx:TrackPointExtension>
        </extensions>
      </trkpt>
      <trkpt lat="32.019405216" lon="120.889474964">
        <ele>6.4</ele>
        <time>2026-09-17T14:48:18+0800</time>
        <extensions>
          <gpxtpx:TrackPointExtension>
            <gpxtpx:hr>148</gpxtpx:hr>
            <gpxtpx:cad>89</gpxtpx:cad>
          </gpxtpx:TrackPointExtension>
        </extensions>
      </trkpt>
      <trkpt lat="32.0194053836" lon="120.889506228">
        <ele>6.4</ele>
        <time>2026-09-17T14:48:19+0800</time>
        <extensions>
          <gpxtpx:TrackPointExtension>
            <gpxtpx:hr>149</gpxtpx:hr>
            <gpxtpx:cad>89</gpxtpx:cad>
          </gpxtpx:TrackPointExtension>
        </extensions>
      </trkpt>
      <trkpt lat="32.0194026176" lon="120.889547803">
        <ele>6.4</ele>
        <time>2026-09-17T14:48:20+0800</time>
        <extensions>
          <gpxtpx:TrackPointExtension>
            <gpxtpx:hr>148</gpxtpx:hr>
            <gpxtpx:cad>89</gpxtpx:cad>
          </gpxtpx:TrackPointExtension>
        </extensions>
      </trkpt>
      <trkpt lat="32.0193975046" lon="120.889577391">
        <ele>6.4</ele>
        <time>2026-09-17T14:48:21+0800</time>
        <extensions>
          <gpxtpx:TrackPointExtension>
            <gpxtpx:hr>148</gpxtpx:hr>
            <gpxtpx:cad>89</gpxtpx:cad>
          </gpxtpx:TrackPointExtension>
        </extensions>
      </trkpt>
      <trkpt lat="32.0193896256" lon="120.889613517">
        <ele>6.4</ele>
        <time>2026-09-17T14:48:22+0800</time>
        <extensions>
          <gpxtpx:TrackPointExtension>
            <gpxtpx:hr>148</gpxtpx:hr>
            <gpxtpx:cad>89</gpxtpx:cad>
          </gpxtpx:TrackPointExtension>
        </extensions>
      </trkpt>
      <trkpt lat="32.0193837583" lon="120.889644949">
        <ele>6.6</ele>
        <time>2026-09-17T14:48:23+0800</time>
        <extensions>
          <gpxtpx:TrackPointExtension>
            <gpxtpx:hr>148</gpxtpx:hr>
            <gpxtpx:cad>89</gpxtpx:cad>
          </gpxtpx:TrackPointExtension>
        </extensions>
      </trkpt>
      <trkpt lat="32.019380657" lon="120.889679566">
        <ele>6.6</ele>
        <time>2026-09-17T14:48:24+0800</time>
        <extensions>
          <gpxtpx:TrackPointExtension>
            <gpxtpx:hr>148</gpxtpx:hr>
            <gpxtpx:cad>89</gpxtpx:cad>
          </gpxtpx:TrackPointExtension>
        </extensions>
      </trkpt>
      <trkpt lat="32.0193816628" lon="120.889711333">
        <ele>6.6</ele>
        <time>2026-09-17T14:48:25+0800</time>
        <extensions>
          <gpxtpx:TrackPointExtension>
            <gpxtpx:hr>148</gpxtpx:hr>
            <gpxtpx:cad>89</gpxtpx:cad>
          </gpxtpx:TrackPointExtension>
        </extensions>
      </trkpt>
      <trkpt lat="32.0193794835" lon="120.889741927">
        <ele>6.6</ele>
        <time>2026-09-17T14:48:26+0800</time>
        <extensions>
          <gpxtpx:TrackPointExtension>
            <gpxtpx:hr>148</gpxtpx:hr>
            <gpxtpx:cad>89</gpxtpx:cad>
          </gpxtpx:TrackPointExtension>
        </extensions>
      </trkpt>
      <trkpt lat="32.0193784777" lon="120.88977227">
        <ele>6.6</ele>
        <time>2026-09-17T14:48:27+0800</time>
        <extensions>
          <gpxtpx:TrackPointExtension>
            <gpxtpx:hr>148</gpxtpx:hr>
            <gpxtpx:cad>88</gpxtpx:cad>
          </gpxtpx:TrackPointExtension>
        </extensions>
      </trkpt>
      <trkpt lat="32.0193771366" lon="120.889803367">
        <ele>6.6</ele>
        <time>2026-09-17T14:48:28+0800</time>
        <extensions>
          <gpxtpx:TrackPointExtension>
            <gpxtpx:hr>148</gpxtpx:hr>
            <gpxtpx:cad>88</gpxtpx:cad>
          </gpxtpx:TrackPointExtension>
        </extensions>
      </trkpt>
      <trkpt lat="32.0193731971" lon="120.889837649">
        <ele>6.6</ele>
        <time>2026-09-17T14:48:29+0800</time>
        <extensions>
          <gpxtpx:TrackPointExtension>
            <gpxtpx:hr>148</gpxtpx:hr>
            <gpxtpx:cad>88</gpxtpx:cad>
          </gpxtpx:TrackPointExtension>
        </extensions>
      </trkpt>
      <trkpt lat="32.019370934" lon="120.889870422">
        <ele>6.6</ele>
        <time>2026-09-17T14:48:30+0800</time>
        <extensions>
          <gpxtpx:TrackPointExtension>
            <gpxtpx:hr>149</gpxtpx:hr>
            <gpxtpx:cad>88</gpxtpx:cad>
          </gpxtpx:TrackPointExtension>
        </extensions>
      </trkpt>
      <trkpt lat="32.0193617977" lon="120.889907889">
        <ele>6.6</ele>
        <time>2026-09-17T14:48:31+0800</time>
        <extensions>
          <gpxtpx:TrackPointExtension>
            <gpxtpx:hr>149</gpxtpx:hr>
            <gpxtpx:cad>88</gpxtpx:cad>
          </gpxtpx:TrackPointExtension>
        </extensions>
      </trkpt>
      <trkpt lat="32.0193573553" lon="120.889942423">
        <ele>6.6</ele>
        <time>2026-09-17T14:48:32+0800</time>
        <extensions>
          <gpxtpx:TrackPointExtension>
            <gpxtpx:hr>149</gpxtpx:hr>
            <gpxtpx:cad>88</gpxtpx:cad>
          </gpxtpx:TrackPointExtension>
        </extensions>
      </trkpt>
      <trkpt lat="32.0193528291" lon="120.88998056">
        <ele>6.6</ele>
        <time>2026-09-17T14:48:33+0800</time>
        <extensions>
          <gpxtpx:TrackPointExtension>
            <gpxtpx:hr>149</gpxtpx:hr>
            <gpxtpx:cad>88</gpxtpx:cad>
          </gpxtpx:TrackPointExtension>
        </extensions>
      </trkpt>
      <trkpt lat="32.0193500631" lon="120.890014339">
        <ele>6.4</ele>
        <time>2026-09-17T14:48:34+0800</time>
        <extensions>
          <gpxtpx:TrackPointExtension>
            <gpxtpx:hr>149</gpxtpx:hr>
            <gpxtpx:cad>88</gpxtpx:cad>
          </gpxtpx:TrackPointExtension>
        </extensions>
      </trkpt>
      <trkpt lat="32.0193441957" lon="120.890056081">
        <ele>6.4</ele>
        <time>2026-09-17T14:48:35+0800</time>
        <extensions>
          <gpxtpx:TrackPointExtension>
            <gpxtpx:hr>149</gpxtpx:hr>
            <gpxtpx:cad>88</gpxtpx:cad>
          </gpxtpx:TrackPointExtension>
        </extensions>
      </trkpt>
      <trkpt lat="32.0193405077" lon="120.890090531">
        <ele>6.4</ele>
        <time>2026-09-17T14:48:36+0800</time>
        <extensions>
          <gpxtpx:TrackPointExtension>
            <gpxtpx:hr>149</gpxtpx:hr>
            <gpxtpx:cad>88</gpxtpx:cad>
          </gpxtpx:TrackPointExtension>
        </extensions>
      </trkpt>
      <trkpt lat="32.019334808" lon="120.890128585">
        <ele>6.4</ele>
        <time>2026-09-17T14:48:37+0800</time>
        <extensions>
          <gpxtpx:TrackPointExtension>
            <gpxtpx:hr>149</gpxtpx:hr>
            <gpxtpx:cad>88</gpxtpx:cad>
          </gpxtpx:TrackPointExtension>
        </extensions>
      </trkpt>
      <trkpt lat="32.0193279348" lon="120.890159681">
        <ele>6.4</ele>
        <time>2026-09-17T14:48:38+0800</time>
        <extensions>
          <gpxtpx:TrackPointExtension>
            <gpxtpx:hr>149</gpxtpx:hr>
            <gpxtpx:cad>88</gpxtpx:cad>
          </gpxtpx:TrackPointExtension>
        </extensions>
      </trkpt>
      <trkpt lat="32.0193177089" lon="120.890192371">
        <ele>6.4</ele>
        <time>2026-09-17T14:48:39+0800</time>
        <extensions>
          <gpxtpx:TrackPointExtension>
            <gpxtpx:hr>150</gpxtpx:hr>
            <gpxtpx:cad>88</gpxtpx:cad>
          </gpxtpx:TrackPointExtension>
        </extensions>
      </trkpt>
      <trkpt lat="32.019307483" lon="120.890221791">
        <ele>6.4</ele>
        <time>2026-09-17T14:48:40+0800</time>
        <extensions>
          <gpxtpx:TrackPointExtension>
            <gpxtpx:hr>150</gpxtpx:hr>
            <gpxtpx:cad>88</gpxtpx:cad>
          </gpxtpx:TrackPointExtension>
        </extensions>
      </trkpt>
      <trkpt lat="32.0192997716" lon="120.890251966">
        <ele>6.4</ele>
        <time>2026-09-17T14:48:41+0800</time>
        <extensions>
          <gpxtpx:TrackPointExtension>
            <gpxtpx:hr>150</gpxtpx:hr>
            <gpxtpx:cad>88</gpxtpx:cad>
          </gpxtpx:TrackPointExtension>
        </extensions>
      </trkpt>
      <trkpt lat="32.0192918088" lon="120.890283482">
        <ele>6.4</ele>
        <time>2026-09-17T14:48:42+0800</time>
        <extensions>
          <gpxtpx:TrackPointExtension>
            <gpxtpx:hr>150</gpxtpx:hr>
            <gpxtpx:cad>88</gpxtpx:cad>
          </gpxtpx:TrackPointExtension>
        </extensions>
      </trkpt>
      <trkpt lat="32.0192862768" lon="120.89031986">
        <ele>6.4</ele>
        <time>2026-09-17T14:48:43+0800</time>
        <extensions>
          <gpxtpx:TrackPointExtension>
            <gpxtpx:hr>150</gpxtpx:hr>
            <gpxtpx:cad>88</gpxtpx:cad>
          </gpxtpx:TrackPointExtension>
        </extensions>
      </trkpt>
      <trkpt lat="32.019280158" lon="120.89035498">
        <ele>6.4</ele>
        <time>2026-09-17T14:48:44+0800</time>
        <extensions>
          <gpxtpx:TrackPointExtension>
            <gpxtpx:hr>150</gpxtpx:hr>
            <gpxtpx:cad>88</gpxtpx:cad>
          </gpxtpx:TrackPointExtension>
        </extensions>
      </trkpt>
      <trkpt lat="32.0192752965" lon="120.890391609">
        <ele>6.4</ele>
        <time>2026-09-17T14:48:45+0800</time>
        <extensions>
          <gpxtpx:TrackPointExtension>
            <gpxtpx:hr>150</gpxtpx:hr>
            <gpxtpx:cad>88</gpxtpx:cad>
          </gpxtpx:TrackPointExtension>
        </extensions>
      </trkpt>
      <trkpt lat="32.0192672499" lon="120.890425472">
        <ele>6.4</ele>
        <time>2026-09-17T14:48:46+0800</time>
        <extensions>
          <gpxtpx:TrackPointExtension>
            <gpxtpx:hr>150</gpxtpx:hr>
            <gpxtpx:cad>87</gpxtpx:cad>
          </gpxtpx:TrackPointExtension>
        </extensions>
      </trkpt>
      <trkpt lat="32.0192612149" lon="120.890458329">
        <ele>6.4</ele>
        <time>2026-09-17T14:48:47+0800</time>
        <extensions>
          <gpxtpx:TrackPointExtension>
            <gpxtpx:hr>150</gpxtpx:hr>
            <gpxtpx:cad>87</gpxtpx:cad>
          </gpxtpx:TrackPointExtension>
        </extensions>
      </trkpt>
      <trkpt lat="32.0192524139" lon="120.890497221">
        <ele>6.4</ele>
        <time>2026-09-17T14:48:48+0800</time>
        <extensions>
          <gpxtpx:TrackPointExtension>
            <gpxtpx:hr>150</gpxtpx:hr>
            <gpxtpx:cad>88</gpxtpx:cad>
          </gpxtpx:TrackPointExtension>
        </extensions>
      </trkpt>
      <trkpt lat="32.0192339737" lon="120.890545668">
        <ele>6.4</ele>
        <time>2026-09-17T14:48:49+0800</time>
        <extensions>
          <gpxtpx:TrackPointExtension>
            <gpxtpx:hr>150</gpxtpx:hr>
            <gpxtpx:cad>88</gpxtpx:cad>
          </gpxtpx:TrackPointExtension>
        </extensions>
      </trkpt>
      <trkpt lat="32.019219473" lon="120.890591349">
        <ele>6.4</ele>
        <time>2026-09-17T14:48:50+0800</time>
        <extensions>
          <gpxtpx:TrackPointExtension>
            <gpxtpx:hr>149</gpxtpx:hr>
            <gpxtpx:cad>88</gpxtpx:cad>
          </gpxtpx:TrackPointExtension>
        </extensions>
      </trkpt>
      <trkpt lat="32.0192167908" lon="120.890623285">
        <ele>6.4</ele>
        <time>2026-09-17T14:48:51+0800</time>
        <extensions>
          <gpxtpx:TrackPointExtension>
            <gpxtpx:hr>150</gpxtpx:hr>
            <gpxtpx:cad>88</gpxtpx:cad>
          </gpxtpx:TrackPointExtension>
        </extensions>
      </trkpt>
      <trkpt lat="32.0192045532" lon="120.890670056">
        <ele>6.4</ele>
        <time>2026-09-17T14:48:52+0800</time>
        <extensions>
          <gpxtpx:TrackPointExtension>
            <gpxtpx:hr>150</gpxtpx:hr>
            <gpxtpx:cad>88</gpxtpx:cad>
          </gpxtpx:TrackPointExtension>
        </extensions>
      </trkpt>
      <trkpt lat="32.0191996917" lon="120.890702158">
        <ele>6.4</ele>
        <time>2026-09-17T14:48:53+0800</time>
        <extensions>
          <gpxtpx:TrackPointExtension>
            <gpxtpx:hr>150</gpxtpx:hr>
            <gpxtpx:cad>88</gpxtpx:cad>
          </gpxtpx:TrackPointExtension>
        </extensions>
      </trkpt>
      <trkpt lat="32.0191919804" lon="120.890740799">
        <ele>6.4</ele>
        <time>2026-09-17T14:48:54+0800</time>
        <extensions>
          <gpxtpx:TrackPointExtension>
            <gpxtpx:hr>150</gpxtpx:hr>
            <gpxtpx:cad>88</gpxtpx:cad>
          </gpxtpx:TrackPointExtension>
        </extensions>
      </trkpt>
      <trkpt lat="32.0191892982" lon="120.890771896">
        <ele>6.4</ele>
        <time>2026-09-17T14:48:55+0800</time>
        <extensions>
          <gpxtpx:TrackPointExtension>
            <gpxtpx:hr>150</gpxtpx:hr>
            <gpxtpx:cad>88</gpxtpx:cad>
          </gpxtpx:TrackPointExtension>
        </extensions>
      </trkpt>
      <trkpt lat="32.0191825088" lon="120.890811374">
        <ele>6.4</ele>
        <time>2026-09-17T14:48:56+0800</time>
        <extensions>
          <gpxtpx:TrackPointExtension>
            <gpxtpx:hr>150</gpxtpx:hr>
            <gpxtpx:cad>88</gpxtpx:cad>
          </gpxtpx:TrackPointExtension>
        </extensions>
      </trkpt>
      <trkpt lat="32.0191800781" lon="120.89084046">
        <ele>6.4</ele>
        <time>2026-09-17T14:48:57+0800</time>
        <extensions>
          <gpxtpx:TrackPointExtension>
            <gpxtpx:hr>150</gpxtpx:hr>
            <gpxtpx:cad>88</gpxtpx:cad>
          </gpxtpx:TrackPointExtension>
        </extensions>
      </trkpt>
      <trkpt lat="32.0191761386" lon="120.890881196">
        <ele>6.4</ele>
        <time>2026-09-17T14:48:58+0800</time>
        <extensions>
          <gpxtpx:TrackPointExtension>
            <gpxtpx:hr>151</gpxtpx:hr>
            <gpxtpx:cad>88</gpxtpx:cad>
          </gpxtpx:TrackPointExtension>
        </extensions>
      </trkpt>
      <trkpt lat="32.019172702" lon="120.890909359">
        <ele>6.4</ele>
        <time>2026-09-17T14:48:59+0800</time>
        <extensions>
          <gpxtpx:TrackPointExtension>
            <gpxtpx:hr>150</gpxtpx:hr>
            <gpxtpx:cad>89</gpxtpx:cad>
          </gpxtpx:TrackPointExtension>
        </extensions>
      </trkpt>
      <trkpt lat="32.0191633981" lon="120.890953112">
        <ele>6.4</ele>
        <time>2026-09-17T14:49:00+0800</time>
        <extensions>
          <gpxtpx:TrackPointExtension>
            <gpxtpx:hr>150</gpxtpx:hr>
            <gpxtpx:cad>89</gpxtpx:cad>
          </gpxtpx:TrackPointExtension>
        </extensions>
      </trkpt>
      <trkpt lat="32.0191596262" lon="120.890980102">
        <ele>6.6</ele>
        <time>2026-09-17T14:49:01+0800</time>
        <extensions>
          <gpxtpx:TrackPointExtension>
            <gpxtpx:hr>150</gpxtpx:hr>
            <gpxtpx:cad>89</gpxtpx:cad>
          </gpxtpx:TrackPointExtension>
        </extensions>
      </trkpt>
      <trkpt lat="32.0191514958" lon="120.891020168">
        <ele>6.6</ele>
        <time>2026-09-17T14:49:02+0800</time>
        <extensions>
          <gpxtpx:TrackPointExtension>
            <gpxtpx:hr>151</gpxtpx:hr>
            <gpxtpx:cad>89</gpxtpx:cad>
          </gpxtpx:TrackPointExtension>
        </extensions>
      </trkpt>
      <trkpt lat="32.01914303" lon="120.89104942">
        <ele>6.6</ele>
        <time>2026-09-17T14:49:03+0800</time>
        <extensions>
          <gpxtpx:TrackPointExtension>
            <gpxtpx:hr>150</gpxtpx:hr>
            <gpxtpx:cad>89</gpxtpx:cad>
          </gpxtpx:TrackPointExtension>
        </extensions>
      </trkpt>
      <trkpt lat="32.0191367436" lon="120.891086552">
        <ele>6.6</ele>
        <time>2026-09-17T14:49:04+0800</time>
        <extensions>
          <gpxtpx:TrackPointExtension>
            <gpxtpx:hr>151</gpxtpx:hr>
            <gpxtpx:cad>89</gpxtpx:cad>
          </gpxtpx:TrackPointExtension>
        </extensions>
      </trkpt>
      <trkpt lat="32.0191288646" lon="120.891121337">
        <ele>6.6</ele>
        <time>2026-09-17T14:49:05+0800</time>
        <extensions>
          <gpxtpx:TrackPointExtension>
            <gpxtpx:hr>151</gpxtpx:hr>
            <gpxtpx:cad>88</gpxtpx:cad>
          </gpxtpx:TrackPointExtension>
        </extensions>
      </trkpt>
      <trkpt lat="32.0191258471" lon="120.891154865">
        <ele>6.6</ele>
        <time>2026-09-17T14:49:06+0800</time>
        <extensions>
          <gpxtpx:TrackPointExtension>
            <gpxtpx:hr>151</gpxtpx:hr>
            <gpxtpx:cad>88</gpxtpx:cad>
          </gpxtpx:TrackPointExtension>
        </extensions>
      </trkpt>
      <trkpt lat="32.0191149507" lon="120.891191242">
        <ele>6.6</ele>
        <time>2026-09-17T14:49:07+0800</time>
        <extensions>
          <gpxtpx:TrackPointExtension>
            <gpxtpx:hr>151</gpxtpx:hr>
            <gpxtpx:cad>88</gpxtpx:cad>
          </gpxtpx:TrackPointExtension>
        </extensions>
      </trkpt>
      <trkpt lat="32.0191140287" lon="120.891223764">
        <ele>6.6</ele>
        <time>2026-09-17T14:49:08+0800</time>
        <extensions>
          <gpxtpx:TrackPointExtension>
            <gpxtpx:hr>150</gpxtpx:hr>
            <gpxtpx:cad>88</gpxtpx:cad>
          </gpxtpx:TrackPointExtension>
        </extensions>
      </trkpt>
      <trkpt lat="32.0191043057" lon="120.891261231">
        <ele>6.4</ele>
        <time>2026-09-17T14:49:09+0800</time>
        <extensions>
          <gpxtpx:TrackPointExtension>
            <gpxtpx:hr>151</gpxtpx:hr>
            <gpxtpx:cad>88</gpxtpx:cad>
          </gpxtpx:TrackPointExtension>
        </extensions>
      </trkpt>
      <trkpt lat="32.0191029646" lon="120.891290819">
        <ele>6.4</ele>
        <time>2026-09-17T14:49:10+0800</time>
        <extensions>
          <gpxtpx:TrackPointExtension>
            <gpxtpx:hr>151</gpxtpx:hr>
            <gpxtpx:cad>88</gpxtpx:cad>
          </gpxtpx:TrackPointExtension>
        </extensions>
      </trkpt>
      <trkpt lat="32.0190950017" lon="120.891331807">
        <ele>6.4</ele>
        <time>2026-09-17T14:49:11+0800</time>
        <extensions>
          <gpxtpx:TrackPointExtension>
            <gpxtpx:hr>150</gpxtpx:hr>
            <gpxtpx:cad>88</gpxtpx:cad>
          </gpxtpx:TrackPointExtension>
        </extensions>
      </trkpt>
      <trkpt lat="32.0190920681" lon="120.891361814">
        <ele>6.4</ele>
        <time>2026-09-17T14:49:12+0800</time>
        <extensions>
          <gpxtpx:TrackPointExtension>
            <gpxtpx:hr>151</gpxtpx:hr>
            <gpxtpx:cad>88</gpxtpx:cad>
          </gpxtpx:TrackPointExtension>
        </extensions>
      </trkpt>
      <trkpt lat="32.0190840214" lon="120.891397269">
        <ele>6.2</ele>
        <time>2026-09-17T14:49:13+0800</time>
        <extensions>
          <gpxtpx:TrackPointExtension>
            <gpxtpx:hr>151</gpxtpx:hr>
            <gpxtpx:cad>87</gpxtpx:cad>
          </gpxtpx:TrackPointExtension>
        </extensions>
      </trkpt>
      <trkpt lat="32.0190812554" lon="120.891427612">
        <ele>6.2</ele>
        <time>2026-09-17T14:49:14+0800</time>
        <extensions>
          <gpxtpx:TrackPointExtension>
            <gpxtpx:hr>150</gpxtpx:hr>
            <gpxtpx:cad>87</gpxtpx:cad>
          </gpxtpx:TrackPointExtension>
        </extensions>
      </trkpt>
      <trkpt lat="32.019075891" lon="120.891470779">
        <ele>6.2</ele>
        <time>2026-09-17T14:49:15+0800</time>
        <extensions>
          <gpxtpx:TrackPointExtension>
            <gpxtpx:hr>151</gpxtpx:hr>
            <gpxtpx:cad>87</gpxtpx:cad>
          </gpxtpx:TrackPointExtension>
        </extensions>
      </trkpt>
      <trkpt lat="32.0190723706" lon="120.891498607">
        <ele>6.2</ele>
        <time>2026-09-17T14:49:16+0800</time>
        <extensions>
          <gpxtpx:TrackPointExtension>
            <gpxtpx:hr>151</gpxtpx:hr>
            <gpxtpx:cad>87</gpxtpx:cad>
          </gpxtpx:TrackPointExtension>
        </extensions>
      </trkpt>
      <trkpt lat="32.0190640725" lon="120.89153884">
        <ele>6.4</ele>
        <time>2026-09-17T14:49:17+0800</time>
        <extensions>
          <gpxtpx:TrackPointExtension>
            <gpxtpx:hr>150</gpxtpx:hr>
            <gpxtpx:cad>88</gpxtpx:cad>
          </gpxtpx:TrackPointExtension>
        </extensions>
      </trkpt>
      <trkpt lat="32.0190561097" lon="120.891566835">
        <ele>6.4</ele>
        <time>2026-09-17T14:49:18+0800</time>
        <extensions>
          <gpxtpx:TrackPointExtension>
            <gpxtpx:hr>150</gpxtpx:hr>
            <gpxtpx:cad>88</gpxtpx:cad>
          </gpxtpx:TrackPointExtension>
        </extensions>
      </trkpt>
      <trkpt lat="32.0190437883" lon="120.891597765">
        <ele>6.4</ele>
        <time>2026-09-17T14:49:19+0800</time>
        <extensions>
          <gpxtpx:TrackPointExtension>
            <gpxtpx:hr>150</gpxtpx:hr>
            <gpxtpx:cad>89</gpxtpx:cad>
          </gpxtpx:TrackPointExtension>
        </extensions>
      </trkpt>
      <trkpt lat="32.0190368313" lon="120.891633555">
        <ele>6.4</ele>
        <time>2026-09-17T14:49:20+0800</time>
        <extensions>
          <gpxtpx:TrackPointExtension>
            <gpxtpx:hr>150</gpxtpx:hr>
            <gpxtpx:cad>89</gpxtpx:cad>
          </gpxtpx:TrackPointExtension>
        </extensions>
      </trkpt>
      <trkpt lat="32.01903373" lon="120.891668675">
        <ele>6.4</ele>
        <time>2026-09-17T14:49:21+0800</time>
        <extensions>
          <gpxtpx:TrackPointExtension>
            <gpxtpx:hr>150</gpxtpx:hr>
            <gpxtpx:cad>88</gpxtpx:cad>
          </gpxtpx:TrackPointExtension>
        </extensions>
      </trkpt>
      <trkpt lat="32.0190254319" lon="120.891703377">
        <ele>6.4</ele>
        <time>2026-09-17T14:49:22+0800</time>
        <extensions>
          <gpxtpx:TrackPointExtension>
            <gpxtpx:hr>151</gpxtpx:hr>
            <gpxtpx:cad>88</gpxtpx:cad>
          </gpxtpx:TrackPointExtension>
        </extensions>
      </trkpt>
      <trkpt lat="32.0190217439" lon="120.891737239">
        <ele>6.4</ele>
        <time>2026-09-17T14:49:23+0800</time>
        <extensions>
          <gpxtpx:TrackPointExtension>
            <gpxtpx:hr>150</gpxtpx:hr>
            <gpxtpx:cad>88</gpxtpx:cad>
          </gpxtpx:TrackPointExtension>
        </extensions>
      </trkpt>
      <trkpt lat="32.0190114342" lon="120.891775796">
        <ele>6.6</ele>
        <time>2026-09-17T14:49:24+0800</time>
        <extensions>
          <gpxtpx:TrackPointExtension>
            <gpxtpx:hr>151</gpxtpx:hr>
            <gpxtpx:cad>88</gpxtpx:cad>
          </gpxtpx:TrackPointExtension>
        </extensions>
      </trkpt>
      <trkpt lat="32.0190053154" lon="120.891812174">
        <ele>6.4</ele>
        <time>2026-09-17T14:49:25+0800</time>
        <extensions>
          <gpxtpx:TrackPointExtension>
            <gpxtpx:hr>151</gpxtpx:hr>
            <gpxtpx:cad>88</gpxtpx:cad>
          </gpxtpx:TrackPointExtension>
        </extensions>
      </trkpt>
      <trkpt lat="32.0189979393" lon="120.891847629">
        <ele>6.4</ele>
        <time>2026-09-17T14:49:26+0800</time>
        <extensions>
          <gpxtpx:TrackPointExtension>
            <gpxtpx:hr>150</gpxtpx:hr>
            <gpxtpx:cad>88</gpxtpx:cad>
          </gpxtpx:TrackPointExtension>
        </extensions>
      </trkpt>
      <trkpt lat="32.018988803" lon="120.891884007">
        <ele>6.4</ele>
        <time>2026-09-17T14:49:27+0800</time>
        <extensions>
          <gpxtpx:TrackPointExtension>
            <gpxtpx:hr>150</gpxtpx:hr>
            <gpxtpx:cad>88</gpxtpx:cad>
          </gpxtpx:TrackPointExtension>
        </extensions>
      </trkpt>
      <trkpt lat="32.0189795829" lon="120.891917031">
        <ele>6.6</ele>
        <time>2026-09-17T14:49:28+0800</time>
        <extensions>
          <gpxtpx:TrackPointExtension>
            <gpxtpx:hr>150</gpxtpx:hr>
            <gpxtpx:cad>88</gpxtpx:cad>
          </gpxtpx:TrackPointExtension>
        </extensions>
      </trkpt>
      <trkpt lat="32.0189746376" lon="120.891950224">
        <ele>6.4</ele>
        <time>2026-09-17T14:49:29+0800</time>
        <extensions>
          <gpxtpx:TrackPointExtension>
            <gpxtpx:hr>151</gpxtpx:hr>
            <gpxtpx:cad>88</gpxtpx:cad>
          </gpxtpx:TrackPointExtension>
        </extensions>
      </trkpt>
      <trkpt lat="32.0189630706" lon="120.891984338">
        <ele>6.4</ele>
        <time>2026-09-17T14:49:30+0800</time>
        <extensions>
          <gpxtpx:TrackPointExtension>
            <gpxtpx:hr>151</gpxtpx:hr>
            <gpxtpx:cad>89</gpxtpx:cad>
          </gpxtpx:TrackPointExtension>
        </extensions>
      </trkpt>
      <trkpt lat="32.0189640764" lon="120.892012082">
        <ele>6.4</ele>
        <time>2026-09-17T14:49:31+0800</time>
        <extensions>
          <gpxtpx:TrackPointExtension>
            <gpxtpx:hr>152</gpxtpx:hr>
            <gpxtpx:cad>89</gpxtpx:cad>
          </gpxtpx:TrackPointExtension>
        </extensions>
      </trkpt>
      <trkpt lat="32.0189564489" lon="120.892056171">
        <ele>6.6</ele>
        <time>2026-09-17T14:49:32+0800</time>
        <extensions>
          <gpxtpx:TrackPointExtension>
            <gpxtpx:hr>152</gpxtpx:hr>
            <gpxtpx:cad>89</gpxtpx:cad>
          </gpxtpx:TrackPointExtension>
        </extensions>
      </trkpt>
      <trkpt lat="32.0189544372" lon="120.892085843">
        <ele>6.6</ele>
        <time>2026-09-17T14:49:33+0800</time>
        <extensions>
          <gpxtpx:TrackPointExtension>
            <gpxtpx:hr>152</gpxtpx:hr>
            <gpxtpx:cad>89</gpxtpx:cad>
          </gpxtpx:TrackPointExtension>
        </extensions>
      </trkpt>
      <trkpt lat="32.0189427026" lon="120.892113922">
        <ele>6.6</ele>
        <time>2026-09-17T14:49:34+0800</time>
        <extensions>
          <gpxtpx:TrackPointExtension>
            <gpxtpx:hr>152</gpxtpx:hr>
            <gpxtpx:cad>89</gpxtpx:cad>
          </gpxtpx:TrackPointExtension>
        </extensions>
      </trkpt>
      <trkpt lat="32.0189195685" lon="120.892123813">
        <ele>6.6</ele>
        <time>2026-09-17T14:49:35+0800</time>
        <extensions>
          <gpxtpx:TrackPointExtension>
            <gpxtpx:hr>153</gpxtpx:hr>
            <gpxtpx:cad>88</gpxtpx:cad>
          </gpxtpx:TrackPointExtension>
        </extensions>
      </trkpt>
      <trkpt lat="32.0189081691" lon="120.892129764">
        <ele>6.6</ele>
        <time>2026-09-17T14:49:36+0800</time>
        <extensions>
          <gpxtpx:TrackPointExtension>
            <gpxtpx:hr>153</gpxtpx:hr>
            <gpxtpx:cad>88</gpxtpx:cad>
          </gpxtpx:TrackPointExtension>
        </extensions>
      </trkpt>
      <trkpt lat="32.0188960154" lon="120.892137727">
        <ele>6.6</ele>
        <time>2026-09-17T14:49:37+0800</time>
        <extensions>
          <gpxtpx:TrackPointExtension>
            <gpxtpx:hr>153</gpxtpx:hr>
            <gpxtpx:cad>88</gpxtpx:cad>
          </gpxtpx:TrackPointExtension>
        </extensions>
      </trkpt>
      <trkpt lat="32.0188889746" lon="120.892146863">
        <ele>6.6</ele>
        <time>2026-09-17T14:49:38+0800</time>
        <extensions>
          <gpxtpx:TrackPointExtension>
            <gpxtpx:hr>153</gpxtpx:hr>
            <gpxtpx:cad>88</gpxtpx:cad>
          </gpxtpx:TrackPointExtension>
        </extensions>
      </trkpt>
      <trkpt lat="32.018879503" lon="120.89215667">
        <ele>6.4</ele>
        <time>2026-09-17T14:49:39+0800</time>
        <extensions>
          <gpxtpx:TrackPointExtension>
            <gpxtpx:hr>153</gpxtpx:hr>
            <gpxtpx:cad>88</gpxtpx:cad>
          </gpxtpx:TrackPointExtension>
        </extensions>
      </trkpt>
      <trkpt lat="32.0188608114" lon="120.892172093">
        <ele>6.4</ele>
        <time>2026-09-17T14:49:40+0800</time>
        <extensions>
          <gpxtpx:TrackPointExtension>
            <gpxtpx:hr>153</gpxtpx:hr>
            <gpxtpx:cad>88</gpxtpx:cad>
          </gpxtpx:TrackPointExtension>
        </extensions>
      </trkpt>
      <trkpt lat="32.018835498" lon="120.892191119">
        <ele>6.4</ele>
        <time>2026-09-17T14:49:41+0800</time>
        <extensions>
          <gpxtpx:TrackPointExtension>
            <gpxtpx:hr>154</gpxtpx:hr>
            <gpxtpx:cad>88</gpxtpx:cad>
          </gpxtpx:TrackPointExtension>
        </extensions>
      </trkpt>
      <trkpt lat="32.0188166387" lon="120.892222887">
        <ele>6.4</ele>
        <time>2026-09-17T14:49:42+0800</time>
        <extensions>
          <gpxtpx:TrackPointExtension>
            <gpxtpx:hr>153</gpxtpx:hr>
            <gpxtpx:cad>77</gpxtpx:cad>
          </gpxtpx:TrackPointExtension>
        </extensions>
      </trkpt>
      <trkpt lat="32.0187973604" lon="120.892256079">
        <ele>6.4</ele>
        <time>2026-09-17T14:49:43+0800</time>
        <extensions>
          <gpxtpx:TrackPointExtension>
            <gpxtpx:hr>153</gpxtpx:hr>
            <gpxtpx:cad>77</gpxtpx:cad>
          </gpxtpx:TrackPointExtension>
        </extensions>
      </trkpt>
      <trkpt lat="32.0187806804" lon="120.89229187">
        <ele>6.4</ele>
        <time>2026-09-17T14:49:44+0800</time>
        <extensions>
          <gpxtpx:TrackPointExtension>
            <gpxtpx:hr>152</gpxtpx:hr>
            <gpxtpx:cad>77</gpxtpx:cad>
          </gpxtpx:TrackPointExtension>
        </extensions>
      </trkpt>
      <trkpt lat="32.0187662635" lon="120.892327912">
        <ele>6.6</ele>
        <time>2026-09-17T14:49:45+0800</time>
        <extensions>
          <gpxtpx:TrackPointExtension>
            <gpxtpx:hr>152</gpxtpx:hr>
            <gpxtpx:cad>86</gpxtpx:cad>
          </gpxtpx:TrackPointExtension>
        </extensions>
      </trkpt>
      <trkpt lat="32.0187686943" lon="120.892361607">
        <ele>6.6</ele>
        <time>2026-09-17T14:49:46+0800</time>
        <extensions>
          <gpxtpx:TrackPointExtension>
            <gpxtpx:hr>151</gpxtpx:hr>
            <gpxtpx:cad>88</gpxtpx:cad>
          </gpxtpx:TrackPointExtension>
        </extensions>
      </trkpt>
      <trkpt lat="32.0187581331" lon="120.892402679">
        <ele>6.6</ele>
        <time>2026-09-17T14:49:47+0800</time>
        <extensions>
          <gpxtpx:TrackPointExtension>
            <gpxtpx:hr>151</gpxtpx:hr>
            <gpxtpx:cad>88</gpxtpx:cad>
          </gpxtpx:TrackPointExtension>
        </extensions>
      </trkpt>
      <trkpt lat="32.0187517628" lon="120.892432015">
        <ele>6.4</ele>
        <time>2026-09-17T14:49:48+0800</time>
        <extensions>
          <gpxtpx:TrackPointExtension>
            <gpxtpx:hr>151</gpxtpx:hr>
            <gpxtpx:cad>88</gpxtpx:cad>
          </gpxtpx:TrackPointExtension>
        </extensions>
      </trkpt>
      <trkpt lat="32.0187422913" lon="120.892470405">
        <ele>6.4</ele>
        <time>2026-09-17T14:49:49+0800</time>
        <extensions>
          <gpxtpx:TrackPointExtension>
            <gpxtpx:hr>151</gpxtpx:hr>
            <gpxtpx:cad>88</gpxtpx:cad>
          </gpxtpx:TrackPointExtension>
        </extensions>
      </trkpt>
      <trkpt lat="32.0187382679" lon="120.892504938">
        <ele>6.4</ele>
        <time>2026-09-17T14:49:50+0800</time>
        <extensions>
          <gpxtpx:TrackPointExtension>
            <gpxtpx:hr>150</gpxtpx:hr>
            <gpxtpx:cad>88</gpxtpx:cad>
          </gpxtpx:TrackPointExtension>
        </extensions>
      </trkpt>
      <trkpt lat="32.0187273715" lon="120.892544081">
        <ele>6.2</ele>
        <time>2026-09-17T14:49:51+0800</time>
        <extensions>
          <gpxtpx:TrackPointExtension>
            <gpxtpx:hr>150</gpxtpx:hr>
            <gpxtpx:cad>88</gpxtpx:cad>
          </gpxtpx:TrackPointExtension>
        </extensions>
      </trkpt>
      <trkpt lat="32.018726198" lon="120.892572664">
        <ele>6.2</ele>
        <time>2026-09-17T14:49:52+0800</time>
        <extensions>
          <gpxtpx:TrackPointExtension>
            <gpxtpx:hr>150</gpxtpx:hr>
            <gpxtpx:cad>89</gpxtpx:cad>
          </gpxtpx:TrackPointExtension>
        </extensions>
      </trkpt>
      <trkpt lat="32.0187199954" lon="120.892610382">
        <ele>6.2</ele>
        <time>2026-09-17T14:49:53+0800</time>
        <extensions>
          <gpxtpx:TrackPointExtension>
            <gpxtpx:hr>149</gpxtpx:hr>
            <gpxtpx:cad>89</gpxtpx:cad>
          </gpxtpx:TrackPointExtension>
        </extensions>
      </trkpt>
      <trkpt lat="32.0187162235" lon="120.892640725">
        <ele>6.2</ele>
        <time>2026-09-17T14:49:54+0800</time>
        <extensions>
          <gpxtpx:TrackPointExtension>
            <gpxtpx:hr>150</gpxtpx:hr>
            <gpxtpx:cad>90</gpxtpx:cad>
          </gpxtpx:TrackPointExtension>
        </extensions>
      </trkpt>
      <trkpt lat="32.0187094342" lon="120.892680371">
        <ele>6.2</ele>
        <time>2026-09-17T14:49:55+0800</time>
        <extensions>
          <gpxtpx:TrackPointExtension>
            <gpxtpx:hr>150</gpxtpx:hr>
            <gpxtpx:cad>90</gpxtpx:cad>
          </gpxtpx:TrackPointExtension>
        </extensions>
      </trkpt>
      <trkpt lat="32.0187086798" lon="120.892710714">
        <ele>6.2</ele>
        <time>2026-09-17T14:49:56+0800</time>
        <extensions>
          <gpxtpx:TrackPointExtension>
            <gpxtpx:hr>150</gpxtpx:hr>
            <gpxtpx:cad>90</gpxtpx:cad>
          </gpxtpx:TrackPointExtension>
        </extensions>
      </trkpt>
      <trkpt lat="32.0187022258" lon="120.892758993">
        <ele>6.0</ele>
        <time>2026-09-17T14:49:57+0800</time>
        <extensions>
          <gpxtpx:TrackPointExtension>
            <gpxtpx:hr>150</gpxtpx:hr>
            <gpxtpx:cad>89</gpxtpx:cad>
          </gpxtpx:TrackPointExtension>
        </extensions>
      </trkpt>
      <trkpt lat="32.018699795" lon="120.892794365">
        <ele>6.0</ele>
        <time>2026-09-17T14:49:58+0800</time>
        <extensions>
          <gpxtpx:TrackPointExtension>
            <gpxtpx:hr>151</gpxtpx:hr>
            <gpxtpx:cad>89</gpxtpx:cad>
          </gpxtpx:TrackPointExtension>
        </extensions>
      </trkpt>
      <trkpt lat="32.0186865516" lon="120.892838202">
        <ele>6.0</ele>
        <time>2026-09-17T14:49:59+0800</time>
        <extensions>
          <gpxtpx:TrackPointExtension>
            <gpxtpx:hr>151</gpxtpx:hr>
            <gpxtpx:cad>88</gpxtpx:cad>
          </gpxtpx:TrackPointExtension>
        </extensions>
      </trkpt>
      <trkpt lat="32.0186711289" lon="120.892871479">
        <ele>5.8</ele>
        <time>2026-09-17T14:50:00+0800</time>
        <extensions>
          <gpxtpx:TrackPointExtension>
            <gpxtpx:hr>152</gpxtpx:hr>
            <gpxtpx:cad>88</gpxtpx:cad>
          </gpxtpx:TrackPointExtension>
        </extensions>
      </trkpt>
      <trkpt lat="32.0186568797" lon="120.892911376">
        <ele>5.8</ele>
        <time>2026-09-17T14:50:01+0800</time>
        <extensions>
          <gpxtpx:TrackPointExtension>
            <gpxtpx:hr>152</gpxtpx:hr>
            <gpxtpx:cad>88</gpxtpx:cad>
          </gpxtpx:TrackPointExtension>
        </extensions>
      </trkpt>
      <trkpt lat="32.018635422" lon="120.892941048">
        <ele>5.8</ele>
        <time>2026-09-17T14:50:02+0800</time>
        <extensions>
          <gpxtpx:TrackPointExtension>
            <gpxtpx:hr>152</gpxtpx:hr>
            <gpxtpx:cad>88</gpxtpx:cad>
          </gpxtpx:TrackPointExtension>
        </extensions>
      </trkpt>
      <trkpt lat="32.0186173171" lon="120.892967703">
        <ele>6.0</ele>
        <time>2026-09-17T14:50:03+0800</time>
        <extensions>
          <gpxtpx:TrackPointExtension>
            <gpxtpx:hr>153</gpxtpx:hr>
            <gpxtpx:cad>88</gpxtpx:cad>
          </gpxtpx:TrackPointExtension>
        </extensions>
      </trkpt>
      <trkpt lat="32.0185925066" lon="120.892993854">
        <ele>6.0</ele>
        <time>2026-09-17T14:50:04+0800</time>
        <extensions>
          <gpxtpx:TrackPointExtension>
            <gpxtpx:hr>154</gpxtpx:hr>
            <gpxtpx:cad>87</gpxtpx:cad>
          </gpxtpx:TrackPointExtension>
        </extensions>
      </trkpt>
      <trkpt lat="32.0185750723" lon="120.893019838">
        <ele>6.0</ele>
        <time>2026-09-17T14:50:05+0800</time>
        <extensions>
          <gpxtpx:TrackPointExtension>
            <gpxtpx:hr>154</gpxtpx:hr>
            <gpxtpx:cad>87</gpxtpx:cad>
          </gpxtpx:TrackPointExtension>
        </extensions>
      </trkpt>
      <trkpt lat="32.0185478311" lon="120.893042972">
        <ele>6.0</ele>
        <time>2026-09-17T14:50:06+0800</time>
        <extensions>
          <gpxtpx:TrackPointExtension>
            <gpxtpx:hr>155</gpxtpx:hr>
            <gpxtpx:cad>87</gpxtpx:cad>
          </gpxtpx:TrackPointExtension>
        </extensions>
      </trkpt>
      <trkpt lat="32.018527966" lon="120.893064681">
        <ele>5.8</ele>
        <time>2026-09-17T14:50:07+0800</time>
        <extensions>
          <gpxtpx:TrackPointExtension>
            <gpxtpx:hr>156</gpxtpx:hr>
            <gpxtpx:cad>87</gpxtpx:cad>
          </gpxtpx:TrackPointExtension>
        </extensions>
      </trkpt>
      <trkpt lat="32.0185088553" lon="120.89309033">
        <ele>5.8</ele>
        <time>2026-09-17T14:50:08+0800</time>
        <extensions>
          <gpxtpx:TrackPointExtension>
            <gpxtpx:hr>155</gpxtpx:hr>
            <gpxtpx:cad>88</gpxtpx:cad>
          </gpxtpx:TrackPointExtension>
        </extensions>
      </trkpt>
      <trkpt lat="32.0184884872" lon="120.893113799">
        <ele>5.8</ele>
        <time>2026-09-17T14:50:09+0800</time>
        <extensions>
          <gpxtpx:TrackPointExtension>
            <gpxtpx:hr>156</gpxtpx:hr>
            <gpxtpx:cad>88</gpxtpx:cad>
          </gpxtpx:TrackPointExtension>
        </extensions>
      </trkpt>
      <trkpt lat="32.018469125" lon="120.89313928">
        <ele>5.8</ele>
        <time>2026-09-17T14:50:10+0800</time>
        <extensions>
          <gpxtpx:TrackPointExtension>
            <gpxtpx:hr>155</gpxtpx:hr>
            <gpxtpx:cad>87</gpxtpx:cad>
          </gpxtpx:TrackPointExtension>
        </extensions>
      </trkpt>
      <trkpt lat="32.0184589829" lon="120.893165851">
        <ele>5.8</ele>
        <time>2026-09-17T14:50:11+0800</time>
        <extensions>
          <gpxtpx:TrackPointExtension>
            <gpxtpx:hr>156</gpxtpx:hr>
            <gpxtpx:cad>87</gpxtpx:cad>
          </gpxtpx:TrackPointExtension>
        </extensions>
      </trkpt>
      <trkpt lat="32.0184418" lon="120.893204994">
        <ele>5.8</ele>
        <time>2026-09-17T14:50:12+0800</time>
        <extensions>
          <gpxtpx:TrackPointExtension>
            <gpxtpx:hr>156</gpxtpx:hr>
            <gpxtpx:cad>87</gpxtpx:cad>
          </gpxtpx:TrackPointExtension>
        </extensions>
      </trkpt>
      <trkpt lat="32.0184307359" lon="120.893229973">
        <ele>5.8</ele>
        <time>2026-09-17T14:50:13+0800</time>
        <extensions>
          <gpxtpx:TrackPointExtension>
            <gpxtpx:hr>156</gpxtpx:hr>
            <gpxtpx:cad>88</gpxtpx:cad>
          </gpxtpx:TrackPointExtension>
        </extensions>
      </trkpt>
      <trkpt lat="32.0184170734" lon="120.893266937">
        <ele>5.8</ele>
        <time>2026-09-17T14:50:14+0800</time>
        <extensions>
          <gpxtpx:TrackPointExtension>
            <gpxtpx:hr>155</gpxtpx:hr>
            <gpxtpx:cad>88</gpxtpx:cad>
          </gpxtpx:TrackPointExtension>
        </extensions>
      </trkpt>
      <trkpt lat="32.0184081048" lon="120.893296441">
        <ele>5.8</ele>
        <time>2026-09-17T14:50:15+0800</time>
        <extensions>
          <gpxtpx:TrackPointExtension>
            <gpxtpx:hr>155</gpxtpx:hr>
            <gpxtpx:cad>88</gpxtpx:cad>
          </gpxtpx:TrackPointExtension>
        </extensions>
      </trkpt>
      <trkpt lat="32.0184024889" lon="120.89333131">
        <ele>5.8</ele>
        <time>2026-09-17T14:50:16+0800</time>
        <extensions>
          <gpxtpx:TrackPointExtension>
            <gpxtpx:hr>155</gpxtpx:hr>
            <gpxtpx:cad>88</gpxtpx:cad>
          </gpxtpx:TrackPointExtension>
        </extensions>
      </trkpt>
      <trkpt lat="32.0183889102" lon="120.893364754">
        <ele>5.8</ele>
        <time>2026-09-17T14:50:17+0800</time>
        <extensions>
          <gpxtpx:TrackPointExtension>
            <gpxtpx:hr>155</gpxtpx:hr>
            <gpxtpx:cad>88</gpxtpx:cad>
          </gpxtpx:TrackPointExtension>
        </extensions>
      </trkpt>
      <trkpt lat="32.0183836296" lon="120.89340046">
        <ele>6.0</ele>
        <time>2026-09-17T14:50:18+0800</time>
        <extensions>
          <gpxtpx:TrackPointExtension>
            <gpxtpx:hr>155</gpxtpx:hr>
            <gpxtpx:cad>88</gpxtpx:cad>
          </gpxtpx:TrackPointExtension>
        </extensions>
      </trkpt>
      <trkpt lat="32.0183789358" lon="120.893433401">
        <ele>6.0</ele>
        <time>2026-09-17T14:50:19+0800</time>
        <extensions>
          <gpxtpx:TrackPointExtension>
            <gpxtpx:hr>155</gpxtpx:hr>
            <gpxtpx:cad>88</gpxtpx:cad>
          </gpxtpx:TrackPointExtension>
        </extensions>
      </trkpt>
      <trkpt lat="32.0183796063" lon="120.893464163">
        <ele>6.2</ele>
        <time>2026-09-17T14:50:20+0800</time>
        <extensions>
          <gpxtpx:TrackPointExtension>
            <gpxtpx:hr>155</gpxtpx:hr>
            <gpxtpx:cad>88</gpxtpx:cad>
          </gpxtpx:TrackPointExtension>
        </extensions>
      </trkpt>
      <trkpt lat="32.0183707215" lon="120.893503726">
        <ele>6.2</ele>
        <time>2026-09-17T14:50:21+0800</time>
        <extensions>
          <gpxtpx:TrackPointExtension>
            <gpxtpx:hr>155</gpxtpx:hr>
            <gpxtpx:cad>87</gpxtpx:cad>
          </gpxtpx:TrackPointExtension>
        </extensions>
      </trkpt>
      <trkpt lat="32.0183671173" lon="120.893529793">
        <ele>6.2</ele>
        <time>2026-09-17T14:50:22+0800</time>
        <extensions>
          <gpxtpx:TrackPointExtension>
            <gpxtpx:hr>154</gpxtpx:hr>
            <gpxtpx:cad>87</gpxtpx:cad>
          </gpxtpx:TrackPointExtension>
        </extensions>
      </trkpt>
      <trkpt lat="32.018357059" lon="120.893574385">
        <ele>6.2</ele>
        <time>2026-09-17T14:50:23+0800</time>
        <extensions>
          <gpxtpx:TrackPointExtension>
            <gpxtpx:hr>155</gpxtpx:hr>
            <gpxtpx:cad>87</gpxtpx:cad>
          </gpxtpx:TrackPointExtension>
        </extensions>
      </trkpt>
      <trkpt lat="32.0183475874" lon="120.893605985">
        <ele>6.2</ele>
        <time>2026-09-17T14:50:24+0800</time>
        <extensions>
          <gpxtpx:TrackPointExtension>
            <gpxtpx:hr>155</gpxtpx:hr>
            <gpxtpx:cad>87</gpxtpx:cad>
          </gpxtpx:TrackPointExtension>
        </extensions>
      </trkpt>
      <trkpt lat="32.0183282252" lon="120.893638255">
        <ele>6.2</ele>
        <time>2026-09-17T14:50:25+0800</time>
        <extensions>
          <gpxtpx:TrackPointExtension>
            <gpxtpx:hr>155</gpxtpx:hr>
            <gpxtpx:cad>87</gpxtpx:cad>
          </gpxtpx:TrackPointExtension>
        </extensions>
      </trkpt>
      <trkpt lat="32.0183035824" lon="120.893665832">
        <ele>6.4</ele>
        <time>2026-09-17T14:50:26+0800</time>
        <extensions>
          <gpxtpx:TrackPointExtension>
            <gpxtpx:hr>155</gpxtpx:hr>
            <gpxtpx:cad>87</gpxtpx:cad>
          </gpxtpx:TrackPointExtension>
        </extensions>
      </trkpt>
      <trkpt lat="32.0182869863" lon="120.893693743">
        <ele>6.4</ele>
        <time>2026-09-17T14:50:27+0800</time>
        <extensions>
          <gpxtpx:TrackPointExtension>
            <gpxtpx:hr>155</gpxtpx:hr>
            <gpxtpx:cad>86</gpxtpx:cad>
          </gpxtpx:TrackPointExtension>
        </extensions>
      </trkpt>
      <trkpt lat="32.0182669535" lon="120.893722912">
        <ele>6.4</ele>
        <time>2026-09-17T14:50:28+0800</time>
        <extensions>
          <gpxtpx:TrackPointExtension>
            <gpxtpx:hr>155</gpxtpx:hr>
            <gpxtpx:cad>86</gpxtpx:cad>
          </gpxtpx:TrackPointExtension>
        </extensions>
      </trkpt>
      <trkpt lat="32.0182552189" lon="120.893756105">
        <ele>6.4</ele>
        <time>2026-09-17T14:50:29+0800</time>
        <extensions>
          <gpxtpx:TrackPointExtension>
            <gpxtpx:hr>155</gpxtpx:hr>
            <gpxtpx:cad>86</gpxtpx:cad>
          </gpxtpx:TrackPointExtension>
        </extensions>
      </trkpt>
      <trkpt lat="32.0182371978" lon="120.893787453">
        <ele>6.4</ele>
        <time>2026-09-17T14:50:30+0800</time>
        <extensions>
          <gpxtpx:TrackPointExtension>
            <gpxtpx:hr>155</gpxtpx:hr>
            <gpxtpx:cad>86</gpxtpx:cad>
          </gpxtpx:TrackPointExtension>
        </extensions>
      </trkpt>
      <trkpt lat="32.0182254631" lon="120.893818885">
        <ele>6.4</ele>
        <time>2026-09-17T14:50:31+0800</time>
        <extensions>
          <gpxtpx:TrackPointExtension>
            <gpxtpx:hr>155</gpxtpx:hr>
            <gpxtpx:cad>86</gpxtpx:cad>
          </gpxtpx:TrackPointExtension>
        </extensions>
      </trkpt>
      <trkpt lat="32.0182107948" lon="120.893850736">
        <ele>6.6</ele>
        <time>2026-09-17T14:50:32+0800</time>
        <extensions>
          <gpxtpx:TrackPointExtension>
            <gpxtpx:hr>155</gpxtpx:hr>
            <gpxtpx:cad>87</gpxtpx:cad>
          </gpxtpx:TrackPointExtension>
        </extensions>
      </trkpt>
      <trkpt lat="32.0182071067" lon="120.893883174">
        <ele>6.6</ele>
        <time>2026-09-17T14:50:33+0800</time>
        <extensions>
          <gpxtpx:TrackPointExtension>
            <gpxtpx:hr>155</gpxtpx:hr>
            <gpxtpx:cad>87</gpxtpx:cad>
          </gpxtpx:TrackPointExtension>
        </extensions>
      </trkpt>
      <trkpt lat="32.0181959588" lon="120.893918211">
        <ele>6.6</ele>
        <time>2026-09-17T14:50:34+0800</time>
        <extensions>
          <gpxtpx:TrackPointExtension>
            <gpxtpx:hr>155</gpxtpx:hr>
            <gpxtpx:cad>87</gpxtpx:cad>
          </gpxtpx:TrackPointExtension>
        </extensions>
      </trkpt>
      <trkpt lat="32.0181950368" lon="120.893952744">
        <ele>6.6</ele>
        <time>2026-09-17T14:50:35+0800</time>
        <extensions>
          <gpxtpx:TrackPointExtension>
            <gpxtpx:hr>155</gpxtpx:hr>
            <gpxtpx:cad>89</gpxtpx:cad>
          </gpxtpx:TrackPointExtension>
        </extensions>
      </trkpt>
      <trkpt lat="32.0181874931" lon="120.893991301">
        <ele>6.4</ele>
        <time>2026-09-17T14:50:36+0800</time>
        <extensions>
          <gpxtpx:TrackPointExtension>
            <gpxtpx:hr>155</gpxtpx:hr>
            <gpxtpx:cad>89</gpxtpx:cad>
          </gpxtpx:TrackPointExtension>
        </extensions>
      </trkpt>
      <trkpt lat="32.0181885827" lon="120.894021643">
        <ele>6.4</ele>
        <time>2026-09-17T14:50:37+0800</time>
        <extensions>
          <gpxtpx:TrackPointExtension>
            <gpxtpx:hr>155</gpxtpx:hr>
            <gpxtpx:cad>88</gpxtpx:cad>
          </gpxtpx:TrackPointExtension>
        </extensions>
      </trkpt>
      <trkpt lat="32.0181826316" lon="120.894060787">
        <ele>6.2</ele>
        <time>2026-09-17T14:50:38+0800</time>
        <extensions>
          <gpxtpx:TrackPointExtension>
            <gpxtpx:hr>155</gpxtpx:hr>
            <gpxtpx:cad>88</gpxtpx:cad>
          </gpxtpx:TrackPointExtension>
        </extensions>
      </trkpt>
      <trkpt lat="32.0181813743" lon="120.894087944">
        <ele>6.2</ele>
        <time>2026-09-17T14:50:39+0800</time>
        <extensions>
          <gpxtpx:TrackPointExtension>
            <gpxtpx:hr>155</gpxtpx:hr>
            <gpxtpx:cad>88</gpxtpx:cad>
          </gpxtpx:TrackPointExtension>
        </extensions>
      </trkpt>
      <trkpt lat="32.0181728248" lon="120.894127758">
        <ele>6.2</ele>
        <time>2026-09-17T14:50:40+0800</time>
        <extensions>
          <gpxtpx:TrackPointExtension>
            <gpxtpx:hr>155</gpxtpx:hr>
            <gpxtpx:cad>88</gpxtpx:cad>
          </gpxtpx:TrackPointExtension>
        </extensions>
      </trkpt>
      <trkpt lat="32.0181763452" lon="120.894156508">
        <ele>6.2</ele>
        <time>2026-09-17T14:50:41+0800</time>
        <extensions>
          <gpxtpx:TrackPointExtension>
            <gpxtpx:hr>156</gpxtpx:hr>
            <gpxtpx:cad>89</gpxtpx:cad>
          </gpxtpx:TrackPointExtension>
        </extensions>
      </trkpt>
      <trkpt lat="32.0181682985" lon="120.894196741">
        <ele>6.0</ele>
        <time>2026-09-17T14:50:42+0800</time>
        <extensions>
          <gpxtpx:TrackPointExtension>
            <gpxtpx:hr>156</gpxtpx:hr>
            <gpxtpx:cad>89</gpxtpx:cad>
          </gpxtpx:TrackPointExtension>
        </extensions>
      </trkpt>
      <trkpt lat="32.018167628" lon="120.894223899">
        <ele>6.2</ele>
        <time>2026-09-17T14:50:43+0800</time>
        <extensions>
          <gpxtpx:TrackPointExtension>
            <gpxtpx:hr>156</gpxtpx:hr>
            <gpxtpx:cad>88</gpxtpx:cad>
          </gpxtpx:TrackPointExtension>
        </extensions>
      </trkpt>
      <trkpt lat="32.0181565639" lon="120.894264886">
        <ele>6.0</ele>
        <time>2026-09-17T14:50:44+0800</time>
        <extensions>
          <gpxtpx:TrackPointExtension>
            <gpxtpx:hr>156</gpxtpx:hr>
            <gpxtpx:cad>88</gpxtpx:cad>
          </gpxtpx:TrackPointExtension>
        </extensions>
      </trkpt>
      <trkpt lat="32.0181535464" lon="120.894295732">
        <ele>6.0</ele>
        <time>2026-09-17T14:50:45+0800</time>
        <extensions>
          <gpxtpx:TrackPointExtension>
            <gpxtpx:hr>156</gpxtpx:hr>
            <gpxtpx:cad>89</gpxtpx:cad>
          </gpxtpx:TrackPointExtension>
        </extensions>
      </trkpt>
      <trkpt lat="32.0181444939" lon="120.894336384">
        <ele>6.0</ele>
        <time>2026-09-17T14:50:46+0800</time>
        <extensions>
          <gpxtpx:TrackPointExtension>
            <gpxtpx:hr>155</gpxtpx:hr>
            <gpxtpx:cad>89</gpxtpx:cad>
          </gpxtpx:TrackPointExtension>
        </extensions>
      </trkpt>
      <trkpt lat="32.0181368664" lon="120.894374521">
        <ele>5.8</ele>
        <time>2026-09-17T14:50:47+0800</time>
        <extensions>
          <gpxtpx:TrackPointExtension>
            <gpxtpx:hr>156</gpxtpx:hr>
            <gpxtpx:cad>89</gpxtpx:cad>
          </gpxtpx:TrackPointExtension>
        </extensions>
      </trkpt>
      <trkpt lat="32.0181309991" lon="120.894408384">
        <ele>5.8</ele>
        <time>2026-09-17T14:50:48+0800</time>
        <extensions>
          <gpxtpx:TrackPointExtension>
            <gpxtpx:hr>156</gpxtpx:hr>
            <gpxtpx:cad>89</gpxtpx:cad>
          </gpxtpx:TrackPointExtension>
        </extensions>
      </trkpt>
      <trkpt lat="32.0181211922" lon="120.894432273">
        <ele>5.8</ele>
        <time>2026-09-17T14:50:49+0800</time>
        <extensions>
          <gpxtpx:TrackPointExtension>
            <gpxtpx:hr>156</gpxtpx:hr>
            <gpxtpx:cad>89</gpxtpx:cad>
          </gpxtpx:TrackPointExtension>
        </extensions>
      </trkpt>
      <trkpt lat="32.0181118883" lon="120.894474685">
        <ele>5.8</ele>
        <time>2026-09-17T14:50:50+0800</time>
        <extensions>
          <gpxtpx:TrackPointExtension>
            <gpxtpx:hr>156</gpxtpx:hr>
            <gpxtpx:cad>89</gpxtpx:cad>
          </gpxtpx:TrackPointExtension>
        </extensions>
      </trkpt>
      <trkpt lat="32.0181026682" lon="120.894505866">
        <ele>5.8</ele>
        <time>2026-09-17T14:50:51+0800</time>
        <extensions>
          <gpxtpx:TrackPointExtension>
            <gpxtpx:hr>156</gpxtpx:hr>
            <gpxtpx:cad>89</gpxtpx:cad>
          </gpxtpx:TrackPointExtension>
        </extensions>
      </trkpt>
      <trkpt lat="32.0180922747" lon="120.894548614">
        <ele>5.8</ele>
        <time>2026-09-17T14:50:52+0800</time>
        <extensions>
          <gpxtpx:TrackPointExtension>
            <gpxtpx:hr>156</gpxtpx:hr>
            <gpxtpx:cad>89</gpxtpx:cad>
          </gpxtpx:TrackPointExtension>
        </extensions>
      </trkpt>
      <trkpt lat="32.0180881675" lon="120.894577531">
        <ele>5.8</ele>
        <time>2026-09-17T14:50:53+0800</time>
        <extensions>
          <gpxtpx:TrackPointExtension>
            <gpxtpx:hr>156</gpxtpx:hr>
            <gpxtpx:cad>89</gpxtpx:cad>
          </gpxtpx:TrackPointExtension>
        </extensions>
      </trkpt>
      <trkpt lat="32.018079618" lon="120.89462053">
        <ele>5.8</ele>
        <time>2026-09-17T14:50:54+0800</time>
        <extensions>
          <gpxtpx:TrackPointExtension>
            <gpxtpx:hr>156</gpxtpx:hr>
            <gpxtpx:cad>89</gpxtpx:cad>
          </gpxtpx:TrackPointExtension>
        </extensions>
      </trkpt>
      <trkpt lat="32.0180806238" lon="120.894650202">
        <ele>5.8</ele>
        <time>2026-09-17T14:50:55+0800</time>
        <extensions>
          <gpxtpx:TrackPointExtension>
            <gpxtpx:hr>156</gpxtpx:hr>
            <gpxtpx:cad>89</gpxtpx:cad>
          </gpxtpx:TrackPointExtension>
        </extensions>
      </trkpt>
      <trkpt lat="32.0180711523" lon="120.894691357">
        <ele>5.8</ele>
        <time>2026-09-17T14:50:56+0800</time>
        <extensions>
          <gpxtpx:TrackPointExtension>
            <gpxtpx:hr>156</gpxtpx:hr>
            <gpxtpx:cad>89</gpxtpx:cad>
          </gpxtpx:TrackPointExtension>
        </extensions>
      </trkpt>
      <trkpt lat="32.0180701464" lon="120.894720862">
        <ele>5.6</ele>
        <time>2026-09-17T14:50:57+0800</time>
        <extensions>
          <gpxtpx:TrackPointExtension>
            <gpxtpx:hr>156</gpxtpx:hr>
            <gpxtpx:cad>89</gpxtpx:cad>
          </gpxtpx:TrackPointExtension>
        </extensions>
      </trkpt>
      <trkpt lat="32.018064782" lon="120.894760005">
        <ele>5.6</ele>
        <time>2026-09-17T14:50:58+0800</time>
        <extensions>
          <gpxtpx:TrackPointExtension>
            <gpxtpx:hr>157</gpxtpx:hr>
            <gpxtpx:cad>90</gpxtpx:cad>
          </gpxtpx:TrackPointExtension>
        </extensions>
      </trkpt>
      <trkpt lat="32.0180605073" lon="120.894789929">
        <ele>5.6</ele>
        <time>2026-09-17T14:50:59+0800</time>
        <extensions>
          <gpxtpx:TrackPointExtension>
            <gpxtpx:hr>156</gpxtpx:hr>
            <gpxtpx:cad>90</gpxtpx:cad>
          </gpxtpx:TrackPointExtension>
        </extensions>
      </trkpt>
      <trkpt lat="32.0180507842" lon="120.894828821">
        <ele>5.6</ele>
        <time>2026-09-17T14:51:00+0800</time>
        <extensions>
          <gpxtpx:TrackPointExtension>
            <gpxtpx:hr>156</gpxtpx:hr>
            <gpxtpx:cad>90</gpxtpx:cad>
          </gpxtpx:TrackPointExtension>
        </extensions>
      </trkpt>
      <trkpt lat="32.0180429891" lon="120.894856565">
        <ele>5.4</ele>
        <time>2026-09-17T14:51:01+0800</time>
        <extensions>
          <gpxtpx:TrackPointExtension>
            <gpxtpx:hr>157</gpxtpx:hr>
            <gpxtpx:cad>90</gpxtpx:cad>
          </gpxtpx:TrackPointExtension>
        </extensions>
      </trkpt>
      <trkpt lat="32.0180382114" lon="120.894893277">
        <ele>5.6</ele>
        <time>2026-09-17T14:51:02+0800</time>
        <extensions>
          <gpxtpx:TrackPointExtension>
            <gpxtpx:hr>156</gpxtpx:hr>
            <gpxtpx:cad>90</gpxtpx:cad>
          </gpxtpx:TrackPointExtension>
        </extensions>
      </trkpt>
      <trkpt lat="32.0180259738" lon="120.894921524">
        <ele>5.6</ele>
        <time>2026-09-17T14:51:03+0800</time>
        <extensions>
          <gpxtpx:TrackPointExtension>
            <gpxtpx:hr>156</gpxtpx:hr>
            <gpxtpx:cad>90</gpxtpx:cad>
          </gpxtpx:TrackPointExtension>
        </extensions>
      </trkpt>
      <trkpt lat="32.0180168375" lon="120.894961422">
        <ele>5.4</ele>
        <time>2026-09-17T14:51:04+0800</time>
        <extensions>
          <gpxtpx:TrackPointExtension>
            <gpxtpx:hr>156</gpxtpx:hr>
            <gpxtpx:cad>90</gpxtpx:cad>
          </gpxtpx:TrackPointExtension>
        </extensions>
      </trkpt>
      <trkpt lat="32.0180099644" lon="120.894989753">
        <ele>5.4</ele>
        <time>2026-09-17T14:51:05+0800</time>
        <extensions>
          <gpxtpx:TrackPointExtension>
            <gpxtpx:hr>156</gpxtpx:hr>
            <gpxtpx:cad>90</gpxtpx:cad>
          </gpxtpx:TrackPointExtension>
        </extensions>
      </trkpt>
      <trkpt lat="32.018000409" lon="120.895027639">
        <ele>5.4</ele>
        <time>2026-09-17T14:51:06+0800</time>
        <extensions>
          <gpxtpx:TrackPointExtension>
            <gpxtpx:hr>156</gpxtpx:hr>
            <gpxtpx:cad>90</gpxtpx:cad>
          </gpxtpx:TrackPointExtension>
        </extensions>
      </trkpt>
      <trkpt lat="32.0179947931" lon="120.895062927">
        <ele>5.4</ele>
        <time>2026-09-17T14:51:07+0800</time>
        <extensions>
          <gpxtpx:TrackPointExtension>
            <gpxtpx:hr>157</gpxtpx:hr>
            <gpxtpx:cad>90</gpxtpx:cad>
          </gpxtpx:TrackPointExtension>
        </extensions>
      </trkpt>
      <trkpt lat="32.0179911889" lon="120.895095281">
        <ele>5.6</ele>
        <time>2026-09-17T14:51:08+0800</time>
        <extensions>
          <gpxtpx:TrackPointExtension>
            <gpxtpx:hr>156</gpxtpx:hr>
            <gpxtpx:cad>89</gpxtpx:cad>
          </gpxtpx:TrackPointExtension>
        </extensions>
      </trkpt>
      <trkpt lat="32.0179814659" lon="120.895124953">
        <ele>5.6</ele>
        <time>2026-09-17T14:51:09+0800</time>
        <extensions>
          <gpxtpx:TrackPointExtension>
            <gpxtpx:hr>156</gpxtpx:hr>
            <gpxtpx:cad>89</gpxtpx:cad>
          </gpxtpx:TrackPointExtension>
        </extensions>
      </trkpt>
      <trkpt lat="32.0179781131" lon="120.895160576">
        <ele>5.6</ele>
        <time>2026-09-17T14:51:10+0800</time>
        <extensions>
          <gpxtpx:TrackPointExtension>
            <gpxtpx:hr>156</gpxtpx:hr>
            <gpxtpx:cad>88</gpxtpx:cad>
          </gpxtpx:TrackPointExtension>
        </extensions>
      </trkpt>
      <trkpt lat="32.0179722458" lon="120.895191589">
        <ele>5.6</ele>
        <time>2026-09-17T14:51:11+0800</time>
        <extensions>
          <gpxtpx:TrackPointExtension>
            <gpxtpx:hr>156</gpxtpx:hr>
            <gpxtpx:cad>88</gpxtpx:cad>
          </gpxtpx:TrackPointExtension>
        </extensions>
      </trkpt>
      <trkpt lat="32.0179727487" lon="120.895227632">
        <ele>5.6</ele>
        <time>2026-09-17T14:51:12+0800</time>
        <extensions>
          <gpxtpx:TrackPointExtension>
            <gpxtpx:hr>156</gpxtpx:hr>
            <gpxtpx:cad>89</gpxtpx:cad>
          </gpxtpx:TrackPointExtension>
        </extensions>
      </trkpt>
      <trkpt lat="32.0179689769" lon="120.895260572">
        <ele>5.6</ele>
        <time>2026-09-17T14:51:13+0800</time>
        <extensions>
          <gpxtpx:TrackPointExtension>
            <gpxtpx:hr>156</gpxtpx:hr>
            <gpxtpx:cad>89</gpxtpx:cad>
          </gpxtpx:TrackPointExtension>
        </extensions>
      </trkpt>
      <trkpt lat="32.0179676358" lon="120.895295776">
        <ele>5.6</ele>
        <time>2026-09-17T14:51:14+0800</time>
        <extensions>
          <gpxtpx:TrackPointExtension>
            <gpxtpx:hr>156</gpxtpx:hr>
            <gpxtpx:cad>89</gpxtpx:cad>
          </gpxtpx:TrackPointExtension>
        </extensions>
      </trkpt>
      <trkpt lat="32.0179606788" lon="120.895331651">
        <ele>5.6</ele>
        <time>2026-09-17T14:51:15+0800</time>
        <extensions>
          <gpxtpx:TrackPointExtension>
            <gpxtpx:hr>155</gpxtpx:hr>
            <gpxtpx:cad>89</gpxtpx:cad>
          </gpxtpx:TrackPointExtension>
        </extensions>
      </trkpt>
      <trkpt lat="32.0179595053" lon="120.895362664">
        <ele>5.6</ele>
        <time>2026-09-17T14:51:16+0800</time>
        <extensions>
          <gpxtpx:TrackPointExtension>
            <gpxtpx:hr>155</gpxtpx:hr>
            <gpxtpx:cad>88</gpxtpx:cad>
          </gpxtpx:TrackPointExtension>
        </extensions>
      </trkpt>
      <trkpt lat="32.0179516263" lon="120.8953977">
        <ele>5.6</ele>
        <time>2026-09-17T14:51:17+0800</time>
        <extensions>
          <gpxtpx:TrackPointExtension>
            <gpxtpx:hr>155</gpxtpx:hr>
            <gpxtpx:cad>88</gpxtpx:cad>
          </gpxtpx:TrackPointExtension>
        </extensions>
      </trkpt>
      <trkpt lat="32.0179504529" lon="120.895427624">
        <ele>5.6</ele>
        <time>2026-09-17T14:51:18+0800</time>
        <extensions>
          <gpxtpx:TrackPointExtension>
            <gpxtpx:hr>155</gpxtpx:hr>
            <gpxtpx:cad>88</gpxtpx:cad>
          </gpxtpx:TrackPointExtension>
        </extensions>
      </trkpt>
      <trkpt lat="32.0179429092" lon="120.895465929">
        <ele>5.6</ele>
        <time>2026-09-17T14:51:19+0800</time>
        <extensions>
          <gpxtpx:TrackPointExtension>
            <gpxtpx:hr>154</gpxtpx:hr>
            <gpxtpx:cad>89</gpxtpx:cad>
          </gpxtpx:TrackPointExtension>
        </extensions>
      </trkpt>
      <trkpt lat="32.0179392211" lon="120.895491662">
        <ele>5.6</ele>
        <time>2026-09-17T14:51:20+0800</time>
        <extensions>
          <gpxtpx:TrackPointExtension>
            <gpxtpx:hr>154</gpxtpx:hr>
            <gpxtpx:cad>89</gpxtpx:cad>
          </gpxtpx:TrackPointExtension>
        </extensions>
      </trkpt>
      <trkpt lat="32.0179349463" lon="120.895533403">
        <ele>5.8</ele>
        <time>2026-09-17T14:51:21+0800</time>
        <extensions>
          <gpxtpx:TrackPointExtension>
            <gpxtpx:hr>154</gpxtpx:hr>
            <gpxtpx:cad>89</gpxtpx:cad>
          </gpxtpx:TrackPointExtension>
        </extensions>
      </trkpt>
      <trkpt lat="32.0179304201" lon="120.895560812">
        <ele>5.8</ele>
        <time>2026-09-17T14:51:22+0800</time>
        <extensions>
          <gpxtpx:TrackPointExtension>
            <gpxtpx:hr>154</gpxtpx:hr>
            <gpxtpx:cad>88</gpxtpx:cad>
          </gpxtpx:TrackPointExtension>
        </extensions>
      </trkpt>
      <trkpt lat="32.0179177634" lon="120.895595932">
        <ele>5.8</ele>
        <time>2026-09-17T14:51:23+0800</time>
        <extensions>
          <gpxtpx:TrackPointExtension>
            <gpxtpx:hr>154</gpxtpx:hr>
            <gpxtpx:cad>88</gpxtpx:cad>
          </gpxtpx:TrackPointExtension>
        </extensions>
      </trkpt>
      <trkpt lat="32.0179087948" lon="120.895624012">
        <ele>5.8</ele>
        <time>2026-09-17T14:51:24+0800</time>
        <extensions>
          <gpxtpx:TrackPointExtension>
            <gpxtpx:hr>153</gpxtpx:hr>
            <gpxtpx:cad>88</gpxtpx:cad>
          </gpxtpx:TrackPointExtension>
        </extensions>
      </trkpt>
      <trkpt lat="32.0179015864" lon="120.895662066">
        <ele>5.8</ele>
        <time>2026-09-17T14:51:25+0800</time>
        <extensions>
          <gpxtpx:TrackPointExtension>
            <gpxtpx:hr>153</gpxtpx:hr>
            <gpxtpx:cad>88</gpxtpx:cad>
          </gpxtpx:TrackPointExtension>
        </extensions>
      </trkpt>
      <trkpt lat="32.0178896002" lon="120.895693582">
        <ele>5.8</ele>
        <time>2026-09-17T14:51:26+0800</time>
        <extensions>
          <gpxtpx:TrackPointExtension>
            <gpxtpx:hr>153</gpxtpx:hr>
            <gpxtpx:cad>87</gpxtpx:cad>
          </gpxtpx:TrackPointExtension>
        </extensions>
      </trkpt>
      <trkpt lat="32.0178839844" lon="120.895729959">
        <ele>5.8</ele>
        <time>2026-09-17T14:51:27+0800</time>
        <extensions>
          <gpxtpx:TrackPointExtension>
            <gpxtpx:hr>153</gpxtpx:hr>
            <gpxtpx:cad>87</gpxtpx:cad>
          </gpxtpx:TrackPointExtension>
        </extensions>
      </trkpt>
      <trkpt lat="32.0178741775" lon="120.895763487">
        <ele>5.6</ele>
        <time>2026-09-17T14:51:28+0800</time>
        <extensions>
          <gpxtpx:TrackPointExtension>
            <gpxtpx:hr>153</gpxtpx:hr>
            <gpxtpx:cad>88</gpxtpx:cad>
          </gpxtpx:TrackPointExtension>
        </extensions>
      </trkpt>
      <trkpt lat="32.0178705733" lon="120.895800535">
        <ele>5.6</ele>
        <time>2026-09-17T14:51:29+0800</time>
        <extensions>
          <gpxtpx:TrackPointExtension>
            <gpxtpx:hr>153</gpxtpx:hr>
            <gpxtpx:cad>88</gpxtpx:cad>
          </gpxtpx:TrackPointExtension>
        </extensions>
      </trkpt>
      <trkpt lat="32.0178604312" lon="120.895834398">
        <ele>5.4</ele>
        <time>2026-09-17T14:51:30+0800</time>
        <extensions>
          <gpxtpx:TrackPointExtension>
            <gpxtpx:hr>153</gpxtpx:hr>
            <gpxtpx:cad>88</gpxtpx:cad>
          </gpxtpx:TrackPointExtension>
        </extensions>
      </trkpt>
      <trkpt lat="32.0178614371" lon="120.895870272">
        <ele>5.4</ele>
        <time>2026-09-17T14:51:31+0800</time>
        <extensions>
          <gpxtpx:TrackPointExtension>
            <gpxtpx:hr>153</gpxtpx:hr>
            <gpxtpx:cad>88</gpxtpx:cad>
          </gpxtpx:TrackPointExtension>
        </extensions>
      </trkpt>
      <trkpt lat="32.0178550668" lon="120.895907152">
        <ele>5.4</ele>
        <time>2026-09-17T14:51:32+0800</time>
        <extensions>
          <gpxtpx:TrackPointExtension>
            <gpxtpx:hr>153</gpxtpx:hr>
            <gpxtpx:cad>88</gpxtpx:cad>
          </gpxtpx:TrackPointExtension>
        </extensions>
      </trkpt>
      <trkpt lat="32.0178569108" lon="120.895937076">
        <ele>5.4</ele>
        <time>2026-09-17T14:51:33+0800</time>
        <extensions>
          <gpxtpx:TrackPointExtension>
            <gpxtpx:hr>153</gpxtpx:hr>
            <gpxtpx:cad>88</gpxtpx:cad>
          </gpxtpx:TrackPointExtension>
        </extensions>
      </trkpt>
      <trkpt lat="32.0178501215" lon="120.895973705">
        <ele>5.4</ele>
        <time>2026-09-17T14:51:34+0800</time>
        <extensions>
          <gpxtpx:TrackPointExtension>
            <gpxtpx:hr>153</gpxtpx:hr>
            <gpxtpx:cad>88</gpxtpx:cad>
          </gpxtpx:TrackPointExtension>
        </extensions>
      </trkpt>
      <trkpt lat="32.017847104" lon="120.896003041">
        <ele>5.4</ele>
        <time>2026-09-17T14:51:35+0800</time>
        <extensions>
          <gpxtpx:TrackPointExtension>
            <gpxtpx:hr>154</gpxtpx:hr>
            <gpxtpx:cad>88</gpxtpx:cad>
          </gpxtpx:TrackPointExtension>
        </extensions>
      </trkpt>
      <trkpt lat="32.0178414043" lon="120.89604537">
        <ele>5.4</ele>
        <time>2026-09-17T14:51:36+0800</time>
        <extensions>
          <gpxtpx:TrackPointExtension>
            <gpxtpx:hr>154</gpxtpx:hr>
            <gpxtpx:cad>88</gpxtpx:cad>
          </gpxtpx:TrackPointExtension>
        </extensions>
      </trkpt>
      <trkpt lat="32.0178366266" lon="120.896074371">
        <ele>5.4</ele>
        <time>2026-09-17T14:51:37+0800</time>
        <extensions>
          <gpxtpx:TrackPointExtension>
            <gpxtpx:hr>154</gpxtpx:hr>
            <gpxtpx:cad>88</gpxtpx:cad>
          </gpxtpx:TrackPointExtension>
        </extensions>
      </trkpt>
      <trkpt lat="32.017821623" lon="120.896111503">
        <ele>5.4</ele>
        <time>2026-09-17T14:51:38+0800</time>
        <extensions>
          <gpxtpx:TrackPointExtension>
            <gpxtpx:hr>154</gpxtpx:hr>
            <gpxtpx:cad>87</gpxtpx:cad>
          </gpxtpx:TrackPointExtension>
        </extensions>
      </trkpt>
      <trkpt lat="32.0178124029" lon="120.896137739">
        <ele>5.4</ele>
        <time>2026-09-17T14:51:39+0800</time>
        <extensions>
          <gpxtpx:TrackPointExtension>
            <gpxtpx:hr>155</gpxtpx:hr>
            <gpxtpx:cad>87</gpxtpx:cad>
          </gpxtpx:TrackPointExtension>
        </extensions>
      </trkpt>
      <trkpt lat="32.0178025123" lon="120.896172859">
        <ele>5.4</ele>
        <time>2026-09-17T14:51:40+0800</time>
        <extensions>
          <gpxtpx:TrackPointExtension>
            <gpxtpx:hr>154</gpxtpx:hr>
            <gpxtpx:cad>87</gpxtpx:cad>
          </gpxtpx:TrackPointExtension>
        </extensions>
      </trkpt>
      <trkpt lat="32.0177919511" lon="120.896199094">
        <ele>5.6</ele>
        <time>2026-09-17T14:51:41+0800</time>
        <extensions>
          <gpxtpx:TrackPointExtension>
            <gpxtpx:hr>154</gpxtpx:hr>
            <gpxtpx:cad>88</gpxtpx:cad>
          </gpxtpx:TrackPointExtension>
        </extensions>
      </trkpt>
      <trkpt lat="32.017788766" lon="120.896237902">
        <ele>5.6</ele>
        <time>2026-09-17T14:51:42+0800</time>
        <extensions>
          <gpxtpx:TrackPointExtension>
            <gpxtpx:hr>154</gpxtpx:hr>
            <gpxtpx:cad>88</gpxtpx:cad>
          </gpxtpx:TrackPointExtension>
        </extensions>
      </trkpt>
      <trkpt lat="32.0177803002" lon="120.896268664">
        <ele>5.6</ele>
        <time>2026-09-17T14:51:43+0800</time>
        <extensions>
          <gpxtpx:TrackPointExtension>
            <gpxtpx:hr>155</gpxtpx:hr>
            <gpxtpx:cad>88</gpxtpx:cad>
          </gpxtpx:TrackPointExtension>
        </extensions>
      </trkpt>
      <trkpt lat="32.0177783724" lon="120.896305628">
        <ele>5.6</ele>
        <time>2026-09-17T14:51:44+0800</time>
        <extensions>
          <gpxtpx:TrackPointExtension>
            <gpxtpx:hr>155</gpxtpx:hr>
            <gpxtpx:cad>87</gpxtpx:cad>
          </gpxtpx:TrackPointExtension>
        </extensions>
      </trkpt>
      <trkpt lat="32.017770661" lon="120.896344939">
        <ele>5.6</ele>
        <time>2026-09-17T14:51:45+0800</time>
        <extensions>
          <gpxtpx:TrackPointExtension>
            <gpxtpx:hr>155</gpxtpx:hr>
            <gpxtpx:cad>87</gpxtpx:cad>
          </gpxtpx:TrackPointExtension>
        </extensions>
      </trkpt>
      <trkpt lat="32.0177715831" lon="120.896380646">
        <ele>5.6</ele>
        <time>2026-09-17T14:51:46+0800</time>
        <extensions>
          <gpxtpx:TrackPointExtension>
            <gpxtpx:hr>155</gpxtpx:hr>
            <gpxtpx:cad>87</gpxtpx:cad>
          </gpxtpx:TrackPointExtension>
        </extensions>
      </trkpt>
      <trkpt lat="32.0177616924" lon="120.896419203">
        <ele>5.6</ele>
        <time>2026-09-17T14:51:47+0800</time>
        <extensions>
          <gpxtpx:TrackPointExtension>
            <gpxtpx:hr>155</gpxtpx:hr>
            <gpxtpx:cad>88</gpxtpx:cad>
          </gpxtpx:TrackPointExtension>
        </extensions>
      </trkpt>
      <trkpt lat="32.0177576691" lon="120.896448372">
        <ele>5.6</ele>
        <time>2026-09-17T14:51:48+0800</time>
        <extensions>
          <gpxtpx:TrackPointExtension>
            <gpxtpx:hr>155</gpxtpx:hr>
            <gpxtpx:cad>88</gpxtpx:cad>
          </gpxtpx:TrackPointExtension>
        </extensions>
      </trkpt>
      <trkpt lat="32.0177486166" lon="120.896489024">
        <ele>5.6</ele>
        <time>2026-09-17T14:51:49+0800</time>
        <extensions>
          <gpxtpx:TrackPointExtension>
            <gpxtpx:hr>155</gpxtpx:hr>
            <gpxtpx:cad>87</gpxtpx:cad>
          </gpxtpx:TrackPointExtension>
        </extensions>
      </trkpt>
      <trkpt lat="32.017743336" lon="120.896521043">
        <ele>5.6</ele>
        <time>2026-09-17T14:51:50+0800</time>
        <extensions>
          <gpxtpx:TrackPointExtension>
            <gpxtpx:hr>155</gpxtpx:hr>
            <gpxtpx:cad>87</gpxtpx:cad>
          </gpxtpx:TrackPointExtension>
        </extensions>
      </trkpt>
      <trkpt lat="32.0177331101" lon="120.896562031">
        <ele>5.6</ele>
        <time>2026-09-17T14:51:51+0800</time>
        <extensions>
          <gpxtpx:TrackPointExtension>
            <gpxtpx:hr>156</gpxtpx:hr>
            <gpxtpx:cad>87</gpxtpx:cad>
          </gpxtpx:TrackPointExtension>
        </extensions>
      </trkpt>
      <trkpt lat="32.0177214593" lon="120.896589439">
        <ele>5.6</ele>
        <time>2026-09-17T14:51:52+0800</time>
        <extensions>
          <gpxtpx:TrackPointExtension>
            <gpxtpx:hr>155</gpxtpx:hr>
            <gpxtpx:cad>87</gpxtpx:cad>
          </gpxtpx:TrackPointExtension>
        </extensions>
      </trkpt>
      <trkpt lat="32.0177089702" lon="120.896627745">
        <ele>5.6</ele>
        <time>2026-09-17T14:51:53+0800</time>
        <extensions>
          <gpxtpx:TrackPointExtension>
            <gpxtpx:hr>155</gpxtpx:hr>
            <gpxtpx:cad>87</gpxtpx:cad>
          </gpxtpx:TrackPointExtension>
        </extensions>
      </trkpt>
      <trkpt lat="32.017699331" lon="120.896653729">
        <ele>5.6</ele>
        <time>2026-09-17T14:51:54+0800</time>
        <extensions>
          <gpxtpx:TrackPointExtension>
            <gpxtpx:hr>155</gpxtpx:hr>
            <gpxtpx:cad>87</gpxtpx:cad>
          </gpxtpx:TrackPointExtension>
        </extensions>
      </trkpt>
      <trkpt lat="32.0176921226" lon="120.896687675">
        <ele>5.6</ele>
        <time>2026-09-17T14:51:55+0800</time>
        <extensions>
          <gpxtpx:TrackPointExtension>
            <gpxtpx:hr>154</gpxtpx:hr>
            <gpxtpx:cad>87</gpxtpx:cad>
          </gpxtpx:TrackPointExtension>
        </extensions>
      </trkpt>
      <trkpt lat="32.0176804718" lon="120.896720616">
        <ele>5.4</ele>
        <time>2026-09-17T14:51:56+0800</time>
        <extensions>
          <gpxtpx:TrackPointExtension>
            <gpxtpx:hr>154</gpxtpx:hr>
            <gpxtpx:cad>87</gpxtpx:cad>
          </gpxtpx:TrackPointExtension>
        </extensions>
      </trkpt>
      <trkpt lat="32.0176748559" lon="120.896756407">
        <ele>5.4</ele>
        <time>2026-09-17T14:51:57+0800</time>
        <extensions>
          <gpxtpx:TrackPointExtension>
            <gpxtpx:hr>154</gpxtpx:hr>
            <gpxtpx:cad>87</gpxtpx:cad>
          </gpxtpx:TrackPointExtension>
        </extensions>
      </trkpt>
      <trkpt lat="32.0176682342" lon="120.896794712">
        <ele>5.4</ele>
        <time>2026-09-17T14:51:58+0800</time>
        <extensions>
          <gpxtpx:TrackPointExtension>
            <gpxtpx:hr>154</gpxtpx:hr>
            <gpxtpx:cad>88</gpxtpx:cad>
          </gpxtpx:TrackPointExtension>
        </extensions>
      </trkpt>
      <trkpt lat="32.0176615287" lon="120.89682891">
        <ele>5.4</ele>
        <time>2026-09-17T14:51:59+0800</time>
        <extensions>
          <gpxtpx:TrackPointExtension>
            <gpxtpx:hr>154</gpxtpx:hr>
            <gpxtpx:cad>89</gpxtpx:cad>
          </gpxtpx:TrackPointExtension>
        </extensions>
      </trkpt>
      <trkpt lat="32.0176519733" lon="120.896864617">
        <ele>5.4</ele>
        <time>2026-09-17T14:52:00+0800</time>
        <extensions>
          <gpxtpx:TrackPointExtension>
            <gpxtpx:hr>153</gpxtpx:hr>
            <gpxtpx:cad>89</gpxtpx:cad>
          </gpxtpx:TrackPointExtension>
        </extensions>
      </trkpt>
      <trkpt lat="32.0176477823" lon="120.896895379">
        <ele>5.4</ele>
        <time>2026-09-17T14:52:01+0800</time>
        <extensions>
          <gpxtpx:TrackPointExtension>
            <gpxtpx:hr>153</gpxtpx:hr>
            <gpxtpx:cad>88</gpxtpx:cad>
          </gpxtpx:TrackPointExtension>
        </extensions>
      </trkpt>
      <trkpt lat="32.0176389813" lon="120.896934187">
        <ele>5.6</ele>
        <time>2026-09-17T14:52:02+0800</time>
        <extensions>
          <gpxtpx:TrackPointExtension>
            <gpxtpx:hr>153</gpxtpx:hr>
            <gpxtpx:cad>88</gpxtpx:cad>
          </gpxtpx:TrackPointExtension>
        </extensions>
      </trkpt>
      <trkpt lat="32.0176374726" lon="120.89696696">
        <ele>5.6</ele>
        <time>2026-09-17T14:52:03+0800</time>
        <extensions>
          <gpxtpx:TrackPointExtension>
            <gpxtpx:hr>153</gpxtpx:hr>
            <gpxtpx:cad>87</gpxtpx:cad>
          </gpxtpx:TrackPointExtension>
        </extensions>
      </trkpt>
      <trkpt lat="32.0176311024" lon="120.897006523">
        <ele>5.6</ele>
        <time>2026-09-17T14:52:04+0800</time>
        <extensions>
          <gpxtpx:TrackPointExtension>
            <gpxtpx:hr>153</gpxtpx:hr>
            <gpxtpx:cad>87</gpxtpx:cad>
          </gpxtpx:TrackPointExtension>
        </extensions>
      </trkpt>
      <trkpt lat="32.0176305156" lon="120.897034016">
        <ele>5.8</ele>
        <time>2026-09-17T14:52:05+0800</time>
        <extensions>
          <gpxtpx:TrackPointExtension>
            <gpxtpx:hr>153</gpxtpx:hr>
            <gpxtpx:cad>87</gpxtpx:cad>
          </gpxtpx:TrackPointExtension>
        </extensions>
      </trkpt>
      <trkpt lat="32.0176213793" lon="120.897074919">
        <ele>5.6</ele>
        <time>2026-09-17T14:52:06+0800</time>
        <extensions>
          <gpxtpx:TrackPointExtension>
            <gpxtpx:hr>153</gpxtpx:hr>
            <gpxtpx:cad>87</gpxtpx:cad>
          </gpxtpx:TrackPointExtension>
        </extensions>
      </trkpt>
      <trkpt lat="32.0176190324" lon="120.89710719">
        <ele>5.8</ele>
        <time>2026-09-17T14:52:07+0800</time>
        <extensions>
          <gpxtpx:TrackPointExtension>
            <gpxtpx:hr>153</gpxtpx:hr>
            <gpxtpx:cad>87</gpxtpx:cad>
          </gpxtpx:TrackPointExtension>
        </extensions>
      </trkpt>
      <trkpt lat="32.0176129974" lon="120.897148848">
        <ele>5.8</ele>
        <time>2026-09-17T14:52:08+0800</time>
        <extensions>
          <gpxtpx:TrackPointExtension>
            <gpxtpx:hr>153</gpxtpx:hr>
            <gpxtpx:cad>88</gpxtpx:cad>
          </gpxtpx:TrackPointExtension>
        </extensions>
      </trkpt>
      <trkpt lat="32.0176089741" lon="120.897175753">
        <ele>5.8</ele>
        <time>2026-09-17T14:52:09+0800</time>
        <extensions>
          <gpxtpx:TrackPointExtension>
            <gpxtpx:hr>153</gpxtpx:hr>
            <gpxtpx:cad>89</gpxtpx:cad>
          </gpxtpx:TrackPointExtension>
        </extensions>
      </trkpt>
      <trkpt lat="32.0175974909" lon="120.897219088">
        <ele>5.8</ele>
        <time>2026-09-17T14:52:10+0800</time>
        <extensions>
          <gpxtpx:TrackPointExtension>
            <gpxtpx:hr>153</gpxtpx:hr>
            <gpxtpx:cad>88</gpxtpx:cad>
          </gpxtpx:TrackPointExtension>
        </extensions>
      </trkpt>
      <trkpt lat="32.0175915398" lon="120.897247335">
        <ele>5.8</ele>
        <time>2026-09-17T14:52:11+0800</time>
        <extensions>
          <gpxtpx:TrackPointExtension>
            <gpxtpx:hr>153</gpxtpx:hr>
            <gpxtpx:cad>88</gpxtpx:cad>
          </gpxtpx:TrackPointExtension>
        </extensions>
      </trkpt>
      <trkpt lat="32.0175802242" lon="120.897288909">
        <ele>5.8</ele>
        <time>2026-09-17T14:52:12+0800</time>
        <extensions>
          <gpxtpx:TrackPointExtension>
            <gpxtpx:hr>153</gpxtpx:hr>
            <gpxtpx:cad>88</gpxtpx:cad>
          </gpxtpx:TrackPointExtension>
        </extensions>
      </trkpt>
      <trkpt lat="32.0175686572" lon="120.897318916">
        <ele>5.8</ele>
        <time>2026-09-17T14:52:13+0800</time>
        <extensions>
          <gpxtpx:TrackPointExtension>
            <gpxtpx:hr>154</gpxtpx:hr>
            <gpxtpx:cad>88</gpxtpx:cad>
          </gpxtpx:TrackPointExtension>
        </extensions>
      </trkpt>
      <trkpt lat="32.0175596047" lon="120.897356803">
        <ele>5.8</ele>
        <time>2026-09-17T14:52:14+0800</time>
        <extensions>
          <gpxtpx:TrackPointExtension>
            <gpxtpx:hr>154</gpxtpx:hr>
            <gpxtpx:cad>88</gpxtpx:cad>
          </gpxtpx:TrackPointExtension>
        </extensions>
      </trkpt>
      <trkpt lat="32.0175446011" lon="120.897391336">
        <ele>5.8</ele>
        <time>2026-09-17T14:52:15+0800</time>
        <extensions>
          <gpxtpx:TrackPointExtension>
            <gpxtpx:hr>154</gpxtpx:hr>
            <gpxtpx:cad>88</gpxtpx:cad>
          </gpxtpx:TrackPointExtension>
        </extensions>
      </trkpt>
      <trkpt lat="32.0175397396" lon="120.897429138">
        <ele>5.8</ele>
        <time>2026-09-17T14:52:16+0800</time>
        <extensions>
          <gpxtpx:TrackPointExtension>
            <gpxtpx:hr>155</gpxtpx:hr>
            <gpxtpx:cad>88</gpxtpx:cad>
          </gpxtpx:TrackPointExtension>
        </extensions>
      </trkpt>
      <trkpt lat="32.017532615" lon="120.89746166">
        <ele>6.0</ele>
        <time>2026-09-17T14:52:17+0800</time>
        <extensions>
          <gpxtpx:TrackPointExtension>
            <gpxtpx:hr>155</gpxtpx:hr>
            <gpxtpx:cad>89</gpxtpx:cad>
          </gpxtpx:TrackPointExtension>
        </extensions>
      </trkpt>
      <trkpt lat="32.0175273344" lon="120.897497702">
        <ele>6.0</ele>
        <time>2026-09-17T14:52:18+0800</time>
        <extensions>
          <gpxtpx:TrackPointExtension>
            <gpxtpx:hr>155</gpxtpx:hr>
            <gpxtpx:cad>89</gpxtpx:cad>
          </gpxtpx:TrackPointExtension>
        </extensions>
      </trkpt>
      <trkpt lat="32.0175172761" lon="120.897535086">
        <ele>6.0</ele>
        <time>2026-09-17T14:52:19+0800</time>
        <extensions>
          <gpxtpx:TrackPointExtension>
            <gpxtpx:hr>155</gpxtpx:hr>
            <gpxtpx:cad>88</gpxtpx:cad>
          </gpxtpx:TrackPointExtension>
        </extensions>
      </trkpt>
      <trkpt lat="32.0175149292" lon="120.897572385">
        <ele>5.8</ele>
        <time>2026-09-17T14:52:20+0800</time>
        <extensions>
          <gpxtpx:TrackPointExtension>
            <gpxtpx:hr>156</gpxtpx:hr>
            <gpxtpx:cad>88</gpxtpx:cad>
          </gpxtpx:TrackPointExtension>
        </extensions>
      </trkpt>
      <trkpt lat="32.0175052062" lon="120.897612283">
        <ele>5.8</ele>
        <time>2026-09-17T14:52:21+0800</time>
        <extensions>
          <gpxtpx:TrackPointExtension>
            <gpxtpx:hr>156</gpxtpx:hr>
            <gpxtpx:cad>88</gpxtpx:cad>
          </gpxtpx:TrackPointExtension>
        </extensions>
      </trkpt>
      <trkpt lat="32.0175008476" lon="120.897644134">
        <ele>5.6</ele>
        <time>2026-09-17T14:52:22+0800</time>
        <extensions>
          <gpxtpx:TrackPointExtension>
            <gpxtpx:hr>156</gpxtpx:hr>
            <gpxtpx:cad>88</gpxtpx:cad>
          </gpxtpx:TrackPointExtension>
        </extensions>
      </trkpt>
      <trkpt lat="32.0174923819" lon="120.897682272">
        <ele>5.6</ele>
        <time>2026-09-17T14:52:23+0800</time>
        <extensions>
          <gpxtpx:TrackPointExtension>
            <gpxtpx:hr>156</gpxtpx:hr>
            <gpxtpx:cad>88</gpxtpx:cad>
          </gpxtpx:TrackPointExtension>
        </extensions>
      </trkpt>
      <trkpt lat="32.0174902026" lon="120.897713536">
        <ele>5.4</ele>
        <time>2026-09-17T14:52:24+0800</time>
        <extensions>
          <gpxtpx:TrackPointExtension>
            <gpxtpx:hr>156</gpxtpx:hr>
            <gpxtpx:cad>88</gpxtpx:cad>
          </gpxtpx:TrackPointExtension>
        </extensions>
      </trkpt>
      <trkpt lat="32.0174791384" lon="120.897755614">
        <ele>5.4</ele>
        <time>2026-09-17T14:52:25+0800</time>
        <extensions>
          <gpxtpx:TrackPointExtension>
            <gpxtpx:hr>156</gpxtpx:hr>
            <gpxtpx:cad>88</gpxtpx:cad>
          </gpxtpx:TrackPointExtension>
        </extensions>
      </trkpt>
      <trkpt lat="32.0174754504" lon="120.89778713">
        <ele>5.4</ele>
        <time>2026-09-17T14:52:26+0800</time>
        <extensions>
          <gpxtpx:TrackPointExtension>
            <gpxtpx:hr>156</gpxtpx:hr>
            <gpxtpx:cad>88</gpxtpx:cad>
          </gpxtpx:TrackPointExtension>
        </extensions>
      </trkpt>
      <trkpt lat="32.0174684934" lon="120.897830464">
        <ele>5.4</ele>
        <time>2026-09-17T14:52:27+0800</time>
        <extensions>
          <gpxtpx:TrackPointExtension>
            <gpxtpx:hr>156</gpxtpx:hr>
            <gpxtpx:cad>88</gpxtpx:cad>
          </gpxtpx:TrackPointExtension>
        </extensions>
      </trkpt>
      <trkpt lat="32.0174622908" lon="120.89785737">
        <ele>5.2</ele>
        <time>2026-09-17T14:52:28+0800</time>
        <extensions>
          <gpxtpx:TrackPointExtension>
            <gpxtpx:hr>156</gpxtpx:hr>
            <gpxtpx:cad>88</gpxtpx:cad>
          </gpxtpx:TrackPointExtension>
        </extensions>
      </trkpt>
      <trkpt lat="32.0174525678" lon="120.897894083">
        <ele>5.2</ele>
        <time>2026-09-17T14:52:29+0800</time>
        <extensions>
          <gpxtpx:TrackPointExtension>
            <gpxtpx:hr>156</gpxtpx:hr>
            <gpxtpx:cad>88</gpxtpx:cad>
          </gpxtpx:TrackPointExtension>
        </extensions>
      </trkpt>
      <trkpt lat="32.0174406655" lon="120.897925431">
        <ele>5.4</ele>
        <time>2026-09-17T14:52:30+0800</time>
        <extensions>
          <gpxtpx:TrackPointExtension>
            <gpxtpx:hr>156</gpxtpx:hr>
            <gpxtpx:cad>88</gpxtpx:cad>
          </gpxtpx:TrackPointExtension>
        </extensions>
      </trkpt>
      <trkpt lat="32.0174322836" lon="120.897964407">
        <ele>5.4</ele>
        <time>2026-09-17T14:52:31+0800</time>
        <extensions>
          <gpxtpx:TrackPointExtension>
            <gpxtpx:hr>156</gpxtpx:hr>
            <gpxtpx:cad>88</gpxtpx:cad>
          </gpxtpx:TrackPointExtension>
        </extensions>
      </trkpt>
      <trkpt lat="32.0174226444" lon="120.897995755">
        <ele>5.4</ele>
        <time>2026-09-17T14:52:32+0800</time>
        <extensions>
          <gpxtpx:TrackPointExtension>
            <gpxtpx:hr>156</gpxtpx:hr>
            <gpxtpx:cad>88</gpxtpx:cad>
          </gpxtpx:TrackPointExtension>
        </extensions>
      </trkpt>
      <trkpt lat="32.0174142625" lon="120.898037162">
        <ele>5.4</ele>
        <time>2026-09-17T14:52:33+0800</time>
        <extensions>
          <gpxtpx:TrackPointExtension>
            <gpxtpx:hr>156</gpxtpx:hr>
            <gpxtpx:cad>88</gpxtpx:cad>
          </gpxtpx:TrackPointExtension>
        </extensions>
      </trkpt>
      <trkpt lat="32.0174028631" lon="120.898070522">
        <ele>5.2</ele>
        <time>2026-09-17T14:52:34+0800</time>
        <extensions>
          <gpxtpx:TrackPointExtension>
            <gpxtpx:hr>156</gpxtpx:hr>
            <gpxtpx:cad>88</gpxtpx:cad>
          </gpxtpx:TrackPointExtension>
        </extensions>
      </trkpt>
      <trkpt lat="32.0173983369" lon="120.898107486">
        <ele>5.2</ele>
        <time>2026-09-17T14:52:35+0800</time>
        <extensions>
          <gpxtpx:TrackPointExtension>
            <gpxtpx:hr>156</gpxtpx:hr>
            <gpxtpx:cad>88</gpxtpx:cad>
          </gpxtpx:TrackPointExtension>
        </extensions>
      </trkpt>
      <trkpt lat="32.0173850935" lon="120.898141433">
        <ele>5.2</ele>
        <time>2026-09-17T14:52:36+0800</time>
        <extensions>
          <gpxtpx:TrackPointExtension>
            <gpxtpx:hr>156</gpxtpx:hr>
            <gpxtpx:cad>89</gpxtpx:cad>
          </gpxtpx:TrackPointExtension>
        </extensions>
      </trkpt>
      <trkpt lat="32.0173834171" lon="120.898175715">
        <ele>5.2</ele>
        <time>2026-09-17T14:52:37+0800</time>
        <extensions>
          <gpxtpx:TrackPointExtension>
            <gpxtpx:hr>156</gpxtpx:hr>
            <gpxtpx:cad>89</gpxtpx:cad>
          </gpxtpx:TrackPointExtension>
        </extensions>
      </trkpt>
      <trkpt lat="32.0173746999" lon="120.898213936">
        <ele>5.2</ele>
        <time>2026-09-17T14:52:38+0800</time>
        <extensions>
          <gpxtpx:TrackPointExtension>
            <gpxtpx:hr>156</gpxtpx:hr>
            <gpxtpx:cad>88</gpxtpx:cad>
          </gpxtpx:TrackPointExtension>
        </extensions>
      </trkpt>
      <trkpt lat="32.0173726883" lon="120.89824805">
        <ele>5.2</ele>
        <time>2026-09-17T14:52:39+0800</time>
        <extensions>
          <gpxtpx:TrackPointExtension>
            <gpxtpx:hr>156</gpxtpx:hr>
            <gpxtpx:cad>88</gpxtpx:cad>
          </gpxtpx:TrackPointExtension>
        </extensions>
      </trkpt>
      <trkpt lat="32.017366318" lon="120.898287697">
        <ele>5.2</ele>
        <time>2026-09-17T14:52:40+0800</time>
        <extensions>
          <gpxtpx:TrackPointExtension>
            <gpxtpx:hr>156</gpxtpx:hr>
            <gpxtpx:cad>88</gpxtpx:cad>
          </gpxtpx:TrackPointExtension>
        </extensions>
      </trkpt>
      <trkpt lat="32.0173662342" lon="120.898324661">
        <ele>5.2</ele>
        <time>2026-09-17T14:52:41+0800</time>
        <extensions>
          <gpxtpx:TrackPointExtension>
            <gpxtpx:hr>156</gpxtpx:hr>
            <gpxtpx:cad>88</gpxtpx:cad>
          </gpxtpx:TrackPointExtension>
        </extensions>
      </trkpt>
      <trkpt lat="32.0173596125" lon="120.898359949">
        <ele>5.2</ele>
        <time>2026-09-17T14:52:42+0800</time>
        <extensions>
          <gpxtpx:TrackPointExtension>
            <gpxtpx:hr>156</gpxtpx:hr>
            <gpxtpx:cad>88</gpxtpx:cad>
          </gpxtpx:TrackPointExtension>
        </extensions>
      </trkpt>
      <trkpt lat="32.0173591934" lon="120.89839071">
        <ele>5.2</ele>
        <time>2026-09-17T14:52:43+0800</time>
        <extensions>
          <gpxtpx:TrackPointExtension>
            <gpxtpx:hr>157</gpxtpx:hr>
            <gpxtpx:cad>88</gpxtpx:cad>
          </gpxtpx:TrackPointExtension>
        </extensions>
      </trkpt>
      <trkpt lat="32.0173520688" lon="120.898434632">
        <ele>5.2</ele>
        <time>2026-09-17T14:52:44+0800</time>
        <extensions>
          <gpxtpx:TrackPointExtension>
            <gpxtpx:hr>157</gpxtpx:hr>
            <gpxtpx:cad>88</gpxtpx:cad>
          </gpxtpx:TrackPointExtension>
        </extensions>
      </trkpt>
      <trkpt lat="32.017347794" lon="120.898464723">
        <ele>5.2</ele>
        <time>2026-09-17T14:52:45+0800</time>
        <extensions>
          <gpxtpx:TrackPointExtension>
            <gpxtpx:hr>157</gpxtpx:hr>
            <gpxtpx:cad>87</gpxtpx:cad>
          </gpxtpx:TrackPointExtension>
        </extensions>
      </trkpt>
      <trkpt lat="32.0173391607" lon="120.898505207">
        <ele>5.4</ele>
        <time>2026-09-17T14:52:46+0800</time>
        <extensions>
          <gpxtpx:TrackPointExtension>
            <gpxtpx:hr>158</gpxtpx:hr>
            <gpxtpx:cad>87</gpxtpx:cad>
          </gpxtpx:TrackPointExtension>
        </extensions>
      </trkpt>
      <trkpt lat="32.0173337124" lon="120.898539824">
        <ele>5.4</ele>
        <time>2026-09-17T14:52:47+0800</time>
        <extensions>
          <gpxtpx:TrackPointExtension>
            <gpxtpx:hr>158</gpxtpx:hr>
            <gpxtpx:cad>87</gpxtpx:cad>
          </gpxtpx:TrackPointExtension>
        </extensions>
      </trkpt>
      <trkpt lat="32.0173219778" lon="120.898586931">
        <ele>5.4</ele>
        <time>2026-09-17T14:52:48+0800</time>
        <extensions>
          <gpxtpx:TrackPointExtension>
            <gpxtpx:hr>158</gpxtpx:hr>
            <gpxtpx:cad>88</gpxtpx:cad>
          </gpxtpx:TrackPointExtension>
        </extensions>
      </trkpt>
      <trkpt lat="32.0173082314" lon="120.898620207">
        <ele>5.6</ele>
        <time>2026-09-17T14:52:49+0800</time>
        <extensions>
          <gpxtpx:TrackPointExtension>
            <gpxtpx:hr>158</gpxtpx:hr>
            <gpxtpx:cad>88</gpxtpx:cad>
          </gpxtpx:TrackPointExtension>
        </extensions>
      </trkpt>
      <trkpt lat="32.0172886178" lon="120.898652142">
        <ele>5.6</ele>
        <time>2026-09-17T14:52:50+0800</time>
        <extensions>
          <gpxtpx:TrackPointExtension>
            <gpxtpx:hr>158</gpxtpx:hr>
            <gpxtpx:cad>88</gpxtpx:cad>
          </gpxtpx:TrackPointExtension>
        </extensions>
      </trkpt>
      <trkpt lat="32.0172617957" lon="120.898674103">
        <ele>5.8</ele>
        <time>2026-09-17T14:52:51+0800</time>
        <extensions>
          <gpxtpx:TrackPointExtension>
            <gpxtpx:hr>158</gpxtpx:hr>
            <gpxtpx:cad>89</gpxtpx:cad>
          </gpxtpx:TrackPointExtension>
        </extensions>
      </trkpt>
      <trkpt lat="32.0172337163" lon="120.898693465">
        <ele>5.8</ele>
        <time>2026-09-17T14:52:52+0800</time>
        <extensions>
          <gpxtpx:TrackPointExtension>
            <gpxtpx:hr>158</gpxtpx:hr>
            <gpxtpx:cad>89</gpxtpx:cad>
          </gpxtpx:TrackPointExtension>
        </extensions>
      </trkpt>
      <trkpt lat="32.0172077324" lon="120.898702852">
        <ele>5.6</ele>
        <time>2026-09-17T14:52:53+0800</time>
        <extensions>
          <gpxtpx:TrackPointExtension>
            <gpxtpx:hr>159</gpxtpx:hr>
            <gpxtpx:cad>89</gpxtpx:cad>
          </gpxtpx:TrackPointExtension>
        </extensions>
      </trkpt>
      <trkpt lat="32.0171735343" lon="120.898708384">
        <ele>5.6</ele>
        <time>2026-09-17T14:52:54+0800</time>
        <extensions>
          <gpxtpx:TrackPointExtension>
            <gpxtpx:hr>159</gpxtpx:hr>
            <gpxtpx:cad>89</gpxtpx:cad>
          </gpxtpx:TrackPointExtension>
        </extensions>
      </trkpt>
      <trkpt lat="32.0171433594" lon="120.898698326">
        <ele>5.6</ele>
        <time>2026-09-17T14:52:55+0800</time>
        <extensions>
          <gpxtpx:TrackPointExtension>
            <gpxtpx:hr>159</gpxtpx:hr>
            <gpxtpx:cad>88</gpxtpx:cad>
          </gpxtpx:TrackPointExtension>
        </extensions>
      </trkpt>
      <trkpt lat="32.0171117596" lon="120.898693046">
        <ele>5.6</ele>
        <time>2026-09-17T14:52:56+0800</time>
        <extensions>
          <gpxtpx:TrackPointExtension>
            <gpxtpx:hr>159</gpxtpx:hr>
            <gpxtpx:cad>88</gpxtpx:cad>
          </gpxtpx:TrackPointExtension>
        </extensions>
      </trkpt>
      <trkpt lat="32.0170854405" lon="120.898681898">
        <ele>5.6</ele>
        <time>2026-09-17T14:52:57+0800</time>
        <extensions>
          <gpxtpx:TrackPointExtension>
            <gpxtpx:hr>159</gpxtpx:hr>
            <gpxtpx:cad>88</gpxtpx:cad>
          </gpxtpx:TrackPointExtension>
        </extensions>
      </trkpt>
      <trkpt lat="32.0170542598" lon="120.898674186">
        <ele>5.6</ele>
        <time>2026-09-17T14:52:58+0800</time>
        <extensions>
          <gpxtpx:TrackPointExtension>
            <gpxtpx:hr>160</gpxtpx:hr>
            <gpxtpx:cad>88</gpxtpx:cad>
          </gpxtpx:TrackPointExtension>
        </extensions>
      </trkpt>
      <trkpt lat="32.0170249231" lon="120.898659769">
        <ele>5.6</ele>
        <time>2026-09-17T14:52:59+0800</time>
        <extensions>
          <gpxtpx:TrackPointExtension>
            <gpxtpx:hr>160</gpxtpx:hr>
            <gpxtpx:cad>88</gpxtpx:cad>
          </gpxtpx:TrackPointExtension>
        </extensions>
      </trkpt>
      <trkpt lat="32.016994413" lon="120.898651639">
        <ele>5.4</ele>
        <time>2026-09-17T14:53:00+0800</time>
        <extensions>
          <gpxtpx:TrackPointExtension>
            <gpxtpx:hr>160</gpxtpx:hr>
            <gpxtpx:cad>88</gpxtpx:cad>
          </gpxtpx:TrackPointExtension>
        </extensions>
      </trkpt>
      <trkpt lat="32.0169654116" lon="120.898636887">
        <ele>5.4</ele>
        <time>2026-09-17T14:53:01+0800</time>
        <extensions>
          <gpxtpx:TrackPointExtension>
            <gpxtpx:hr>161</gpxtpx:hr>
            <gpxtpx:cad>88</gpxtpx:cad>
          </gpxtpx:TrackPointExtension>
        </extensions>
      </trkpt>
      <trkpt lat="32.0169377513" lon="120.898630768">
        <ele>5.4</ele>
        <time>2026-09-17T14:53:02+0800</time>
        <extensions>
          <gpxtpx:TrackPointExtension>
            <gpxtpx:hr>161</gpxtpx:hr>
            <gpxtpx:cad>88</gpxtpx:cad>
          </gpxtpx:TrackPointExtension>
        </extensions>
      </trkpt>
      <trkpt lat="32.0169037208" lon="120.89861325">
        <ele>5.4</ele>
        <time>2026-09-17T14:53:03+0800</time>
        <extensions>
          <gpxtpx:TrackPointExtension>
            <gpxtpx:hr>161</gpxtpx:hr>
            <gpxtpx:cad>88</gpxtpx:cad>
          </gpxtpx:TrackPointExtension>
        </extensions>
      </trkpt>
      <trkpt lat="32.0168811735" lon="120.898607215">
        <ele>5.2</ele>
        <time>2026-09-17T14:53:04+0800</time>
        <extensions>
          <gpxtpx:TrackPointExtension>
            <gpxtpx:hr>160</gpxtpx:hr>
            <gpxtpx:cad>88</gpxtpx:cad>
          </gpxtpx:TrackPointExtension>
        </extensions>
      </trkpt>
      <trkpt lat="32.0168458018" lon="120.898588942">
        <ele>5.2</ele>
        <time>2026-09-17T14:53:05+0800</time>
        <extensions>
          <gpxtpx:TrackPointExtension>
            <gpxtpx:hr>161</gpxtpx:hr>
            <gpxtpx:cad>89</gpxtpx:cad>
          </gpxtpx:TrackPointExtension>
        </extensions>
      </trkpt>
      <trkpt lat="32.0168162975" lon="120.898582656">
        <ele>5.2</ele>
        <time>2026-09-17T14:53:06+0800</time>
        <extensions>
          <gpxtpx:TrackPointExtension>
            <gpxtpx:hr>161</gpxtpx:hr>
            <gpxtpx:cad>89</gpxtpx:cad>
          </gpxtpx:TrackPointExtension>
        </extensions>
      </trkpt>
      <trkpt lat="32.0167789981" lon="120.898569748">
        <ele>5.2</ele>
        <time>2026-09-17T14:53:07+0800</time>
        <extensions>
          <gpxtpx:TrackPointExtension>
            <gpxtpx:hr>161</gpxtpx:hr>
            <gpxtpx:cad>88</gpxtpx:cad>
          </gpxtpx:TrackPointExtension>
        </extensions>
      </trkpt>
      <trkpt lat="32.0167518407" lon="120.89856388">
        <ele>5.0</ele>
        <time>2026-09-17T14:53:08+0800</time>
        <extensions>
          <gpxtpx:TrackPointExtension>
            <gpxtpx:hr>161</gpxtpx:hr>
            <gpxtpx:cad>88</gpxtpx:cad>
          </gpxtpx:TrackPointExtension>
        </extensions>
      </trkpt>
      <trkpt lat="32.0167165529" lon="120.898552397">
        <ele>5.0</ele>
        <time>2026-09-17T14:53:09+0800</time>
        <extensions>
          <gpxtpx:TrackPointExtension>
            <gpxtpx:hr>162</gpxtpx:hr>
            <gpxtpx:cad>89</gpxtpx:cad>
          </gpxtpx:TrackPointExtension>
        </extensions>
      </trkpt>
      <trkpt lat="32.0166901499" lon="120.89854477">
        <ele>5.0</ele>
        <time>2026-09-17T14:53:10+0800</time>
        <extensions>
          <gpxtpx:TrackPointExtension>
            <gpxtpx:hr>162</gpxtpx:hr>
            <gpxtpx:cad>89</gpxtpx:cad>
          </gpxtpx:TrackPointExtension>
        </extensions>
      </trkpt>
      <trkpt lat="32.0166525152" lon="120.898534544">
        <ele>4.8</ele>
        <time>2026-09-17T14:53:11+0800</time>
        <extensions>
          <gpxtpx:TrackPointExtension>
            <gpxtpx:hr>162</gpxtpx:hr>
            <gpxtpx:cad>89</gpxtpx:cad>
          </gpxtpx:TrackPointExtension>
        </extensions>
      </trkpt>
      <trkpt lat="32.0166240167" lon="120.89853052">
        <ele>4.8</ele>
        <time>2026-09-17T14:53:12+0800</time>
        <extensions>
          <gpxtpx:TrackPointExtension>
            <gpxtpx:hr>162</gpxtpx:hr>
            <gpxtpx:cad>89</gpxtpx:cad>
          </gpxtpx:TrackPointExtension>
        </extensions>
      </trkpt>
      <trkpt lat="32.0165861305" lon="120.898525072">
        <ele>4.8</ele>
        <time>2026-09-17T14:53:13+0800</time>
        <extensions>
          <gpxtpx:TrackPointExtension>
            <gpxtpx:hr>162</gpxtpx:hr>
            <gpxtpx:cad>88</gpxtpx:cad>
          </gpxtpx:TrackPointExtension>
        </extensions>
      </trkpt>
      <trkpt lat="32.0165566262" lon="120.898516942">
        <ele>4.8</ele>
        <time>2026-09-17T14:53:14+0800</time>
        <extensions>
          <gpxtpx:TrackPointExtension>
            <gpxtpx:hr>162</gpxtpx:hr>
            <gpxtpx:cad>88</gpxtpx:cad>
          </gpxtpx:TrackPointExtension>
        </extensions>
      </trkpt>
      <trkpt lat="32.0165202487" lon="120.898509398">
        <ele>4.8</ele>
        <time>2026-09-17T14:53:15+0800</time>
        <extensions>
          <gpxtpx:TrackPointExtension>
            <gpxtpx:hr>163</gpxtpx:hr>
            <gpxtpx:cad>88</gpxtpx:cad>
          </gpxtpx:TrackPointExtension>
        </extensions>
      </trkpt>
      <trkpt lat="32.0164935105" lon="120.898500597">
        <ele>4.6</ele>
        <time>2026-09-17T14:53:16+0800</time>
        <extensions>
          <gpxtpx:TrackPointExtension>
            <gpxtpx:hr>162</gpxtpx:hr>
            <gpxtpx:cad>88</gpxtpx:cad>
          </gpxtpx:TrackPointExtension>
        </extensions>
      </trkpt>
      <trkpt lat="32.0164606534" lon="120.898493137">
        <ele>4.6</ele>
        <time>2026-09-17T14:53:17+0800</time>
        <extensions>
          <gpxtpx:TrackPointExtension>
            <gpxtpx:hr>162</gpxtpx:hr>
            <gpxtpx:cad>88</gpxtpx:cad>
          </gpxtpx:TrackPointExtension>
        </extensions>
      </trkpt>
      <trkpt lat="32.0164350048" lon="120.898479559">
        <ele>4.6</ele>
        <time>2026-09-17T14:53:18+0800</time>
        <extensions>
          <gpxtpx:TrackPointExtension>
            <gpxtpx:hr>162</gpxtpx:hr>
            <gpxtpx:cad>88</gpxtpx:cad>
          </gpxtpx:TrackPointExtension>
        </extensions>
      </trkpt>
      <trkpt lat="32.0164032374" lon="120.898473691">
        <ele>4.6</ele>
        <time>2026-09-17T14:53:19+0800</time>
        <extensions>
          <gpxtpx:TrackPointExtension>
            <gpxtpx:hr>162</gpxtpx:hr>
            <gpxtpx:cad>88</gpxtpx:cad>
          </gpxtpx:TrackPointExtension>
        </extensions>
      </trkpt>
      <trkpt lat="32.0163754094" lon="120.898460029">
        <ele>4.6</ele>
        <time>2026-09-17T14:53:20+0800</time>
        <extensions>
          <gpxtpx:TrackPointExtension>
            <gpxtpx:hr>162</gpxtpx:hr>
            <gpxtpx:cad>88</gpxtpx:cad>
          </gpxtpx:TrackPointExtension>
        </extensions>
      </trkpt>
      <trkpt lat="32.0163451508" lon="120.898454078">
        <ele>4.6</ele>
        <time>2026-09-17T14:53:21+0800</time>
        <extensions>
          <gpxtpx:TrackPointExtension>
            <gpxtpx:hr>162</gpxtpx:hr>
            <gpxtpx:cad>88</gpxtpx:cad>
          </gpxtpx:TrackPointExtension>
        </extensions>
      </trkpt>
      <trkpt lat="32.0163204242" lon="120.8984379">
        <ele>4.6</ele>
        <time>2026-09-17T14:53:22+0800</time>
        <extensions>
          <gpxtpx:TrackPointExtension>
            <gpxtpx:hr>161</gpxtpx:hr>
            <gpxtpx:cad>88</gpxtpx:cad>
          </gpxtpx:TrackPointExtension>
        </extensions>
      </trkpt>
      <trkpt lat="32.0162879862" lon="120.898430524">
        <ele>4.6</ele>
        <time>2026-09-17T14:53:23+0800</time>
        <extensions>
          <gpxtpx:TrackPointExtension>
            <gpxtpx:hr>161</gpxtpx:hr>
            <gpxtpx:cad>88</gpxtpx:cad>
          </gpxtpx:TrackPointExtension>
        </extensions>
      </trkpt>
      <trkpt lat="32.016260745" lon="120.898416443">
        <ele>4.6</ele>
        <time>2026-09-17T14:53:24+0800</time>
        <extensions>
          <gpxtpx:TrackPointExtension>
            <gpxtpx:hr>161</gpxtpx:hr>
            <gpxtpx:cad>88</gpxtpx:cad>
          </gpxtpx:TrackPointExtension>
        </extensions>
      </trkpt>
      <trkpt lat="32.016230654" lon="120.898406301">
        <ele>4.6</ele>
        <time>2026-09-17T14:53:25+0800</time>
        <extensions>
          <gpxtpx:TrackPointExtension>
            <gpxtpx:hr>161</gpxtpx:hr>
            <gpxtpx:cad>88</gpxtpx:cad>
          </gpxtpx:TrackPointExtension>
        </extensions>
      </trkpt>
      <trkpt lat="32.0162038319" lon="120.89839071">
        <ele>4.6</ele>
        <time>2026-09-17T14:53:26+0800</time>
        <extensions>
          <gpxtpx:TrackPointExtension>
            <gpxtpx:hr>161</gpxtpx:hr>
            <gpxtpx:cad>89</gpxtpx:cad>
          </gpxtpx:TrackPointExtension>
        </extensions>
      </trkpt>
      <trkpt lat="32.0161790214" lon="120.898382915">
        <ele>4.6</ele>
        <time>2026-09-17T14:53:27+0800</time>
        <extensions>
          <gpxtpx:TrackPointExtension>
            <gpxtpx:hr>160</gpxtpx:hr>
            <gpxtpx:cad>90</gpxtpx:cad>
          </gpxtpx:TrackPointExtension>
        </extensions>
      </trkpt>
      <trkpt lat="32.0161510259" lon="120.898367409">
        <ele>4.6</ele>
        <time>2026-09-17T14:53:28+0800</time>
        <extensions>
          <gpxtpx:TrackPointExtension>
            <gpxtpx:hr>161</gpxtpx:hr>
            <gpxtpx:cad>90</gpxtpx:cad>
          </gpxtpx:TrackPointExtension>
        </extensions>
      </trkpt>
      <trkpt lat="32.0161294844" lon="120.898361038">
        <ele>4.6</ele>
        <time>2026-09-17T14:53:29+0800</time>
        <extensions>
          <gpxtpx:TrackPointExtension>
            <gpxtpx:hr>161</gpxtpx:hr>
            <gpxtpx:cad>90</gpxtpx:cad>
          </gpxtpx:TrackPointExtension>
        </extensions>
      </trkpt>
      <trkpt lat="32.0161012374" lon="120.8983457">
        <ele>4.6</ele>
        <time>2026-09-17T14:53:30+0800</time>
        <extensions>
          <gpxtpx:TrackPointExtension>
            <gpxtpx:hr>160</gpxtpx:hr>
            <gpxtpx:cad>89</gpxtpx:cad>
          </gpxtpx:TrackPointExtension>
        </extensions>
      </trkpt>
      <trkpt lat="32.0160769299" lon="120.898336563">
        <ele>4.6</ele>
        <time>2026-09-17T14:53:31+0800</time>
        <extensions>
          <gpxtpx:TrackPointExtension>
            <gpxtpx:hr>161</gpxtpx:hr>
            <gpxtpx:cad>89</gpxtpx:cad>
          </gpxtpx:TrackPointExtension>
        </extensions>
      </trkpt>
      <trkpt lat="32.0160406362" lon="120.898324996">
        <ele>4.6</ele>
        <time>2026-09-17T14:53:32+0800</time>
        <extensions>
          <gpxtpx:TrackPointExtension>
            <gpxtpx:hr>160</gpxtpx:hr>
            <gpxtpx:cad>88</gpxtpx:cad>
          </gpxtpx:TrackPointExtension>
        </extensions>
      </trkpt>
      <trkpt lat="32.0160159934" lon="120.898322398">
        <ele>4.6</ele>
        <time>2026-09-17T14:53:33+0800</time>
        <extensions>
          <gpxtpx:TrackPointExtension>
            <gpxtpx:hr>160</gpxtpx:hr>
            <gpxtpx:cad>88</gpxtpx:cad>
          </gpxtpx:TrackPointExtension>
        </extensions>
      </trkpt>
      <trkpt lat="32.0159817953" lon="120.898314184">
        <ele>4.6</ele>
        <time>2026-09-17T14:53:34+0800</time>
        <extensions>
          <gpxtpx:TrackPointExtension>
            <gpxtpx:hr>160</gpxtpx:hr>
            <gpxtpx:cad>88</gpxtpx:cad>
          </gpxtpx:TrackPointExtension>
        </extensions>
      </trkpt>
      <trkpt lat="32.0159546379" lon="120.898304796">
        <ele>4.6</ele>
        <time>2026-09-17T14:53:35+0800</time>
        <extensions>
          <gpxtpx:TrackPointExtension>
            <gpxtpx:hr>161</gpxtpx:hr>
            <gpxtpx:cad>88</gpxtpx:cad>
          </gpxtpx:TrackPointExtension>
        </extensions>
      </trkpt>
      <trkpt lat="32.0159212779" lon="120.89829281">
        <ele>4.6</ele>
        <time>2026-09-17T14:53:36+0800</time>
        <extensions>
          <gpxtpx:TrackPointExtension>
            <gpxtpx:hr>161</gpxtpx:hr>
            <gpxtpx:cad>87</gpxtpx:cad>
          </gpxtpx:TrackPointExtension>
        </extensions>
      </trkpt>
      <trkpt lat="32.0158947073" lon="120.898280069">
        <ele>4.4</ele>
        <time>2026-09-17T14:53:37+0800</time>
        <extensions>
          <gpxtpx:TrackPointExtension>
            <gpxtpx:hr>160</gpxtpx:hr>
            <gpxtpx:cad>87</gpxtpx:cad>
          </gpxtpx:TrackPointExtension>
        </extensions>
      </trkpt>
      <trkpt lat="32.0158623531" lon="120.898270095">
        <ele>4.4</ele>
        <time>2026-09-17T14:53:38+0800</time>
        <extensions>
          <gpxtpx:TrackPointExtension>
            <gpxtpx:hr>160</gpxtpx:hr>
            <gpxtpx:cad>87</gpxtpx:cad>
          </gpxtpx:TrackPointExtension>
        </extensions>
      </trkpt>
      <trkpt lat="32.0158341061" lon="120.898256013">
        <ele>4.4</ele>
        <time>2026-09-17T14:53:39+0800</time>
        <extensions>
          <gpxtpx:TrackPointExtension>
            <gpxtpx:hr>160</gpxtpx:hr>
            <gpxtpx:cad>87</gpxtpx:cad>
          </gpxtpx:TrackPointExtension>
        </extensions>
      </trkpt>
      <trkpt lat="32.0158051886" lon="120.898248218">
        <ele>4.4</ele>
        <time>2026-09-17T14:53:40+0800</time>
        <extensions>
          <gpxtpx:TrackPointExtension>
            <gpxtpx:hr>161</gpxtpx:hr>
            <gpxtpx:cad>87</gpxtpx:cad>
          </gpxtpx:TrackPointExtension>
        </extensions>
      </trkpt>
      <trkpt lat="32.0157741755" lon="120.898234555">
        <ele>4.4</ele>
        <time>2026-09-17T14:53:41+0800</time>
        <extensions>
          <gpxtpx:TrackPointExtension>
            <gpxtpx:hr>160</gpxtpx:hr>
            <gpxtpx:cad>87</gpxtpx:cad>
          </gpxtpx:TrackPointExtension>
        </extensions>
      </trkpt>
      <trkpt lat="32.0157488622" lon="120.898230951">
        <ele>4.4</ele>
        <time>2026-09-17T14:53:42+0800</time>
        <extensions>
          <gpxtpx:TrackPointExtension>
            <gpxtpx:hr>160</gpxtpx:hr>
            <gpxtpx:cad>87</gpxtpx:cad>
          </gpxtpx:TrackPointExtension>
        </extensions>
      </trkpt>
      <trkpt lat="32.0157209504" lon="120.898205554">
        <ele>4.4</ele>
        <time>2026-09-17T14:53:43+0800</time>
        <extensions>
          <gpxtpx:TrackPointExtension>
            <gpxtpx:hr>160</gpxtpx:hr>
            <gpxtpx:cad>87</gpxtpx:cad>
          </gpxtpx:TrackPointExtension>
        </extensions>
      </trkpt>
      <trkpt lat="32.0156947151" lon="120.898200944">
        <ele>4.4</ele>
        <time>2026-09-17T14:53:44+0800</time>
        <extensions>
          <gpxtpx:TrackPointExtension>
            <gpxtpx:hr>159</gpxtpx:hr>
            <gpxtpx:cad>88</gpxtpx:cad>
          </gpxtpx:TrackPointExtension>
        </extensions>
      </trkpt>
      <trkpt lat="32.0156603493" lon="120.898186108">
        <ele>4.4</ele>
        <time>2026-09-17T14:53:45+0800</time>
        <extensions>
          <gpxtpx:TrackPointExtension>
            <gpxtpx:hr>159</gpxtpx:hr>
            <gpxtpx:cad>88</gpxtpx:cad>
          </gpxtpx:TrackPointExtension>
        </extensions>
      </trkpt>
      <trkpt lat="32.015634533" lon="120.898180157">
        <ele>4.4</ele>
        <time>2026-09-17T14:53:46+0800</time>
        <extensions>
          <gpxtpx:TrackPointExtension>
            <gpxtpx:hr>159</gpxtpx:hr>
            <gpxtpx:cad>88</gpxtpx:cad>
          </gpxtpx:TrackPointExtension>
        </extensions>
      </trkpt>
      <trkpt lat="32.0155970659" lon="120.898163896">
        <ele>4.4</ele>
        <time>2026-09-17T14:53:47+0800</time>
        <extensions>
          <gpxtpx:TrackPointExtension>
            <gpxtpx:hr>159</gpxtpx:hr>
            <gpxtpx:cad>87</gpxtpx:cad>
          </gpxtpx:TrackPointExtension>
        </extensions>
      </trkpt>
      <trkpt lat="32.0155694894" lon="120.89815828">
        <ele>4.4</ele>
        <time>2026-09-17T14:53:48+0800</time>
        <extensions>
          <gpxtpx:TrackPointExtension>
            <gpxtpx:hr>159</gpxtpx:hr>
            <gpxtpx:cad>87</gpxtpx:cad>
          </gpxtpx:TrackPointExtension>
        </extensions>
      </trkpt>
      <trkpt lat="32.0155311842" lon="120.898146713">
        <ele>4.2</ele>
        <time>2026-09-17T14:53:49+0800</time>
        <extensions>
          <gpxtpx:TrackPointExtension>
            <gpxtpx:hr>159</gpxtpx:hr>
            <gpxtpx:cad>87</gpxtpx:cad>
          </gpxtpx:TrackPointExtension>
        </extensions>
      </trkpt>
      <trkpt lat="32.0155020989" lon="120.898137074">
        <ele>4.2</ele>
        <time>2026-09-17T14:53:50+0800</time>
        <extensions>
          <gpxtpx:TrackPointExtension>
            <gpxtpx:hr>159</gpxtpx:hr>
            <gpxtpx:cad>88</gpxtpx:cad>
          </gpxtpx:TrackPointExtension>
        </extensions>
      </trkpt>
      <trkpt lat="32.0154653024" lon="120.89812601">
        <ele>4.2</ele>
        <time>2026-09-17T14:53:51+0800</time>
        <extensions>
          <gpxtpx:TrackPointExtension>
            <gpxtpx:hr>159</gpxtpx:hr>
            <gpxtpx:cad>88</gpxtpx:cad>
          </gpxtpx:TrackPointExtension>
        </extensions>
      </trkpt>
      <trkpt lat="32.0154394023" lon="120.898122238">
        <ele>4.2</ele>
        <time>2026-09-17T14:53:52+0800</time>
        <extensions>
          <gpxtpx:TrackPointExtension>
            <gpxtpx:hr>159</gpxtpx:hr>
            <gpxtpx:cad>87</gpxtpx:cad>
          </gpxtpx:TrackPointExtension>
        </extensions>
      </trkpt>
      <trkpt lat="32.0154084731" lon="120.898111761">
        <ele>4.2</ele>
        <time>2026-09-17T14:53:53+0800</time>
        <extensions>
          <gpxtpx:TrackPointExtension>
            <gpxtpx:hr>159</gpxtpx:hr>
            <gpxtpx:cad>87</gpxtpx:cad>
          </gpxtpx:TrackPointExtension>
        </extensions>
      </trkpt>
      <trkpt lat="32.0153788012" lon="120.898099272">
        <ele>4.2</ele>
        <time>2026-09-17T14:53:54+0800</time>
        <extensions>
          <gpxtpx:TrackPointExtension>
            <gpxtpx:hr>159</gpxtpx:hr>
            <gpxtpx:cad>88</gpxtpx:cad>
          </gpxtpx:TrackPointExtension>
        </extensions>
      </trkpt>
      <trkpt lat="32.0153535716" lon="120.898092315">
        <ele>4.2</ele>
        <time>2026-09-17T14:53:55+0800</time>
        <extensions>
          <gpxtpx:TrackPointExtension>
            <gpxtpx:hr>159</gpxtpx:hr>
            <gpxtpx:cad>88</gpxtpx:cad>
          </gpxtpx:TrackPointExtension>
        </extensions>
      </trkpt>
      <trkpt lat="32.0153230615" lon="120.89807773">
        <ele>4.2</ele>
        <time>2026-09-17T14:53:56+0800</time>
        <extensions>
          <gpxtpx:TrackPointExtension>
            <gpxtpx:hr>159</gpxtpx:hr>
            <gpxtpx:cad>88</gpxtpx:cad>
          </gpxtpx:TrackPointExtension>
        </extensions>
      </trkpt>
      <trkpt lat="32.0152971614" lon="120.898067588">
        <ele>4.2</ele>
        <time>2026-09-17T14:53:57+0800</time>
        <extensions>
          <gpxtpx:TrackPointExtension>
            <gpxtpx:hr>159</gpxtpx:hr>
            <gpxtpx:cad>88</gpxtpx:cad>
          </gpxtpx:TrackPointExtension>
        </extensions>
      </trkpt>
      <trkpt lat="32.0152674895" lon="120.898050154">
        <ele>4.4</ele>
        <time>2026-09-17T14:53:58+0800</time>
        <extensions>
          <gpxtpx:TrackPointExtension>
            <gpxtpx:hr>159</gpxtpx:hr>
            <gpxtpx:cad>87</gpxtpx:cad>
          </gpxtpx:TrackPointExtension>
        </extensions>
      </trkpt>
      <trkpt lat="32.0152436849" lon="120.898039676">
        <ele>4.4</ele>
        <time>2026-09-17T14:53:59+0800</time>
        <extensions>
          <gpxtpx:TrackPointExtension>
            <gpxtpx:hr>159</gpxtpx:hr>
            <gpxtpx:cad>87</gpxtpx:cad>
          </gpxtpx:TrackPointExtension>
        </extensions>
      </trkpt>
      <trkpt lat="32.0152095705" lon="120.898024505">
        <ele>4.4</ele>
        <time>2026-09-17T14:54:00+0800</time>
        <extensions>
          <gpxtpx:TrackPointExtension>
            <gpxtpx:hr>159</gpxtpx:hr>
            <gpxtpx:cad>88</gpxtpx:cad>
          </gpxtpx:TrackPointExtension>
        </extensions>
      </trkpt>
      <trkpt lat="32.0151850954" lon="120.898023415">
        <ele>4.4</ele>
        <time>2026-09-17T14:54:01+0800</time>
        <extensions>
          <gpxtpx:TrackPointExtension>
            <gpxtpx:hr>159</gpxtpx:hr>
            <gpxtpx:cad>88</gpxtpx:cad>
          </gpxtpx:TrackPointExtension>
        </extensions>
      </trkpt>
      <trkpt lat="32.0151482988" lon="120.898004556">
        <ele>4.4</ele>
        <time>2026-09-17T14:54:02+0800</time>
        <extensions>
          <gpxtpx:TrackPointExtension>
            <gpxtpx:hr>159</gpxtpx:hr>
            <gpxtpx:cad>89</gpxtpx:cad>
          </gpxtpx:TrackPointExtension>
        </extensions>
      </trkpt>
      <trkpt lat="32.0151251648" lon="120.898004472">
        <ele>4.4</ele>
        <time>2026-09-17T14:54:03+0800</time>
        <extensions>
          <gpxtpx:TrackPointExtension>
            <gpxtpx:hr>159</gpxtpx:hr>
            <gpxtpx:cad>89</gpxtpx:cad>
          </gpxtpx:TrackPointExtension>
        </extensions>
      </trkpt>
      <trkpt lat="32.0150909666" lon="120.897989385">
        <ele>4.6</ele>
        <time>2026-09-17T14:54:04+0800</time>
        <extensions>
          <gpxtpx:TrackPointExtension>
            <gpxtpx:hr>159</gpxtpx:hr>
            <gpxtpx:cad>88</gpxtpx:cad>
          </gpxtpx:TrackPointExtension>
        </extensions>
      </trkpt>
      <trkpt lat="32.0150691736" lon="120.897983937">
        <ele>4.6</ele>
        <time>2026-09-17T14:54:05+0800</time>
        <extensions>
          <gpxtpx:TrackPointExtension>
            <gpxtpx:hr>159</gpxtpx:hr>
            <gpxtpx:cad>88</gpxtpx:cad>
          </gpxtpx:TrackPointExtension>
        </extensions>
      </trkpt>
      <trkpt lat="32.0150374901" lon="120.897969101">
        <ele>4.6</ele>
        <time>2026-09-17T14:54:06+0800</time>
        <extensions>
          <gpxtpx:TrackPointExtension>
            <gpxtpx:hr>158</gpxtpx:hr>
            <gpxtpx:cad>88</gpxtpx:cad>
          </gpxtpx:TrackPointExtension>
        </extensions>
      </trkpt>
      <trkpt lat="32.0150104165" lon="120.897961808">
        <ele>4.6</ele>
        <time>2026-09-17T14:54:07+0800</time>
        <extensions>
          <gpxtpx:TrackPointExtension>
            <gpxtpx:hr>159</gpxtpx:hr>
            <gpxtpx:cad>88</gpxtpx:cad>
          </gpxtpx:TrackPointExtension>
        </extensions>
      </trkpt>
      <trkpt lat="32.0149810798" lon="120.897952504">
        <ele>4.6</ele>
        <time>2026-09-17T14:54:08+0800</time>
        <extensions>
          <gpxtpx:TrackPointExtension>
            <gpxtpx:hr>159</gpxtpx:hr>
            <gpxtpx:cad>88</gpxtpx:cad>
          </gpxtpx:TrackPointExtension>
        </extensions>
      </trkpt>
      <trkpt lat="32.0149524976" lon="120.897944039">
        <ele>4.6</ele>
        <time>2026-09-17T14:54:09+0800</time>
        <extensions>
          <gpxtpx:TrackPointExtension>
            <gpxtpx:hr>159</gpxtpx:hr>
            <gpxtpx:cad>88</gpxtpx:cad>
          </gpxtpx:TrackPointExtension>
        </extensions>
      </trkpt>
      <trkpt lat="32.0149225742" lon="120.897936663">
        <ele>4.6</ele>
        <time>2026-09-17T14:54:10+0800</time>
        <extensions>
          <gpxtpx:TrackPointExtension>
            <gpxtpx:hr>159</gpxtpx:hr>
            <gpxtpx:cad>88</gpxtpx:cad>
          </gpxtpx:TrackPointExtension>
        </extensions>
      </trkpt>
      <trkpt lat="32.0148952492" lon="120.897922581">
        <ele>4.6</ele>
        <time>2026-09-17T14:54:11+0800</time>
        <extensions>
          <gpxtpx:TrackPointExtension>
            <gpxtpx:hr>159</gpxtpx:hr>
            <gpxtpx:cad>88</gpxtpx:cad>
          </gpxtpx:TrackPointExtension>
        </extensions>
      </trkpt>
      <trkpt lat="32.0148677565" lon="120.897918809">
        <ele>4.6</ele>
        <time>2026-09-17T14:54:12+0800</time>
        <extensions>
          <gpxtpx:TrackPointExtension>
            <gpxtpx:hr>158</gpxtpx:hr>
            <gpxtpx:cad>88</gpxtpx:cad>
          </gpxtpx:TrackPointExtension>
        </extensions>
      </trkpt>
      <trkpt lat="32.0148353186" lon="120.897902716">
        <ele>4.8</ele>
        <time>2026-09-17T14:54:13+0800</time>
        <extensions>
          <gpxtpx:TrackPointExtension>
            <gpxtpx:hr>158</gpxtpx:hr>
            <gpxtpx:cad>87</gpxtpx:cad>
          </gpxtpx:TrackPointExtension>
        </extensions>
      </trkpt>
      <trkpt lat="32.0148079097" lon="120.897897938">
        <ele>4.8</ele>
        <time>2026-09-17T14:54:14+0800</time>
        <extensions>
          <gpxtpx:TrackPointExtension>
            <gpxtpx:hr>158</gpxtpx:hr>
            <gpxtpx:cad>87</gpxtpx:cad>
          </gpxtpx:TrackPointExtension>
        </extensions>
      </trkpt>
      <trkpt lat="32.0147762261" lon="120.897883521">
        <ele>4.8</ele>
        <time>2026-09-17T14:54:15+0800</time>
        <extensions>
          <gpxtpx:TrackPointExtension>
            <gpxtpx:hr>159</gpxtpx:hr>
            <gpxtpx:cad>87</gpxtpx:cad>
          </gpxtpx:TrackPointExtension>
        </extensions>
      </trkpt>
      <trkpt lat="32.0147504099" lon="120.897882096">
        <ele>4.8</ele>
        <time>2026-09-17T14:54:16+0800</time>
        <extensions>
          <gpxtpx:TrackPointExtension>
            <gpxtpx:hr>158</gpxtpx:hr>
            <gpxtpx:cad>87</gpxtpx:cad>
          </gpxtpx:TrackPointExtension>
        </extensions>
      </trkpt>
      <trkpt lat="32.0147184748" lon="120.897863908">
        <ele>4.8</ele>
        <time>2026-09-17T14:54:17+0800</time>
        <extensions>
          <gpxtpx:TrackPointExtension>
            <gpxtpx:hr>158</gpxtpx:hr>
            <gpxtpx:cad>87</gpxtpx:cad>
          </gpxtpx:TrackPointExtension>
        </extensions>
      </trkpt>
      <trkpt lat="32.0146951731" lon="120.897861645">
        <ele>4.8</ele>
        <time>2026-09-17T14:54:18+0800</time>
        <extensions>
          <gpxtpx:TrackPointExtension>
            <gpxtpx:hr>158</gpxtpx:hr>
            <gpxtpx:cad>87</gpxtpx:cad>
          </gpxtpx:TrackPointExtension>
        </extensions>
      </trkpt>
      <trkpt lat="32.0146627352" lon="120.897850497">
        <ele>4.8</ele>
        <time>2026-09-17T14:54:19+0800</time>
        <extensions>
          <gpxtpx:TrackPointExtension>
            <gpxtpx:hr>157</gpxtpx:hr>
            <gpxtpx:cad>88</gpxtpx:cad>
          </gpxtpx:TrackPointExtension>
        </extensions>
      </trkpt>
      <trkpt lat="32.0146389306" lon="120.89784815">
        <ele>4.8</ele>
        <time>2026-09-17T14:54:20+0800</time>
        <extensions>
          <gpxtpx:TrackPointExtension>
            <gpxtpx:hr>157</gpxtpx:hr>
            <gpxtpx:cad>88</gpxtpx:cad>
          </gpxtpx:TrackPointExtension>
        </extensions>
      </trkpt>
      <trkpt lat="32.0146035589" lon="120.897824764">
        <ele>4.8</ele>
        <time>2026-09-17T14:54:21+0800</time>
        <extensions>
          <gpxtpx:TrackPointExtension>
            <gpxtpx:hr>157</gpxtpx:hr>
            <gpxtpx:cad>88</gpxtpx:cad>
          </gpxtpx:TrackPointExtension>
        </extensions>
      </trkpt>
      <trkpt lat="32.0145805087" lon="120.897806827">
        <ele>5.0</ele>
        <time>2026-09-17T14:54:22+0800</time>
        <extensions>
          <gpxtpx:TrackPointExtension>
            <gpxtpx:hr>157</gpxtpx:hr>
            <gpxtpx:cad>87</gpxtpx:cad>
          </gpxtpx:TrackPointExtension>
        </extensions>
      </trkpt>
      <trkpt lat="32.0145505853" lon="120.897783944">
        <ele>5.0</ele>
        <time>2026-09-17T14:54:23+0800</time>
        <extensions>
          <gpxtpx:TrackPointExtension>
            <gpxtpx:hr>158</gpxtpx:hr>
            <gpxtpx:cad>87</gpxtpx:cad>
          </gpxtpx:TrackPointExtension>
        </extensions>
      </trkpt>
      <trkpt lat="32.0145277865" lon="120.897758882">
        <ele>5.0</ele>
        <time>2026-09-17T14:54:24+0800</time>
        <extensions>
          <gpxtpx:TrackPointExtension>
            <gpxtpx:hr>157</gpxtpx:hr>
            <gpxtpx:cad>87</gpxtpx:cad>
          </gpxtpx:TrackPointExtension>
        </extensions>
      </trkpt>
      <trkpt lat="32.0145006292" lon="120.897730552">
        <ele>5.0</ele>
        <time>2026-09-17T14:54:25+0800</time>
        <extensions>
          <gpxtpx:TrackPointExtension>
            <gpxtpx:hr>157</gpxtpx:hr>
            <gpxtpx:cad>88</gpxtpx:cad>
          </gpxtpx:TrackPointExtension>
        </extensions>
      </trkpt>
      <trkpt lat="32.0144830272" lon="120.897701718">
        <ele>5.0</ele>
        <time>2026-09-17T14:54:26+0800</time>
        <extensions>
          <gpxtpx:TrackPointExtension>
            <gpxtpx:hr>157</gpxtpx:hr>
            <gpxtpx:cad>88</gpxtpx:cad>
          </gpxtpx:TrackPointExtension>
        </extensions>
      </trkpt>
      <trkpt lat="32.0144652575" lon="120.897675902">
        <ele>5.2</ele>
        <time>2026-09-17T14:54:27+0800</time>
        <extensions>
          <gpxtpx:TrackPointExtension>
            <gpxtpx:hr>158</gpxtpx:hr>
            <gpxtpx:cad>88</gpxtpx:cad>
          </gpxtpx:TrackPointExtension>
        </extensions>
      </trkpt>
      <trkpt lat="32.0144541934" lon="120.897635166">
        <ele>5.2</ele>
        <time>2026-09-17T14:54:28+0800</time>
        <extensions>
          <gpxtpx:TrackPointExtension>
            <gpxtpx:hr>158</gpxtpx:hr>
            <gpxtpx:cad>88</gpxtpx:cad>
          </gpxtpx:TrackPointExtension>
        </extensions>
      </trkpt>
      <trkpt lat="32.0144417882" lon="120.897607254">
        <ele>5.2</ele>
        <time>2026-09-17T14:54:29+0800</time>
        <extensions>
          <gpxtpx:TrackPointExtension>
            <gpxtpx:hr>158</gpxtpx:hr>
            <gpxtpx:cad>88</gpxtpx:cad>
          </gpxtpx:TrackPointExtension>
        </extensions>
      </trkpt>
      <trkpt lat="32.0144343283" lon="120.897573642">
        <ele>5.2</ele>
        <time>2026-09-17T14:54:30+0800</time>
        <extensions>
          <gpxtpx:TrackPointExtension>
            <gpxtpx:hr>158</gpxtpx:hr>
            <gpxtpx:cad>88</gpxtpx:cad>
          </gpxtpx:TrackPointExtension>
        </extensions>
      </trkpt>
      <trkpt lat="32.0144177321" lon="120.897547491">
        <ele>5.0</ele>
        <time>2026-09-17T14:54:31+0800</time>
        <extensions>
          <gpxtpx:TrackPointExtension>
            <gpxtpx:hr>158</gpxtpx:hr>
            <gpxtpx:cad>88</gpxtpx:cad>
          </gpxtpx:TrackPointExtension>
        </extensions>
      </trkpt>
      <trkpt lat="32.0144069195" lon="120.897513209">
        <ele>5.0</ele>
        <time>2026-09-17T14:54:32+0800</time>
        <extensions>
          <gpxtpx:TrackPointExtension>
            <gpxtpx:hr>157</gpxtpx:hr>
            <gpxtpx:cad>88</gpxtpx:cad>
          </gpxtpx:TrackPointExtension>
        </extensions>
      </trkpt>
      <trkpt lat="32.0143929217" lon="120.897489572">
        <ele>5.0</ele>
        <time>2026-09-17T14:54:33+0800</time>
        <extensions>
          <gpxtpx:TrackPointExtension>
            <gpxtpx:hr>158</gpxtpx:hr>
            <gpxtpx:cad>87</gpxtpx:cad>
          </gpxtpx:TrackPointExtension>
        </extensions>
      </trkpt>
      <trkpt lat="32.0143831149" lon="120.897450093">
        <ele>5.0</ele>
        <time>2026-09-17T14:54:34+0800</time>
        <extensions>
          <gpxtpx:TrackPointExtension>
            <gpxtpx:hr>158</gpxtpx:hr>
            <gpxtpx:cad>87</gpxtpx:cad>
          </gpxtpx:TrackPointExtension>
        </extensions>
      </trkpt>
      <trkpt lat="32.0143711288" lon="120.89742084">
        <ele>5.0</ele>
        <time>2026-09-17T14:54:35+0800</time>
        <extensions>
          <gpxtpx:TrackPointExtension>
            <gpxtpx:hr>158</gpxtpx:hr>
            <gpxtpx:cad>88</gpxtpx:cad>
          </gpxtpx:TrackPointExtension>
        </extensions>
      </trkpt>
      <trkpt lat="32.014359897" lon="120.897374572">
        <ele>4.8</ele>
        <time>2026-09-17T14:54:36+0800</time>
        <extensions>
          <gpxtpx:TrackPointExtension>
            <gpxtpx:hr>158</gpxtpx:hr>
            <gpxtpx:cad>89</gpxtpx:cad>
          </gpxtpx:TrackPointExtension>
        </extensions>
      </trkpt>
      <trkpt lat="32.0143546164" lon="120.897342805">
        <ele>4.8</ele>
        <time>2026-09-17T14:54:37+0800</time>
        <extensions>
          <gpxtpx:TrackPointExtension>
            <gpxtpx:hr>157</gpxtpx:hr>
            <gpxtpx:cad>89</gpxtpx:cad>
          </gpxtpx:TrackPointExtension>
        </extensions>
      </trkpt>
      <trkpt lat="32.0143418759" lon="120.89730165">
        <ele>4.6</ele>
        <time>2026-09-17T14:54:38+0800</time>
        <extensions>
          <gpxtpx:TrackPointExtension>
            <gpxtpx:hr>158</gpxtpx:hr>
            <gpxtpx:cad>89</gpxtpx:cad>
          </gpxtpx:TrackPointExtension>
        </extensions>
      </trkpt>
      <trkpt lat="32.0143333264" lon="120.897277175">
        <ele>4.6</ele>
        <time>2026-09-17T14:54:39+0800</time>
        <extensions>
          <gpxtpx:TrackPointExtension>
            <gpxtpx:hr>158</gpxtpx:hr>
            <gpxtpx:cad>89</gpxtpx:cad>
          </gpxtpx:TrackPointExtension>
        </extensions>
      </trkpt>
      <trkpt lat="32.0143171493" lon="120.897237193">
        <ele>4.6</ele>
        <time>2026-09-17T14:54:40+0800</time>
        <extensions>
          <gpxtpx:TrackPointExtension>
            <gpxtpx:hr>157</gpxtpx:hr>
            <gpxtpx:cad>88</gpxtpx:cad>
          </gpxtpx:TrackPointExtension>
        </extensions>
      </trkpt>
      <trkpt lat="32.014311282" lon="120.897204084">
        <ele>4.6</ele>
        <time>2026-09-17T14:54:41+0800</time>
        <extensions>
          <gpxtpx:TrackPointExtension>
            <gpxtpx:hr>157</gpxtpx:hr>
            <gpxtpx:cad>88</gpxtpx:cad>
          </gpxtpx:TrackPointExtension>
        </extensions>
      </trkpt>
      <trkpt lat="32.0143029001" lon="120.897164773">
        <ele>4.6</ele>
        <time>2026-09-17T14:54:42+0800</time>
        <extensions>
          <gpxtpx:TrackPointExtension>
            <gpxtpx:hr>157</gpxtpx:hr>
            <gpxtpx:cad>88</gpxtpx:cad>
          </gpxtpx:TrackPointExtension>
        </extensions>
      </trkpt>
      <trkpt lat="32.0142941829" lon="120.897141555">
        <ele>4.6</ele>
        <time>2026-09-17T14:54:43+0800</time>
        <extensions>
          <gpxtpx:TrackPointExtension>
            <gpxtpx:hr>158</gpxtpx:hr>
            <gpxtpx:cad>88</gpxtpx:cad>
          </gpxtpx:TrackPointExtension>
        </extensions>
      </trkpt>
      <trkpt lat="32.0142785925" lon="120.897107357">
        <ele>4.6</ele>
        <time>2026-09-17T14:54:44+0800</time>
        <extensions>
          <gpxtpx:TrackPointExtension>
            <gpxtpx:hr>158</gpxtpx:hr>
            <gpxtpx:cad>88</gpxtpx:cad>
          </gpxtpx:TrackPointExtension>
        </extensions>
      </trkpt>
      <trkpt lat="32.0142739825" lon="120.897081038">
        <ele>4.6</ele>
        <time>2026-09-17T14:54:45+0800</time>
        <extensions>
          <gpxtpx:TrackPointExtension>
            <gpxtpx:hr>158</gpxtpx:hr>
            <gpxtpx:cad>88</gpxtpx:cad>
          </gpxtpx:TrackPointExtension>
        </extensions>
      </trkpt>
      <trkpt lat="32.0142611582" lon="120.897048097">
        <ele>4.6</ele>
        <time>2026-09-17T14:54:46+0800</time>
        <extensions>
          <gpxtpx:TrackPointExtension>
            <gpxtpx:hr>157</gpxtpx:hr>
            <gpxtpx:cad>88</gpxtpx:cad>
          </gpxtpx:TrackPointExtension>
        </extensions>
      </trkpt>
      <trkpt lat="32.014251519" lon="120.897020185">
        <ele>4.6</ele>
        <time>2026-09-17T14:54:47+0800</time>
        <extensions>
          <gpxtpx:TrackPointExtension>
            <gpxtpx:hr>157</gpxtpx:hr>
            <gpxtpx:cad>88</gpxtpx:cad>
          </gpxtpx:TrackPointExtension>
        </extensions>
      </trkpt>
      <trkpt lat="32.0142370183" lon="120.896993279">
        <ele>4.8</ele>
        <time>2026-09-17T14:54:48+0800</time>
        <extensions>
          <gpxtpx:TrackPointExtension>
            <gpxtpx:hr>157</gpxtpx:hr>
            <gpxtpx:cad>88</gpxtpx:cad>
          </gpxtpx:TrackPointExtension>
        </extensions>
      </trkpt>
      <trkpt lat="32.0142319053" lon="120.896959919">
        <ele>4.8</ele>
        <time>2026-09-17T14:54:49+0800</time>
        <extensions>
          <gpxtpx:TrackPointExtension>
            <gpxtpx:hr>157</gpxtpx:hr>
            <gpxtpx:cad>88</gpxtpx:cad>
          </gpxtpx:TrackPointExtension>
        </extensions>
      </trkpt>
      <trkpt lat="32.0142212603" lon="120.896929745">
        <ele>4.8</ele>
        <time>2026-09-17T14:54:50+0800</time>
        <extensions>
          <gpxtpx:TrackPointExtension>
            <gpxtpx:hr>157</gpxtpx:hr>
            <gpxtpx:cad>88</gpxtpx:cad>
          </gpxtpx:TrackPointExtension>
        </extensions>
      </trkpt>
      <trkpt lat="32.0142106153" lon="120.896893367">
        <ele>4.8</ele>
        <time>2026-09-17T14:54:51+0800</time>
        <extensions>
          <gpxtpx:TrackPointExtension>
            <gpxtpx:hr>157</gpxtpx:hr>
            <gpxtpx:cad>88</gpxtpx:cad>
          </gpxtpx:TrackPointExtension>
        </extensions>
      </trkpt>
      <trkpt lat="32.0141970366" lon="120.896869982">
        <ele>4.8</ele>
        <time>2026-09-17T14:54:52+0800</time>
        <extensions>
          <gpxtpx:TrackPointExtension>
            <gpxtpx:hr>157</gpxtpx:hr>
            <gpxtpx:cad>88</gpxtpx:cad>
          </gpxtpx:TrackPointExtension>
        </extensions>
      </trkpt>
      <trkpt lat="32.0141845476" lon="120.896829329">
        <ele>4.8</ele>
        <time>2026-09-17T14:54:53+0800</time>
        <extensions>
          <gpxtpx:TrackPointExtension>
            <gpxtpx:hr>156</gpxtpx:hr>
            <gpxtpx:cad>88</gpxtpx:cad>
          </gpxtpx:TrackPointExtension>
        </extensions>
      </trkpt>
      <trkpt lat="32.0141724776" lon="120.896802004">
        <ele>4.8</ele>
        <time>2026-09-17T14:54:54+0800</time>
        <extensions>
          <gpxtpx:TrackPointExtension>
            <gpxtpx:hr>157</gpxtpx:hr>
            <gpxtpx:cad>88</gpxtpx:cad>
          </gpxtpx:TrackPointExtension>
        </extensions>
      </trkpt>
      <trkpt lat="32.0141636766" lon="120.896760011">
        <ele>4.8</ele>
        <time>2026-09-17T14:54:55+0800</time>
        <extensions>
          <gpxtpx:TrackPointExtension>
            <gpxtpx:hr>157</gpxtpx:hr>
            <gpxtpx:cad>88</gpxtpx:cad>
          </gpxtpx:TrackPointExtension>
        </extensions>
      </trkpt>
      <trkpt lat="32.0141537022" lon="120.89673344">
        <ele>4.8</ele>
        <time>2026-09-17T14:54:56+0800</time>
        <extensions>
          <gpxtpx:TrackPointExtension>
            <gpxtpx:hr>157</gpxtpx:hr>
            <gpxtpx:cad>88</gpxtpx:cad>
          </gpxtpx:TrackPointExtension>
        </extensions>
      </trkpt>
      <trkpt lat="32.0141426381" lon="120.896696057">
        <ele>5.0</ele>
        <time>2026-09-17T14:54:57+0800</time>
        <extensions>
          <gpxtpx:TrackPointExtension>
            <gpxtpx:hr>157</gpxtpx:hr>
            <gpxtpx:cad>88</gpxtpx:cad>
          </gpxtpx:TrackPointExtension>
        </extensions>
      </trkpt>
      <trkpt lat="32.0141331665" lon="120.896668313">
        <ele>5.0</ele>
        <time>2026-09-17T14:54:58+0800</time>
        <extensions>
          <gpxtpx:TrackPointExtension>
            <gpxtpx:hr>157</gpxtpx:hr>
            <gpxtpx:cad>88</gpxtpx:cad>
          </gpxtpx:TrackPointExtension>
        </extensions>
      </trkpt>
      <trkpt lat="32.0141210966" lon="120.896630678">
        <ele>5.0</ele>
        <time>2026-09-17T14:54:59+0800</time>
        <extensions>
          <gpxtpx:TrackPointExtension>
            <gpxtpx:hr>156</gpxtpx:hr>
            <gpxtpx:cad>88</gpxtpx:cad>
          </gpxtpx:TrackPointExtension>
        </extensions>
      </trkpt>
      <trkpt lat="32.0141112898" lon="120.896602264">
        <ele>5.0</ele>
        <time>2026-09-17T14:55:00+0800</time>
        <extensions>
          <gpxtpx:TrackPointExtension>
            <gpxtpx:hr>157</gpxtpx:hr>
            <gpxtpx:cad>88</gpxtpx:cad>
          </gpxtpx:TrackPointExtension>
        </extensions>
      </trkpt>
      <trkpt lat="32.0140955318" lon="120.89656882">
        <ele>5.0</ele>
        <time>2026-09-17T14:55:01+0800</time>
        <extensions>
          <gpxtpx:TrackPointExtension>
            <gpxtpx:hr>157</gpxtpx:hr>
            <gpxtpx:cad>88</gpxtpx:cad>
          </gpxtpx:TrackPointExtension>
        </extensions>
      </trkpt>
      <trkpt lat="32.0140819531" lon="120.89653194">
        <ele>5.0</ele>
        <time>2026-09-17T14:55:02+0800</time>
        <extensions>
          <gpxtpx:TrackPointExtension>
            <gpxtpx:hr>157</gpxtpx:hr>
            <gpxtpx:cad>88</gpxtpx:cad>
          </gpxtpx:TrackPointExtension>
        </extensions>
      </trkpt>
      <trkpt lat="32.014068542" lon="120.896496736">
        <ele>5.0</ele>
        <time>2026-09-17T14:55:03+0800</time>
        <extensions>
          <gpxtpx:TrackPointExtension>
            <gpxtpx:hr>157</gpxtpx:hr>
            <gpxtpx:cad>88</gpxtpx:cad>
          </gpxtpx:TrackPointExtension>
        </extensions>
      </trkpt>
      <trkpt lat="32.0140606631" lon="120.896461532">
        <ele>5.0</ele>
        <time>2026-09-17T14:55:04+0800</time>
        <extensions>
          <gpxtpx:TrackPointExtension>
            <gpxtpx:hr>157</gpxtpx:hr>
            <gpxtpx:cad>88</gpxtpx:cad>
          </gpxtpx:TrackPointExtension>
        </extensions>
      </trkpt>
      <trkpt lat="32.0140492637" lon="120.896435129">
        <ele>5.0</ele>
        <time>2026-09-17T14:55:05+0800</time>
        <extensions>
          <gpxtpx:TrackPointExtension>
            <gpxtpx:hr>156</gpxtpx:hr>
            <gpxtpx:cad>88</gpxtpx:cad>
          </gpxtpx:TrackPointExtension>
        </extensions>
      </trkpt>
      <trkpt lat="32.0140413009" lon="120.896401266">
        <ele>5.0</ele>
        <time>2026-09-17T14:55:06+0800</time>
        <extensions>
          <gpxtpx:TrackPointExtension>
            <gpxtpx:hr>157</gpxtpx:hr>
            <gpxtpx:cad>88</gpxtpx:cad>
          </gpxtpx:TrackPointExtension>
        </extensions>
      </trkpt>
      <trkpt lat="32.0140304882" lon="120.896374863">
        <ele>5.0</ele>
        <time>2026-09-17T14:55:07+0800</time>
        <extensions>
          <gpxtpx:TrackPointExtension>
            <gpxtpx:hr>157</gpxtpx:hr>
            <gpxtpx:cad>88</gpxtpx:cad>
          </gpxtpx:TrackPointExtension>
        </extensions>
      </trkpt>
      <trkpt lat="32.0140197594" lon="120.896330271">
        <ele>5.0</ele>
        <time>2026-09-17T14:55:08+0800</time>
        <extensions>
          <gpxtpx:TrackPointExtension>
            <gpxtpx:hr>157</gpxtpx:hr>
            <gpxtpx:cad>88</gpxtpx:cad>
          </gpxtpx:TrackPointExtension>
        </extensions>
      </trkpt>
      <trkpt lat="32.014005091" lon="120.896304371">
        <ele>4.8</ele>
        <time>2026-09-17T14:55:09+0800</time>
        <extensions>
          <gpxtpx:TrackPointExtension>
            <gpxtpx:hr>157</gpxtpx:hr>
            <gpxtpx:cad>87</gpxtpx:cad>
          </gpxtpx:TrackPointExtension>
        </extensions>
      </trkpt>
      <trkpt lat="32.0139928535" lon="120.89626045">
        <ele>4.8</ele>
        <time>2026-09-17T14:55:10+0800</time>
        <extensions>
          <gpxtpx:TrackPointExtension>
            <gpxtpx:hr>157</gpxtpx:hr>
            <gpxtpx:cad>87</gpxtpx:cad>
          </gpxtpx:TrackPointExtension>
        </extensions>
      </trkpt>
      <trkpt lat="32.0139754191" lon="120.896234801">
        <ele>4.8</ele>
        <time>2026-09-17T14:55:11+0800</time>
        <extensions>
          <gpxtpx:TrackPointExtension>
            <gpxtpx:hr>157</gpxtpx:hr>
            <gpxtpx:cad>87</gpxtpx:cad>
          </gpxtpx:TrackPointExtension>
        </extensions>
      </trkpt>
      <trkpt lat="32.0139568951" lon="120.8961944">
        <ele>4.8</ele>
        <time>2026-09-17T14:55:12+0800</time>
        <extensions>
          <gpxtpx:TrackPointExtension>
            <gpxtpx:hr>157</gpxtpx:hr>
            <gpxtpx:cad>87</gpxtpx:cad>
          </gpxtpx:TrackPointExtension>
        </extensions>
      </trkpt>
      <trkpt lat="32.0139464177" lon="120.896166572">
        <ele>5.0</ele>
        <time>2026-09-17T14:55:13+0800</time>
        <extensions>
          <gpxtpx:TrackPointExtension>
            <gpxtpx:hr>157</gpxtpx:hr>
            <gpxtpx:cad>88</gpxtpx:cad>
          </gpxtpx:TrackPointExtension>
        </extensions>
      </trkpt>
      <trkpt lat="32.0139356051" lon="120.896131955">
        <ele>5.0</ele>
        <time>2026-09-17T14:55:14+0800</time>
        <extensions>
          <gpxtpx:TrackPointExtension>
            <gpxtpx:hr>157</gpxtpx:hr>
            <gpxtpx:cad>88</gpxtpx:cad>
          </gpxtpx:TrackPointExtension>
        </extensions>
      </trkpt>
      <trkpt lat="32.0139262173" lon="120.896105971">
        <ele>5.0</ele>
        <time>2026-09-17T14:55:15+0800</time>
        <extensions>
          <gpxtpx:TrackPointExtension>
            <gpxtpx:hr>158</gpxtpx:hr>
            <gpxtpx:cad>88</gpxtpx:cad>
          </gpxtpx:TrackPointExtension>
        </extensions>
      </trkpt>
      <trkpt lat="32.0139139798" lon="120.896072779">
        <ele>5.0</ele>
        <time>2026-09-17T14:55:16+0800</time>
        <extensions>
          <gpxtpx:TrackPointExtension>
            <gpxtpx:hr>157</gpxtpx:hr>
            <gpxtpx:cad>87</gpxtpx:cad>
          </gpxtpx:TrackPointExtension>
        </extensions>
      </trkpt>
      <trkpt lat="32.013906939" lon="120.896038162">
        <ele>5.0</ele>
        <time>2026-09-17T14:55:17+0800</time>
        <extensions>
          <gpxtpx:TrackPointExtension>
            <gpxtpx:hr>157</gpxtpx:hr>
            <gpxtpx:cad>87</gpxtpx:cad>
          </gpxtpx:TrackPointExtension>
        </extensions>
      </trkpt>
      <trkpt lat="32.0138933603" lon="120.896007065">
        <ele>5.0</ele>
        <time>2026-09-17T14:55:18+0800</time>
        <extensions>
          <gpxtpx:TrackPointExtension>
            <gpxtpx:hr>158</gpxtpx:hr>
            <gpxtpx:cad>87</gpxtpx:cad>
          </gpxtpx:TrackPointExtension>
        </extensions>
      </trkpt>
      <trkpt lat="32.0138908457" lon="120.895971525">
        <ele>5.0</ele>
        <time>2026-09-17T14:55:19+0800</time>
        <extensions>
          <gpxtpx:TrackPointExtension>
            <gpxtpx:hr>157</gpxtpx:hr>
            <gpxtpx:cad>88</gpxtpx:cad>
          </gpxtpx:TrackPointExtension>
        </extensions>
      </trkpt>
      <trkpt lat="32.0138817094" lon="120.895946799">
        <ele>5.0</ele>
        <time>2026-09-17T14:55:20+0800</time>
        <extensions>
          <gpxtpx:TrackPointExtension>
            <gpxtpx:hr>157</gpxtpx:hr>
            <gpxtpx:cad>88</gpxtpx:cad>
          </gpxtpx:TrackPointExtension>
        </extensions>
      </trkpt>
      <trkpt lat="32.0138736628" lon="120.895912349">
        <ele>5.0</ele>
        <time>2026-09-17T14:55:21+0800</time>
        <extensions>
          <gpxtpx:TrackPointExtension>
            <gpxtpx:hr>158</gpxtpx:hr>
            <gpxtpx:cad>88</gpxtpx:cad>
          </gpxtpx:TrackPointExtension>
        </extensions>
      </trkpt>
      <trkpt lat="32.0138622634" lon="120.895883515">
        <ele>5.2</ele>
        <time>2026-09-17T14:55:22+0800</time>
        <extensions>
          <gpxtpx:TrackPointExtension>
            <gpxtpx:hr>157</gpxtpx:hr>
            <gpxtpx:cad>88</gpxtpx:cad>
          </gpxtpx:TrackPointExtension>
        </extensions>
      </trkpt>
      <trkpt lat="32.0138525404" lon="120.89583993">
        <ele>5.2</ele>
        <time>2026-09-17T14:55:23+0800</time>
        <extensions>
          <gpxtpx:TrackPointExtension>
            <gpxtpx:hr>157</gpxtpx:hr>
            <gpxtpx:cad>88</gpxtpx:cad>
          </gpxtpx:TrackPointExtension>
        </extensions>
      </trkpt>
      <trkpt lat="32.0138413925" lon="120.895814449">
        <ele>5.2</ele>
        <time>2026-09-17T14:55:24+0800</time>
        <extensions>
          <gpxtpx:TrackPointExtension>
            <gpxtpx:hr>158</gpxtpx:hr>
            <gpxtpx:cad>88</gpxtpx:cad>
          </gpxtpx:TrackPointExtension>
        </extensions>
      </trkpt>
      <trkpt lat="32.0138363633" lon="120.895775724">
        <ele>5.2</ele>
        <time>2026-09-17T14:55:25+0800</time>
        <extensions>
          <gpxtpx:TrackPointExtension>
            <gpxtpx:hr>158</gpxtpx:hr>
            <gpxtpx:cad>88</gpxtpx:cad>
          </gpxtpx:TrackPointExtension>
        </extensions>
      </trkpt>
      <trkpt lat="32.0138250478" lon="120.895748567">
        <ele>5.2</ele>
        <time>2026-09-17T14:55:26+0800</time>
        <extensions>
          <gpxtpx:TrackPointExtension>
            <gpxtpx:hr>158</gpxtpx:hr>
            <gpxtpx:cad>88</gpxtpx:cad>
          </gpxtpx:TrackPointExtension>
        </extensions>
      </trkpt>
      <trkpt lat="32.0138123073" lon="120.895703053">
        <ele>5.2</ele>
        <time>2026-09-17T14:55:27+0800</time>
        <extensions>
          <gpxtpx:TrackPointExtension>
            <gpxtpx:hr>158</gpxtpx:hr>
            <gpxtpx:cad>88</gpxtpx:cad>
          </gpxtpx:TrackPointExtension>
        </extensions>
      </trkpt>
      <trkpt lat="32.0137993153" lon="120.895671872">
        <ele>5.2</ele>
        <time>2026-09-17T14:55:28+0800</time>
        <extensions>
          <gpxtpx:TrackPointExtension>
            <gpxtpx:hr>159</gpxtpx:hr>
            <gpxtpx:cad>88</gpxtpx:cad>
          </gpxtpx:TrackPointExtension>
        </extensions>
      </trkpt>
      <trkpt lat="32.0137875807" lon="120.895630047">
        <ele>5.2</ele>
        <time>2026-09-17T14:55:29+0800</time>
        <extensions>
          <gpxtpx:TrackPointExtension>
            <gpxtpx:hr>159</gpxtpx:hr>
            <gpxtpx:cad>88</gpxtpx:cad>
          </gpxtpx:TrackPointExtension>
        </extensions>
      </trkpt>
      <trkpt lat="32.013779534" lon="120.895595849">
        <ele>5.2</ele>
        <time>2026-09-17T14:55:30+0800</time>
        <extensions>
          <gpxtpx:TrackPointExtension>
            <gpxtpx:hr>159</gpxtpx:hr>
            <gpxtpx:cad>88</gpxtpx:cad>
          </gpxtpx:TrackPointExtension>
        </extensions>
      </trkpt>
      <trkpt lat="32.0137668774" lon="120.89555989">
        <ele>5.2</ele>
        <time>2026-09-17T14:55:31+0800</time>
        <extensions>
          <gpxtpx:TrackPointExtension>
            <gpxtpx:hr>159</gpxtpx:hr>
            <gpxtpx:cad>89</gpxtpx:cad>
          </gpxtpx:TrackPointExtension>
        </extensions>
      </trkpt>
      <trkpt lat="32.0137593336" lon="120.895528039">
        <ele>5.2</ele>
        <time>2026-09-17T14:55:32+0800</time>
        <extensions>
          <gpxtpx:TrackPointExtension>
            <gpxtpx:hr>158</gpxtpx:hr>
            <gpxtpx:cad>89</gpxtpx:cad>
          </gpxtpx:TrackPointExtension>
        </extensions>
      </trkpt>
      <trkpt lat="32.0137465093" lon="120.895497696">
        <ele>5.2</ele>
        <time>2026-09-17T14:55:33+0800</time>
        <extensions>
          <gpxtpx:TrackPointExtension>
            <gpxtpx:hr>158</gpxtpx:hr>
            <gpxtpx:cad>88</gpxtpx:cad>
          </gpxtpx:TrackPointExtension>
        </extensions>
      </trkpt>
      <trkpt lat="32.0137398876" lon="120.895462409">
        <ele>5.2</ele>
        <time>2026-09-17T14:55:34+0800</time>
        <extensions>
          <gpxtpx:TrackPointExtension>
            <gpxtpx:hr>158</gpxtpx:hr>
            <gpxtpx:cad>88</gpxtpx:cad>
          </gpxtpx:TrackPointExtension>
        </extensions>
      </trkpt>
      <trkpt lat="32.0137313381" lon="120.895431731">
        <ele>5.4</ele>
        <time>2026-09-17T14:55:35+0800</time>
        <extensions>
          <gpxtpx:TrackPointExtension>
            <gpxtpx:hr>159</gpxtpx:hr>
            <gpxtpx:cad>88</gpxtpx:cad>
          </gpxtpx:TrackPointExtension>
        </extensions>
      </trkpt>
      <trkpt lat="32.0137238782" lon="120.895392671">
        <ele>5.4</ele>
        <time>2026-09-17T14:55:36+0800</time>
        <extensions>
          <gpxtpx:TrackPointExtension>
            <gpxtpx:hr>158</gpxtpx:hr>
            <gpxtpx:cad>88</gpxtpx:cad>
          </gpxtpx:TrackPointExtension>
        </extensions>
      </trkpt>
      <trkpt lat="32.0137135684" lon="120.895369286">
        <ele>5.2</ele>
        <time>2026-09-17T14:55:37+0800</time>
        <extensions>
          <gpxtpx:TrackPointExtension>
            <gpxtpx:hr>158</gpxtpx:hr>
            <gpxtpx:cad>88</gpxtpx:cad>
          </gpxtpx:TrackPointExtension>
        </extensions>
      </trkpt>
      <trkpt lat="32.0137102157" lon="120.895331986">
        <ele>5.2</ele>
        <time>2026-09-17T14:55:38+0800</time>
        <extensions>
          <gpxtpx:TrackPointExtension>
            <gpxtpx:hr>158</gpxtpx:hr>
            <gpxtpx:cad>88</gpxtpx:cad>
          </gpxtpx:TrackPointExtension>
        </extensions>
      </trkpt>
      <trkpt lat="32.0136962179" lon="120.895309607">
        <ele>5.2</ele>
        <time>2026-09-17T14:55:39+0800</time>
        <extensions>
          <gpxtpx:TrackPointExtension>
            <gpxtpx:hr>158</gpxtpx:hr>
            <gpxtpx:cad>88</gpxtpx:cad>
          </gpxtpx:TrackPointExtension>
        </extensions>
      </trkpt>
      <trkpt lat="32.0136826392" lon="120.895270715">
        <ele>5.2</ele>
        <time>2026-09-17T14:55:40+0800</time>
        <extensions>
          <gpxtpx:TrackPointExtension>
            <gpxtpx:hr>159</gpxtpx:hr>
            <gpxtpx:cad>88</gpxtpx:cad>
          </gpxtpx:TrackPointExtension>
        </extensions>
      </trkpt>
      <trkpt lat="32.0136670489" lon="120.895246407">
        <ele>5.0</ele>
        <time>2026-09-17T14:55:41+0800</time>
        <extensions>
          <gpxtpx:TrackPointExtension>
            <gpxtpx:hr>159</gpxtpx:hr>
            <gpxtpx:cad>88</gpxtpx:cad>
          </gpxtpx:TrackPointExtension>
        </extensions>
      </trkpt>
      <trkpt lat="32.0136518776" lon="120.895201648">
        <ele>5.2</ele>
        <time>2026-09-17T14:55:42+0800</time>
        <extensions>
          <gpxtpx:TrackPointExtension>
            <gpxtpx:hr>158</gpxtpx:hr>
            <gpxtpx:cad>87</gpxtpx:cad>
          </gpxtpx:TrackPointExtension>
        </extensions>
      </trkpt>
      <trkpt lat="32.013638299" lon="120.895163929">
        <ele>5.2</ele>
        <time>2026-09-17T14:55:43+0800</time>
        <extensions>
          <gpxtpx:TrackPointExtension>
            <gpxtpx:hr>158</gpxtpx:hr>
            <gpxtpx:cad>87</gpxtpx:cad>
          </gpxtpx:TrackPointExtension>
        </extensions>
      </trkpt>
      <trkpt lat="32.0136230439" lon="120.895127216">
        <ele>5.4</ele>
        <time>2026-09-17T14:55:44+0800</time>
        <extensions>
          <gpxtpx:TrackPointExtension>
            <gpxtpx:hr>158</gpxtpx:hr>
            <gpxtpx:cad>86</gpxtpx:cad>
          </gpxtpx:TrackPointExtension>
        </extensions>
      </trkpt>
      <trkpt lat="32.0136141591" lon="120.895092515">
        <ele>5.4</ele>
        <time>2026-09-17T14:55:45+0800</time>
        <extensions>
          <gpxtpx:TrackPointExtension>
            <gpxtpx:hr>158</gpxtpx:hr>
            <gpxtpx:cad>86</gpxtpx:cad>
          </gpxtpx:TrackPointExtension>
        </extensions>
      </trkpt>
      <trkpt lat="32.013612818" lon="120.8950553">
        <ele>5.4</ele>
        <time>2026-09-17T14:55:46+0800</time>
        <extensions>
          <gpxtpx:TrackPointExtension>
            <gpxtpx:hr>158</gpxtpx:hr>
            <gpxtpx:cad>87</gpxtpx:cad>
          </gpxtpx:TrackPointExtension>
        </extensions>
      </trkpt>
      <trkpt lat="32.0136265643" lon="120.89502261">
        <ele>5.2</ele>
        <time>2026-09-17T14:55:47+0800</time>
        <extensions>
          <gpxtpx:TrackPointExtension>
            <gpxtpx:hr>159</gpxtpx:hr>
            <gpxtpx:cad>87</gpxtpx:cad>
          </gpxtpx:TrackPointExtension>
        </extensions>
      </trkpt>
      <trkpt lat="32.0136488602" lon="120.894990843">
        <ele>5.2</ele>
        <time>2026-09-17T14:55:48+0800</time>
        <extensions>
          <gpxtpx:TrackPointExtension>
            <gpxtpx:hr>159</gpxtpx:hr>
            <gpxtpx:cad>87</gpxtpx:cad>
          </gpxtpx:TrackPointExtension>
        </extensions>
      </trkpt>
      <trkpt lat="32.0136776939" lon="120.894982461">
        <ele>5.2</ele>
        <time>2026-09-17T14:55:49+0800</time>
        <extensions>
          <gpxtpx:TrackPointExtension>
            <gpxtpx:hr>159</gpxtpx:hr>
            <gpxtpx:cad>87</gpxtpx:cad>
          </gpxtpx:TrackPointExtension>
        </extensions>
      </trkpt>
      <trkpt lat="32.0137053542" lon="120.894977935">
        <ele>5.2</ele>
        <time>2026-09-17T14:55:50+0800</time>
        <extensions>
          <gpxtpx:TrackPointExtension>
            <gpxtpx:hr>158</gpxtpx:hr>
            <gpxtpx:cad>87</gpxtpx:cad>
          </gpxtpx:TrackPointExtension>
        </extensions>
      </trkpt>
      <trkpt lat="32.0137390494" lon="120.894989502">
        <ele>5.2</ele>
        <time>2026-09-17T14:55:51+0800</time>
        <extensions>
          <gpxtpx:TrackPointExtension>
            <gpxtpx:hr>159</gpxtpx:hr>
            <gpxtpx:cad>87</gpxtpx:cad>
          </gpxtpx:TrackPointExtension>
        </extensions>
      </trkpt>
      <trkpt lat="32.0137638599" lon="120.894991932">
        <ele>5.2</ele>
        <time>2026-09-17T14:55:52+0800</time>
        <extensions>
          <gpxtpx:TrackPointExtension>
            <gpxtpx:hr>159</gpxtpx:hr>
            <gpxtpx:cad>86</gpxtpx:cad>
          </gpxtpx:TrackPointExtension>
        </extensions>
      </trkpt>
      <trkpt lat="32.0137992315" lon="120.895007271">
        <ele>5.0</ele>
        <time>2026-09-17T14:55:53+0800</time>
        <extensions>
          <gpxtpx:TrackPointExtension>
            <gpxtpx:hr>159</gpxtpx:hr>
            <gpxtpx:cad>86</gpxtpx:cad>
          </gpxtpx:TrackPointExtension>
        </extensions>
      </trkpt>
      <trkpt lat="32.0138237905" lon="120.895014731">
        <ele>5.0</ele>
        <time>2026-09-17T14:55:54+0800</time>
        <extensions>
          <gpxtpx:TrackPointExtension>
            <gpxtpx:hr>158</gpxtpx:hr>
            <gpxtpx:cad>87</gpxtpx:cad>
          </gpxtpx:TrackPointExtension>
        </extensions>
      </trkpt>
      <trkpt lat="32.013860587" lon="120.895026885">
        <ele>5.0</ele>
        <time>2026-09-17T14:55:55+0800</time>
        <extensions>
          <gpxtpx:TrackPointExtension>
            <gpxtpx:hr>159</gpxtpx:hr>
            <gpxtpx:cad>88</gpxtpx:cad>
          </gpxtpx:TrackPointExtension>
        </extensions>
      </trkpt>
      <trkpt lat="32.0138853975" lon="120.895036273">
        <ele>4.8</ele>
        <time>2026-09-17T14:55:56+0800</time>
        <extensions>
          <gpxtpx:TrackPointExtension>
            <gpxtpx:hr>159</gpxtpx:hr>
            <gpxtpx:cad>88</gpxtpx:cad>
          </gpxtpx:TrackPointExtension>
        </extensions>
      </trkpt>
      <trkpt lat="32.013918506" lon="120.895046499">
        <ele>4.8</ele>
        <time>2026-09-17T14:55:57+0800</time>
        <extensions>
          <gpxtpx:TrackPointExtension>
            <gpxtpx:hr>159</gpxtpx:hr>
            <gpxtpx:cad>88</gpxtpx:cad>
          </gpxtpx:TrackPointExtension>
        </extensions>
      </trkpt>
      <trkpt lat="32.0139437355" lon="120.89505706">
        <ele>4.8</ele>
        <time>2026-09-17T14:55:58+0800</time>
        <extensions>
          <gpxtpx:TrackPointExtension>
            <gpxtpx:hr>159</gpxtpx:hr>
            <gpxtpx:cad>88</gpxtpx:cad>
          </gpxtpx:TrackPointExtension>
        </extensions>
      </trkpt>
      <trkpt lat="32.0139760897" lon="120.895060664">
        <ele>4.8</ele>
        <time>2026-09-17T14:55:59+0800</time>
        <extensions>
          <gpxtpx:TrackPointExtension>
            <gpxtpx:hr>159</gpxtpx:hr>
            <gpxtpx:cad>88</gpxtpx:cad>
          </gpxtpx:TrackPointExtension>
        </extensions>
      </trkpt>
      <trkpt lat="32.0140053425" lon="120.895072063">
        <ele>4.8</ele>
        <time>2026-09-17T14:56:00+0800</time>
        <extensions>
          <gpxtpx:TrackPointExtension>
            <gpxtpx:hr>159</gpxtpx:hr>
            <gpxtpx:cad>88</gpxtpx:cad>
          </gpxtpx:TrackPointExtension>
        </extensions>
      </trkpt>
      <trkpt lat="32.0140342601" lon="120.895080864">
        <ele>4.8</ele>
        <time>2026-09-17T14:56:01+0800</time>
        <extensions>
          <gpxtpx:TrackPointExtension>
            <gpxtpx:hr>159</gpxtpx:hr>
            <gpxtpx:cad>88</gpxtpx:cad>
          </gpxtpx:TrackPointExtension>
        </extensions>
      </trkpt>
      <trkpt lat="32.014064854" lon="120.89509109">
        <ele>4.8</ele>
        <time>2026-09-17T14:56:02+0800</time>
        <extensions>
          <gpxtpx:TrackPointExtension>
            <gpxtpx:hr>159</gpxtpx:hr>
            <gpxtpx:cad>88</gpxtpx:cad>
          </gpxtpx:TrackPointExtension>
        </extensions>
      </trkpt>
      <trkpt lat="32.0140885748" lon="120.895088492">
        <ele>4.8</ele>
        <time>2026-09-17T14:56:03+0800</time>
        <extensions>
          <gpxtpx:TrackPointExtension>
            <gpxtpx:hr>160</gpxtpx:hr>
            <gpxtpx:cad>87</gpxtpx:cad>
          </gpxtpx:TrackPointExtension>
        </extensions>
      </trkpt>
      <trkpt lat="32.0141168218" lon="120.895098215">
        <ele>4.8</ele>
        <time>2026-09-17T14:56:04+0800</time>
        <extensions>
          <gpxtpx:TrackPointExtension>
            <gpxtpx:hr>160</gpxtpx:hr>
            <gpxtpx:cad>87</gpxtpx:cad>
          </gpxtpx:TrackPointExtension>
        </extensions>
      </trkpt>
      <trkpt lat="32.0141445659" lon="120.895102574">
        <ele>4.6</ele>
        <time>2026-09-17T14:56:05+0800</time>
        <extensions>
          <gpxtpx:TrackPointExtension>
            <gpxtpx:hr>160</gpxtpx:hr>
            <gpxtpx:cad>87</gpxtpx:cad>
          </gpxtpx:TrackPointExtension>
        </extensions>
      </trkpt>
      <trkpt lat="32.0141747408" lon="120.895114476">
        <ele>4.8</ele>
        <time>2026-09-17T14:56:06+0800</time>
        <extensions>
          <gpxtpx:TrackPointExtension>
            <gpxtpx:hr>160</gpxtpx:hr>
            <gpxtpx:cad>88</gpxtpx:cad>
          </gpxtpx:TrackPointExtension>
        </extensions>
      </trkpt>
      <trkpt lat="32.0142032392" lon="120.895120092">
        <ele>4.8</ele>
        <time>2026-09-17T14:56:07+0800</time>
        <extensions>
          <gpxtpx:TrackPointExtension>
            <gpxtpx:hr>160</gpxtpx:hr>
            <gpxtpx:cad>88</gpxtpx:cad>
          </gpxtpx:TrackPointExtension>
        </extensions>
      </trkpt>
      <trkpt lat="32.0142358448" lon="120.895130318">
        <ele>4.6</ele>
        <time>2026-09-17T14:56:08+0800</time>
        <extensions>
          <gpxtpx:TrackPointExtension>
            <gpxtpx:hr>160</gpxtpx:hr>
            <gpxtpx:cad>88</gpxtpx:cad>
          </gpxtpx:TrackPointExtension>
        </extensions>
      </trkpt>
      <trkpt lat="32.0142644271" lon="120.895133838">
        <ele>4.6</ele>
        <time>2026-09-17T14:56:09+0800</time>
        <extensions>
          <gpxtpx:TrackPointExtension>
            <gpxtpx:hr>160</gpxtpx:hr>
            <gpxtpx:cad>88</gpxtpx:cad>
          </gpxtpx:TrackPointExtension>
        </extensions>
      </trkpt>
      <trkpt lat="32.0142975356" lon="120.895140795">
        <ele>4.6</ele>
        <time>2026-09-17T14:56:10+0800</time>
        <extensions>
          <gpxtpx:TrackPointExtension>
            <gpxtpx:hr>161</gpxtpx:hr>
            <gpxtpx:cad>88</gpxtpx:cad>
          </gpxtpx:TrackPointExtension>
        </extensions>
      </trkpt>
      <trkpt lat="32.014326537" lon="120.895146998">
        <ele>4.6</ele>
        <time>2026-09-17T14:56:11+0800</time>
        <extensions>
          <gpxtpx:TrackPointExtension>
            <gpxtpx:hr>160</gpxtpx:hr>
            <gpxtpx:cad>88</gpxtpx:cad>
          </gpxtpx:TrackPointExtension>
        </extensions>
      </trkpt>
      <trkpt lat="32.0143609028" lon="120.895155882">
        <ele>4.6</ele>
        <time>2026-09-17T14:56:12+0800</time>
        <extensions>
          <gpxtpx:TrackPointExtension>
            <gpxtpx:hr>161</gpxtpx:hr>
            <gpxtpx:cad>88</gpxtpx:cad>
          </gpxtpx:TrackPointExtension>
        </extensions>
      </trkpt>
      <trkpt lat="32.0143921673" lon="120.895160828">
        <ele>4.6</ele>
        <time>2026-09-17T14:56:13+0800</time>
        <extensions>
          <gpxtpx:TrackPointExtension>
            <gpxtpx:hr>160</gpxtpx:hr>
            <gpxtpx:cad>88</gpxtpx:cad>
          </gpxtpx:TrackPointExtension>
        </extensions>
      </trkpt>
      <trkpt lat="32.0144229289" lon="120.895165186">
        <ele>4.6</ele>
        <time>2026-09-17T14:56:14+0800</time>
        <extensions>
          <gpxtpx:TrackPointExtension>
            <gpxtpx:hr>160</gpxtpx:hr>
            <gpxtpx:cad>88</gpxtpx:cad>
          </gpxtpx:TrackPointExtension>
        </extensions>
      </trkpt>
      <trkpt lat="32.0144514274" lon="120.895176502">
        <ele>4.6</ele>
        <time>2026-09-17T14:56:15+0800</time>
        <extensions>
          <gpxtpx:TrackPointExtension>
            <gpxtpx:hr>160</gpxtpx:hr>
            <gpxtpx:cad>88</gpxtpx:cad>
          </gpxtpx:TrackPointExtension>
        </extensions>
      </trkpt>
      <trkpt lat="32.0144821052" lon="120.895178178">
        <ele>4.6</ele>
        <time>2026-09-17T14:56:16+0800</time>
        <extensions>
          <gpxtpx:TrackPointExtension>
            <gpxtpx:hr>161</gpxtpx:hr>
            <gpxtpx:cad>88</gpxtpx:cad>
          </gpxtpx:TrackPointExtension>
        </extensions>
      </trkpt>
      <trkpt lat="32.0145106874" lon="120.895187315">
        <ele>4.6</ele>
        <time>2026-09-17T14:56:17+0800</time>
        <extensions>
          <gpxtpx:TrackPointExtension>
            <gpxtpx:hr>160</gpxtpx:hr>
            <gpxtpx:cad>88</gpxtpx:cad>
          </gpxtpx:TrackPointExtension>
        </extensions>
      </trkpt>
      <trkpt lat="32.0145373419" lon="120.895190416">
        <ele>4.6</ele>
        <time>2026-09-17T14:56:18+0800</time>
        <extensions>
          <gpxtpx:TrackPointExtension>
            <gpxtpx:hr>160</gpxtpx:hr>
            <gpxtpx:cad>88</gpxtpx:cad>
          </gpxtpx:TrackPointExtension>
        </extensions>
      </trkpt>
      <trkpt lat="32.0145645831" lon="120.895201815">
        <ele>4.6</ele>
        <time>2026-09-17T14:56:19+0800</time>
        <extensions>
          <gpxtpx:TrackPointExtension>
            <gpxtpx:hr>159</gpxtpx:hr>
            <gpxtpx:cad>88</gpxtpx:cad>
          </gpxtpx:TrackPointExtension>
        </extensions>
      </trkpt>
      <trkpt lat="32.0145886391" lon="120.895203743">
        <ele>4.6</ele>
        <time>2026-09-17T14:56:20+0800</time>
        <extensions>
          <gpxtpx:TrackPointExtension>
            <gpxtpx:hr>159</gpxtpx:hr>
            <gpxtpx:cad>88</gpxtpx:cad>
          </gpxtpx:TrackPointExtension>
        </extensions>
      </trkpt>
      <trkpt lat="32.0146185625" lon="120.89521179">
        <ele>4.6</ele>
        <time>2026-09-17T14:56:21+0800</time>
        <extensions>
          <gpxtpx:TrackPointExtension>
            <gpxtpx:hr>159</gpxtpx:hr>
            <gpxtpx:cad>88</gpxtpx:cad>
          </gpxtpx:TrackPointExtension>
        </extensions>
      </trkpt>
      <trkpt lat="32.0146475639" lon="120.89521707">
        <ele>4.6</ele>
        <time>2026-09-17T14:56:22+0800</time>
        <extensions>
          <gpxtpx:TrackPointExtension>
            <gpxtpx:hr>159</gpxtpx:hr>
            <gpxtpx:cad>88</gpxtpx:cad>
          </gpxtpx:TrackPointExtension>
        </extensions>
      </trkpt>
      <trkpt lat="32.0146811754" lon="120.895230984">
        <ele>4.6</ele>
        <time>2026-09-17T14:56:23+0800</time>
        <extensions>
          <gpxtpx:TrackPointExtension>
            <gpxtpx:hr>160</gpxtpx:hr>
            <gpxtpx:cad>89</gpxtpx:cad>
          </gpxtpx:TrackPointExtension>
        </extensions>
      </trkpt>
      <trkpt lat="32.0147043094" lon="120.895236852">
        <ele>4.6</ele>
        <time>2026-09-17T14:56:24+0800</time>
        <extensions>
          <gpxtpx:TrackPointExtension>
            <gpxtpx:hr>159</gpxtpx:hr>
            <gpxtpx:cad>89</gpxtpx:cad>
          </gpxtpx:TrackPointExtension>
        </extensions>
      </trkpt>
      <trkpt lat="32.014735071" lon="120.895243725">
        <ele>4.6</ele>
        <time>2026-09-17T14:56:25+0800</time>
        <extensions>
          <gpxtpx:TrackPointExtension>
            <gpxtpx:hr>159</gpxtpx:hr>
            <gpxtpx:cad>89</gpxtpx:cad>
          </gpxtpx:TrackPointExtension>
        </extensions>
      </trkpt>
      <trkpt lat="32.0147610549" lon="120.895244982">
        <ele>4.6</ele>
        <time>2026-09-17T14:56:26+0800</time>
        <extensions>
          <gpxtpx:TrackPointExtension>
            <gpxtpx:hr>159</gpxtpx:hr>
            <gpxtpx:cad>88</gpxtpx:cad>
          </gpxtpx:TrackPointExtension>
        </extensions>
      </trkpt>
      <trkpt lat="32.0147935767" lon="120.895252526">
        <ele>4.8</ele>
        <time>2026-09-17T14:56:27+0800</time>
        <extensions>
          <gpxtpx:TrackPointExtension>
            <gpxtpx:hr>159</gpxtpx:hr>
            <gpxtpx:cad>88</gpxtpx:cad>
          </gpxtpx:TrackPointExtension>
        </extensions>
      </trkpt>
      <trkpt lat="32.0148214046" lon="120.895259483">
        <ele>4.8</ele>
        <time>2026-09-17T14:56:28+0800</time>
        <extensions>
          <gpxtpx:TrackPointExtension>
            <gpxtpx:hr>159</gpxtpx:hr>
            <gpxtpx:cad>88</gpxtpx:cad>
          </gpxtpx:TrackPointExtension>
        </extensions>
      </trkpt>
      <trkpt lat="32.0148558542" lon="120.895271134">
        <ele>4.8</ele>
        <time>2026-09-17T14:56:29+0800</time>
        <extensions>
          <gpxtpx:TrackPointExtension>
            <gpxtpx:hr>159</gpxtpx:hr>
            <gpxtpx:cad>88</gpxtpx:cad>
          </gpxtpx:TrackPointExtension>
        </extensions>
      </trkpt>
      <trkpt lat="32.014889298" lon="120.895283455">
        <ele>4.8</ele>
        <time>2026-09-17T14:56:30+0800</time>
        <extensions>
          <gpxtpx:TrackPointExtension>
            <gpxtpx:hr>159</gpxtpx:hr>
            <gpxtpx:cad>88</gpxtpx:cad>
          </gpxtpx:TrackPointExtension>
        </extensions>
      </trkpt>
      <trkpt lat="32.014919892" lon="120.895294184">
        <ele>4.8</ele>
        <time>2026-09-17T14:56:31+0800</time>
        <extensions>
          <gpxtpx:TrackPointExtension>
            <gpxtpx:hr>159</gpxtpx:hr>
            <gpxtpx:cad>88</gpxtpx:cad>
          </gpxtpx:TrackPointExtension>
        </extensions>
      </trkpt>
      <trkpt lat="32.0149537548" lon="120.895310277">
        <ele>4.8</ele>
        <time>2026-09-17T14:56:32+0800</time>
        <extensions>
          <gpxtpx:TrackPointExtension>
            <gpxtpx:hr>159</gpxtpx:hr>
            <gpxtpx:cad>88</gpxtpx:cad>
          </gpxtpx:TrackPointExtension>
        </extensions>
      </trkpt>
      <trkpt lat="32.0149795711" lon="120.895317905">
        <ele>4.8</ele>
        <time>2026-09-17T14:56:33+0800</time>
        <extensions>
          <gpxtpx:TrackPointExtension>
            <gpxtpx:hr>159</gpxtpx:hr>
            <gpxtpx:cad>88</gpxtpx:cad>
          </gpxtpx:TrackPointExtension>
        </extensions>
      </trkpt>
      <trkpt lat="32.015008321" lon="120.895329388">
        <ele>4.8</ele>
        <time>2026-09-17T14:56:34+0800</time>
        <extensions>
          <gpxtpx:TrackPointExtension>
            <gpxtpx:hr>159</gpxtpx:hr>
            <gpxtpx:cad>88</gpxtpx:cad>
          </gpxtpx:TrackPointExtension>
        </extensions>
      </trkpt>
      <trkpt lat="32.0150313713" lon="120.895333579">
        <ele>4.8</ele>
        <time>2026-09-17T14:56:35+0800</time>
        <extensions>
          <gpxtpx:TrackPointExtension>
            <gpxtpx:hr>159</gpxtpx:hr>
            <gpxtpx:cad>88</gpxtpx:cad>
          </gpxtpx:TrackPointExtension>
        </extensions>
      </trkpt>
      <trkpt lat="32.0150587801" lon="120.895347074">
        <ele>4.8</ele>
        <time>2026-09-17T14:56:36+0800</time>
        <extensions>
          <gpxtpx:TrackPointExtension>
            <gpxtpx:hr>159</gpxtpx:hr>
            <gpxtpx:cad>88</gpxtpx:cad>
          </gpxtpx:TrackPointExtension>
        </extensions>
      </trkpt>
      <trkpt lat="32.015080573" lon="120.895353612">
        <ele>4.8</ele>
        <time>2026-09-17T14:56:37+0800</time>
        <extensions>
          <gpxtpx:TrackPointExtension>
            <gpxtpx:hr>159</gpxtpx:hr>
            <gpxtpx:cad>88</gpxtpx:cad>
          </gpxtpx:TrackPointExtension>
        </extensions>
      </trkpt>
      <trkpt lat="32.0151134301" lon="120.895364508">
        <ele>5.0</ele>
        <time>2026-09-17T14:56:38+0800</time>
        <extensions>
          <gpxtpx:TrackPointExtension>
            <gpxtpx:hr>159</gpxtpx:hr>
            <gpxtpx:cad>88</gpxtpx:cad>
          </gpxtpx:TrackPointExtension>
        </extensions>
      </trkpt>
      <trkpt lat="32.0151392464" lon="120.895367777">
        <ele>5.0</ele>
        <time>2026-09-17T14:56:39+0800</time>
        <extensions>
          <gpxtpx:TrackPointExtension>
            <gpxtpx:hr>159</gpxtpx:hr>
            <gpxtpx:cad>88</gpxtpx:cad>
          </gpxtpx:TrackPointExtension>
        </extensions>
      </trkpt>
      <trkpt lat="32.0151733607" lon="120.895379009">
        <ele>4.8</ele>
        <time>2026-09-17T14:56:40+0800</time>
        <extensions>
          <gpxtpx:TrackPointExtension>
            <gpxtpx:hr>158</gpxtpx:hr>
            <gpxtpx:cad>88</gpxtpx:cad>
          </gpxtpx:TrackPointExtension>
        </extensions>
      </trkpt>
      <trkpt lat="32.0152018592" lon="120.895384625">
        <ele>4.8</ele>
        <time>2026-09-17T14:56:41+0800</time>
        <extensions>
          <gpxtpx:TrackPointExtension>
            <gpxtpx:hr>158</gpxtpx:hr>
            <gpxtpx:cad>89</gpxtpx:cad>
          </gpxtpx:TrackPointExtension>
        </extensions>
      </trkpt>
      <trkpt lat="32.0152391586" lon="120.895392168">
        <ele>5.0</ele>
        <time>2026-09-17T14:56:42+0800</time>
        <extensions>
          <gpxtpx:TrackPointExtension>
            <gpxtpx:hr>158</gpxtpx:hr>
            <gpxtpx:cad>89</gpxtpx:cad>
          </gpxtpx:TrackPointExtension>
        </extensions>
      </trkpt>
      <trkpt lat="32.015266316" lon="120.895397365">
        <ele>5.0</ele>
        <time>2026-09-17T14:56:43+0800</time>
        <extensions>
          <gpxtpx:TrackPointExtension>
            <gpxtpx:hr>157</gpxtpx:hr>
            <gpxtpx:cad>88</gpxtpx:cad>
          </gpxtpx:TrackPointExtension>
        </extensions>
      </trkpt>
      <trkpt lat="32.0152986702" lon="120.895404154">
        <ele>5.0</ele>
        <time>2026-09-17T14:56:44+0800</time>
        <extensions>
          <gpxtpx:TrackPointExtension>
            <gpxtpx:hr>157</gpxtpx:hr>
            <gpxtpx:cad>88</gpxtpx:cad>
          </gpxtpx:TrackPointExtension>
        </extensions>
      </trkpt>
      <trkpt lat="32.0153270848" lon="120.895409435">
        <ele>5.0</ele>
        <time>2026-09-17T14:56:45+0800</time>
        <extensions>
          <gpxtpx:TrackPointExtension>
            <gpxtpx:hr>157</gpxtpx:hr>
            <gpxtpx:cad>87</gpxtpx:cad>
          </gpxtpx:TrackPointExtension>
        </extensions>
      </trkpt>
      <trkpt lat="32.0153601095" lon="120.895418655">
        <ele>5.0</ele>
        <time>2026-09-17T14:56:46+0800</time>
        <extensions>
          <gpxtpx:TrackPointExtension>
            <gpxtpx:hr>157</gpxtpx:hr>
            <gpxtpx:cad>87</gpxtpx:cad>
          </gpxtpx:TrackPointExtension>
        </extensions>
      </trkpt>
      <trkpt lat="32.0153894462" lon="120.895434748">
        <ele>5.0</ele>
        <time>2026-09-17T14:56:47+0800</time>
        <extensions>
          <gpxtpx:TrackPointExtension>
            <gpxtpx:hr>157</gpxtpx:hr>
            <gpxtpx:cad>87</gpxtpx:cad>
          </gpxtpx:TrackPointExtension>
        </extensions>
      </trkpt>
      <trkpt lat="32.0154228061" lon="120.895442795">
        <ele>5.0</ele>
        <time>2026-09-17T14:56:48+0800</time>
        <extensions>
          <gpxtpx:TrackPointExtension>
            <gpxtpx:hr>157</gpxtpx:hr>
            <gpxtpx:cad>87</gpxtpx:cad>
          </gpxtpx:TrackPointExtension>
        </extensions>
      </trkpt>
      <trkpt lat="32.0154568367" lon="120.895453105">
        <ele>5.0</ele>
        <time>2026-09-17T14:56:49+0800</time>
        <extensions>
          <gpxtpx:TrackPointExtension>
            <gpxtpx:hr>157</gpxtpx:hr>
            <gpxtpx:cad>88</gpxtpx:cad>
          </gpxtpx:TrackPointExtension>
        </extensions>
      </trkpt>
      <trkpt lat="32.0154878497" lon="120.895456038">
        <ele>5.0</ele>
        <time>2026-09-17T14:56:50+0800</time>
        <extensions>
          <gpxtpx:TrackPointExtension>
            <gpxtpx:hr>157</gpxtpx:hr>
            <gpxtpx:cad>88</gpxtpx:cad>
          </gpxtpx:TrackPointExtension>
        </extensions>
      </trkpt>
      <trkpt lat="32.0155214611" lon="120.895471964">
        <ele>5.0</ele>
        <time>2026-09-17T14:56:51+0800</time>
        <extensions>
          <gpxtpx:TrackPointExtension>
            <gpxtpx:hr>156</gpxtpx:hr>
            <gpxtpx:cad>89</gpxtpx:cad>
          </gpxtpx:TrackPointExtension>
        </extensions>
      </trkpt>
      <trkpt lat="32.0155493729" lon="120.895476323">
        <ele>5.0</ele>
        <time>2026-09-17T14:56:52+0800</time>
        <extensions>
          <gpxtpx:TrackPointExtension>
            <gpxtpx:hr>156</gpxtpx:hr>
            <gpxtpx:cad>89</gpxtpx:cad>
          </gpxtpx:TrackPointExtension>
        </extensions>
      </trkpt>
      <trkpt lat="32.0155801345" lon="120.895486046">
        <ele>5.2</ele>
        <time>2026-09-17T14:56:53+0800</time>
        <extensions>
          <gpxtpx:TrackPointExtension>
            <gpxtpx:hr>156</gpxtpx:hr>
            <gpxtpx:cad>89</gpxtpx:cad>
          </gpxtpx:TrackPointExtension>
        </extensions>
      </trkpt>
      <trkpt lat="32.0156032685" lon="120.895489398">
        <ele>5.2</ele>
        <time>2026-09-17T14:56:54+0800</time>
        <extensions>
          <gpxtpx:TrackPointExtension>
            <gpxtpx:hr>157</gpxtpx:hr>
            <gpxtpx:cad>88</gpxtpx:cad>
          </gpxtpx:TrackPointExtension>
        </extensions>
      </trkpt>
      <trkpt lat="32.0156355388" lon="120.89550633">
        <ele>5.2</ele>
        <time>2026-09-17T14:56:55+0800</time>
        <extensions>
          <gpxtpx:TrackPointExtension>
            <gpxtpx:hr>156</gpxtpx:hr>
            <gpxtpx:cad>88</gpxtpx:cad>
          </gpxtpx:TrackPointExtension>
        </extensions>
      </trkpt>
      <trkpt lat="32.0156633668" lon="120.895509096">
        <ele>5.2</ele>
        <time>2026-09-17T14:56:56+0800</time>
        <extensions>
          <gpxtpx:TrackPointExtension>
            <gpxtpx:hr>156</gpxtpx:hr>
            <gpxtpx:cad>88</gpxtpx:cad>
          </gpxtpx:TrackPointExtension>
        </extensions>
      </trkpt>
      <trkpt lat="32.0157009177" lon="120.895521836">
        <ele>5.4</ele>
        <time>2026-09-17T14:56:57+0800</time>
        <extensions>
          <gpxtpx:TrackPointExtension>
            <gpxtpx:hr>157</gpxtpx:hr>
            <gpxtpx:cad>87</gpxtpx:cad>
          </gpxtpx:TrackPointExtension>
        </extensions>
      </trkpt>
      <trkpt lat="32.0157231297" lon="120.895527452">
        <ele>5.2</ele>
        <time>2026-09-17T14:56:58+0800</time>
        <extensions>
          <gpxtpx:TrackPointExtension>
            <gpxtpx:hr>156</gpxtpx:hr>
            <gpxtpx:cad>87</gpxtpx:cad>
          </gpxtpx:TrackPointExtension>
        </extensions>
      </trkpt>
      <trkpt lat="32.0157636143" lon="120.895548239">
        <ele>5.2</ele>
        <time>2026-09-17T14:56:59+0800</time>
        <extensions>
          <gpxtpx:TrackPointExtension>
            <gpxtpx:hr>156</gpxtpx:hr>
            <gpxtpx:cad>87</gpxtpx:cad>
          </gpxtpx:TrackPointExtension>
        </extensions>
      </trkpt>
      <trkpt lat="32.0157895982" lon="120.895549497">
        <ele>5.2</ele>
        <time>2026-09-17T14:57:00+0800</time>
        <extensions>
          <gpxtpx:TrackPointExtension>
            <gpxtpx:hr>157</gpxtpx:hr>
            <gpxtpx:cad>88</gpxtpx:cad>
          </gpxtpx:TrackPointExtension>
        </extensions>
      </trkpt>
      <trkpt lat="32.0158251375" lon="120.895564333">
        <ele>5.2</ele>
        <time>2026-09-17T14:57:01+0800</time>
        <extensions>
          <gpxtpx:TrackPointExtension>
            <gpxtpx:hr>157</gpxtpx:hr>
            <gpxtpx:cad>88</gpxtpx:cad>
          </gpxtpx:TrackPointExtension>
        </extensions>
      </trkpt>
      <trkpt lat="32.0158501994" lon="120.89556668">
        <ele>5.2</ele>
        <time>2026-09-17T14:57:02+0800</time>
        <extensions>
          <gpxtpx:TrackPointExtension>
            <gpxtpx:hr>157</gpxtpx:hr>
            <gpxtpx:cad>88</gpxtpx:cad>
          </gpxtpx:TrackPointExtension>
        </extensions>
      </trkpt>
      <trkpt lat="32.0158838946" lon="120.895575229">
        <ele>5.2</ele>
        <time>2026-09-17T14:57:03+0800</time>
        <extensions>
          <gpxtpx:TrackPointExtension>
            <gpxtpx:hr>157</gpxtpx:hr>
            <gpxtpx:cad>88</gpxtpx:cad>
          </gpxtpx:TrackPointExtension>
        </extensions>
      </trkpt>
      <trkpt lat="32.0159108844" lon="120.895588389">
        <ele>5.2</ele>
        <time>2026-09-17T14:57:04+0800</time>
        <extensions>
          <gpxtpx:TrackPointExtension>
            <gpxtpx:hr>157</gpxtpx:hr>
            <gpxtpx:cad>88</gpxtpx:cad>
          </gpxtpx:TrackPointExtension>
        </extensions>
      </trkpt>
      <trkpt lat="32.0159423165" lon="120.895601548">
        <ele>5.2</ele>
        <time>2026-09-17T14:57:05+0800</time>
        <extensions>
          <gpxtpx:TrackPointExtension>
            <gpxtpx:hr>157</gpxtpx:hr>
            <gpxtpx:cad>88</gpxtpx:cad>
          </gpxtpx:TrackPointExtension>
        </extensions>
      </trkpt>
      <trkpt lat="32.0159709826" lon="120.895623425">
        <ele>5.2</ele>
        <time>2026-09-17T14:57:06+0800</time>
        <extensions>
          <gpxtpx:TrackPointExtension>
            <gpxtpx:hr>157</gpxtpx:hr>
            <gpxtpx:cad>88</gpxtpx:cad>
          </gpxtpx:TrackPointExtension>
        </extensions>
      </trkpt>
      <trkpt lat="32.0159985591" lon="120.89563055">
        <ele>5.2</ele>
        <time>2026-09-17T14:57:07+0800</time>
        <extensions>
          <gpxtpx:TrackPointExtension>
            <gpxtpx:hr>157</gpxtpx:hr>
            <gpxtpx:cad>88</gpxtpx:cad>
          </gpxtpx:TrackPointExtension>
        </extensions>
      </trkpt>
      <trkpt lat="32.0160284825" lon="120.895641949">
        <ele>5.2</ele>
        <time>2026-09-17T14:57:08+0800</time>
        <extensions>
          <gpxtpx:TrackPointExtension>
            <gpxtpx:hr>157</gpxtpx:hr>
            <gpxtpx:cad>88</gpxtpx:cad>
          </gpxtpx:TrackPointExtension>
        </extensions>
      </trkpt>
      <trkpt lat="32.0160534605" lon="120.895646308">
        <ele>5.2</ele>
        <time>2026-09-17T14:57:09+0800</time>
        <extensions>
          <gpxtpx:TrackPointExtension>
            <gpxtpx:hr>157</gpxtpx:hr>
            <gpxtpx:cad>88</gpxtpx:cad>
          </gpxtpx:TrackPointExtension>
        </extensions>
      </trkpt>
      <trkpt lat="32.0160880778" lon="120.895658378">
        <ele>5.2</ele>
        <time>2026-09-17T14:57:10+0800</time>
        <extensions>
          <gpxtpx:TrackPointExtension>
            <gpxtpx:hr>157</gpxtpx:hr>
            <gpxtpx:cad>88</gpxtpx:cad>
          </gpxtpx:TrackPointExtension>
        </extensions>
      </trkpt>
      <trkpt lat="32.0161151513" lon="120.895665251">
        <ele>5.0</ele>
        <time>2026-09-17T14:57:11+0800</time>
        <extensions>
          <gpxtpx:TrackPointExtension>
            <gpxtpx:hr>157</gpxtpx:hr>
            <gpxtpx:cad>88</gpxtpx:cad>
          </gpxtpx:TrackPointExtension>
        </extensions>
      </trkpt>
      <trkpt lat="32.016147254" lon="120.895679165">
        <ele>5.2</ele>
        <time>2026-09-17T14:57:12+0800</time>
        <extensions>
          <gpxtpx:TrackPointExtension>
            <gpxtpx:hr>157</gpxtpx:hr>
            <gpxtpx:cad>88</gpxtpx:cad>
          </gpxtpx:TrackPointExtension>
        </extensions>
      </trkpt>
      <trkpt lat="32.0161722321" lon="120.895682266">
        <ele>5.2</ele>
        <time>2026-09-17T14:57:13+0800</time>
        <extensions>
          <gpxtpx:TrackPointExtension>
            <gpxtpx:hr>157</gpxtpx:hr>
            <gpxtpx:cad>88</gpxtpx:cad>
          </gpxtpx:TrackPointExtension>
        </extensions>
      </trkpt>
      <trkpt lat="32.0162062626" lon="120.895688469">
        <ele>5.2</ele>
        <time>2026-09-17T14:57:14+0800</time>
        <extensions>
          <gpxtpx:TrackPointExtension>
            <gpxtpx:hr>157</gpxtpx:hr>
            <gpxtpx:cad>88</gpxtpx:cad>
          </gpxtpx:TrackPointExtension>
        </extensions>
      </trkpt>
      <trkpt lat="32.016237108" lon="120.895694252">
        <ele>5.2</ele>
        <time>2026-09-17T14:57:15+0800</time>
        <extensions>
          <gpxtpx:TrackPointExtension>
            <gpxtpx:hr>157</gpxtpx:hr>
            <gpxtpx:cad>88</gpxtpx:cad>
          </gpxtpx:TrackPointExtension>
        </extensions>
      </trkpt>
      <trkpt lat="32.0162680373" lon="120.895703137">
        <ele>5.2</ele>
        <time>2026-09-17T14:57:16+0800</time>
        <extensions>
          <gpxtpx:TrackPointExtension>
            <gpxtpx:hr>156</gpxtpx:hr>
            <gpxtpx:cad>88</gpxtpx:cad>
          </gpxtpx:TrackPointExtension>
        </extensions>
      </trkpt>
      <trkpt lat="32.0162967872" lon="120.895709926">
        <ele>5.0</ele>
        <time>2026-09-17T14:57:17+0800</time>
        <extensions>
          <gpxtpx:TrackPointExtension>
            <gpxtpx:hr>157</gpxtpx:hr>
            <gpxtpx:cad>88</gpxtpx:cad>
          </gpxtpx:TrackPointExtension>
        </extensions>
      </trkpt>
      <trkpt lat="32.0163276326" lon="120.895719146">
        <ele>5.0</ele>
        <time>2026-09-17T14:57:18+0800</time>
        <extensions>
          <gpxtpx:TrackPointExtension>
            <gpxtpx:hr>157</gpxtpx:hr>
            <gpxtpx:cad>88</gpxtpx:cad>
          </gpxtpx:TrackPointExtension>
        </extensions>
      </trkpt>
      <trkpt lat="32.0163565502" lon="120.895732306">
        <ele>5.0</ele>
        <time>2026-09-17T14:57:19+0800</time>
        <extensions>
          <gpxtpx:TrackPointExtension>
            <gpxtpx:hr>157</gpxtpx:hr>
            <gpxtpx:cad>88</gpxtpx:cad>
          </gpxtpx:TrackPointExtension>
        </extensions>
      </trkpt>
      <trkpt lat="32.0163840428" lon="120.895739933">
        <ele>5.2</ele>
        <time>2026-09-17T14:57:20+0800</time>
        <extensions>
          <gpxtpx:TrackPointExtension>
            <gpxtpx:hr>157</gpxtpx:hr>
            <gpxtpx:cad>88</gpxtpx:cad>
          </gpxtpx:TrackPointExtension>
        </extensions>
      </trkpt>
      <trkpt lat="32.0164118707" lon="120.895750746">
        <ele>5.2</ele>
        <time>2026-09-17T14:57:21+0800</time>
        <extensions>
          <gpxtpx:TrackPointExtension>
            <gpxtpx:hr>158</gpxtpx:hr>
            <gpxtpx:cad>87</gpxtpx:cad>
          </gpxtpx:TrackPointExtension>
        </extensions>
      </trkpt>
      <trkpt lat="32.0164379384" lon="120.895756781">
        <ele>5.2</ele>
        <time>2026-09-17T14:57:22+0800</time>
        <extensions>
          <gpxtpx:TrackPointExtension>
            <gpxtpx:hr>157</gpxtpx:hr>
            <gpxtpx:cad>87</gpxtpx:cad>
          </gpxtpx:TrackPointExtension>
        </extensions>
      </trkpt>
      <trkpt lat="32.0164650958" lon="120.895764828">
        <ele>5.2</ele>
        <time>2026-09-17T14:57:23+0800</time>
        <extensions>
          <gpxtpx:TrackPointExtension>
            <gpxtpx:hr>157</gpxtpx:hr>
            <gpxtpx:cad>88</gpxtpx:cad>
          </gpxtpx:TrackPointExtension>
        </extensions>
      </trkpt>
      <trkpt lat="32.0164920017" lon="120.895767426">
        <ele>5.2</ele>
        <time>2026-09-17T14:57:24+0800</time>
        <extensions>
          <gpxtpx:TrackPointExtension>
            <gpxtpx:hr>158</gpxtpx:hr>
            <gpxtpx:cad>88</gpxtpx:cad>
          </gpxtpx:TrackPointExtension>
        </extensions>
      </trkpt>
      <trkpt lat="32.0165168121" lon="120.895778406">
        <ele>5.2</ele>
        <time>2026-09-17T14:57:25+0800</time>
        <extensions>
          <gpxtpx:TrackPointExtension>
            <gpxtpx:hr>158</gpxtpx:hr>
            <gpxtpx:cad>88</gpxtpx:cad>
          </gpxtpx:TrackPointExtension>
        </extensions>
      </trkpt>
      <trkpt lat="32.0165434666" lon="120.895782262">
        <ele>5.2</ele>
        <time>2026-09-17T14:57:26+0800</time>
        <extensions>
          <gpxtpx:TrackPointExtension>
            <gpxtpx:hr>158</gpxtpx:hr>
            <gpxtpx:cad>88</gpxtpx:cad>
          </gpxtpx:TrackPointExtension>
        </extensions>
      </trkpt>
      <trkpt lat="32.0165739767" lon="120.895798188">
        <ele>5.2</ele>
        <time>2026-09-17T14:57:27+0800</time>
        <extensions>
          <gpxtpx:TrackPointExtension>
            <gpxtpx:hr>157</gpxtpx:hr>
            <gpxtpx:cad>88</gpxtpx:cad>
          </gpxtpx:TrackPointExtension>
        </extensions>
      </trkpt>
      <trkpt lat="32.0165986195" lon="120.895803301">
        <ele>5.2</ele>
        <time>2026-09-17T14:57:28+0800</time>
        <extensions>
          <gpxtpx:TrackPointExtension>
            <gpxtpx:hr>157</gpxtpx:hr>
            <gpxtpx:cad>88</gpxtpx:cad>
          </gpxtpx:TrackPointExtension>
        </extensions>
      </trkpt>
      <trkpt lat="32.0166296326" lon="120.89581822">
        <ele>5.2</ele>
        <time>2026-09-17T14:57:29+0800</time>
        <extensions>
          <gpxtpx:TrackPointExtension>
            <gpxtpx:hr>156</gpxtpx:hr>
            <gpxtpx:cad>88</gpxtpx:cad>
          </gpxtpx:TrackPointExtension>
        </extensions>
      </trkpt>
      <trkpt lat="32.0166531019" lon="120.895819813">
        <ele>5.2</ele>
        <time>2026-09-17T14:57:30+0800</time>
        <extensions>
          <gpxtpx:TrackPointExtension>
            <gpxtpx:hr>155</gpxtpx:hr>
            <gpxtpx:cad>88</gpxtpx:cad>
          </gpxtpx:TrackPointExtension>
        </extensions>
      </trkpt>
      <trkpt lat="32.0166852046" lon="120.895830709">
        <ele>5.2</ele>
        <time>2026-09-17T14:57:31+0800</time>
        <extensions>
          <gpxtpx:TrackPointExtension>
            <gpxtpx:hr>154</gpxtpx:hr>
            <gpxtpx:cad>88</gpxtpx:cad>
          </gpxtpx:TrackPointExtension>
        </extensions>
      </trkpt>
      <trkpt lat="32.0167120267" lon="120.89583314">
        <ele>5.2</ele>
        <time>2026-09-17T14:57:32+0800</time>
        <extensions>
          <gpxtpx:TrackPointExtension>
            <gpxtpx:hr>153</gpxtpx:hr>
            <gpxtpx:cad>88</gpxtpx:cad>
          </gpxtpx:TrackPointExtension>
        </extensions>
      </trkpt>
      <trkpt lat="32.0167468954" lon="120.895844372">
        <ele>5.2</ele>
        <time>2026-09-17T14:57:33+0800</time>
        <extensions>
          <gpxtpx:TrackPointExtension>
            <gpxtpx:hr>153</gpxtpx:hr>
            <gpxtpx:cad>89</gpxtpx:cad>
          </gpxtpx:TrackPointExtension>
        </extensions>
      </trkpt>
      <trkpt lat="32.0167743042" lon="120.895845294">
        <ele>5.2</ele>
        <time>2026-09-17T14:57:34+0800</time>
        <extensions>
          <gpxtpx:TrackPointExtension>
            <gpxtpx:hr>152</gpxtpx:hr>
            <gpxtpx:cad>89</gpxtpx:cad>
          </gpxtpx:TrackPointExtension>
        </extensions>
      </trkpt>
      <trkpt lat="32.0168124419" lon="120.895856777">
        <ele>5.2</ele>
        <time>2026-09-17T14:57:35+0800</time>
        <extensions>
          <gpxtpx:TrackPointExtension>
            <gpxtpx:hr>152</gpxtpx:hr>
            <gpxtpx:cad>89</gpxtpx:cad>
          </gpxtpx:TrackPointExtension>
        </extensions>
      </trkpt>
      <trkpt lat="32.0168380905" lon="120.895859627">
        <ele>5.0</ele>
        <time>2026-09-17T14:57:36+0800</time>
        <extensions>
          <gpxtpx:TrackPointExtension>
            <gpxtpx:hr>152</gpxtpx:hr>
            <gpxtpx:cad>89</gpxtpx:cad>
          </gpxtpx:TrackPointExtension>
        </extensions>
      </trkpt>
      <trkpt lat="32.016873965" lon="120.895872368">
        <ele>5.0</ele>
        <time>2026-09-17T14:57:37+0800</time>
        <extensions>
          <gpxtpx:TrackPointExtension>
            <gpxtpx:hr>151</gpxtpx:hr>
            <gpxtpx:cad>89</gpxtpx:cad>
          </gpxtpx:TrackPointExtension>
        </extensions>
      </trkpt>
      <trkpt lat="32.0169053134" lon="120.895878067">
        <ele>5.0</ele>
        <time>2026-09-17T14:57:38+0800</time>
        <extensions>
          <gpxtpx:TrackPointExtension>
            <gpxtpx:hr>152</gpxtpx:hr>
            <gpxtpx:cad>88</gpxtpx:cad>
          </gpxtpx:TrackPointExtension>
        </extensions>
      </trkpt>
      <trkpt lat="32.0169454627" lon="120.895889802">
        <ele>5.0</ele>
        <time>2026-09-17T14:57:39+0800</time>
        <extensions>
          <gpxtpx:TrackPointExtension>
            <gpxtpx:hr>152</gpxtpx:hr>
            <gpxtpx:cad>88</gpxtpx:cad>
          </gpxtpx:TrackPointExtension>
        </extensions>
      </trkpt>
      <trkpt lat="32.0169711113" lon="120.895897094">
        <ele>5.0</ele>
        <time>2026-09-17T14:57:40+0800</time>
        <extensions>
          <gpxtpx:TrackPointExtension>
            <gpxtpx:hr>152</gpxtpx:hr>
            <gpxtpx:cad>88</gpxtpx:cad>
          </gpxtpx:TrackPointExtension>
        </extensions>
      </trkpt>
      <trkpt lat="32.0170043875" lon="120.895904889">
        <ele>5.0</ele>
        <time>2026-09-17T14:57:41+0800</time>
        <extensions>
          <gpxtpx:TrackPointExtension>
            <gpxtpx:hr>152</gpxtpx:hr>
            <gpxtpx:cad>89</gpxtpx:cad>
          </gpxtpx:TrackPointExtension>
        </extensions>
      </trkpt>
      <trkpt lat="32.0170290302" lon="120.895905895">
        <ele>5.0</ele>
        <time>2026-09-17T14:57:42+0800</time>
        <extensions>
          <gpxtpx:TrackPointExtension>
            <gpxtpx:hr>152</gpxtpx:hr>
            <gpxtpx:cad>89</gpxtpx:cad>
          </gpxtpx:TrackPointExtension>
        </extensions>
      </trkpt>
      <trkpt lat="32.0170621388" lon="120.895916708">
        <ele>5.0</ele>
        <time>2026-09-17T14:57:43+0800</time>
        <extensions>
          <gpxtpx:TrackPointExtension>
            <gpxtpx:hr>153</gpxtpx:hr>
            <gpxtpx:cad>88</gpxtpx:cad>
          </gpxtpx:TrackPointExtension>
        </extensions>
      </trkpt>
      <trkpt lat="32.01708938" lon="120.895922994">
        <ele>5.0</ele>
        <time>2026-09-17T14:57:44+0800</time>
        <extensions>
          <gpxtpx:TrackPointExtension>
            <gpxtpx:hr>153</gpxtpx:hr>
            <gpxtpx:cad>88</gpxtpx:cad>
          </gpxtpx:TrackPointExtension>
        </extensions>
      </trkpt>
      <trkpt lat="32.0171198901" lon="120.895931209">
        <ele>5.0</ele>
        <time>2026-09-17T14:57:45+0800</time>
        <extensions>
          <gpxtpx:TrackPointExtension>
            <gpxtpx:hr>153</gpxtpx:hr>
            <gpxtpx:cad>88</gpxtpx:cad>
          </gpxtpx:TrackPointExtension>
        </extensions>
      </trkpt>
      <trkpt lat="32.0171518251" lon="120.895940596">
        <ele>5.0</ele>
        <time>2026-09-17T14:57:46+0800</time>
        <extensions>
          <gpxtpx:TrackPointExtension>
            <gpxtpx:hr>154</gpxtpx:hr>
            <gpxtpx:cad>88</gpxtpx:cad>
          </gpxtpx:TrackPointExtension>
        </extensions>
      </trkpt>
      <trkpt lat="32.0171766356" lon="120.895948643">
        <ele>5.0</ele>
        <time>2026-09-17T14:57:47+0800</time>
        <extensions>
          <gpxtpx:TrackPointExtension>
            <gpxtpx:hr>154</gpxtpx:hr>
            <gpxtpx:cad>88</gpxtpx:cad>
          </gpxtpx:TrackPointExtension>
        </extensions>
      </trkpt>
      <trkpt lat="32.0172062237" lon="120.895962222">
        <ele>5.0</ele>
        <time>2026-09-17T14:57:48+0800</time>
        <extensions>
          <gpxtpx:TrackPointExtension>
            <gpxtpx:hr>154</gpxtpx:hr>
            <gpxtpx:cad>88</gpxtpx:cad>
          </gpxtpx:TrackPointExtension>
        </extensions>
      </trkpt>
      <trkpt lat="32.0172339678" lon="120.895973369">
        <ele>5.0</ele>
        <time>2026-09-17T14:57:49+0800</time>
        <extensions>
          <gpxtpx:TrackPointExtension>
            <gpxtpx:hr>155</gpxtpx:hr>
            <gpxtpx:cad>88</gpxtpx:cad>
          </gpxtpx:TrackPointExtension>
        </extensions>
      </trkpt>
      <trkpt lat="32.0172627177" lon="120.895987703">
        <ele>5.0</ele>
        <time>2026-09-17T14:57:50+0800</time>
        <extensions>
          <gpxtpx:TrackPointExtension>
            <gpxtpx:hr>156</gpxtpx:hr>
            <gpxtpx:cad>88</gpxtpx:cad>
          </gpxtpx:TrackPointExtension>
        </extensions>
      </trkpt>
      <trkpt lat="32.0172916353" lon="120.895993486">
        <ele>5.0</ele>
        <time>2026-09-17T14:57:51+0800</time>
        <extensions>
          <gpxtpx:TrackPointExtension>
            <gpxtpx:hr>156</gpxtpx:hr>
            <gpxtpx:cad>88</gpxtpx:cad>
          </gpxtpx:TrackPointExtension>
        </extensions>
      </trkpt>
      <trkpt lat="32.0173193794" lon="120.896005388">
        <ele>5.2</ele>
        <time>2026-09-17T14:57:52+0800</time>
        <extensions>
          <gpxtpx:TrackPointExtension>
            <gpxtpx:hr>156</gpxtpx:hr>
            <gpxtpx:cad>88</gpxtpx:cad>
          </gpxtpx:TrackPointExtension>
        </extensions>
      </trkpt>
      <trkpt lat="32.0173405018" lon="120.896005975">
        <ele>5.2</ele>
        <time>2026-09-17T14:57:53+0800</time>
        <extensions>
          <gpxtpx:TrackPointExtension>
            <gpxtpx:hr>157</gpxtpx:hr>
            <gpxtpx:cad>89</gpxtpx:cad>
          </gpxtpx:TrackPointExtension>
        </extensions>
      </trkpt>
      <trkpt lat="32.017370509" lon="120.896017961">
        <ele>5.2</ele>
        <time>2026-09-17T14:57:54+0800</time>
        <extensions>
          <gpxtpx:TrackPointExtension>
            <gpxtpx:hr>156</gpxtpx:hr>
            <gpxtpx:cad>89</gpxtpx:cad>
          </gpxtpx:TrackPointExtension>
        </extensions>
      </trkpt>
      <trkpt lat="32.0173931401" lon="120.896016117">
        <ele>5.0</ele>
        <time>2026-09-17T14:57:55+0800</time>
        <extensions>
          <gpxtpx:TrackPointExtension>
            <gpxtpx:hr>156</gpxtpx:hr>
            <gpxtpx:cad>89</gpxtpx:cad>
          </gpxtpx:TrackPointExtension>
        </extensions>
      </trkpt>
      <trkpt lat="32.0174259972" lon="120.896030366">
        <ele>5.0</ele>
        <time>2026-09-17T14:57:56+0800</time>
        <extensions>
          <gpxtpx:TrackPointExtension>
            <gpxtpx:hr>156</gpxtpx:hr>
            <gpxtpx:cad>87</gpxtpx:cad>
          </gpxtpx:TrackPointExtension>
        </extensions>
      </trkpt>
      <trkpt lat="32.0174512267" lon="120.896030702">
        <ele>5.2</ele>
        <time>2026-09-17T14:57:57+0800</time>
        <extensions>
          <gpxtpx:TrackPointExtension>
            <gpxtpx:hr>157</gpxtpx:hr>
            <gpxtpx:cad>87</gpxtpx:cad>
          </gpxtpx:TrackPointExtension>
        </extensions>
      </trkpt>
      <trkpt lat="32.017487688" lon="120.896041514">
        <ele>5.2</ele>
        <time>2026-09-17T14:57:58+0800</time>
        <extensions>
          <gpxtpx:TrackPointExtension>
            <gpxtpx:hr>157</gpxtpx:hr>
            <gpxtpx:cad>87</gpxtpx:cad>
          </gpxtpx:TrackPointExtension>
        </extensions>
      </trkpt>
      <trkpt lat="32.0175152645" lon="120.896042855">
        <ele>5.2</ele>
        <time>2026-09-17T14:57:59+0800</time>
        <extensions>
          <gpxtpx:TrackPointExtension>
            <gpxtpx:hr>157</gpxtpx:hr>
            <gpxtpx:cad>88</gpxtpx:cad>
          </gpxtpx:TrackPointExtension>
        </extensions>
      </trkpt>
      <trkpt lat="32.0175508875" lon="120.896056434">
        <ele>5.2</ele>
        <time>2026-09-17T14:58:00+0800</time>
        <extensions>
          <gpxtpx:TrackPointExtension>
            <gpxtpx:hr>157</gpxtpx:hr>
            <gpxtpx:cad>88</gpxtpx:cad>
          </gpxtpx:TrackPointExtension>
        </extensions>
      </trkpt>
      <trkpt lat="32.0175765362" lon="120.896050986">
        <ele>5.2</ele>
        <time>2026-09-17T14:58:01+0800</time>
        <extensions>
          <gpxtpx:TrackPointExtension>
            <gpxtpx:hr>157</gpxtpx:hr>
            <gpxtpx:cad>88</gpxtpx:cad>
          </gpxtpx:TrackPointExtension>
        </extensions>
      </trkpt>
      <trkpt lat="32.0176140033" lon="120.896057105">
        <ele>5.2</ele>
        <time>2026-09-17T14:58:02+0800</time>
        <extensions>
          <gpxtpx:TrackPointExtension>
            <gpxtpx:hr>157</gpxtpx:hr>
            <gpxtpx:cad>88</gpxtpx:cad>
          </gpxtpx:TrackPointExtension>
        </extensions>
      </trkpt>
      <trkpt lat="32.017640993" lon="120.896060038">
        <ele>5.2</ele>
        <time>2026-09-17T14:58:03+0800</time>
        <extensions>
          <gpxtpx:TrackPointExtension>
            <gpxtpx:hr>158</gpxtpx:hr>
            <gpxtpx:cad>88</gpxtpx:cad>
          </gpxtpx:TrackPointExtension>
        </extensions>
      </trkpt>
      <trkpt lat="32.0176755264" lon="120.896067917">
        <ele>5.2</ele>
        <time>2026-09-17T14:58:04+0800</time>
        <extensions>
          <gpxtpx:TrackPointExtension>
            <gpxtpx:hr>157</gpxtpx:hr>
            <gpxtpx:cad>88</gpxtpx:cad>
          </gpxtpx:TrackPointExtension>
        </extensions>
      </trkpt>
      <trkpt lat="32.0177068748" lon="120.89607697">
        <ele>5.2</ele>
        <time>2026-09-17T14:58:05+0800</time>
        <extensions>
          <gpxtpx:TrackPointExtension>
            <gpxtpx:hr>158</gpxtpx:hr>
            <gpxtpx:cad>89</gpxtpx:cad>
          </gpxtpx:TrackPointExtension>
        </extensions>
      </trkpt>
      <trkpt lat="32.0177429169" lon="120.896095829">
        <ele>5.2</ele>
        <time>2026-09-17T14:58:06+0800</time>
        <extensions>
          <gpxtpx:TrackPointExtension>
            <gpxtpx:hr>158</gpxtpx:hr>
            <gpxtpx:cad>89</gpxtpx:cad>
          </gpxtpx:TrackPointExtension>
        </extensions>
      </trkpt>
      <trkpt lat="32.0177662186" lon="120.896119634">
        <ele>5.2</ele>
        <time>2026-09-17T14:58:07+0800</time>
        <extensions>
          <gpxtpx:TrackPointExtension>
            <gpxtpx:hr>158</gpxtpx:hr>
            <gpxtpx:cad>89</gpxtpx:cad>
          </gpxtpx:TrackPointExtension>
        </extensions>
      </trkpt>
      <trkpt lat="32.0177912805" lon="120.896151233">
        <ele>5.4</ele>
        <time>2026-09-17T14:58:08+0800</time>
        <extensions>
          <gpxtpx:TrackPointExtension>
            <gpxtpx:hr>157</gpxtpx:hr>
            <gpxtpx:cad>88</gpxtpx:cad>
          </gpxtpx:TrackPointExtension>
        </extensions>
      </trkpt>
      <trkpt lat="32.0178009197" lon="120.896187527">
        <ele>5.4</ele>
        <time>2026-09-17T14:58:09+0800</time>
        <extensions>
          <gpxtpx:TrackPointExtension>
            <gpxtpx:hr>158</gpxtpx:hr>
            <gpxtpx:cad>88</gpxtpx:cad>
          </gpxtpx:TrackPointExtension>
        </extensions>
      </trkpt>
      <trkpt lat="32.0178071223" lon="120.896228682">
        <ele>5.4</ele>
        <time>2026-09-17T14:58:10+0800</time>
        <extensions>
          <gpxtpx:TrackPointExtension>
            <gpxtpx:hr>158</gpxtpx:hr>
            <gpxtpx:cad>88</gpxtpx:cad>
          </gpxtpx:TrackPointExtension>
        </extensions>
      </trkpt>
      <trkpt lat="32.0177987404" lon="120.896269334">
        <ele>5.4</ele>
        <time>2026-09-17T14:58:11+0800</time>
        <extensions>
          <gpxtpx:TrackPointExtension>
            <gpxtpx:hr>158</gpxtpx:hr>
            <gpxtpx:cad>88</gpxtpx:cad>
          </gpxtpx:TrackPointExtension>
        </extensions>
      </trkpt>
      <trkpt lat="32.0177965611" lon="120.896306047">
        <ele>5.4</ele>
        <time>2026-09-17T14:58:12+0800</time>
        <extensions>
          <gpxtpx:TrackPointExtension>
            <gpxtpx:hr>157</gpxtpx:hr>
            <gpxtpx:cad>88</gpxtpx:cad>
          </gpxtpx:TrackPointExtension>
        </extensions>
      </trkpt>
      <trkpt lat="32.0177812222" lon="120.896344017">
        <ele>5.4</ele>
        <time>2026-09-17T14:58:13+0800</time>
        <extensions>
          <gpxtpx:TrackPointExtension>
            <gpxtpx:hr>158</gpxtpx:hr>
            <gpxtpx:cad>88</gpxtpx:cad>
          </gpxtpx:TrackPointExtension>
        </extensions>
      </trkpt>
      <trkpt lat="32.0177789591" lon="120.896373689">
        <ele>5.4</ele>
        <time>2026-09-17T14:58:14+0800</time>
        <extensions>
          <gpxtpx:TrackPointExtension>
            <gpxtpx:hr>158</gpxtpx:hr>
            <gpxtpx:cad>88</gpxtpx:cad>
          </gpxtpx:TrackPointExtension>
        </extensions>
      </trkpt>
      <trkpt lat="32.017764207" lon="120.896415431">
        <ele>5.4</ele>
        <time>2026-09-17T14:58:15+0800</time>
        <extensions>
          <gpxtpx:TrackPointExtension>
            <gpxtpx:hr>158</gpxtpx:hr>
            <gpxtpx:cad>88</gpxtpx:cad>
          </gpxtpx:TrackPointExtension>
        </extensions>
      </trkpt>
      <trkpt lat="32.0177631173" lon="120.896445941">
        <ele>5.2</ele>
        <time>2026-09-17T14:58:16+0800</time>
        <extensions>
          <gpxtpx:TrackPointExtension>
            <gpxtpx:hr>157</gpxtpx:hr>
            <gpxtpx:cad>88</gpxtpx:cad>
          </gpxtpx:TrackPointExtension>
        </extensions>
      </trkpt>
      <trkpt lat="32.0177506283" lon="120.896487515">
        <ele>5.2</ele>
        <time>2026-09-17T14:58:17+0800</time>
        <extensions>
          <gpxtpx:TrackPointExtension>
            <gpxtpx:hr>158</gpxtpx:hr>
            <gpxtpx:cad>88</gpxtpx:cad>
          </gpxtpx:TrackPointExtension>
        </extensions>
      </trkpt>
      <trkpt lat="32.0177505445" lon="120.896518528">
        <ele>5.2</ele>
        <time>2026-09-17T14:58:18+0800</time>
        <extensions>
          <gpxtpx:TrackPointExtension>
            <gpxtpx:hr>158</gpxtpx:hr>
            <gpxtpx:cad>88</gpxtpx:cad>
          </gpxtpx:TrackPointExtension>
        </extensions>
      </trkpt>
      <trkpt lat="32.0177397318" lon="120.89656245">
        <ele>5.0</ele>
        <time>2026-09-17T14:58:19+0800</time>
        <extensions>
          <gpxtpx:TrackPointExtension>
            <gpxtpx:hr>157</gpxtpx:hr>
            <gpxtpx:cad>88</gpxtpx:cad>
          </gpxtpx:TrackPointExtension>
        </extensions>
      </trkpt>
      <trkpt lat="32.0177339483" lon="120.896591954">
        <ele>5.2</ele>
        <time>2026-09-17T14:58:20+0800</time>
        <extensions>
          <gpxtpx:TrackPointExtension>
            <gpxtpx:hr>158</gpxtpx:hr>
            <gpxtpx:cad>88</gpxtpx:cad>
          </gpxtpx:TrackPointExtension>
        </extensions>
      </trkpt>
      <trkpt lat="32.0177209564" lon="120.896633193">
        <ele>5.2</ele>
        <time>2026-09-17T14:58:21+0800</time>
        <extensions>
          <gpxtpx:TrackPointExtension>
            <gpxtpx:hr>158</gpxtpx:hr>
            <gpxtpx:cad>88</gpxtpx:cad>
          </gpxtpx:TrackPointExtension>
        </extensions>
      </trkpt>
      <trkpt lat="32.0177143347" lon="120.896658087">
        <ele>5.2</ele>
        <time>2026-09-17T14:58:22+0800</time>
        <extensions>
          <gpxtpx:TrackPointExtension>
            <gpxtpx:hr>158</gpxtpx:hr>
            <gpxtpx:cad>89</gpxtpx:cad>
          </gpxtpx:TrackPointExtension>
        </extensions>
      </trkpt>
      <trkpt lat="32.0176994987" lon="120.896701505">
        <ele>5.2</ele>
        <time>2026-09-17T14:58:23+0800</time>
        <extensions>
          <gpxtpx:TrackPointExtension>
            <gpxtpx:hr>158</gpxtpx:hr>
            <gpxtpx:cad>89</gpxtpx:cad>
          </gpxtpx:TrackPointExtension>
        </extensions>
      </trkpt>
      <trkpt lat="32.0176912006" lon="120.896731932">
        <ele>5.2</ele>
        <time>2026-09-17T14:58:24+0800</time>
        <extensions>
          <gpxtpx:TrackPointExtension>
            <gpxtpx:hr>159</gpxtpx:hr>
            <gpxtpx:cad>89</gpxtpx:cad>
          </gpxtpx:TrackPointExtension>
        </extensions>
      </trkpt>
      <trkpt lat="32.0176795498" lon="120.8967725">
        <ele>5.0</ele>
        <time>2026-09-17T14:58:25+0800</time>
        <extensions>
          <gpxtpx:TrackPointExtension>
            <gpxtpx:hr>159</gpxtpx:hr>
            <gpxtpx:cad>88</gpxtpx:cad>
          </gpxtpx:TrackPointExtension>
        </extensions>
      </trkpt>
      <trkpt lat="32.0176706649" lon="120.896807117">
        <ele>5.0</ele>
        <time>2026-09-17T14:58:26+0800</time>
        <extensions>
          <gpxtpx:TrackPointExtension>
            <gpxtpx:hr>159</gpxtpx:hr>
            <gpxtpx:cad>88</gpxtpx:cad>
          </gpxtpx:TrackPointExtension>
        </extensions>
      </trkpt>
      <trkpt lat="32.0176587626" lon="120.896848189">
        <ele>5.0</ele>
        <time>2026-09-17T14:58:27+0800</time>
        <extensions>
          <gpxtpx:TrackPointExtension>
            <gpxtpx:hr>159</gpxtpx:hr>
            <gpxtpx:cad>88</gpxtpx:cad>
          </gpxtpx:TrackPointExtension>
        </extensions>
      </trkpt>
      <trkpt lat="32.0176532306" lon="120.896879537">
        <ele>5.0</ele>
        <time>2026-09-17T14:58:28+0800</time>
        <extensions>
          <gpxtpx:TrackPointExtension>
            <gpxtpx:hr>160</gpxtpx:hr>
            <gpxtpx:cad>88</gpxtpx:cad>
          </gpxtpx:TrackPointExtension>
        </extensions>
      </trkpt>
      <trkpt lat="32.017643759" lon="120.896916837">
        <ele>5.2</ele>
        <time>2026-09-17T14:58:29+0800</time>
        <extensions>
          <gpxtpx:TrackPointExtension>
            <gpxtpx:hr>160</gpxtpx:hr>
            <gpxtpx:cad>89</gpxtpx:cad>
          </gpxtpx:TrackPointExtension>
        </extensions>
      </trkpt>
      <trkpt lat="32.0176388975" lon="120.896945">
        <ele>5.2</ele>
        <time>2026-09-17T14:58:30+0800</time>
        <extensions>
          <gpxtpx:TrackPointExtension>
            <gpxtpx:hr>160</gpxtpx:hr>
            <gpxtpx:cad>89</gpxtpx:cad>
          </gpxtpx:TrackPointExtension>
        </extensions>
      </trkpt>
      <trkpt lat="32.0176289231" lon="120.896983724">
        <ele>5.2</ele>
        <time>2026-09-17T14:58:31+0800</time>
        <extensions>
          <gpxtpx:TrackPointExtension>
            <gpxtpx:hr>161</gpxtpx:hr>
            <gpxtpx:cad>89</gpxtpx:cad>
          </gpxtpx:TrackPointExtension>
        </extensions>
      </trkpt>
      <trkpt lat="32.0176250674" lon="120.897014653">
        <ele>5.2</ele>
        <time>2026-09-17T14:58:32+0800</time>
        <extensions>
          <gpxtpx:TrackPointExtension>
            <gpxtpx:hr>161</gpxtpx:hr>
            <gpxtpx:cad>89</gpxtpx:cad>
          </gpxtpx:TrackPointExtension>
        </extensions>
      </trkpt>
      <trkpt lat="32.0176146738" lon="120.897054132">
        <ele>5.2</ele>
        <time>2026-09-17T14:58:33+0800</time>
        <extensions>
          <gpxtpx:TrackPointExtension>
            <gpxtpx:hr>161</gpxtpx:hr>
            <gpxtpx:cad>89</gpxtpx:cad>
          </gpxtpx:TrackPointExtension>
        </extensions>
      </trkpt>
      <trkpt lat="32.0176034421" lon="120.897085061">
        <ele>5.0</ele>
        <time>2026-09-17T14:58:34+0800</time>
        <extensions>
          <gpxtpx:TrackPointExtension>
            <gpxtpx:hr>160</gpxtpx:hr>
            <gpxtpx:cad>89</gpxtpx:cad>
          </gpxtpx:TrackPointExtension>
        </extensions>
      </trkpt>
      <trkpt lat="32.0175959822" lon="120.897124875">
        <ele>5.0</ele>
        <time>2026-09-17T14:58:35+0800</time>
        <extensions>
          <gpxtpx:TrackPointExtension>
            <gpxtpx:hr>161</gpxtpx:hr>
            <gpxtpx:cad>89</gpxtpx:cad>
          </gpxtpx:TrackPointExtension>
        </extensions>
      </trkpt>
      <trkpt lat="32.0175850857" lon="120.897156391">
        <ele>5.0</ele>
        <time>2026-09-17T14:58:36+0800</time>
        <extensions>
          <gpxtpx:TrackPointExtension>
            <gpxtpx:hr>161</gpxtpx:hr>
            <gpxtpx:cad>89</gpxtpx:cad>
          </gpxtpx:TrackPointExtension>
        </extensions>
      </trkpt>
      <trkpt lat="32.0175813138" lon="120.897190087">
        <ele>5.0</ele>
        <time>2026-09-17T14:58:37+0800</time>
        <extensions>
          <gpxtpx:TrackPointExtension>
            <gpxtpx:hr>160</gpxtpx:hr>
            <gpxtpx:cad>90</gpxtpx:cad>
          </gpxtpx:TrackPointExtension>
        </extensions>
      </trkpt>
      <trkpt lat="32.0175736863" lon="120.897226129">
        <ele>5.2</ele>
        <time>2026-09-17T14:58:38+0800</time>
        <extensions>
          <gpxtpx:TrackPointExtension>
            <gpxtpx:hr>161</gpxtpx:hr>
            <gpxtpx:cad>90</gpxtpx:cad>
          </gpxtpx:TrackPointExtension>
        </extensions>
      </trkpt>
      <trkpt lat="32.0175688248" lon="120.897261249">
        <ele>5.0</ele>
        <time>2026-09-17T14:58:39+0800</time>
        <extensions>
          <gpxtpx:TrackPointExtension>
            <gpxtpx:hr>161</gpxtpx:hr>
            <gpxtpx:cad>89</gpxtpx:cad>
          </gpxtpx:TrackPointExtension>
        </extensions>
      </trkpt>
      <trkpt lat="32.0175582636" lon="120.897298297">
        <ele>5.0</ele>
        <time>2026-09-17T14:58:40+0800</time>
        <extensions>
          <gpxtpx:TrackPointExtension>
            <gpxtpx:hr>161</gpxtpx:hr>
            <gpxtpx:cad>89</gpxtpx:cad>
          </gpxtpx:TrackPointExtension>
        </extensions>
      </trkpt>
      <trkpt lat="32.0175575931" lon="120.897330735">
        <ele>5.0</ele>
        <time>2026-09-17T14:58:41+0800</time>
        <extensions>
          <gpxtpx:TrackPointExtension>
            <gpxtpx:hr>161</gpxtpx:hr>
            <gpxtpx:cad>89</gpxtpx:cad>
          </gpxtpx:TrackPointExtension>
        </extensions>
      </trkpt>
      <trkpt lat="32.0175478701" lon="120.897367364">
        <ele>5.0</ele>
        <time>2026-09-17T14:58:42+0800</time>
        <extensions>
          <gpxtpx:TrackPointExtension>
            <gpxtpx:hr>160</gpxtpx:hr>
            <gpxtpx:cad>88</gpxtpx:cad>
          </gpxtpx:TrackPointExtension>
        </extensions>
      </trkpt>
      <trkpt lat="32.0175462775" lon="120.89739712">
        <ele>5.0</ele>
        <time>2026-09-17T14:58:43+0800</time>
        <extensions>
          <gpxtpx:TrackPointExtension>
            <gpxtpx:hr>161</gpxtpx:hr>
            <gpxtpx:cad>88</gpxtpx:cad>
          </gpxtpx:TrackPointExtension>
        </extensions>
      </trkpt>
      <trkpt lat="32.0175340399" lon="120.897435844">
        <ele>5.0</ele>
        <time>2026-09-17T14:58:44+0800</time>
        <extensions>
          <gpxtpx:TrackPointExtension>
            <gpxtpx:hr>161</gpxtpx:hr>
            <gpxtpx:cad>88</gpxtpx:cad>
          </gpxtpx:TrackPointExtension>
        </extensions>
      </trkpt>
      <trkpt lat="32.0175305195" lon="120.89746736">
        <ele>5.0</ele>
        <time>2026-09-17T14:58:45+0800</time>
        <extensions>
          <gpxtpx:TrackPointExtension>
            <gpxtpx:hr>160</gpxtpx:hr>
            <gpxtpx:cad>88</gpxtpx:cad>
          </gpxtpx:TrackPointExtension>
        </extensions>
      </trkpt>
      <trkpt lat="32.0175190363" lon="120.897505078">
        <ele>5.0</ele>
        <time>2026-09-17T14:58:46+0800</time>
        <extensions>
          <gpxtpx:TrackPointExtension>
            <gpxtpx:hr>161</gpxtpx:hr>
            <gpxtpx:cad>88</gpxtpx:cad>
          </gpxtpx:TrackPointExtension>
        </extensions>
      </trkpt>
      <trkpt lat="32.0175174437" lon="120.897538187">
        <ele>5.0</ele>
        <time>2026-09-17T14:58:47+0800</time>
        <extensions>
          <gpxtpx:TrackPointExtension>
            <gpxtpx:hr>161</gpxtpx:hr>
            <gpxtpx:cad>89</gpxtpx:cad>
          </gpxtpx:TrackPointExtension>
        </extensions>
      </trkpt>
      <trkpt lat="32.0175083075" lon="120.897581689">
        <ele>5.0</ele>
        <time>2026-09-17T14:58:48+0800</time>
        <extensions>
          <gpxtpx:TrackPointExtension>
            <gpxtpx:hr>160</gpxtpx:hr>
            <gpxtpx:cad>90</gpxtpx:cad>
          </gpxtpx:TrackPointExtension>
        </extensions>
      </trkpt>
      <trkpt lat="32.0175047033" lon="120.897604991">
        <ele>5.0</ele>
        <time>2026-09-17T14:58:49+0800</time>
        <extensions>
          <gpxtpx:TrackPointExtension>
            <gpxtpx:hr>161</gpxtpx:hr>
            <gpxtpx:cad>90</gpxtpx:cad>
          </gpxtpx:TrackPointExtension>
        </extensions>
      </trkpt>
      <trkpt lat="32.0175016858" lon="120.897638099">
        <ele>5.0</ele>
        <time>2026-09-17T14:58:50+0800</time>
        <extensions>
          <gpxtpx:TrackPointExtension>
            <gpxtpx:hr>161</gpxtpx:hr>
            <gpxtpx:cad>89</gpxtpx:cad>
          </gpxtpx:TrackPointExtension>
        </extensions>
      </trkpt>
      <trkpt lat="32.0175026078" lon="120.897665508">
        <ele>5.0</ele>
        <time>2026-09-17T14:58:51+0800</time>
        <extensions>
          <gpxtpx:TrackPointExtension>
            <gpxtpx:hr>160</gpxtpx:hr>
            <gpxtpx:cad>88</gpxtpx:cad>
          </gpxtpx:TrackPointExtension>
        </extensions>
      </trkpt>
      <trkpt lat="32.0174949802" lon="120.897706915">
        <ele>5.0</ele>
        <time>2026-09-17T14:58:52+0800</time>
        <extensions>
          <gpxtpx:TrackPointExtension>
            <gpxtpx:hr>161</gpxtpx:hr>
            <gpxtpx:cad>88</gpxtpx:cad>
          </gpxtpx:TrackPointExtension>
        </extensions>
      </trkpt>
      <trkpt lat="32.0174863469" lon="120.89773667">
        <ele>5.0</ele>
        <time>2026-09-17T14:58:53+0800</time>
        <extensions>
          <gpxtpx:TrackPointExtension>
            <gpxtpx:hr>161</gpxtpx:hr>
            <gpxtpx:cad>88</gpxtpx:cad>
          </gpxtpx:TrackPointExtension>
        </extensions>
      </trkpt>
      <trkpt lat="32.017476121" lon="120.897778077">
        <ele>5.0</ele>
        <time>2026-09-17T14:58:54+0800</time>
        <extensions>
          <gpxtpx:TrackPointExtension>
            <gpxtpx:hr>160</gpxtpx:hr>
            <gpxtpx:cad>88</gpxtpx:cad>
          </gpxtpx:TrackPointExtension>
        </extensions>
      </trkpt>
      <trkpt lat="32.0174639672" lon="120.897806659">
        <ele>5.0</ele>
        <time>2026-09-17T14:58:55+0800</time>
        <extensions>
          <gpxtpx:TrackPointExtension>
            <gpxtpx:hr>161</gpxtpx:hr>
            <gpxtpx:cad>89</gpxtpx:cad>
          </gpxtpx:TrackPointExtension>
        </extensions>
      </trkpt>
      <trkpt lat="32.0174538251" lon="120.89784639">
        <ele>5.0</ele>
        <time>2026-09-17T14:58:56+0800</time>
        <extensions>
          <gpxtpx:TrackPointExtension>
            <gpxtpx:hr>161</gpxtpx:hr>
            <gpxtpx:cad>89</gpxtpx:cad>
          </gpxtpx:TrackPointExtension>
        </extensions>
      </trkpt>
      <trkpt lat="32.0174445212" lon="120.897877906">
        <ele>5.0</ele>
        <time>2026-09-17T14:58:57+0800</time>
        <extensions>
          <gpxtpx:TrackPointExtension>
            <gpxtpx:hr>160</gpxtpx:hr>
            <gpxtpx:cad>89</gpxtpx:cad>
          </gpxtpx:TrackPointExtension>
        </extensions>
      </trkpt>
      <trkpt lat="32.0174327865" lon="120.897918474">
        <ele>5.0</ele>
        <time>2026-09-17T14:58:58+0800</time>
        <extensions>
          <gpxtpx:TrackPointExtension>
            <gpxtpx:hr>161</gpxtpx:hr>
            <gpxtpx:cad>89</gpxtpx:cad>
          </gpxtpx:TrackPointExtension>
        </extensions>
      </trkpt>
      <trkpt lat="32.0174212195" lon="120.897947475">
        <ele>5.0</ele>
        <time>2026-09-17T14:58:59+0800</time>
        <extensions>
          <gpxtpx:TrackPointExtension>
            <gpxtpx:hr>160</gpxtpx:hr>
            <gpxtpx:cad>89</gpxtpx:cad>
          </gpxtpx:TrackPointExtension>
        </extensions>
      </trkpt>
      <trkpt lat="32.0174137596" lon="120.897984859">
        <ele>5.0</ele>
        <time>2026-09-17T14:59:00+0800</time>
        <extensions>
          <gpxtpx:TrackPointExtension>
            <gpxtpx:hr>160</gpxtpx:hr>
            <gpxtpx:cad>88</gpxtpx:cad>
          </gpxtpx:TrackPointExtension>
        </extensions>
      </trkpt>
      <trkpt lat="32.0174031146" lon="120.89801495">
        <ele>5.0</ele>
        <time>2026-09-17T14:59:01+0800</time>
        <extensions>
          <gpxtpx:TrackPointExtension>
            <gpxtpx:hr>160</gpxtpx:hr>
            <gpxtpx:cad>88</gpxtpx:cad>
          </gpxtpx:TrackPointExtension>
        </extensions>
      </trkpt>
      <trkpt lat="32.0173972473" lon="120.898053087">
        <ele>5.0</ele>
        <time>2026-09-17T14:59:02+0800</time>
        <extensions>
          <gpxtpx:TrackPointExtension>
            <gpxtpx:hr>161</gpxtpx:hr>
            <gpxtpx:cad>88</gpxtpx:cad>
          </gpxtpx:TrackPointExtension>
        </extensions>
      </trkpt>
      <trkpt lat="32.0173880272" lon="120.898087956">
        <ele>5.0</ele>
        <time>2026-09-17T14:59:03+0800</time>
        <extensions>
          <gpxtpx:TrackPointExtension>
            <gpxtpx:hr>161</gpxtpx:hr>
            <gpxtpx:cad>88</gpxtpx:cad>
          </gpxtpx:TrackPointExtension>
        </extensions>
      </trkpt>
      <trkpt lat="32.0173843391" lon="120.898123579">
        <ele>5.0</ele>
        <time>2026-09-17T14:59:04+0800</time>
        <extensions>
          <gpxtpx:TrackPointExtension>
            <gpxtpx:hr>161</gpxtpx:hr>
            <gpxtpx:cad>88</gpxtpx:cad>
          </gpxtpx:TrackPointExtension>
        </extensions>
      </trkpt>
      <trkpt lat="32.0173772145" lon="120.898159789">
        <ele>5.0</ele>
        <time>2026-09-17T14:59:05+0800</time>
        <extensions>
          <gpxtpx:TrackPointExtension>
            <gpxtpx:hr>161</gpxtpx:hr>
            <gpxtpx:cad>88</gpxtpx:cad>
          </gpxtpx:TrackPointExtension>
        </extensions>
      </trkpt>
      <trkpt lat="32.0173761249" lon="120.898195663">
        <ele>5.0</ele>
        <time>2026-09-17T14:59:06+0800</time>
        <extensions>
          <gpxtpx:TrackPointExtension>
            <gpxtpx:hr>160</gpxtpx:hr>
            <gpxtpx:cad>89</gpxtpx:cad>
          </gpxtpx:TrackPointExtension>
        </extensions>
      </trkpt>
      <trkpt lat="32.0173684973" lon="120.898228269">
        <ele>5.0</ele>
        <time>2026-09-17T14:59:07+0800</time>
        <extensions>
          <gpxtpx:TrackPointExtension>
            <gpxtpx:hr>160</gpxtpx:hr>
            <gpxtpx:cad>89</gpxtpx:cad>
          </gpxtpx:TrackPointExtension>
        </extensions>
      </trkpt>
      <trkpt lat="32.0173648093" lon="120.898258444">
        <ele>5.0</ele>
        <time>2026-09-17T14:59:08+0800</time>
        <extensions>
          <gpxtpx:TrackPointExtension>
            <gpxtpx:hr>160</gpxtpx:hr>
            <gpxtpx:cad>89</gpxtpx:cad>
          </gpxtpx:TrackPointExtension>
        </extensions>
      </trkpt>
      <trkpt lat="32.0173600316" lon="120.898293732">
        <ele>5.2</ele>
        <time>2026-09-17T14:59:09+0800</time>
        <extensions>
          <gpxtpx:TrackPointExtension>
            <gpxtpx:hr>160</gpxtpx:hr>
            <gpxtpx:cad>89</gpxtpx:cad>
          </gpxtpx:TrackPointExtension>
        </extensions>
      </trkpt>
      <trkpt lat="32.0173567627" lon="120.898323571">
        <ele>5.2</ele>
        <time>2026-09-17T14:59:10+0800</time>
        <extensions>
          <gpxtpx:TrackPointExtension>
            <gpxtpx:hr>160</gpxtpx:hr>
            <gpxtpx:cad>89</gpxtpx:cad>
          </gpxtpx:TrackPointExtension>
        </extensions>
      </trkpt>
      <trkpt lat="32.0173503086" lon="120.89836238">
        <ele>5.2</ele>
        <time>2026-09-17T14:59:11+0800</time>
        <extensions>
          <gpxtpx:TrackPointExtension>
            <gpxtpx:hr>160</gpxtpx:hr>
            <gpxtpx:cad>89</gpxtpx:cad>
          </gpxtpx:TrackPointExtension>
        </extensions>
      </trkpt>
      <trkpt lat="32.0173483808" lon="120.898391549">
        <ele>5.4</ele>
        <time>2026-09-17T14:59:12+0800</time>
        <extensions>
          <gpxtpx:TrackPointExtension>
            <gpxtpx:hr>160</gpxtpx:hr>
            <gpxtpx:cad>88</gpxtpx:cad>
          </gpxtpx:TrackPointExtension>
        </extensions>
      </trkpt>
      <trkpt lat="32.0173398312" lon="120.898428513">
        <ele>5.4</ele>
        <time>2026-09-17T14:59:13+0800</time>
        <extensions>
          <gpxtpx:TrackPointExtension>
            <gpxtpx:hr>161</gpxtpx:hr>
            <gpxtpx:cad>88</gpxtpx:cad>
          </gpxtpx:TrackPointExtension>
        </extensions>
      </trkpt>
      <trkpt lat="32.0173374005" lon="120.898454916">
        <ele>5.4</ele>
        <time>2026-09-17T14:59:14+0800</time>
        <extensions>
          <gpxtpx:TrackPointExtension>
            <gpxtpx:hr>160</gpxtpx:hr>
            <gpxtpx:cad>88</gpxtpx:cad>
          </gpxtpx:TrackPointExtension>
        </extensions>
      </trkpt>
      <trkpt lat="32.0173257496" lon="120.898492634">
        <ele>5.4</ele>
        <time>2026-09-17T14:59:15+0800</time>
        <extensions>
          <gpxtpx:TrackPointExtension>
            <gpxtpx:hr>160</gpxtpx:hr>
            <gpxtpx:cad>88</gpxtpx:cad>
          </gpxtpx:TrackPointExtension>
        </extensions>
      </trkpt>
      <trkpt lat="32.0173245762" lon="120.898516858">
        <ele>5.4</ele>
        <time>2026-09-17T14:59:16+0800</time>
        <extensions>
          <gpxtpx:TrackPointExtension>
            <gpxtpx:hr>161</gpxtpx:hr>
            <gpxtpx:cad>88</gpxtpx:cad>
          </gpxtpx:TrackPointExtension>
        </extensions>
      </trkpt>
      <trkpt lat="32.0173161104" lon="120.898562456">
        <ele>5.4</ele>
        <time>2026-09-17T14:59:17+0800</time>
        <extensions>
          <gpxtpx:TrackPointExtension>
            <gpxtpx:hr>160</gpxtpx:hr>
            <gpxtpx:cad>89</gpxtpx:cad>
          </gpxtpx:TrackPointExtension>
        </extensions>
      </trkpt>
      <trkpt lat="32.0173045434" lon="120.898598162">
        <ele>5.4</ele>
        <time>2026-09-17T14:59:18+0800</time>
        <extensions>
          <gpxtpx:TrackPointExtension>
            <gpxtpx:hr>160</gpxtpx:hr>
            <gpxtpx:cad>89</gpxtpx:cad>
          </gpxtpx:TrackPointExtension>
        </extensions>
      </trkpt>
      <trkpt lat="32.0172846783" lon="120.898632193">
        <ele>5.4</ele>
        <time>2026-09-17T14:59:19+0800</time>
        <extensions>
          <gpxtpx:TrackPointExtension>
            <gpxtpx:hr>161</gpxtpx:hr>
            <gpxtpx:cad>89</gpxtpx:cad>
          </gpxtpx:TrackPointExtension>
        </extensions>
      </trkpt>
      <trkpt lat="32.0172653999" lon="120.898659183">
        <ele>5.4</ele>
        <time>2026-09-17T14:59:20+0800</time>
        <extensions>
          <gpxtpx:TrackPointExtension>
            <gpxtpx:hr>160</gpxtpx:hr>
            <gpxtpx:cad>89</gpxtpx:cad>
          </gpxtpx:TrackPointExtension>
        </extensions>
      </trkpt>
      <trkpt lat="32.01724126" lon="120.89868458">
        <ele>5.4</ele>
        <time>2026-09-17T14:59:21+0800</time>
        <extensions>
          <gpxtpx:TrackPointExtension>
            <gpxtpx:hr>160</gpxtpx:hr>
            <gpxtpx:cad>89</gpxtpx:cad>
          </gpxtpx:TrackPointExtension>
        </extensions>
      </trkpt>
      <trkpt lat="32.0172202215" lon="120.89869556">
        <ele>5.4</ele>
        <time>2026-09-17T14:59:22+0800</time>
        <extensions>
          <gpxtpx:TrackPointExtension>
            <gpxtpx:hr>161</gpxtpx:hr>
            <gpxtpx:cad>88</gpxtpx:cad>
          </gpxtpx:TrackPointExtension>
        </extensions>
      </trkpt>
      <trkpt lat="32.0171933156" lon="120.89870193">
        <ele>5.4</ele>
        <time>2026-09-17T14:59:23+0800</time>
        <extensions>
          <gpxtpx:TrackPointExtension>
            <gpxtpx:hr>160</gpxtpx:hr>
            <gpxtpx:cad>88</gpxtpx:cad>
          </gpxtpx:TrackPointExtension>
        </extensions>
      </trkpt>
      <trkpt lat="32.0171720255" lon="120.898699919">
        <ele>5.4</ele>
        <time>2026-09-17T14:59:24+0800</time>
        <extensions>
          <gpxtpx:TrackPointExtension>
            <gpxtpx:hr>161</gpxtpx:hr>
            <gpxtpx:cad>88</gpxtpx:cad>
          </gpxtpx:TrackPointExtension>
        </extensions>
      </trkpt>
      <trkpt lat="32.017143527" lon="120.898693129">
        <ele>5.4</ele>
        <time>2026-09-17T14:59:25+0800</time>
        <extensions>
          <gpxtpx:TrackPointExtension>
            <gpxtpx:hr>161</gpxtpx:hr>
            <gpxtpx:cad>88</gpxtpx:cad>
          </gpxtpx:TrackPointExtension>
        </extensions>
      </trkpt>
      <trkpt lat="32.0171172917" lon="120.898674186">
        <ele>5.4</ele>
        <time>2026-09-17T14:59:26+0800</time>
        <extensions>
          <gpxtpx:TrackPointExtension>
            <gpxtpx:hr>162</gpxtpx:hr>
            <gpxtpx:cad>88</gpxtpx:cad>
          </gpxtpx:TrackPointExtension>
        </extensions>
      </trkpt>
      <trkpt lat="32.0170892961" lon="120.898665134">
        <ele>5.4</ele>
        <time>2026-09-17T14:59:27+0800</time>
        <extensions>
          <gpxtpx:TrackPointExtension>
            <gpxtpx:hr>162</gpxtpx:hr>
            <gpxtpx:cad>87</gpxtpx:cad>
          </gpxtpx:TrackPointExtension>
        </extensions>
      </trkpt>
      <trkpt lat="32.0170603786" lon="120.898648957">
        <ele>5.4</ele>
        <time>2026-09-17T14:59:28+0800</time>
        <extensions>
          <gpxtpx:TrackPointExtension>
            <gpxtpx:hr>162</gpxtpx:hr>
            <gpxtpx:cad>88</gpxtpx:cad>
          </gpxtpx:TrackPointExtension>
        </extensions>
      </trkpt>
      <trkpt lat="32.0170310419" lon="120.898643006">
        <ele>5.4</ele>
        <time>2026-09-17T14:59:29+0800</time>
        <extensions>
          <gpxtpx:TrackPointExtension>
            <gpxtpx:hr>162</gpxtpx:hr>
            <gpxtpx:cad>88</gpxtpx:cad>
          </gpxtpx:TrackPointExtension>
        </extensions>
      </trkpt>
      <trkpt lat="32.0170008671" lon="120.898628002">
        <ele>5.4</ele>
        <time>2026-09-17T14:59:30+0800</time>
        <extensions>
          <gpxtpx:TrackPointExtension>
            <gpxtpx:hr>162</gpxtpx:hr>
            <gpxtpx:cad>88</gpxtpx:cad>
          </gpxtpx:TrackPointExtension>
        </extensions>
      </trkpt>
      <trkpt lat="32.0169717818" lon="120.898621297">
        <ele>5.2</ele>
        <time>2026-09-17T14:59:31+0800</time>
        <extensions>
          <gpxtpx:TrackPointExtension>
            <gpxtpx:hr>162</gpxtpx:hr>
            <gpxtpx:cad>88</gpxtpx:cad>
          </gpxtpx:TrackPointExtension>
        </extensions>
      </trkpt>
      <trkpt lat="32.0169437863" lon="120.898603862">
        <ele>5.2</ele>
        <time>2026-09-17T14:59:32+0800</time>
        <extensions>
          <gpxtpx:TrackPointExtension>
            <gpxtpx:hr>162</gpxtpx:hr>
            <gpxtpx:cad>88</gpxtpx:cad>
          </gpxtpx:TrackPointExtension>
        </extensions>
      </trkpt>
      <trkpt lat="32.0169153716" lon="120.898595229">
        <ele>5.2</ele>
        <time>2026-09-17T14:59:33+0800</time>
        <extensions>
          <gpxtpx:TrackPointExtension>
            <gpxtpx:hr>162</gpxtpx:hr>
            <gpxtpx:cad>88</gpxtpx:cad>
          </gpxtpx:TrackPointExtension>
        </extensions>
      </trkpt>
      <trkpt lat="32.0168840233" lon="120.898580309">
        <ele>5.2</ele>
        <time>2026-09-17T14:59:34+0800</time>
        <extensions>
          <gpxtpx:TrackPointExtension>
            <gpxtpx:hr>162</gpxtpx:hr>
            <gpxtpx:cad>89</gpxtpx:cad>
          </gpxtpx:TrackPointExtension>
        </extensions>
      </trkpt>
      <trkpt lat="32.0168594643" lon="120.898575364">
        <ele>5.0</ele>
        <time>2026-09-17T14:59:35+0800</time>
        <extensions>
          <gpxtpx:TrackPointExtension>
            <gpxtpx:hr>162</gpxtpx:hr>
            <gpxtpx:cad>89</gpxtpx:cad>
          </gpxtpx:TrackPointExtension>
        </extensions>
      </trkpt>
      <trkpt lat="32.0168301277" lon="120.898558516">
        <ele>5.0</ele>
        <time>2026-09-17T14:59:36+0800</time>
        <extensions>
          <gpxtpx:TrackPointExtension>
            <gpxtpx:hr>161</gpxtpx:hr>
            <gpxtpx:cad>89</gpxtpx:cad>
          </gpxtpx:TrackPointExtension>
        </extensions>
      </trkpt>
      <trkpt lat="32.0168038085" lon="120.898554074">
        <ele>5.0</ele>
        <time>2026-09-17T14:59:37+0800</time>
        <extensions>
          <gpxtpx:TrackPointExtension>
            <gpxtpx:hr>162</gpxtpx:hr>
            <gpxtpx:cad>89</gpxtpx:cad>
          </gpxtpx:TrackPointExtension>
        </extensions>
      </trkpt>
      <trkpt lat="32.0167738013" lon="120.898544183">
        <ele>5.0</ele>
        <time>2026-09-17T14:59:38+0800</time>
        <extensions>
          <gpxtpx:TrackPointExtension>
            <gpxtpx:hr>162</gpxtpx:hr>
            <gpxtpx:cad>89</gpxtpx:cad>
          </gpxtpx:TrackPointExtension>
        </extensions>
      </trkpt>
      <trkpt lat="32.0167466439" lon="120.898536891">
        <ele>5.0</ele>
        <time>2026-09-17T14:59:39+0800</time>
        <extensions>
          <gpxtpx:TrackPointExtension>
            <gpxtpx:hr>162</gpxtpx:hr>
            <gpxtpx:cad>89</gpxtpx:cad>
          </gpxtpx:TrackPointExtension>
        </extensions>
      </trkpt>
      <trkpt lat="32.0167166367" lon="120.898520965">
        <ele>5.0</ele>
        <time>2026-09-17T14:59:40+0800</time>
        <extensions>
          <gpxtpx:TrackPointExtension>
            <gpxtpx:hr>162</gpxtpx:hr>
            <gpxtpx:cad>89</gpxtpx:cad>
          </gpxtpx:TrackPointExtension>
        </extensions>
      </trkpt>
      <trkpt lat="32.0166909043" lon="120.898512667">
        <ele>5.0</ele>
        <time>2026-09-17T14:59:41+0800</time>
        <extensions>
          <gpxtpx:TrackPointExtension>
            <gpxtpx:hr>162</gpxtpx:hr>
            <gpxtpx:cad>89</gpxtpx:cad>
          </gpxtpx:TrackPointExtension>
        </extensions>
      </trkpt>
      <trkpt lat="32.0166571252" lon="120.898500094">
        <ele>4.8</ele>
        <time>2026-09-17T14:59:42+0800</time>
        <extensions>
          <gpxtpx:TrackPointExtension>
            <gpxtpx:hr>162</gpxtpx:hr>
            <gpxtpx:cad>89</gpxtpx:cad>
          </gpxtpx:TrackPointExtension>
        </extensions>
      </trkpt>
      <trkpt lat="32.0166282915" lon="120.898494897">
        <ele>4.8</ele>
        <time>2026-09-17T14:59:43+0800</time>
        <extensions>
          <gpxtpx:TrackPointExtension>
            <gpxtpx:hr>162</gpxtpx:hr>
            <gpxtpx:cad>90</gpxtpx:cad>
          </gpxtpx:TrackPointExtension>
        </extensions>
      </trkpt>
      <trkpt lat="32.0165935066" lon="120.89848333">
        <ele>4.8</ele>
        <time>2026-09-17T14:59:44+0800</time>
        <extensions>
          <gpxtpx:TrackPointExtension>
            <gpxtpx:hr>162</gpxtpx:hr>
            <gpxtpx:cad>90</gpxtpx:cad>
          </gpxtpx:TrackPointExtension>
        </extensions>
      </trkpt>
      <trkpt lat="32.0165692829" lon="120.898480061">
        <ele>4.8</ele>
        <time>2026-09-17T14:59:45+0800</time>
        <extensions>
          <gpxtpx:TrackPointExtension>
            <gpxtpx:hr>162</gpxtpx:hr>
            <gpxtpx:cad>89</gpxtpx:cad>
          </gpxtpx:TrackPointExtension>
        </extensions>
      </trkpt>
      <trkpt lat="32.0165299717" lon="120.898467908">
        <ele>4.8</ele>
        <time>2026-09-17T14:59:46+0800</time>
        <extensions>
          <gpxtpx:TrackPointExtension>
            <gpxtpx:hr>162</gpxtpx:hr>
            <gpxtpx:cad>89</gpxtpx:cad>
          </gpxtpx:TrackPointExtension>
        </extensions>
      </trkpt>
      <trkpt lat="32.0165049937" lon="120.898464136">
        <ele>4.8</ele>
        <time>2026-09-17T14:59:47+0800</time>
        <extensions>
          <gpxtpx:TrackPointExtension>
            <gpxtpx:hr>162</gpxtpx:hr>
            <gpxtpx:cad>89</gpxtpx:cad>
          </gpxtpx:TrackPointExtension>
        </extensions>
      </trkpt>
      <trkpt lat="32.0164681133" lon="120.898456341">
        <ele>4.6</ele>
        <time>2026-09-17T14:59:48+0800</time>
        <extensions>
          <gpxtpx:TrackPointExtension>
            <gpxtpx:hr>161</gpxtpx:hr>
            <gpxtpx:cad>88</gpxtpx:cad>
          </gpxtpx:TrackPointExtension>
        </extensions>
      </trkpt>
      <trkpt lat="32.0164436381" lon="120.898451898">
        <ele>4.6</ele>
        <time>2026-09-17T14:59:49+0800</time>
        <extensions>
          <gpxtpx:TrackPointExtension>
            <gpxtpx:hr>161</gpxtpx:hr>
            <gpxtpx:cad>88</gpxtpx:cad>
          </gpxtpx:TrackPointExtension>
        </extensions>
      </trkpt>
      <trkpt lat="32.0164141338" lon="120.898443433">
        <ele>4.4</ele>
        <time>2026-09-17T14:59:50+0800</time>
        <extensions>
          <gpxtpx:TrackPointExtension>
            <gpxtpx:hr>161</gpxtpx:hr>
            <gpxtpx:cad>88</gpxtpx:cad>
          </gpxtpx:TrackPointExtension>
        </extensions>
      </trkpt>
      <trkpt lat="32.0163877308" lon="120.898431195">
        <ele>4.4</ele>
        <time>2026-09-17T14:59:51+0800</time>
        <extensions>
          <gpxtpx:TrackPointExtension>
            <gpxtpx:hr>160</gpxtpx:hr>
            <gpxtpx:cad>88</gpxtpx:cad>
          </gpxtpx:TrackPointExtension>
        </extensions>
      </trkpt>
      <trkpt lat="32.0163539518" lon="120.898422981">
        <ele>4.4</ele>
        <time>2026-09-17T14:59:52+0800</time>
        <extensions>
          <gpxtpx:TrackPointExtension>
            <gpxtpx:hr>160</gpxtpx:hr>
            <gpxtpx:cad>88</gpxtpx:cad>
          </gpxtpx:TrackPointExtension>
        </extensions>
      </trkpt>
      <trkpt lat="32.0163262077" lon="120.898412168">
        <ele>4.4</ele>
        <time>2026-09-17T14:59:53+0800</time>
        <extensions>
          <gpxtpx:TrackPointExtension>
            <gpxtpx:hr>160</gpxtpx:hr>
            <gpxtpx:cad>88</gpxtpx:cad>
          </gpxtpx:TrackPointExtension>
        </extensions>
      </trkpt>
      <trkpt lat="32.0162889082" lon="120.898396745">
        <ele>4.4</ele>
        <time>2026-09-17T14:59:54+0800</time>
        <extensions>
          <gpxtpx:TrackPointExtension>
            <gpxtpx:hr>160</gpxtpx:hr>
            <gpxtpx:cad>88</gpxtpx:cad>
          </gpxtpx:TrackPointExtension>
        </extensions>
      </trkpt>
      <trkpt lat="32.0162605774" lon="120.898389202">
        <ele>4.6</ele>
        <time>2026-09-17T14:59:55+0800</time>
        <extensions>
          <gpxtpx:TrackPointExtension>
            <gpxtpx:hr>159</gpxtpx:hr>
            <gpxtpx:cad>88</gpxtpx:cad>
          </gpxtpx:TrackPointExtension>
        </extensions>
      </trkpt>
      <trkpt lat="32.016225541" lon="120.898379898">
        <ele>4.6</ele>
        <time>2026-09-17T14:59:56+0800</time>
        <extensions>
          <gpxtpx:TrackPointExtension>
            <gpxtpx:hr>159</gpxtpx:hr>
            <gpxtpx:cad>89</gpxtpx:cad>
          </gpxtpx:TrackPointExtension>
        </extensions>
      </trkpt>
      <trkpt lat="32.0161995571" lon="120.898371181">
        <ele>4.6</ele>
        <time>2026-09-17T14:59:57+0800</time>
        <extensions>
          <gpxtpx:TrackPointExtension>
            <gpxtpx:hr>159</gpxtpx:hr>
            <gpxtpx:cad>89</gpxtpx:cad>
          </gpxtpx:TrackPointExtension>
        </extensions>
      </trkpt>
      <trkpt lat="32.0161691308" lon="120.898362631">
        <ele>4.6</ele>
        <time>2026-09-17T14:59:58+0800</time>
        <extensions>
          <gpxtpx:TrackPointExtension>
            <gpxtpx:hr>160</gpxtpx:hr>
            <gpxtpx:cad>89</gpxtpx:cad>
          </gpxtpx:TrackPointExtension>
        </extensions>
      </trkpt>
      <trkpt lat="32.0161429793" lon="120.898352908">
        <ele>4.6</ele>
        <time>2026-09-17T14:59:59+0800</time>
        <extensions>
          <gpxtpx:TrackPointExtension>
            <gpxtpx:hr>160</gpxtpx:hr>
            <gpxtpx:cad>90</gpxtpx:cad>
          </gpxtpx:TrackPointExtension>
        </extensions>
      </trkpt>
      <trkpt lat="32.0161124691" lon="120.898342514">
        <ele>4.6</ele>
        <time>2026-09-17T15:00:00+0800</time>
        <extensions>
          <gpxtpx:TrackPointExtension>
            <gpxtpx:hr>160</gpxtpx:hr>
            <gpxtpx:cad>90</gpxtpx:cad>
          </gpxtpx:TrackPointExtension>
        </extensions>
      </trkpt>
      <trkpt lat="32.0160838868" lon="120.898332624">
        <ele>4.6</ele>
        <time>2026-09-17T15:00:01+0800</time>
        <extensions>
          <gpxtpx:TrackPointExtension>
            <gpxtpx:hr>160</gpxtpx:hr>
            <gpxtpx:cad>90</gpxtpx:cad>
          </gpxtpx:TrackPointExtension>
        </extensions>
      </trkpt>
      <trkpt lat="32.0160531253" lon="120.898324745">
        <ele>4.6</ele>
        <time>2026-09-17T15:00:02+0800</time>
        <extensions>
          <gpxtpx:TrackPointExtension>
            <gpxtpx:hr>160</gpxtpx:hr>
            <gpxtpx:cad>89</gpxtpx:cad>
          </gpxtpx:TrackPointExtension>
        </extensions>
      </trkpt>
      <trkpt lat="32.0160260517" lon="120.898309071">
        <ele>4.6</ele>
        <time>2026-09-17T15:00:03+0800</time>
        <extensions>
          <gpxtpx:TrackPointExtension>
            <gpxtpx:hr>161</gpxtpx:hr>
            <gpxtpx:cad>89</gpxtpx:cad>
          </gpxtpx:TrackPointExtension>
        </extensions>
      </trkpt>
      <trkpt lat="32.0159991458" lon="120.898299431">
        <ele>4.4</ele>
        <time>2026-09-17T15:00:04+0800</time>
        <extensions>
          <gpxtpx:TrackPointExtension>
            <gpxtpx:hr>160</gpxtpx:hr>
            <gpxtpx:cad>89</gpxtpx:cad>
          </gpxtpx:TrackPointExtension>
        </extensions>
      </trkpt>
      <trkpt lat="32.0159731619" lon="120.898281578">
        <ele>4.4</ele>
        <time>2026-09-17T15:00:05+0800</time>
        <extensions>
          <gpxtpx:TrackPointExtension>
            <gpxtpx:hr>160</gpxtpx:hr>
            <gpxtpx:cad>89</gpxtpx:cad>
          </gpxtpx:TrackPointExtension>
        </extensions>
      </trkpt>
      <trkpt lat="32.0159461722" lon="120.898271268">
        <ele>4.2</ele>
        <time>2026-09-17T15:00:06+0800</time>
        <extensions>
          <gpxtpx:TrackPointExtension>
            <gpxtpx:hr>161</gpxtpx:hr>
            <gpxtpx:cad>88</gpxtpx:cad>
          </gpxtpx:TrackPointExtension>
        </extensions>
      </trkpt>
      <trkpt lat="32.015913818" lon="120.898255007">
        <ele>4.2</ele>
        <time>2026-09-17T15:00:07+0800</time>
        <extensions>
          <gpxtpx:TrackPointExtension>
            <gpxtpx:hr>161</gpxtpx:hr>
            <gpxtpx:cad>88</gpxtpx:cad>
          </gpxtpx:TrackPointExtension>
        </extensions>
      </trkpt>
      <trkpt lat="32.0158895943" lon="120.898249391">
        <ele>4.2</ele>
        <time>2026-09-17T15:00:08+0800</time>
        <extensions>
          <gpxtpx:TrackPointExtension>
            <gpxtpx:hr>161</gpxtpx:hr>
            <gpxtpx:cad>88</gpxtpx:cad>
          </gpxtpx:TrackPointExtension>
        </extensions>
      </trkpt>
      <trkpt lat="32.0158574078" lon="120.898233969">
        <ele>4.2</ele>
        <time>2026-09-17T15:00:09+0800</time>
        <extensions>
          <gpxtpx:TrackPointExtension>
            <gpxtpx:hr>160</gpxtpx:hr>
            <gpxtpx:cad>88</gpxtpx:cad>
          </gpxtpx:TrackPointExtension>
        </extensions>
      </trkpt>
      <trkpt lat="32.0158312563" lon="120.89822961">
        <ele>4.2</ele>
        <time>2026-09-17T15:00:10+0800</time>
        <extensions>
          <gpxtpx:TrackPointExtension>
            <gpxtpx:hr>161</gpxtpx:hr>
            <gpxtpx:cad>88</gpxtpx:cad>
          </gpxtpx:TrackPointExtension>
        </extensions>
      </trkpt>
      <trkpt lat="32.0158007462" lon="120.898215696">
        <ele>4.2</ele>
        <time>2026-09-17T15:00:11+0800</time>
        <extensions>
          <gpxtpx:TrackPointExtension>
            <gpxtpx:hr>161</gpxtpx:hr>
            <gpxtpx:cad>88</gpxtpx:cad>
          </gpxtpx:TrackPointExtension>
        </extensions>
      </trkpt>
      <trkpt lat="32.0157760195" lon="120.898211505">
        <ele>4.2</ele>
        <time>2026-09-17T15:00:12+0800</time>
        <extensions>
          <gpxtpx:TrackPointExtension>
            <gpxtpx:hr>160</gpxtpx:hr>
            <gpxtpx:cad>89</gpxtpx:cad>
          </gpxtpx:TrackPointExtension>
        </extensions>
      </trkpt>
      <trkpt lat="32.0157433301" lon="120.898195328">
        <ele>4.0</ele>
        <time>2026-09-17T15:00:13+0800</time>
        <extensions>
          <gpxtpx:TrackPointExtension>
            <gpxtpx:hr>161</gpxtpx:hr>
            <gpxtpx:cad>89</gpxtpx:cad>
          </gpxtpx:TrackPointExtension>
        </extensions>
      </trkpt>
      <trkpt lat="32.0157148317" lon="120.898191556">
        <ele>4.2</ele>
        <time>2026-09-17T15:00:14+0800</time>
        <extensions>
          <gpxtpx:TrackPointExtension>
            <gpxtpx:hr>160</gpxtpx:hr>
            <gpxtpx:cad>88</gpxtpx:cad>
          </gpxtpx:TrackPointExtension>
        </extensions>
      </trkpt>
      <trkpt lat="32.0156817231" lon="120.898175044">
        <ele>4.2</ele>
        <time>2026-09-17T15:00:15+0800</time>
        <extensions>
          <gpxtpx:TrackPointExtension>
            <gpxtpx:hr>160</gpxtpx:hr>
            <gpxtpx:cad>88</gpxtpx:cad>
          </gpxtpx:TrackPointExtension>
        </extensions>
      </trkpt>
      <trkpt lat="32.0156575833" lon="120.898173619">
        <ele>4.2</ele>
        <time>2026-09-17T15:00:16+0800</time>
        <extensions>
          <gpxtpx:TrackPointExtension>
            <gpxtpx:hr>160</gpxtpx:hr>
            <gpxtpx:cad>88</gpxtpx:cad>
          </gpxtpx:TrackPointExtension>
        </extensions>
      </trkpt>
      <trkpt lat="32.0156232174" lon="120.898156269">
        <ele>4.2</ele>
        <time>2026-09-17T15:00:17+0800</time>
        <extensions>
          <gpxtpx:TrackPointExtension>
            <gpxtpx:hr>161</gpxtpx:hr>
            <gpxtpx:cad>88</gpxtpx:cad>
          </gpxtpx:TrackPointExtension>
        </extensions>
      </trkpt>
      <trkpt lat="32.0155969821" lon="120.898149144">
        <ele>4.2</ele>
        <time>2026-09-17T15:00:18+0800</time>
        <extensions>
          <gpxtpx:TrackPointExtension>
            <gpxtpx:hr>160</gpxtpx:hr>
            <gpxtpx:cad>89</gpxtpx:cad>
          </gpxtpx:TrackPointExtension>
        </extensions>
      </trkpt>
      <trkpt lat="32.0155591797" lon="120.898133386">
        <ele>4.0</ele>
        <time>2026-09-17T15:00:19+0800</time>
        <extensions>
          <gpxtpx:TrackPointExtension>
            <gpxtpx:hr>160</gpxtpx:hr>
            <gpxtpx:cad>89</gpxtpx:cad>
          </gpxtpx:TrackPointExtension>
        </extensions>
      </trkpt>
      <trkpt lat="32.0155323576" lon="120.898130117">
        <ele>4.0</ele>
        <time>2026-09-17T15:00:20+0800</time>
        <extensions>
          <gpxtpx:TrackPointExtension>
            <gpxtpx:hr>160</gpxtpx:hr>
            <gpxtpx:cad>89</gpxtpx:cad>
          </gpxtpx:TrackPointExtension>
        </extensions>
      </trkpt>
      <trkpt lat="32.0154974889" lon="120.898116622">
        <ele>4.0</ele>
        <time>2026-09-17T15:00:21+0800</time>
        <extensions>
          <gpxtpx:TrackPointExtension>
            <gpxtpx:hr>160</gpxtpx:hr>
            <gpxtpx:cad>89</gpxtpx:cad>
          </gpxtpx:TrackPointExtension>
        </extensions>
      </trkpt>
      <trkpt lat="32.0154748578" lon="120.898111258">
        <ele>4.0</ele>
        <time>2026-09-17T15:00:22+0800</time>
        <extensions>
          <gpxtpx:TrackPointExtension>
            <gpxtpx:hr>159</gpxtpx:hr>
            <gpxtpx:cad>90</gpxtpx:cad>
          </gpxtpx:TrackPointExtension>
        </extensions>
      </trkpt>
      <trkpt lat="32.015440492" lon="120.898099942">
        <ele>4.0</ele>
        <time>2026-09-17T15:00:23+0800</time>
        <extensions>
          <gpxtpx:TrackPointExtension>
            <gpxtpx:hr>160</gpxtpx:hr>
            <gpxtpx:cad>89</gpxtpx:cad>
          </gpxtpx:TrackPointExtension>
        </extensions>
      </trkpt>
      <trkpt lat="32.0154119935" lon="120.898087537">
        <ele>4.0</ele>
        <time>2026-09-17T15:00:24+0800</time>
        <extensions>
          <gpxtpx:TrackPointExtension>
            <gpxtpx:hr>160</gpxtpx:hr>
            <gpxtpx:cad>89</gpxtpx:cad>
          </gpxtpx:TrackPointExtension>
        </extensions>
      </trkpt>
      <trkpt lat="32.0153819863" lon="120.898072785">
        <ele>3.8</ele>
        <time>2026-09-17T15:00:25+0800</time>
        <extensions>
          <gpxtpx:TrackPointExtension>
            <gpxtpx:hr>160</gpxtpx:hr>
            <gpxtpx:cad>89</gpxtpx:cad>
          </gpxtpx:TrackPointExtension>
        </extensions>
      </trkpt>
      <trkpt lat="32.0153539907" lon="120.898057446">
        <ele>3.8</ele>
        <time>2026-09-17T15:00:26+0800</time>
        <extensions>
          <gpxtpx:TrackPointExtension>
            <gpxtpx:hr>160</gpxtpx:hr>
            <gpxtpx:cad>89</gpxtpx:cad>
          </gpxtpx:TrackPointExtension>
        </extensions>
      </trkpt>
      <trkpt lat="32.015327001" lon="120.898050154">
        <ele>3.8</ele>
        <time>2026-09-17T15:00:27+0800</time>
        <extensions>
          <gpxtpx:TrackPointExtension>
            <gpxtpx:hr>160</gpxtpx:hr>
            <gpxtpx:cad>88</gpxtpx:cad>
          </gpxtpx:TrackPointExtension>
        </extensions>
      </trkpt>
      <trkpt lat="32.0152985025" lon="120.898039425">
        <ele>3.8</ele>
        <time>2026-09-17T15:00:28+0800</time>
        <extensions>
          <gpxtpx:TrackPointExtension>
            <gpxtpx:hr>160</gpxtpx:hr>
            <gpxtpx:cad>88</gpxtpx:cad>
          </gpxtpx:TrackPointExtension>
        </extensions>
      </trkpt>
      <trkpt lat="32.0152720157" lon="120.898034647">
        <ele>3.8</ele>
        <time>2026-09-17T15:00:29+0800</time>
        <extensions>
          <gpxtpx:TrackPointExtension>
            <gpxtpx:hr>160</gpxtpx:hr>
            <gpxtpx:cad>88</gpxtpx:cad>
          </gpxtpx:TrackPointExtension>
        </extensions>
      </trkpt>
      <trkpt lat="32.0152410865" lon="120.898022745">
        <ele>3.8</ele>
        <time>2026-09-17T15:00:30+0800</time>
        <extensions>
          <gpxtpx:TrackPointExtension>
            <gpxtpx:hr>160</gpxtpx:hr>
            <gpxtpx:cad>88</gpxtpx:cad>
          </gpxtpx:TrackPointExtension>
        </extensions>
      </trkpt>
      <trkpt lat="32.0152145997" lon="120.898023415">
        <ele>3.8</ele>
        <time>2026-09-17T15:00:31+0800</time>
        <extensions>
          <gpxtpx:TrackPointExtension>
            <gpxtpx:hr>159</gpxtpx:hr>
            <gpxtpx:cad>88</gpxtpx:cad>
          </gpxtpx:TrackPointExtension>
        </extensions>
      </trkpt>
      <trkpt lat="32.0151839219" lon="120.898012351">
        <ele>3.8</ele>
        <time>2026-09-17T15:00:32+0800</time>
        <extensions>
          <gpxtpx:TrackPointExtension>
            <gpxtpx:hr>159</gpxtpx:hr>
            <gpxtpx:cad>88</gpxtpx:cad>
          </gpxtpx:TrackPointExtension>
        </extensions>
      </trkpt>
      <trkpt lat="32.0151617937" lon="120.898009334">
        <ele>3.8</ele>
        <time>2026-09-17T15:00:33+0800</time>
        <extensions>
          <gpxtpx:TrackPointExtension>
            <gpxtpx:hr>159</gpxtpx:hr>
            <gpxtpx:cad>88</gpxtpx:cad>
          </gpxtpx:TrackPointExtension>
        </extensions>
      </trkpt>
      <trkpt lat="32.015129691" lon="120.897991229">
        <ele>4.0</ele>
        <time>2026-09-17T15:00:34+0800</time>
        <extensions>
          <gpxtpx:TrackPointExtension>
            <gpxtpx:hr>159</gpxtpx:hr>
            <gpxtpx:cad>88</gpxtpx:cad>
          </gpxtpx:TrackPointExtension>
        </extensions>
      </trkpt>
      <trkpt lat="32.0151078142" lon="120.897983266">
        <ele>4.0</ele>
        <time>2026-09-17T15:00:35+0800</time>
        <extensions>
          <gpxtpx:TrackPointExtension>
            <gpxtpx:hr>159</gpxtpx:hr>
            <gpxtpx:cad>88</gpxtpx:cad>
          </gpxtpx:TrackPointExtension>
        </extensions>
      </trkpt>
      <trkpt lat="32.0150758792" lon="120.897967927">
        <ele>4.0</ele>
        <time>2026-09-17T15:00:36+0800</time>
        <extensions>
          <gpxtpx:TrackPointExtension>
            <gpxtpx:hr>159</gpxtpx:hr>
            <gpxtpx:cad>87</gpxtpx:cad>
          </gpxtpx:TrackPointExtension>
        </extensions>
      </trkpt>
      <trkpt lat="32.0150506496" lon="120.897961641">
        <ele>4.2</ele>
        <time>2026-09-17T15:00:37+0800</time>
        <extensions>
          <gpxtpx:TrackPointExtension>
            <gpxtpx:hr>159</gpxtpx:hr>
            <gpxtpx:cad>87</gpxtpx:cad>
          </gpxtpx:TrackPointExtension>
        </extensions>
      </trkpt>
      <trkpt lat="32.0150170382" lon="120.897948146">
        <ele>4.2</ele>
        <time>2026-09-17T15:00:38+0800</time>
        <extensions>
          <gpxtpx:TrackPointExtension>
            <gpxtpx:hr>159</gpxtpx:hr>
            <gpxtpx:cad>88</gpxtpx:cad>
          </gpxtpx:TrackPointExtension>
        </extensions>
      </trkpt>
      <trkpt lat="32.014993988" lon="120.897946637">
        <ele>4.2</ele>
        <time>2026-09-17T15:00:39+0800</time>
        <extensions>
          <gpxtpx:TrackPointExtension>
            <gpxtpx:hr>159</gpxtpx:hr>
            <gpxtpx:cad>89</gpxtpx:cad>
          </gpxtpx:TrackPointExtension>
        </extensions>
      </trkpt>
      <trkpt lat="32.0149574429" lon="120.897934902">
        <ele>4.2</ele>
        <time>2026-09-17T15:00:40+0800</time>
        <extensions>
          <gpxtpx:TrackPointExtension>
            <gpxtpx:hr>159</gpxtpx:hr>
            <gpxtpx:cad>89</gpxtpx:cad>
          </gpxtpx:TrackPointExtension>
        </extensions>
      </trkpt>
      <trkpt lat="32.0149320457" lon="120.897935238">
        <ele>4.2</ele>
        <time>2026-09-17T15:00:41+0800</time>
        <extensions>
          <gpxtpx:TrackPointExtension>
            <gpxtpx:hr>159</gpxtpx:hr>
            <gpxtpx:cad>89</gpxtpx:cad>
          </gpxtpx:TrackPointExtension>
        </extensions>
      </trkpt>
      <trkpt lat="32.0148987696" lon="120.897931047">
        <ele>4.2</ele>
        <time>2026-09-17T15:00:42+0800</time>
        <extensions>
          <gpxtpx:TrackPointExtension>
            <gpxtpx:hr>159</gpxtpx:hr>
            <gpxtpx:cad>88</gpxtpx:cad>
          </gpxtpx:TrackPointExtension>
        </extensions>
      </trkpt>
      <trkpt lat="32.0148687623" lon="120.897927694">
        <ele>4.2</ele>
        <time>2026-09-17T15:00:43+0800</time>
        <extensions>
          <gpxtpx:TrackPointExtension>
            <gpxtpx:hr>159</gpxtpx:hr>
            <gpxtpx:cad>88</gpxtpx:cad>
          </gpxtpx:TrackPointExtension>
        </extensions>
      </trkpt>
      <trkpt lat="32.0148330554" lon="120.897915205">
        <ele>4.2</ele>
        <time>2026-09-17T15:00:44+0800</time>
        <extensions>
          <gpxtpx:TrackPointExtension>
            <gpxtpx:hr>158</gpxtpx:hr>
            <gpxtpx:cad>88</gpxtpx:cad>
          </gpxtpx:TrackPointExtension>
        </extensions>
      </trkpt>
      <trkpt lat="32.0148075745" lon="120.897914702">
        <ele>4.2</ele>
        <time>2026-09-17T15:00:45+0800</time>
        <extensions>
          <gpxtpx:TrackPointExtension>
            <gpxtpx:hr>159</gpxtpx:hr>
            <gpxtpx:cad>88</gpxtpx:cad>
          </gpxtpx:TrackPointExtension>
        </extensions>
      </trkpt>
      <trkpt lat="32.0147737116" lon="120.897901626">
        <ele>4.4</ele>
        <time>2026-09-17T15:00:46+0800</time>
        <extensions>
          <gpxtpx:TrackPointExtension>
            <gpxtpx:hr>159</gpxtpx:hr>
            <gpxtpx:cad>88</gpxtpx:cad>
          </gpxtpx:TrackPointExtension>
        </extensions>
      </trkpt>
      <trkpt lat="32.0147462189" lon="120.897896932">
        <ele>4.2</ele>
        <time>2026-09-17T15:00:47+0800</time>
        <extensions>
          <gpxtpx:TrackPointExtension>
            <gpxtpx:hr>159</gpxtpx:hr>
            <gpxtpx:cad>88</gpxtpx:cad>
          </gpxtpx:TrackPointExtension>
        </extensions>
      </trkpt>
      <trkpt lat="32.0147089195" lon="120.897885785">
        <ele>4.2</ele>
        <time>2026-09-17T15:00:48+0800</time>
        <extensions>
          <gpxtpx:TrackPointExtension>
            <gpxtpx:hr>159</gpxtpx:hr>
            <gpxtpx:cad>89</gpxtpx:cad>
          </gpxtpx:TrackPointExtension>
        </extensions>
      </trkpt>
      <trkpt lat="32.0146842767" lon="120.897877906">
        <ele>4.2</ele>
        <time>2026-09-17T15:00:49+0800</time>
        <extensions>
          <gpxtpx:TrackPointExtension>
            <gpxtpx:hr>159</gpxtpx:hr>
            <gpxtpx:cad>89</gpxtpx:cad>
          </gpxtpx:TrackPointExtension>
        </extensions>
      </trkpt>
      <trkpt lat="32.0146484859" lon="120.897864327">
        <ele>4.4</ele>
        <time>2026-09-17T15:00:50+0800</time>
        <extensions>
          <gpxtpx:TrackPointExtension>
            <gpxtpx:hr>159</gpxtpx:hr>
            <gpxtpx:cad>89</gpxtpx:cad>
          </gpxtpx:TrackPointExtension>
        </extensions>
      </trkpt>
      <trkpt lat="32.0146225858" lon="120.897847982">
        <ele>4.2</ele>
        <time>2026-09-17T15:00:51+0800</time>
        <extensions>
          <gpxtpx:TrackPointExtension>
            <gpxtpx:hr>159</gpxtpx:hr>
            <gpxtpx:cad>89</gpxtpx:cad>
          </gpxtpx:TrackPointExtension>
        </extensions>
      </trkpt>
      <trkpt lat="32.0145936683" lon="120.897828536">
        <ele>4.4</ele>
        <time>2026-09-17T15:00:52+0800</time>
        <extensions>
          <gpxtpx:TrackPointExtension>
            <gpxtpx:hr>159</gpxtpx:hr>
            <gpxtpx:cad>89</gpxtpx:cad>
          </gpxtpx:TrackPointExtension>
        </extensions>
      </trkpt>
      <trkpt lat="32.014572965" lon="120.897807498">
        <ele>4.4</ele>
        <time>2026-09-17T15:00:53+0800</time>
        <extensions>
          <gpxtpx:TrackPointExtension>
            <gpxtpx:hr>159</gpxtpx:hr>
            <gpxtpx:cad>89</gpxtpx:cad>
          </gpxtpx:TrackPointExtension>
        </extensions>
      </trkpt>
      <trkpt lat="32.0145469811" lon="120.897787884">
        <ele>4.4</ele>
        <time>2026-09-17T15:00:54+0800</time>
        <extensions>
          <gpxtpx:TrackPointExtension>
            <gpxtpx:hr>159</gpxtpx:hr>
            <gpxtpx:cad>89</gpxtpx:cad>
          </gpxtpx:TrackPointExtension>
        </extensions>
      </trkpt>
      <trkpt lat="32.0145282056" lon="120.89775796">
        <ele>4.2</ele>
        <time>2026-09-17T15:00:55+0800</time>
        <extensions>
          <gpxtpx:TrackPointExtension>
            <gpxtpx:hr>160</gpxtpx:hr>
            <gpxtpx:cad>89</gpxtpx:cad>
          </gpxtpx:TrackPointExtension>
        </extensions>
      </trkpt>
      <trkpt lat="32.014507167" lon="120.897733066">
        <ele>4.4</ele>
        <time>2026-09-17T15:00:56+0800</time>
        <extensions>
          <gpxtpx:TrackPointExtension>
            <gpxtpx:hr>160</gpxtpx:hr>
            <gpxtpx:cad>89</gpxtpx:cad>
          </gpxtpx:TrackPointExtension>
        </extensions>
      </trkpt>
      <trkpt lat="32.0144847874" lon="120.897704568">
        <ele>4.4</ele>
        <time>2026-09-17T15:00:57+0800</time>
        <extensions>
          <gpxtpx:TrackPointExtension>
            <gpxtpx:hr>160</gpxtpx:hr>
            <gpxtpx:cad>89</gpxtpx:cad>
          </gpxtpx:TrackPointExtension>
        </extensions>
      </trkpt>
      <trkpt lat="32.0144634135" lon="120.897678165">
        <ele>4.4</ele>
        <time>2026-09-17T15:00:58+0800</time>
        <extensions>
          <gpxtpx:TrackPointExtension>
            <gpxtpx:hr>160</gpxtpx:hr>
            <gpxtpx:cad>89</gpxtpx:cad>
          </gpxtpx:TrackPointExtension>
        </extensions>
      </trkpt>
      <trkpt lat="32.0144468173" lon="120.897645727">
        <ele>4.4</ele>
        <time>2026-09-17T15:00:59+0800</time>
        <extensions>
          <gpxtpx:TrackPointExtension>
            <gpxtpx:hr>160</gpxtpx:hr>
            <gpxtpx:cad>89</gpxtpx:cad>
          </gpxtpx:TrackPointExtension>
        </extensions>
      </trkpt>
      <trkpt lat="32.0144307241" lon="120.897619072">
        <ele>4.4</ele>
        <time>2026-09-17T15:01:00+0800</time>
        <extensions>
          <gpxtpx:TrackPointExtension>
            <gpxtpx:hr>159</gpxtpx:hr>
            <gpxtpx:cad>88</gpxtpx:cad>
          </gpxtpx:TrackPointExtension>
        </extensions>
      </trkpt>
      <trkpt lat="32.0144184027" lon="120.897571966">
        <ele>4.4</ele>
        <time>2026-09-17T15:01:01+0800</time>
        <extensions>
          <gpxtpx:TrackPointExtension>
            <gpxtpx:hr>159</gpxtpx:hr>
            <gpxtpx:cad>88</gpxtpx:cad>
          </gpxtpx:TrackPointExtension>
        </extensions>
      </trkpt>
      <trkpt lat="32.0143995434" lon="120.897550927">
        <ele>4.4</ele>
        <time>2026-09-17T15:01:02+0800</time>
        <extensions>
          <gpxtpx:TrackPointExtension>
            <gpxtpx:hr>159</gpxtpx:hr>
            <gpxtpx:cad>88</gpxtpx:cad>
          </gpxtpx:TrackPointExtension>
        </extensions>
      </trkpt>
      <trkpt lat="32.014382612" lon="120.897516226">
        <ele>4.4</ele>
        <time>2026-09-17T15:01:03+0800</time>
        <extensions>
          <gpxtpx:TrackPointExtension>
            <gpxtpx:hr>159</gpxtpx:hr>
            <gpxtpx:cad>88</gpxtpx:cad>
          </gpxtpx:TrackPointExtension>
        </extensions>
      </trkpt>
      <trkpt lat="32.0143726375" lon="120.897494685">
        <ele>4.4</ele>
        <time>2026-09-17T15:01:04+0800</time>
        <extensions>
          <gpxtpx:TrackPointExtension>
            <gpxtpx:hr>159</gpxtpx:hr>
            <gpxtpx:cad>88</gpxtpx:cad>
          </gpxtpx:TrackPointExtension>
        </extensions>
      </trkpt>
      <trkpt lat="32.0143627468" lon="120.897452943">
        <ele>4.4</ele>
        <time>2026-09-17T15:01:05+0800</time>
        <extensions>
          <gpxtpx:TrackPointExtension>
            <gpxtpx:hr>159</gpxtpx:hr>
            <gpxtpx:cad>87</gpxtpx:cad>
          </gpxtpx:TrackPointExtension>
        </extensions>
      </trkpt>
      <trkpt lat="32.0143766608" lon="120.897439867">
        <ele>4.4</ele>
        <time>2026-09-17T15:01:06+0800</time>
        <extensions>
          <gpxtpx:TrackPointExtension>
            <gpxtpx:hr>159</gpxtpx:hr>
            <gpxtpx:cad>87</gpxtpx:cad>
          </gpxtpx:TrackPointExtension>
        </extensions>
      </trkpt>
      <trkpt lat="32.0143935084" lon="120.897437353">
        <ele>4.6</ele>
        <time>2026-09-17T15:01:07+0800</time>
        <extensions>
          <gpxtpx:TrackPointExtension>
            <gpxtpx:hr>158</gpxtpx:hr>
            <gpxtpx:cad>87</gpxtpx:cad>
          </gpxtpx:TrackPointExtension>
        </extensions>
      </trkpt>
      <trkpt lat="32.014404824" lon="120.897452021">
        <ele>4.6</ele>
        <time>2026-09-17T15:01:08+0800</time>
        <extensions>
          <gpxtpx:TrackPointExtension>
            <gpxtpx:hr>158</gpxtpx:hr>
            <gpxtpx:cad>87</gpxtpx:cad>
          </gpxtpx:TrackPointExtension>
        </extensions>
      </trkpt>
      <trkpt lat="32.0144075062" lon="120.897482783">
        <ele>4.6</ele>
        <time>2026-09-17T15:01:09+0800</time>
        <extensions>
          <gpxtpx:TrackPointExtension>
            <gpxtpx:hr>157</gpxtpx:hr>
            <gpxtpx:cad>87</gpxtpx:cad>
          </gpxtpx:TrackPointExtension>
        </extensions>
      </trkpt>
      <trkpt lat="32.0144214202" lon="120.897518657">
        <ele>4.6</ele>
        <time>2026-09-17T15:01:10+0800</time>
        <extensions>
          <gpxtpx:TrackPointExtension>
            <gpxtpx:hr>157</gpxtpx:hr>
            <gpxtpx:cad>87</gpxtpx:cad>
          </gpxtpx:TrackPointExtension>
        </extensions>
      </trkpt>
      <trkpt lat="32.0144379325" lon="120.897549251">
        <ele>4.6</ele>
        <time>2026-09-17T15:01:11+0800</time>
        <extensions>
          <gpxtpx:TrackPointExtension>
            <gpxtpx:hr>157</gpxtpx:hr>
            <gpxtpx:cad>85</gpxtpx:cad>
          </gpxtpx:TrackPointExtension>
        </extensions>
      </trkpt>
      <trkpt lat="32.0144557022" lon="120.897569871">
        <ele>4.6</ele>
        <time>2026-09-17T15:01:12+0800</time>
        <extensions>
          <gpxtpx:TrackPointExtension>
            <gpxtpx:hr>156</gpxtpx:hr>
            <gpxtpx:cad>83</gpxtpx:cad>
          </gpxtpx:TrackPointExtension>
        </extensions>
      </trkpt>
      <trkpt lat="32.0144898165" lon="120.897580683">
        <ele>4.6</ele>
        <time>2026-09-17T15:01:13+0800</time>
        <extensions>
          <gpxtpx:TrackPointExtension>
            <gpxtpx:hr>156</gpxtpx:hr>
            <gpxtpx:cad>83</gpxtpx:cad>
          </gpxtpx:TrackPointExtension>
        </extensions>
      </trkpt>
      <trkpt lat="32.0145190693" lon="120.897583952">
        <ele>4.6</ele>
        <time>2026-09-17T15:01:14+0800</time>
        <extensions>
          <gpxtpx:TrackPointExtension>
            <gpxtpx:hr>156</gpxtpx:hr>
            <gpxtpx:cad>84</gpxtpx:cad>
          </gpxtpx:TrackPointExtension>
        </extensions>
      </trkpt>
      <trkpt lat="32.0145547763" lon="120.897589736">
        <ele>4.6</ele>
        <time>2026-09-17T15:01:15+0800</time>
        <extensions>
          <gpxtpx:TrackPointExtension>
            <gpxtpx:hr>156</gpxtpx:hr>
            <gpxtpx:cad>86</gpxtpx:cad>
          </gpxtpx:TrackPointExtension>
        </extensions>
      </trkpt>
      <trkpt lat="32.0145825204" lon="120.897584707">
        <ele>4.6</ele>
        <time>2026-09-17T15:01:16+0800</time>
        <extensions>
          <gpxtpx:TrackPointExtension>
            <gpxtpx:hr>156</gpxtpx:hr>
            <gpxtpx:cad>86</gpxtpx:cad>
          </gpxtpx:TrackPointExtension>
        </extensions>
      </trkpt>
      <trkpt lat="32.0146190654" lon="120.897587473">
        <ele>4.6</ele>
        <time>2026-09-17T15:01:17+0800</time>
        <extensions>
          <gpxtpx:TrackPointExtension>
            <gpxtpx:hr>156</gpxtpx:hr>
            <gpxtpx:cad>86</gpxtpx:cad>
          </gpxtpx:TrackPointExtension>
        </extensions>
      </trkpt>
      <trkpt lat="32.0146463066" lon="120.897581438">
        <ele>4.6</ele>
        <time>2026-09-17T15:01:18+0800</time>
        <extensions>
          <gpxtpx:TrackPointExtension>
            <gpxtpx:hr>156</gpxtpx:hr>
            <gpxtpx:cad>87</gpxtpx:cad>
          </gpxtpx:TrackPointExtension>
        </extensions>
      </trkpt>
      <trkpt lat="32.014677655" lon="120.897585209">
        <ele>4.6</ele>
        <time>2026-09-17T15:01:19+0800</time>
        <extensions>
          <gpxtpx:TrackPointExtension>
            <gpxtpx:hr>156</gpxtpx:hr>
            <gpxtpx:cad>88</gpxtpx:cad>
          </gpxtpx:TrackPointExtension>
        </extensions>
      </trkpt>
      <trkpt lat="32.0147021301" lon="120.897586131">
        <ele>4.6</ele>
        <time>2026-09-17T15:01:20+0800</time>
        <extensions>
          <gpxtpx:TrackPointExtension>
            <gpxtpx:hr>156</gpxtpx:hr>
            <gpxtpx:cad>89</gpxtpx:cad>
          </gpxtpx:TrackPointExtension>
        </extensions>
      </trkpt>
      <trkpt lat="32.0147349034" lon="120.897591747">
        <ele>4.6</ele>
        <time>2026-09-17T15:01:21+0800</time>
        <extensions>
          <gpxtpx:TrackPointExtension>
            <gpxtpx:hr>156</gpxtpx:hr>
            <gpxtpx:cad>89</gpxtpx:cad>
          </gpxtpx:TrackPointExtension>
        </extensions>
      </trkpt>
      <trkpt lat="32.0147597138" lon="120.897597196">
        <ele>4.6</ele>
        <time>2026-09-17T15:01:22+0800</time>
        <extensions>
          <gpxtpx:TrackPointExtension>
            <gpxtpx:hr>156</gpxtpx:hr>
            <gpxtpx:cad>88</gpxtpx:cad>
          </gpxtpx:TrackPointExtension>
        </extensions>
      </trkpt>
      <trkpt lat="32.0147955045" lon="120.897611026">
        <ele>4.6</ele>
        <time>2026-09-17T15:01:23+0800</time>
        <extensions>
          <gpxtpx:TrackPointExtension>
            <gpxtpx:hr>155</gpxtpx:hr>
            <gpxtpx:cad>88</gpxtpx:cad>
          </gpxtpx:TrackPointExtension>
        </extensions>
      </trkpt>
      <trkpt lat="32.0148162078" lon="120.89761069">
        <ele>4.6</ele>
        <time>2026-09-17T15:01:24+0800</time>
        <extensions>
          <gpxtpx:TrackPointExtension>
            <gpxtpx:hr>156</gpxtpx:hr>
            <gpxtpx:cad>88</gpxtpx:cad>
          </gpxtpx:TrackPointExtension>
        </extensions>
      </trkpt>
      <trkpt lat="32.0148453768" lon="120.897620413">
        <ele>4.6</ele>
        <time>2026-09-17T15:01:25+0800</time>
        <extensions>
          <gpxtpx:TrackPointExtension>
            <gpxtpx:hr>156</gpxtpx:hr>
            <gpxtpx:cad>88</gpxtpx:cad>
          </gpxtpx:TrackPointExtension>
        </extensions>
      </trkpt>
      <trkpt lat="32.0148703549" lon="120.897623934">
        <ele>4.8</ele>
        <time>2026-09-17T15:01:26+0800</time>
        <extensions>
          <gpxtpx:TrackPointExtension>
            <gpxtpx:hr>156</gpxtpx:hr>
            <gpxtpx:cad>89</gpxtpx:cad>
          </gpxtpx:TrackPointExtension>
        </extensions>
      </trkpt>
      <trkpt lat="32.0149020385" lon="120.897641536">
        <ele>4.8</ele>
        <time>2026-09-17T15:01:27+0800</time>
        <extensions>
          <gpxtpx:TrackPointExtension>
            <gpxtpx:hr>156</gpxtpx:hr>
            <gpxtpx:cad>89</gpxtpx:cad>
          </gpxtpx:TrackPointExtension>
        </extensions>
      </trkpt>
      <trkpt lat="32.0149258431" lon="120.897651175">
        <ele>4.8</ele>
        <time>2026-09-17T15:01:28+0800</time>
        <extensions>
          <gpxtpx:TrackPointExtension>
            <gpxtpx:hr>156</gpxtpx:hr>
            <gpxtpx:cad>89</gpxtpx:cad>
          </gpxtpx:TrackPointExtension>
        </extensions>
      </trkpt>
      <trkpt lat="32.0149591193" lon="120.897671627">
        <ele>4.6</ele>
        <time>2026-09-17T15:01:29+0800</time>
        <extensions>
          <gpxtpx:TrackPointExtension>
            <gpxtpx:hr>156</gpxtpx:hr>
            <gpxtpx:cad>89</gpxtpx:cad>
          </gpxtpx:TrackPointExtension>
        </extensions>
      </trkpt>
      <trkpt lat="32.0149786491" lon="120.897677913">
        <ele>4.6</ele>
        <time>2026-09-17T15:01:30+0800</time>
        <extensions>
          <gpxtpx:TrackPointExtension>
            <gpxtpx:hr>156</gpxtpx:hr>
            <gpxtpx:cad>89</gpxtpx:cad>
          </gpxtpx:TrackPointExtension>
        </extensions>
      </trkpt>
      <trkpt lat="32.0150094107" lon="120.897687636">
        <ele>4.6</ele>
        <time>2026-09-17T15:01:31+0800</time>
        <extensions>
          <gpxtpx:TrackPointExtension>
            <gpxtpx:hr>156</gpxtpx:hr>
            <gpxtpx:cad>89</gpxtpx:cad>
          </gpxtpx:TrackPointExtension>
        </extensions>
      </trkpt>
      <trkpt lat="32.0150348917" lon="120.897695851">
        <ele>4.6</ele>
        <time>2026-09-17T15:01:32+0800</time>
        <extensions>
          <gpxtpx:TrackPointExtension>
            <gpxtpx:hr>156</gpxtpx:hr>
            <gpxtpx:cad>89</gpxtpx:cad>
          </gpxtpx:TrackPointExtension>
        </extensions>
      </trkpt>
      <trkpt lat="32.0150747057" lon="120.897718649">
        <ele>4.6</ele>
        <time>2026-09-17T15:01:33+0800</time>
        <extensions>
          <gpxtpx:TrackPointExtension>
            <gpxtpx:hr>156</gpxtpx:hr>
            <gpxtpx:cad>89</gpxtpx:cad>
          </gpxtpx:TrackPointExtension>
        </extensions>
      </trkpt>
      <trkpt lat="32.0151047967" lon="120.897728624">
        <ele>4.6</ele>
        <time>2026-09-17T15:01:34+0800</time>
        <extensions>
          <gpxtpx:TrackPointExtension>
            <gpxtpx:hr>156</gpxtpx:hr>
            <gpxtpx:cad>89</gpxtpx:cad>
          </gpxtpx:TrackPointExtension>
        </extensions>
      </trkpt>
      <trkpt lat="32.0151416771" lon="120.897739436">
        <ele>4.6</ele>
        <time>2026-09-17T15:01:35+0800</time>
        <extensions>
          <gpxtpx:TrackPointExtension>
            <gpxtpx:hr>157</gpxtpx:hr>
            <gpxtpx:cad>89</gpxtpx:cad>
          </gpxtpx:TrackPointExtension>
        </extensions>
      </trkpt>
      <trkpt lat="32.015168583" lon="120.89774237">
        <ele>4.6</ele>
        <time>2026-09-17T15:01:36+0800</time>
        <extensions>
          <gpxtpx:TrackPointExtension>
            <gpxtpx:hr>157</gpxtpx:hr>
            <gpxtpx:cad>89</gpxtpx:cad>
          </gpxtpx:TrackPointExtension>
        </extensions>
      </trkpt>
      <trkpt lat="32.0152009372" lon="120.89775553">
        <ele>4.6</ele>
        <time>2026-09-17T15:01:37+0800</time>
        <extensions>
          <gpxtpx:TrackPointExtension>
            <gpxtpx:hr>157</gpxtpx:hr>
            <gpxtpx:cad>89</gpxtpx:cad>
          </gpxtpx:TrackPointExtension>
        </extensions>
      </trkpt>
      <trkpt lat="32.0152228139" lon="120.897773718">
        <ele>4.6</ele>
        <time>2026-09-17T15:01:38+0800</time>
        <extensions>
          <gpxtpx:TrackPointExtension>
            <gpxtpx:hr>158</gpxtpx:hr>
            <gpxtpx:cad>88</gpxtpx:cad>
          </gpxtpx:TrackPointExtension>
        </extensions>
      </trkpt>
      <trkpt lat="32.0152510609" lon="120.897788974">
        <ele>4.6</ele>
        <time>2026-09-17T15:01:39+0800</time>
        <extensions>
          <gpxtpx:TrackPointExtension>
            <gpxtpx:hr>158</gpxtpx:hr>
            <gpxtpx:cad>88</gpxtpx:cad>
          </gpxtpx:TrackPointExtension>
        </extensions>
      </trkpt>
      <trkpt lat="32.0152761228" lon="120.897815712">
        <ele>4.6</ele>
        <time>2026-09-17T15:01:40+0800</time>
        <extensions>
          <gpxtpx:TrackPointExtension>
            <gpxtpx:hr>158</gpxtpx:hr>
            <gpxtpx:cad>89</gpxtpx:cad>
          </gpxtpx:TrackPointExtension>
        </extensions>
      </trkpt>
      <trkpt lat="32.0153072197" lon="120.897834152">
        <ele>4.4</ele>
        <time>2026-09-17T15:01:41+0800</time>
        <extensions>
          <gpxtpx:TrackPointExtension>
            <gpxtpx:hr>158</gpxtpx:hr>
            <gpxtpx:cad>89</gpxtpx:cad>
          </gpxtpx:TrackPointExtension>
        </extensions>
      </trkpt>
      <trkpt lat="32.0153378975" lon="120.897855945">
        <ele>4.6</ele>
        <time>2026-09-17T15:01:42+0800</time>
        <extensions>
          <gpxtpx:TrackPointExtension>
            <gpxtpx:hr>158</gpxtpx:hr>
            <gpxtpx:cad>90</gpxtpx:cad>
          </gpxtpx:TrackPointExtension>
        </extensions>
      </trkpt>
      <trkpt lat="32.0153729338" lon="120.897874301">
        <ele>4.6</ele>
        <time>2026-09-17T15:01:43+0800</time>
        <extensions>
          <gpxtpx:TrackPointExtension>
            <gpxtpx:hr>158</gpxtpx:hr>
            <gpxtpx:cad>90</gpxtpx:cad>
          </gpxtpx:TrackPointExtension>
        </extensions>
      </trkpt>
      <trkpt lat="32.0154022705" lon="120.897893077">
        <ele>4.6</ele>
        <time>2026-09-17T15:01:44+0800</time>
        <extensions>
          <gpxtpx:TrackPointExtension>
            <gpxtpx:hr>157</gpxtpx:hr>
            <gpxtpx:cad>89</gpxtpx:cad>
          </gpxtpx:TrackPointExtension>
        </extensions>
      </trkpt>
      <trkpt lat="32.0154342055" lon="120.897904225">
        <ele>4.6</ele>
        <time>2026-09-17T15:01:45+0800</time>
        <extensions>
          <gpxtpx:TrackPointExtension>
            <gpxtpx:hr>158</gpxtpx:hr>
            <gpxtpx:cad>88</gpxtpx:cad>
          </gpxtpx:TrackPointExtension>
        </extensions>
      </trkpt>
      <trkpt lat="32.0154646318" lon="120.897926521">
        <ele>4.8</ele>
        <time>2026-09-17T15:01:46+0800</time>
        <extensions>
          <gpxtpx:TrackPointExtension>
            <gpxtpx:hr>158</gpxtpx:hr>
            <gpxtpx:cad>87</gpxtpx:cad>
          </gpxtpx:TrackPointExtension>
        </extensions>
      </trkpt>
      <trkpt lat="32.0154902805" lon="120.897941776">
        <ele>4.6</ele>
        <time>2026-09-17T15:01:47+0800</time>
        <extensions>
          <gpxtpx:TrackPointExtension>
            <gpxtpx:hr>157</gpxtpx:hr>
            <gpxtpx:cad>87</gpxtpx:cad>
          </gpxtpx:TrackPointExtension>
        </extensions>
      </trkpt>
      <trkpt lat="32.0155203715" lon="120.897970023">
        <ele>4.8</ele>
        <time>2026-09-17T15:01:48+0800</time>
        <extensions>
          <gpxtpx:TrackPointExtension>
            <gpxtpx:hr>158</gpxtpx:hr>
            <gpxtpx:cad>88</gpxtpx:cad>
          </gpxtpx:TrackPointExtension>
        </extensions>
      </trkpt>
      <trkpt lat="32.0155527256" lon="120.8979805">
        <ele>4.8</ele>
        <time>2026-09-17T15:01:49+0800</time>
        <extensions>
          <gpxtpx:TrackPointExtension>
            <gpxtpx:hr>158</gpxtpx:hr>
            <gpxtpx:cad>89</gpxtpx:cad>
          </gpxtpx:TrackPointExtension>
        </extensions>
      </trkpt>
      <trkpt lat="32.0155838225" lon="120.897997431">
        <ele>4.8</ele>
        <time>2026-09-17T15:01:50+0800</time>
        <extensions>
          <gpxtpx:TrackPointExtension>
            <gpxtpx:hr>157</gpxtpx:hr>
            <gpxtpx:cad>89</gpxtpx:cad>
          </gpxtpx:TrackPointExtension>
        </extensions>
      </trkpt>
      <trkpt lat="32.0156076271" lon="120.898005227">
        <ele>4.8</ele>
        <time>2026-09-17T15:01:51+0800</time>
        <extensions>
          <gpxtpx:TrackPointExtension>
            <gpxtpx:hr>158</gpxtpx:hr>
            <gpxtpx:cad>89</gpxtpx:cad>
          </gpxtpx:TrackPointExtension>
        </extensions>
      </trkpt>
      <trkpt lat="32.0156349521" lon="120.898022158">
        <ele>4.8</ele>
        <time>2026-09-17T15:01:52+0800</time>
        <extensions>
          <gpxtpx:TrackPointExtension>
            <gpxtpx:hr>158</gpxtpx:hr>
            <gpxtpx:cad>89</gpxtpx:cad>
          </gpxtpx:TrackPointExtension>
        </extensions>
      </trkpt>
      <trkpt lat="32.0156584214" lon="120.898030205">
        <ele>4.8</ele>
        <time>2026-09-17T15:01:53+0800</time>
        <extensions>
          <gpxtpx:TrackPointExtension>
            <gpxtpx:hr>157</gpxtpx:hr>
            <gpxtpx:cad>89</gpxtpx:cad>
          </gpxtpx:TrackPointExtension>
        </extensions>
      </trkpt>
      <trkpt lat="32.0156888478" lon="120.898044789">
        <ele>4.8</ele>
        <time>2026-09-17T15:01:54+0800</time>
        <extensions>
          <gpxtpx:TrackPointExtension>
            <gpxtpx:hr>158</gpxtpx:hr>
            <gpxtpx:cad>89</gpxtpx:cad>
          </gpxtpx:TrackPointExtension>
        </extensions>
      </trkpt>
      <trkpt lat="32.0157110598" lon="120.898051579">
        <ele>4.8</ele>
        <time>2026-09-17T15:01:55+0800</time>
        <extensions>
          <gpxtpx:TrackPointExtension>
            <gpxtpx:hr>158</gpxtpx:hr>
            <gpxtpx:cad>88</gpxtpx:cad>
          </gpxtpx:TrackPointExtension>
        </extensions>
      </trkpt>
      <trkpt lat="32.0157420728" lon="120.898064403">
        <ele>4.8</ele>
        <time>2026-09-17T15:01:56+0800</time>
        <extensions>
          <gpxtpx:TrackPointExtension>
            <gpxtpx:hr>157</gpxtpx:hr>
            <gpxtpx:cad>88</gpxtpx:cad>
          </gpxtpx:TrackPointExtension>
        </extensions>
      </trkpt>
      <trkpt lat="32.0157737564" lon="120.898071192">
        <ele>4.8</ele>
        <time>2026-09-17T15:01:57+0800</time>
        <extensions>
          <gpxtpx:TrackPointExtension>
            <gpxtpx:hr>158</gpxtpx:hr>
            <gpxtpx:cad>89</gpxtpx:cad>
          </gpxtpx:TrackPointExtension>
        </extensions>
      </trkpt>
      <trkpt lat="32.0158032607" lon="120.898086112">
        <ele>4.8</ele>
        <time>2026-09-17T15:01:58+0800</time>
        <extensions>
          <gpxtpx:TrackPointExtension>
            <gpxtpx:hr>158</gpxtpx:hr>
            <gpxtpx:cad>89</gpxtpx:cad>
          </gpxtpx:TrackPointExtension>
        </extensions>
      </trkpt>
      <trkpt lat="32.0158311725" lon="120.898097008">
        <ele>4.8</ele>
        <time>2026-09-17T15:01:59+0800</time>
        <extensions>
          <gpxtpx:TrackPointExtension>
            <gpxtpx:hr>159</gpxtpx:hr>
            <gpxtpx:cad>89</gpxtpx:cad>
          </gpxtpx:TrackPointExtension>
        </extensions>
      </trkpt>
      <trkpt lat="32.0158651192" lon="120.898100613">
        <ele>4.8</ele>
        <time>2026-09-17T15:02:00+0800</time>
        <extensions>
          <gpxtpx:TrackPointExtension>
            <gpxtpx:hr>159</gpxtpx:hr>
            <gpxtpx:cad>89</gpxtpx:cad>
          </gpxtpx:TrackPointExtension>
        </extensions>
      </trkpt>
      <trkpt lat="32.0158928633" lon="120.898107402">
        <ele>5.0</ele>
        <time>2026-09-17T15:02:01+0800</time>
        <extensions>
          <gpxtpx:TrackPointExtension>
            <gpxtpx:hr>160</gpxtpx:hr>
            <gpxtpx:cad>88</gpxtpx:cad>
          </gpxtpx:TrackPointExtension>
        </extensions>
      </trkpt>
      <trkpt lat="32.0159253851" lon="120.898109581">
        <ele>5.0</ele>
        <time>2026-09-17T15:02:02+0800</time>
        <extensions>
          <gpxtpx:TrackPointExtension>
            <gpxtpx:hr>160</gpxtpx:hr>
            <gpxtpx:cad>88</gpxtpx:cad>
          </gpxtpx:TrackPointExtension>
        </extensions>
      </trkpt>
      <trkpt lat="32.015954135" lon="120.898123244">
        <ele>5.0</ele>
        <time>2026-09-17T15:02:03+0800</time>
        <extensions>
          <gpxtpx:TrackPointExtension>
            <gpxtpx:hr>160</gpxtpx:hr>
            <gpxtpx:cad>88</gpxtpx:cad>
          </gpxtpx:TrackPointExtension>
        </extensions>
      </trkpt>
      <trkpt lat="32.0159780234" lon="120.898124166">
        <ele>5.0</ele>
        <time>2026-09-17T15:02:04+0800</time>
        <extensions>
          <gpxtpx:TrackPointExtension>
            <gpxtpx:hr>161</gpxtpx:hr>
            <gpxtpx:cad>87</gpxtpx:cad>
          </gpxtpx:TrackPointExtension>
        </extensions>
      </trkpt>
      <trkpt lat="32.0160071086" lon="120.89813523">
        <ele>5.0</ele>
        <time>2026-09-17T15:02:05+0800</time>
        <extensions>
          <gpxtpx:TrackPointExtension>
            <gpxtpx:hr>161</gpxtpx:hr>
            <gpxtpx:cad>87</gpxtpx:cad>
          </gpxtpx:TrackPointExtension>
        </extensions>
      </trkpt>
      <trkpt lat="32.0160320867" lon="120.8981416">
        <ele>5.0</ele>
        <time>2026-09-17T15:02:06+0800</time>
        <extensions>
          <gpxtpx:TrackPointExtension>
            <gpxtpx:hr>162</gpxtpx:hr>
            <gpxtpx:cad>87</gpxtpx:cad>
          </gpxtpx:TrackPointExtension>
        </extensions>
      </trkpt>
      <trkpt lat="32.0160670392" lon="120.898152916">
        <ele>4.8</ele>
        <time>2026-09-17T15:02:07+0800</time>
        <extensions>
          <gpxtpx:TrackPointExtension>
            <gpxtpx:hr>162</gpxtpx:hr>
            <gpxtpx:cad>87</gpxtpx:cad>
          </gpxtpx:TrackPointExtension>
        </extensions>
      </trkpt>
      <trkpt lat="32.0160936937" lon="120.898151826">
        <ele>4.8</ele>
        <time>2026-09-17T15:02:08+0800</time>
        <extensions>
          <gpxtpx:TrackPointExtension>
            <gpxtpx:hr>161</gpxtpx:hr>
            <gpxtpx:cad>87</gpxtpx:cad>
          </gpxtpx:TrackPointExtension>
        </extensions>
      </trkpt>
      <trkpt lat="32.0161253773" lon="120.898162555">
        <ele>4.8</ele>
        <time>2026-09-17T15:02:09+0800</time>
        <extensions>
          <gpxtpx:TrackPointExtension>
            <gpxtpx:hr>162</gpxtpx:hr>
            <gpxtpx:cad>88</gpxtpx:cad>
          </gpxtpx:TrackPointExtension>
        </extensions>
      </trkpt>
      <trkpt lat="32.016148176" lon="120.898161801">
        <ele>4.6</ele>
        <time>2026-09-17T15:02:10+0800</time>
        <extensions>
          <gpxtpx:TrackPointExtension>
            <gpxtpx:hr>162</gpxtpx:hr>
            <gpxtpx:cad>88</gpxtpx:cad>
          </gpxtpx:TrackPointExtension>
        </extensions>
      </trkpt>
      <trkpt lat="32.0161864813" lon="120.898171272">
        <ele>4.6</ele>
        <time>2026-09-17T15:02:11+0800</time>
        <extensions>
          <gpxtpx:TrackPointExtension>
            <gpxtpx:hr>162</gpxtpx:hr>
            <gpxtpx:cad>88</gpxtpx:cad>
          </gpxtpx:TrackPointExtension>
        </extensions>
      </trkpt>
      <trkpt lat="32.0162091963" lon="120.898170853">
        <ele>4.6</ele>
        <time>2026-09-17T15:02:12+0800</time>
        <extensions>
          <gpxtpx:TrackPointExtension>
            <gpxtpx:hr>162</gpxtpx:hr>
            <gpxtpx:cad>88</gpxtpx:cad>
          </gpxtpx:TrackPointExtension>
        </extensions>
      </trkpt>
      <trkpt lat="32.0162432268" lon="120.898180073">
        <ele>4.6</ele>
        <time>2026-09-17T15:02:13+0800</time>
        <extensions>
          <gpxtpx:TrackPointExtension>
            <gpxtpx:hr>162</gpxtpx:hr>
            <gpxtpx:cad>88</gpxtpx:cad>
          </gpxtpx:TrackPointExtension>
        </extensions>
      </trkpt>
      <trkpt lat="32.0162689593" lon="120.898184935">
        <ele>4.8</ele>
        <time>2026-09-17T15:02:14+0800</time>
        <extensions>
          <gpxtpx:TrackPointExtension>
            <gpxtpx:hr>162</gpxtpx:hr>
            <gpxtpx:cad>89</gpxtpx:cad>
          </gpxtpx:TrackPointExtension>
        </extensions>
      </trkpt>
      <trkpt lat="32.0163011458" lon="120.898190551">
        <ele>4.8</ele>
        <time>2026-09-17T15:02:15+0800</time>
        <extensions>
          <gpxtpx:TrackPointExtension>
            <gpxtpx:hr>162</gpxtpx:hr>
            <gpxtpx:cad>89</gpxtpx:cad>
          </gpxtpx:TrackPointExtension>
        </extensions>
      </trkpt>
      <trkpt lat="32.0163262077" lon="120.898195328">
        <ele>4.8</ele>
        <time>2026-09-17T15:02:16+0800</time>
        <extensions>
          <gpxtpx:TrackPointExtension>
            <gpxtpx:hr>162</gpxtpx:hr>
            <gpxtpx:cad>89</gpxtpx:cad>
          </gpxtpx:TrackPointExtension>
        </extensions>
      </trkpt>
      <trkpt lat="32.0163578074" lon="120.898197172">
        <ele>4.8</ele>
        <time>2026-09-17T15:02:17+0800</time>
        <extensions>
          <gpxtpx:TrackPointExtension>
            <gpxtpx:hr>162</gpxtpx:hr>
            <gpxtpx:cad>89</gpxtpx:cad>
          </gpxtpx:TrackPointExtension>
        </extensions>
      </trkpt>
      <trkpt lat="32.016379768" lon="120.898200441">
        <ele>4.8</ele>
        <time>2026-09-17T15:02:18+0800</time>
        <extensions>
          <gpxtpx:TrackPointExtension>
            <gpxtpx:hr>163</gpxtpx:hr>
            <gpxtpx:cad>89</gpxtpx:cad>
          </gpxtpx:TrackPointExtension>
        </extensions>
      </trkpt>
      <trkpt lat="32.0164093561" lon="120.898198094">
        <ele>5.0</ele>
        <time>2026-09-17T15:02:19+0800</time>
        <extensions>
          <gpxtpx:TrackPointExtension>
            <gpxtpx:hr>163</gpxtpx:hr>
            <gpxtpx:cad>88</gpxtpx:cad>
          </gpxtpx:TrackPointExtension>
        </extensions>
      </trkpt>
      <trkpt lat="32.0164379384" lon="120.898202369">
        <ele>5.0</ele>
        <time>2026-09-17T15:02:20+0800</time>
        <extensions>
          <gpxtpx:TrackPointExtension>
            <gpxtpx:hr>163</gpxtpx:hr>
            <gpxtpx:cad>88</gpxtpx:cad>
          </gpxtpx:TrackPointExtension>
        </extensions>
      </trkpt>
      <trkpt lat="32.0164679457" lon="120.898203794">
        <ele>5.0</ele>
        <time>2026-09-17T15:02:21+0800</time>
        <extensions>
          <gpxtpx:TrackPointExtension>
            <gpxtpx:hr>163</gpxtpx:hr>
            <gpxtpx:cad>89</gpxtpx:cad>
          </gpxtpx:TrackPointExtension>
        </extensions>
      </trkpt>
      <trkpt lat="32.0164956897" lon="120.898211002">
        <ele>5.0</ele>
        <time>2026-09-17T15:02:22+0800</time>
        <extensions>
          <gpxtpx:TrackPointExtension>
            <gpxtpx:hr>163</gpxtpx:hr>
            <gpxtpx:cad>89</gpxtpx:cad>
          </gpxtpx:TrackPointExtension>
        </extensions>
      </trkpt>
      <trkpt lat="32.0165246911" lon="120.898211505">
        <ele>5.2</ele>
        <time>2026-09-17T15:02:23+0800</time>
        <extensions>
          <gpxtpx:TrackPointExtension>
            <gpxtpx:hr>163</gpxtpx:hr>
            <gpxtpx:cad>89</gpxtpx:cad>
          </gpxtpx:TrackPointExtension>
        </extensions>
      </trkpt>
      <trkpt lat="32.0165521" lon="120.89821754">
        <ele>5.2</ele>
        <time>2026-09-17T15:02:24+0800</time>
        <extensions>
          <gpxtpx:TrackPointExtension>
            <gpxtpx:hr>162</gpxtpx:hr>
            <gpxtpx:cad>88</gpxtpx:cad>
          </gpxtpx:TrackPointExtension>
        </extensions>
      </trkpt>
      <trkpt lat="32.0165823586" lon="120.898219468">
        <ele>5.2</ele>
        <time>2026-09-17T15:02:25+0800</time>
        <extensions>
          <gpxtpx:TrackPointExtension>
            <gpxtpx:hr>162</gpxtpx:hr>
            <gpxtpx:cad>88</gpxtpx:cad>
          </gpxtpx:TrackPointExtension>
        </extensions>
      </trkpt>
      <trkpt lat="32.0166099351" lon="120.898227096">
        <ele>5.2</ele>
        <time>2026-09-17T15:02:26+0800</time>
        <extensions>
          <gpxtpx:TrackPointExtension>
            <gpxtpx:hr>162</gpxtpx:hr>
            <gpxtpx:cad>88</gpxtpx:cad>
          </gpxtpx:TrackPointExtension>
        </extensions>
      </trkpt>
      <trkpt lat="32.0166345779" lon="120.898228856">
        <ele>5.2</ele>
        <time>2026-09-17T15:02:27+0800</time>
        <extensions>
          <gpxtpx:TrackPointExtension>
            <gpxtpx:hr>162</gpxtpx:hr>
            <gpxtpx:cad>89</gpxtpx:cad>
          </gpxtpx:TrackPointExtension>
        </extensions>
      </trkpt>
      <trkpt lat="32.0166629925" lon="120.898243189">
        <ele>5.2</ele>
        <time>2026-09-17T15:02:28+0800</time>
        <extensions>
          <gpxtpx:TrackPointExtension>
            <gpxtpx:hr>162</gpxtpx:hr>
            <gpxtpx:cad>89</gpxtpx:cad>
          </gpxtpx:TrackPointExtension>
        </extensions>
      </trkpt>
      <trkpt lat="32.0166910719" lon="120.898248805">
        <ele>5.2</ele>
        <time>2026-09-17T15:02:29+0800</time>
        <extensions>
          <gpxtpx:TrackPointExtension>
            <gpxtpx:hr>162</gpxtpx:hr>
            <gpxtpx:cad>89</gpxtpx:cad>
          </gpxtpx:TrackPointExtension>
        </extensions>
      </trkpt>
      <trkpt lat="32.0167250186" lon="120.898259534">
        <ele>5.2</ele>
        <time>2026-09-17T15:02:30+0800</time>
        <extensions>
          <gpxtpx:TrackPointExtension>
            <gpxtpx:hr>163</gpxtpx:hr>
            <gpxtpx:cad>89</gpxtpx:cad>
          </gpxtpx:TrackPointExtension>
        </extensions>
      </trkpt>
      <trkpt lat="32.0167510025" lon="120.898257354">
        <ele>5.2</ele>
        <time>2026-09-17T15:02:31+0800</time>
        <extensions>
          <gpxtpx:TrackPointExtension>
            <gpxtpx:hr>163</gpxtpx:hr>
            <gpxtpx:cad>89</gpxtpx:cad>
          </gpxtpx:TrackPointExtension>
        </extensions>
      </trkpt>
      <trkpt lat="32.0167826861" lon="120.89826691">
        <ele>5.2</ele>
        <time>2026-09-17T15:02:32+0800</time>
        <extensions>
          <gpxtpx:TrackPointExtension>
            <gpxtpx:hr>162</gpxtpx:hr>
            <gpxtpx:cad>89</gpxtpx:cad>
          </gpxtpx:TrackPointExtension>
        </extensions>
      </trkpt>
      <trkpt lat="32.0168052334" lon="120.898270849">
        <ele>5.2</ele>
        <time>2026-09-17T15:02:33+0800</time>
        <extensions>
          <gpxtpx:TrackPointExtension>
            <gpxtpx:hr>162</gpxtpx:hr>
            <gpxtpx:cad>88</gpxtpx:cad>
          </gpxtpx:TrackPointExtension>
        </extensions>
      </trkpt>
      <trkpt lat="32.0168367494" lon="120.89828535">
        <ele>5.2</ele>
        <time>2026-09-17T15:02:34+0800</time>
        <extensions>
          <gpxtpx:TrackPointExtension>
            <gpxtpx:hr>162</gpxtpx:hr>
            <gpxtpx:cad>88</gpxtpx:cad>
          </gpxtpx:TrackPointExtension>
        </extensions>
      </trkpt>
      <trkpt lat="32.0168649964" lon="120.898290463">
        <ele>5.4</ele>
        <time>2026-09-17T15:02:35+0800</time>
        <extensions>
          <gpxtpx:TrackPointExtension>
            <gpxtpx:hr>163</gpxtpx:hr>
            <gpxtpx:cad>88</gpxtpx:cad>
          </gpxtpx:TrackPointExtension>
        </extensions>
      </trkpt>
      <trkpt lat="32.0168960094" lon="120.898302281">
        <ele>5.4</ele>
        <time>2026-09-17T15:02:36+0800</time>
        <extensions>
          <gpxtpx:TrackPointExtension>
            <gpxtpx:hr>162</gpxtpx:hr>
            <gpxtpx:cad>88</gpxtpx:cad>
          </gpxtpx:TrackPointExtension>
        </extensions>
      </trkpt>
      <trkpt lat="32.0169217419" lon="120.898308652">
        <ele>5.4</ele>
        <time>2026-09-17T15:02:37+0800</time>
        <extensions>
          <gpxtpx:TrackPointExtension>
            <gpxtpx:hr>162</gpxtpx:hr>
            <gpxtpx:cad>88</gpxtpx:cad>
          </gpxtpx:TrackPointExtension>
        </extensions>
      </trkpt>
      <trkpt lat="32.0169516653" lon="120.898322146">
        <ele>5.4</ele>
        <time>2026-09-17T15:02:38+0800</time>
        <extensions>
          <gpxtpx:TrackPointExtension>
            <gpxtpx:hr>162</gpxtpx:hr>
            <gpxtpx:cad>88</gpxtpx:cad>
          </gpxtpx:TrackPointExtension>
        </extensions>
      </trkpt>
      <trkpt lat="32.0169759728" lon="120.898331199">
        <ele>5.2</ele>
        <time>2026-09-17T15:02:39+0800</time>
        <extensions>
          <gpxtpx:TrackPointExtension>
            <gpxtpx:hr>162</gpxtpx:hr>
            <gpxtpx:cad>88</gpxtpx:cad>
          </gpxtpx:TrackPointExtension>
        </extensions>
      </trkpt>
      <trkpt lat="32.0170067344" lon="120.898344275">
        <ele>5.2</ele>
        <time>2026-09-17T15:02:40+0800</time>
        <extensions>
          <gpxtpx:TrackPointExtension>
            <gpxtpx:hr>162</gpxtpx:hr>
            <gpxtpx:cad>88</gpxtpx:cad>
          </gpxtpx:TrackPointExtension>
        </extensions>
      </trkpt>
      <trkpt lat="32.0170338918" lon="120.898358775">
        <ele>5.2</ele>
        <time>2026-09-17T15:02:41+0800</time>
        <extensions>
          <gpxtpx:TrackPointExtension>
            <gpxtpx:hr>162</gpxtpx:hr>
            <gpxtpx:cad>88</gpxtpx:cad>
          </gpxtpx:TrackPointExtension>
        </extensions>
      </trkpt>
      <trkpt lat="32.0170601271" lon="120.898373947">
        <ele>5.2</ele>
        <time>2026-09-17T15:02:42+0800</time>
        <extensions>
          <gpxtpx:TrackPointExtension>
            <gpxtpx:hr>163</gpxtpx:hr>
            <gpxtpx:cad>88</gpxtpx:cad>
          </gpxtpx:TrackPointExtension>
        </extensions>
      </trkpt>
      <trkpt lat="32.0170897152" lon="120.898391465">
        <ele>5.2</ele>
        <time>2026-09-17T15:02:43+0800</time>
        <extensions>
          <gpxtpx:TrackPointExtension>
            <gpxtpx:hr>163</gpxtpx:hr>
            <gpxtpx:cad>88</gpxtpx:cad>
          </gpxtpx:TrackPointExtension>
        </extensions>
      </trkpt>
      <trkpt lat="32.0171247516" lon="120.898399511">
        <ele>5.0</ele>
        <time>2026-09-17T15:02:44+0800</time>
        <extensions>
          <gpxtpx:TrackPointExtension>
            <gpxtpx:hr>162</gpxtpx:hr>
            <gpxtpx:cad>88</gpxtpx:cad>
          </gpxtpx:TrackPointExtension>
        </extensions>
      </trkpt>
      <trkpt lat="32.0171555132" lon="120.898422729">
        <ele>5.2</ele>
        <time>2026-09-17T15:02:45+0800</time>
        <extensions>
          <gpxtpx:TrackPointExtension>
            <gpxtpx:hr>162</gpxtpx:hr>
            <gpxtpx:cad>88</gpxtpx:cad>
          </gpxtpx:TrackPointExtension>
        </extensions>
      </trkpt>
      <trkpt lat="32.0171830896" lon="120.898435721">
        <ele>5.2</ele>
        <time>2026-09-17T15:02:46+0800</time>
        <extensions>
          <gpxtpx:TrackPointExtension>
            <gpxtpx:hr>162</gpxtpx:hr>
            <gpxtpx:cad>88</gpxtpx:cad>
          </gpxtpx:TrackPointExtension>
        </extensions>
      </trkpt>
      <trkpt lat="32.0172171202" lon="120.898466315">
        <ele>5.0</ele>
        <time>2026-09-17T15:02:47+0800</time>
        <extensions>
          <gpxtpx:TrackPointExtension>
            <gpxtpx:hr>162</gpxtpx:hr>
            <gpxtpx:cad>88</gpxtpx:cad>
          </gpxtpx:TrackPointExtension>
        </extensions>
      </trkpt>
      <trkpt lat="32.0172418468" lon="120.898480313">
        <ele>5.0</ele>
        <time>2026-09-17T15:02:48+0800</time>
        <extensions>
          <gpxtpx:TrackPointExtension>
            <gpxtpx:hr>162</gpxtpx:hr>
            <gpxtpx:cad>88</gpxtpx:cad>
          </gpxtpx:TrackPointExtension>
        </extensions>
      </trkpt>
      <trkpt lat="32.0172702614" lon="120.898508476">
        <ele>5.0</ele>
        <time>2026-09-17T15:02:49+0800</time>
        <extensions>
          <gpxtpx:TrackPointExtension>
            <gpxtpx:hr>162</gpxtpx:hr>
            <gpxtpx:cad>87</gpxtpx:cad>
          </gpxtpx:TrackPointExtension>
        </extensions>
      </trkpt>
      <trkpt lat="32.0172905456" lon="120.898533622">
        <ele>4.8</ele>
        <time>2026-09-17T15:02:50+0800</time>
        <extensions>
          <gpxtpx:TrackPointExtension>
            <gpxtpx:hr>162</gpxtpx:hr>
            <gpxtpx:cad>87</gpxtpx:cad>
          </gpxtpx:TrackPointExtension>
        </extensions>
      </trkpt>
      <trkpt lat="32.0173166972" lon="120.898560109">
        <ele>4.8</ele>
        <time>2026-09-17T15:02:51+0800</time>
        <extensions>
          <gpxtpx:TrackPointExtension>
            <gpxtpx:hr>161</gpxtpx:hr>
            <gpxtpx:cad>87</gpxtpx:cad>
          </gpxtpx:TrackPointExtension>
        </extensions>
      </trkpt>
      <trkpt lat="32.0173387416" lon="120.898577124">
        <ele>4.6</ele>
        <time>2026-09-17T15:02:52+0800</time>
        <extensions>
          <gpxtpx:TrackPointExtension>
            <gpxtpx:hr>161</gpxtpx:hr>
            <gpxtpx:cad>88</gpxtpx:cad>
          </gpxtpx:TrackPointExtension>
        </extensions>
      </trkpt>
      <trkpt lat="32.0173696708" lon="120.898596486">
        <ele>4.6</ele>
        <time>2026-09-17T15:02:53+0800</time>
        <extensions>
          <gpxtpx:TrackPointExtension>
            <gpxtpx:hr>161</gpxtpx:hr>
            <gpxtpx:cad>88</gpxtpx:cad>
          </gpxtpx:TrackPointExtension>
        </extensions>
      </trkpt>
      <trkpt lat="32.0173939783" lon="120.898611741">
        <ele>4.6</ele>
        <time>2026-09-17T15:02:54+0800</time>
        <extensions>
          <gpxtpx:TrackPointExtension>
            <gpxtpx:hr>161</gpxtpx:hr>
            <gpxtpx:cad>88</gpxtpx:cad>
          </gpxtpx:TrackPointExtension>
        </extensions>
      </trkpt>
      <trkpt lat="32.0174192917" lon="120.898626158">
        <ele>4.6</ele>
        <time>2026-09-17T15:02:55+0800</time>
        <extensions>
          <gpxtpx:TrackPointExtension>
            <gpxtpx:hr>161</gpxtpx:hr>
            <gpxtpx:cad>87</gpxtpx:cad>
          </gpxtpx:TrackPointExtension>
        </extensions>
      </trkpt>
      <trkpt lat="32.017446449" lon="120.898640826">
        <ele>4.6</ele>
        <time>2026-09-17T15:02:56+0800</time>
        <extensions>
          <gpxtpx:TrackPointExtension>
            <gpxtpx:hr>161</gpxtpx:hr>
            <gpxtpx:cad>87</gpxtpx:cad>
          </gpxtpx:TrackPointExtension>
        </extensions>
      </trkpt>
      <trkpt lat="32.0174710918" lon="120.89864728">
        <ele>4.8</ele>
        <time>2026-09-17T15:02:57+0800</time>
        <extensions>
          <gpxtpx:TrackPointExtension>
            <gpxtpx:hr>161</gpxtpx:hr>
            <gpxtpx:cad>87</gpxtpx:cad>
          </gpxtpx:TrackPointExtension>
        </extensions>
      </trkpt>
      <trkpt lat="32.0174959023" lon="120.898662871">
        <ele>4.8</ele>
        <time>2026-09-17T15:02:58+0800</time>
        <extensions>
          <gpxtpx:TrackPointExtension>
            <gpxtpx:hr>160</gpxtpx:hr>
            <gpxtpx:cad>88</gpxtpx:cad>
          </gpxtpx:TrackPointExtension>
        </extensions>
      </trkpt>
      <trkpt lat="32.0175198745" lon="120.898670163">
        <ele>5.0</ele>
        <time>2026-09-17T15:02:59+0800</time>
        <extensions>
          <gpxtpx:TrackPointExtension>
            <gpxtpx:hr>161</gpxtpx:hr>
            <gpxtpx:cad>88</gpxtpx:cad>
          </gpxtpx:TrackPointExtension>
        </extensions>
      </trkpt>
      <trkpt lat="32.0175491273" lon="120.898686005">
        <ele>5.0</ele>
        <time>2026-09-17T15:03:00+0800</time>
        <extensions>
          <gpxtpx:TrackPointExtension>
            <gpxtpx:hr>161</gpxtpx:hr>
            <gpxtpx:cad>87</gpxtpx:cad>
          </gpxtpx:TrackPointExtension>
        </extensions>
      </trkpt>
      <trkpt lat="32.0175761171" lon="120.898690196">
        <ele>5.0</ele>
        <time>2026-09-17T15:03:01+0800</time>
        <extensions>
          <gpxtpx:TrackPointExtension>
            <gpxtpx:hr>160</gpxtpx:hr>
            <gpxtpx:cad>87</gpxtpx:cad>
          </gpxtpx:TrackPointExtension>
        </extensions>
      </trkpt>
      <trkpt lat="32.0176103152" lon="120.898701176">
        <ele>5.0</ele>
        <time>2026-09-17T15:03:02+0800</time>
        <extensions>
          <gpxtpx:TrackPointExtension>
            <gpxtpx:hr>161</gpxtpx:hr>
            <gpxtpx:cad>87</gpxtpx:cad>
          </gpxtpx:TrackPointExtension>
        </extensions>
      </trkpt>
      <trkpt lat="32.0176337846" lon="120.898693884">
        <ele>5.0</ele>
        <time>2026-09-17T15:03:03+0800</time>
        <extensions>
          <gpxtpx:TrackPointExtension>
            <gpxtpx:hr>161</gpxtpx:hr>
            <gpxtpx:cad>87</gpxtpx:cad>
          </gpxtpx:TrackPointExtension>
        </extensions>
      </trkpt>
      <trkpt lat="32.0176723413" lon="120.898684664">
        <ele>5.0</ele>
        <time>2026-09-17T15:03:04+0800</time>
        <extensions>
          <gpxtpx:TrackPointExtension>
            <gpxtpx:hr>161</gpxtpx:hr>
            <gpxtpx:cad>88</gpxtpx:cad>
          </gpxtpx:TrackPointExtension>
        </extensions>
      </trkpt>
      <trkpt lat="32.0176918712" lon="120.898673935">
        <ele>5.0</ele>
        <time>2026-09-17T15:03:05+0800</time>
        <extensions>
          <gpxtpx:TrackPointExtension>
            <gpxtpx:hr>160</gpxtpx:hr>
            <gpxtpx:cad>88</gpxtpx:cad>
          </gpxtpx:TrackPointExtension>
        </extensions>
      </trkpt>
      <trkpt lat="32.0177149214" lon="120.898646191">
        <ele>5.0</ele>
        <time>2026-09-17T15:03:06+0800</time>
        <extensions>
          <gpxtpx:TrackPointExtension>
            <gpxtpx:hr>160</gpxtpx:hr>
            <gpxtpx:cad>87</gpxtpx:cad>
          </gpxtpx:TrackPointExtension>
        </extensions>
      </trkpt>
      <trkpt lat="32.0177274942" lon="120.898625404">
        <ele>4.8</ele>
        <time>2026-09-17T15:03:07+0800</time>
        <extensions>
          <gpxtpx:TrackPointExtension>
            <gpxtpx:hr>161</gpxtpx:hr>
            <gpxtpx:cad>87</gpxtpx:cad>
          </gpxtpx:TrackPointExtension>
        </extensions>
      </trkpt>
      <trkpt lat="32.0177341159" lon="120.898594223">
        <ele>4.8</ele>
        <time>2026-09-17T15:03:08+0800</time>
        <extensions>
          <gpxtpx:TrackPointExtension>
            <gpxtpx:hr>161</gpxtpx:hr>
            <gpxtpx:cad>86</gpxtpx:cad>
          </gpxtpx:TrackPointExtension>
        </extensions>
      </trkpt>
      <trkpt lat="32.0177407376" lon="120.898568071">
        <ele>4.8</ele>
        <time>2026-09-17T15:03:09+0800</time>
        <extensions>
          <gpxtpx:TrackPointExtension>
            <gpxtpx:hr>161</gpxtpx:hr>
            <gpxtpx:cad>86</gpxtpx:cad>
          </gpxtpx:TrackPointExtension>
        </extensions>
      </trkpt>
      <trkpt lat="32.017744258" lon="120.898528676">
        <ele>4.8</ele>
        <time>2026-09-17T15:03:10+0800</time>
        <extensions>
          <gpxtpx:TrackPointExtension>
            <gpxtpx:hr>161</gpxtpx:hr>
            <gpxtpx:cad>86</gpxtpx:cad>
          </gpxtpx:TrackPointExtension>
        </extensions>
      </trkpt>
      <trkpt lat="32.0177485328" lon="120.898501016">
        <ele>4.6</ele>
        <time>2026-09-17T15:03:11+0800</time>
        <extensions>
          <gpxtpx:TrackPointExtension>
            <gpxtpx:hr>161</gpxtpx:hr>
            <gpxtpx:cad>88</gpxtpx:cad>
          </gpxtpx:TrackPointExtension>
        </extensions>
      </trkpt>
      <trkpt lat="32.0177536458" lon="120.898455335">
        <ele>4.6</ele>
        <time>2026-09-17T15:03:12+0800</time>
        <extensions>
          <gpxtpx:TrackPointExtension>
            <gpxtpx:hr>161</gpxtpx:hr>
            <gpxtpx:cad>88</gpxtpx:cad>
          </gpxtpx:TrackPointExtension>
        </extensions>
      </trkpt>
      <trkpt lat="32.0177646261" lon="120.898422897">
        <ele>4.6</ele>
        <time>2026-09-17T15:03:13+0800</time>
        <extensions>
          <gpxtpx:TrackPointExtension>
            <gpxtpx:hr>161</gpxtpx:hr>
            <gpxtpx:cad>88</gpxtpx:cad>
          </gpxtpx:TrackPointExtension>
        </extensions>
      </trkpt>
      <trkpt lat="32.0177691523" lon="120.898380987">
        <ele>4.6</ele>
        <time>2026-09-17T15:03:14+0800</time>
        <extensions>
          <gpxtpx:TrackPointExtension>
            <gpxtpx:hr>161</gpxtpx:hr>
            <gpxtpx:cad>89</gpxtpx:cad>
          </gpxtpx:TrackPointExtension>
        </extensions>
      </trkpt>
      <trkpt lat="32.0177755225" lon="120.898351735">
        <ele>4.6</ele>
        <time>2026-09-17T15:03:15+0800</time>
        <extensions>
          <gpxtpx:TrackPointExtension>
            <gpxtpx:hr>161</gpxtpx:hr>
            <gpxtpx:cad>89</gpxtpx:cad>
          </gpxtpx:TrackPointExtension>
        </extensions>
      </trkpt>
      <trkpt lat="32.0177808031" lon="120.898311166">
        <ele>4.4</ele>
        <time>2026-09-17T15:03:16+0800</time>
        <extensions>
          <gpxtpx:TrackPointExtension>
            <gpxtpx:hr>161</gpxtpx:hr>
            <gpxtpx:cad>89</gpxtpx:cad>
          </gpxtpx:TrackPointExtension>
        </extensions>
      </trkpt>
      <trkpt lat="32.017791532" lon="120.898275711">
        <ele>4.4</ele>
        <time>2026-09-17T15:03:17+0800</time>
        <extensions>
          <gpxtpx:TrackPointExtension>
            <gpxtpx:hr>161</gpxtpx:hr>
            <gpxtpx:cad>88</gpxtpx:cad>
          </gpxtpx:TrackPointExtension>
        </extensions>
      </trkpt>
      <trkpt lat="32.0177936275" lon="120.898238663">
        <ele>4.4</ele>
        <time>2026-09-17T15:03:18+0800</time>
        <extensions>
          <gpxtpx:TrackPointExtension>
            <gpxtpx:hr>161</gpxtpx:hr>
            <gpxtpx:cad>88</gpxtpx:cad>
          </gpxtpx:TrackPointExtension>
        </extensions>
      </trkpt>
      <trkpt lat="32.0178032666" lon="120.898202704">
        <ele>4.4</ele>
        <time>2026-09-17T15:03:19+0800</time>
        <extensions>
          <gpxtpx:TrackPointExtension>
            <gpxtpx:hr>161</gpxtpx:hr>
            <gpxtpx:cad>88</gpxtpx:cad>
          </gpxtpx:TrackPointExtension>
        </extensions>
      </trkpt>
      <trkpt lat="32.017805865" lon="120.898167668">
        <ele>4.4</ele>
        <time>2026-09-17T15:03:20+0800</time>
        <extensions>
          <gpxtpx:TrackPointExtension>
            <gpxtpx:hr>160</gpxtpx:hr>
            <gpxtpx:cad>88</gpxtpx:cad>
          </gpxtpx:TrackPointExtension>
        </extensions>
      </trkpt>
      <trkpt lat="32.0178135764" lon="120.89812601">
        <ele>4.4</ele>
        <time>2026-09-17T15:03:21+0800</time>
        <extensions>
          <gpxtpx:TrackPointExtension>
            <gpxtpx:hr>161</gpxtpx:hr>
            <gpxtpx:cad>88</gpxtpx:cad>
          </gpxtpx:TrackPointExtension>
        </extensions>
      </trkpt>
      <trkpt lat="32.0178163424" lon="120.898100194">
        <ele>4.4</ele>
        <time>2026-09-17T15:03:22+0800</time>
        <extensions>
          <gpxtpx:TrackPointExtension>
            <gpxtpx:hr>161</gpxtpx:hr>
            <gpxtpx:cad>88</gpxtpx:cad>
          </gpxtpx:TrackPointExtension>
        </extensions>
      </trkpt>
      <trkpt lat="32.0178266522" lon="120.898059038">
        <ele>4.4</ele>
        <time>2026-09-17T15:03:23+0800</time>
        <extensions>
          <gpxtpx:TrackPointExtension>
            <gpxtpx:hr>160</gpxtpx:hr>
            <gpxtpx:cad>88</gpxtpx:cad>
          </gpxtpx:TrackPointExtension>
        </extensions>
      </trkpt>
      <trkpt lat="32.0178297535" lon="120.898033725">
        <ele>4.4</ele>
        <time>2026-09-17T15:03:24+0800</time>
        <extensions>
          <gpxtpx:TrackPointExtension>
            <gpxtpx:hr>161</gpxtpx:hr>
            <gpxtpx:cad>88</gpxtpx:cad>
          </gpxtpx:TrackPointExtension>
        </extensions>
      </trkpt>
      <trkpt lat="32.017839225" lon="120.897989552">
        <ele>4.4</ele>
        <time>2026-09-17T15:03:25+0800</time>
        <extensions>
          <gpxtpx:TrackPointExtension>
            <gpxtpx:hr>161</gpxtpx:hr>
            <gpxtpx:cad>88</gpxtpx:cad>
          </gpxtpx:TrackPointExtension>
        </extensions>
      </trkpt>
      <trkpt lat="32.0178372134" lon="120.897963988">
        <ele>4.4</ele>
        <time>2026-09-17T15:03:26+0800</time>
        <extensions>
          <gpxtpx:TrackPointExtension>
            <gpxtpx:hr>161</gpxtpx:hr>
            <gpxtpx:cad>88</gpxtpx:cad>
          </gpxtpx:TrackPointExtension>
        </extensions>
      </trkpt>
      <trkpt lat="32.0178440027" lon="120.897919228">
        <ele>4.4</ele>
        <time>2026-09-17T15:03:27+0800</time>
        <extensions>
          <gpxtpx:TrackPointExtension>
            <gpxtpx:hr>161</gpxtpx:hr>
            <gpxtpx:cad>88</gpxtpx:cad>
          </gpxtpx:TrackPointExtension>
        </extensions>
      </trkpt>
      <trkpt lat="32.0178465173" lon="120.897894921">
        <ele>4.4</ele>
        <time>2026-09-17T15:03:28+0800</time>
        <extensions>
          <gpxtpx:TrackPointExtension>
            <gpxtpx:hr>160</gpxtpx:hr>
            <gpxtpx:cad>88</gpxtpx:cad>
          </gpxtpx:TrackPointExtension>
        </extensions>
      </trkpt>
      <trkpt lat="32.0178539772" lon="120.897851922">
        <ele>4.4</ele>
        <time>2026-09-17T15:03:29+0800</time>
        <extensions>
          <gpxtpx:TrackPointExtension>
            <gpxtpx:hr>161</gpxtpx:hr>
            <gpxtpx:cad>88</gpxtpx:cad>
          </gpxtpx:TrackPointExtension>
        </extensions>
      </trkpt>
      <trkpt lat="32.0178548992" lon="120.897822753">
        <ele>4.2</ele>
        <time>2026-09-17T15:03:30+0800</time>
        <extensions>
          <gpxtpx:TrackPointExtension>
            <gpxtpx:hr>161</gpxtpx:hr>
            <gpxtpx:cad>88</gpxtpx:cad>
          </gpxtpx:TrackPointExtension>
        </extensions>
      </trkpt>
      <trkpt lat="32.0178637002" lon="120.897778664">
        <ele>4.2</ele>
        <time>2026-09-17T15:03:31+0800</time>
        <extensions>
          <gpxtpx:TrackPointExtension>
            <gpxtpx:hr>160</gpxtpx:hr>
            <gpxtpx:cad>88</gpxtpx:cad>
          </gpxtpx:TrackPointExtension>
        </extensions>
      </trkpt>
      <trkpt lat="32.0178714953" lon="120.89775159">
        <ele>4.2</ele>
        <time>2026-09-17T15:03:32+0800</time>
        <extensions>
          <gpxtpx:TrackPointExtension>
            <gpxtpx:hr>160</gpxtpx:hr>
            <gpxtpx:cad>88</gpxtpx:cad>
          </gpxtpx:TrackPointExtension>
        </extensions>
      </trkpt>
      <trkpt lat="32.0178837329" lon="120.897714794">
        <ele>4.4</ele>
        <time>2026-09-17T15:03:33+0800</time>
        <extensions>
          <gpxtpx:TrackPointExtension>
            <gpxtpx:hr>160</gpxtpx:hr>
            <gpxtpx:cad>89</gpxtpx:cad>
          </gpxtpx:TrackPointExtension>
        </extensions>
      </trkpt>
      <trkpt lat="32.0178983174" lon="120.897687469">
        <ele>4.2</ele>
        <time>2026-09-17T15:03:34+0800</time>
        <extensions>
          <gpxtpx:TrackPointExtension>
            <gpxtpx:hr>161</gpxtpx:hr>
            <gpxtpx:cad>89</gpxtpx:cad>
          </gpxtpx:TrackPointExtension>
        </extensions>
      </trkpt>
      <trkpt lat="32.0179056935" lon="120.897649918">
        <ele>4.2</ele>
        <time>2026-09-17T15:03:35+0800</time>
        <extensions>
          <gpxtpx:TrackPointExtension>
            <gpxtpx:hr>160</gpxtpx:hr>
            <gpxtpx:cad>89</gpxtpx:cad>
          </gpxtpx:TrackPointExtension>
        </extensions>
      </trkpt>
      <trkpt lat="32.0179132372" lon="120.897621587">
        <ele>4.2</ele>
        <time>2026-09-17T15:03:36+0800</time>
        <extensions>
          <gpxtpx:TrackPointExtension>
            <gpxtpx:hr>160</gpxtpx:hr>
            <gpxtpx:cad>89</gpxtpx:cad>
          </gpxtpx:TrackPointExtension>
        </extensions>
      </trkpt>
      <trkpt lat="32.0179153327" lon="120.897584539">
        <ele>4.2</ele>
        <time>2026-09-17T15:03:37+0800</time>
        <extensions>
          <gpxtpx:TrackPointExtension>
            <gpxtpx:hr>161</gpxtpx:hr>
            <gpxtpx:cad>88</gpxtpx:cad>
          </gpxtpx:TrackPointExtension>
        </extensions>
      </trkpt>
      <trkpt lat="32.0179222897" lon="120.89755428">
        <ele>4.2</ele>
        <time>2026-09-17T15:03:38+0800</time>
        <extensions>
          <gpxtpx:TrackPointExtension>
            <gpxtpx:hr>160</gpxtpx:hr>
            <gpxtpx:cad>88</gpxtpx:cad>
          </gpxtpx:TrackPointExtension>
        </extensions>
      </trkpt>
      <trkpt lat="32.0179237146" lon="120.897519076">
        <ele>4.2</ele>
        <time>2026-09-17T15:03:39+0800</time>
        <extensions>
          <gpxtpx:TrackPointExtension>
            <gpxtpx:hr>160</gpxtpx:hr>
            <gpxtpx:cad>88</gpxtpx:cad>
          </gpxtpx:TrackPointExtension>
        </extensions>
      </trkpt>
      <trkpt lat="32.0179345272" lon="120.89748513">
        <ele>4.2</ele>
        <time>2026-09-17T15:03:40+0800</time>
        <extensions>
          <gpxtpx:TrackPointExtension>
            <gpxtpx:hr>161</gpxtpx:hr>
            <gpxtpx:cad>88</gpxtpx:cad>
          </gpxtpx:TrackPointExtension>
        </extensions>
      </trkpt>
      <trkpt lat="32.0179393049" lon="120.897451434">
        <ele>4.2</ele>
        <time>2026-09-17T15:03:41+0800</time>
        <extensions>
          <gpxtpx:TrackPointExtension>
            <gpxtpx:hr>161</gpxtpx:hr>
            <gpxtpx:cad>88</gpxtpx:cad>
          </gpxtpx:TrackPointExtension>
        </extensions>
      </trkpt>
      <trkpt lat="32.0179513749" lon="120.897413129">
        <ele>4.4</ele>
        <time>2026-09-17T15:03:42+0800</time>
        <extensions>
          <gpxtpx:TrackPointExtension>
            <gpxtpx:hr>161</gpxtpx:hr>
            <gpxtpx:cad>89</gpxtpx:cad>
          </gpxtpx:TrackPointExtension>
        </extensions>
      </trkpt>
      <trkpt lat="32.01795456" lon="120.897382954">
        <ele>4.2</ele>
        <time>2026-09-17T15:03:43+0800</time>
        <extensions>
          <gpxtpx:TrackPointExtension>
            <gpxtpx:hr>161</gpxtpx:hr>
            <gpxtpx:cad>90</gpxtpx:cad>
          </gpxtpx:TrackPointExtension>
        </extensions>
      </trkpt>
      <trkpt lat="32.0179655403" lon="120.897343727">
        <ele>4.2</ele>
        <time>2026-09-17T15:03:44+0800</time>
        <extensions>
          <gpxtpx:TrackPointExtension>
            <gpxtpx:hr>160</gpxtpx:hr>
            <gpxtpx:cad>90</gpxtpx:cad>
          </gpxtpx:TrackPointExtension>
        </extensions>
      </trkpt>
      <trkpt lat="32.0179648697" lon="120.89731372">
        <ele>4.2</ele>
        <time>2026-09-17T15:03:45+0800</time>
        <extensions>
          <gpxtpx:TrackPointExtension>
            <gpxtpx:hr>161</gpxtpx:hr>
            <gpxtpx:cad>89</gpxtpx:cad>
          </gpxtpx:TrackPointExtension>
        </extensions>
      </trkpt>
      <trkpt lat="32.0179722458" lon="120.897272564">
        <ele>4.2</ele>
        <time>2026-09-17T15:03:46+0800</time>
        <extensions>
          <gpxtpx:TrackPointExtension>
            <gpxtpx:hr>161</gpxtpx:hr>
            <gpxtpx:cad>88</gpxtpx:cad>
          </gpxtpx:TrackPointExtension>
        </extensions>
      </trkpt>
      <trkpt lat="32.0179696474" lon="120.897239707">
        <ele>4.2</ele>
        <time>2026-09-17T15:03:47+0800</time>
        <extensions>
          <gpxtpx:TrackPointExtension>
            <gpxtpx:hr>160</gpxtpx:hr>
            <gpxtpx:cad>88</gpxtpx:cad>
          </gpxtpx:TrackPointExtension>
        </extensions>
      </trkpt>
      <trkpt lat="32.0179769397" lon="120.897196289">
        <ele>4.4</ele>
        <time>2026-09-17T15:03:48+0800</time>
        <extensions>
          <gpxtpx:TrackPointExtension>
            <gpxtpx:hr>160</gpxtpx:hr>
            <gpxtpx:cad>88</gpxtpx:cad>
          </gpxtpx:TrackPointExtension>
        </extensions>
      </trkpt>
      <trkpt lat="32.0179803763" lon="120.89716536">
        <ele>4.4</ele>
        <time>2026-09-17T15:03:49+0800</time>
        <extensions>
          <gpxtpx:TrackPointExtension>
            <gpxtpx:hr>160</gpxtpx:hr>
            <gpxtpx:cad>89</gpxtpx:cad>
          </gpxtpx:TrackPointExtension>
        </extensions>
      </trkpt>
      <trkpt lat="32.0179958828" lon="120.897120433">
        <ele>4.4</ele>
        <time>2026-09-17T15:03:50+0800</time>
        <extensions>
          <gpxtpx:TrackPointExtension>
            <gpxtpx:hr>161</gpxtpx:hr>
            <gpxtpx:cad>89</gpxtpx:cad>
          </gpxtpx:TrackPointExtension>
        </extensions>
      </trkpt>
      <trkpt lat="32.0180078689" lon="120.89709688">
        <ele>4.4</ele>
        <time>2026-09-17T15:03:51+0800</time>
        <extensions>
          <gpxtpx:TrackPointExtension>
            <gpxtpx:hr>160</gpxtpx:hr>
            <gpxtpx:cad>88</gpxtpx:cad>
          </gpxtpx:TrackPointExtension>
        </extensions>
      </trkpt>
      <trkpt lat="32.0180248842" lon="120.897060083">
        <ele>4.4</ele>
        <time>2026-09-17T15:03:52+0800</time>
        <extensions>
          <gpxtpx:TrackPointExtension>
            <gpxtpx:hr>160</gpxtpx:hr>
            <gpxtpx:cad>88</gpxtpx:cad>
          </gpxtpx:TrackPointExtension>
        </extensions>
      </trkpt>
      <trkpt lat="32.0180363674" lon="120.897037536">
        <ele>4.6</ele>
        <time>2026-09-17T15:03:53+0800</time>
        <extensions>
          <gpxtpx:TrackPointExtension>
            <gpxtpx:hr>161</gpxtpx:hr>
            <gpxtpx:cad>88</gpxtpx:cad>
          </gpxtpx:TrackPointExtension>
        </extensions>
      </trkpt>
      <trkpt lat="32.0180466771" lon="120.89699965">
        <ele>4.6</ele>
        <time>2026-09-17T15:03:54+0800</time>
        <extensions>
          <gpxtpx:TrackPointExtension>
            <gpxtpx:hr>160</gpxtpx:hr>
            <gpxtpx:cad>88</gpxtpx:cad>
          </gpxtpx:TrackPointExtension>
        </extensions>
      </trkpt>
      <trkpt lat="32.0180547237" lon="120.896973917">
        <ele>4.6</ele>
        <time>2026-09-17T15:03:55+0800</time>
        <extensions>
          <gpxtpx:TrackPointExtension>
            <gpxtpx:hr>160</gpxtpx:hr>
            <gpxtpx:cad>88</gpxtpx:cad>
          </gpxtpx:TrackPointExtension>
        </extensions>
      </trkpt>
      <trkpt lat="32.0180656202" lon="120.896932511">
        <ele>4.6</ele>
        <time>2026-09-17T15:03:56+0800</time>
        <extensions>
          <gpxtpx:TrackPointExtension>
            <gpxtpx:hr>160</gpxtpx:hr>
            <gpxtpx:cad>88</gpxtpx:cad>
          </gpxtpx:TrackPointExtension>
        </extensions>
      </trkpt>
      <trkpt lat="32.0180685539" lon="120.896904096">
        <ele>4.6</ele>
        <time>2026-09-17T15:03:57+0800</time>
        <extensions>
          <gpxtpx:TrackPointExtension>
            <gpxtpx:hr>159</gpxtpx:hr>
            <gpxtpx:cad>88</gpxtpx:cad>
          </gpxtpx:TrackPointExtension>
        </extensions>
      </trkpt>
      <trkpt lat="32.0180747565" lon="120.896865204">
        <ele>4.4</ele>
        <time>2026-09-17T15:03:58+0800</time>
        <extensions>
          <gpxtpx:TrackPointExtension>
            <gpxtpx:hr>159</gpxtpx:hr>
            <gpxtpx:cad>88</gpxtpx:cad>
          </gpxtpx:TrackPointExtension>
        </extensions>
      </trkpt>
      <trkpt lat="32.0180871617" lon="120.89683746">
        <ele>4.4</ele>
        <time>2026-09-17T15:03:59+0800</time>
        <extensions>
          <gpxtpx:TrackPointExtension>
            <gpxtpx:hr>159</gpxtpx:hr>
            <gpxtpx:cad>88</gpxtpx:cad>
          </gpxtpx:TrackPointExtension>
        </extensions>
      </trkpt>
      <trkpt lat="32.0180951245" lon="120.896802424">
        <ele>4.4</ele>
        <time>2026-09-17T15:04:00+0800</time>
        <extensions>
          <gpxtpx:TrackPointExtension>
            <gpxtpx:hr>159</gpxtpx:hr>
            <gpxtpx:cad>89</gpxtpx:cad>
          </gpxtpx:TrackPointExtension>
        </extensions>
      </trkpt>
      <trkpt lat="32.0181035064" lon="120.896774009">
        <ele>4.6</ele>
        <time>2026-09-17T15:04:01+0800</time>
        <extensions>
          <gpxtpx:TrackPointExtension>
            <gpxtpx:hr>159</gpxtpx:hr>
            <gpxtpx:cad>89</gpxtpx:cad>
          </gpxtpx:TrackPointExtension>
        </extensions>
      </trkpt>
      <trkpt lat="32.0181076135" lon="120.896738973">
        <ele>4.4</ele>
        <time>2026-09-17T15:04:02+0800</time>
        <extensions>
          <gpxtpx:TrackPointExtension>
            <gpxtpx:hr>159</gpxtpx:hr>
            <gpxtpx:cad>89</gpxtpx:cad>
          </gpxtpx:TrackPointExtension>
        </extensions>
      </trkpt>
      <trkpt lat="32.0181180909" lon="120.896704942">
        <ele>4.6</ele>
        <time>2026-09-17T15:04:03+0800</time>
        <extensions>
          <gpxtpx:TrackPointExtension>
            <gpxtpx:hr>158</gpxtpx:hr>
            <gpxtpx:cad>89</gpxtpx:cad>
          </gpxtpx:TrackPointExtension>
        </extensions>
      </trkpt>
      <trkpt lat="32.0181210246" lon="120.896667223">
        <ele>4.6</ele>
        <time>2026-09-17T15:04:04+0800</time>
        <extensions>
          <gpxtpx:TrackPointExtension>
            <gpxtpx:hr>159</gpxtpx:hr>
            <gpxtpx:cad>89</gpxtpx:cad>
          </gpxtpx:TrackPointExtension>
        </extensions>
      </trkpt>
      <trkpt lat="32.0181320049" lon="120.896630846">
        <ele>4.6</ele>
        <time>2026-09-17T15:04:05+0800</time>
        <extensions>
          <gpxtpx:TrackPointExtension>
            <gpxtpx:hr>158</gpxtpx:hr>
            <gpxtpx:cad>88</gpxtpx:cad>
          </gpxtpx:TrackPointExtension>
        </extensions>
      </trkpt>
      <trkpt lat="32.0181318372" lon="120.896598995">
        <ele>4.6</ele>
        <time>2026-09-17T15:04:06+0800</time>
        <extensions>
          <gpxtpx:TrackPointExtension>
            <gpxtpx:hr>158</gpxtpx:hr>
            <gpxtpx:cad>88</gpxtpx:cad>
          </gpxtpx:TrackPointExtension>
        </extensions>
      </trkpt>
      <trkpt lat="32.0181440748" lon="120.896562701">
        <ele>4.6</ele>
        <time>2026-09-17T15:04:07+0800</time>
        <extensions>
          <gpxtpx:TrackPointExtension>
            <gpxtpx:hr>158</gpxtpx:hr>
            <gpxtpx:cad>88</gpxtpx:cad>
          </gpxtpx:TrackPointExtension>
        </extensions>
      </trkpt>
      <trkpt lat="32.0181448292" lon="120.896530766">
        <ele>4.6</ele>
        <time>2026-09-17T15:04:08+0800</time>
        <extensions>
          <gpxtpx:TrackPointExtension>
            <gpxtpx:hr>158</gpxtpx:hr>
            <gpxtpx:cad>88</gpxtpx:cad>
          </gpxtpx:TrackPointExtension>
        </extensions>
      </trkpt>
      <trkpt lat="32.0181541331" lon="120.896491874">
        <ele>4.6</ele>
        <time>2026-09-17T15:04:09+0800</time>
        <extensions>
          <gpxtpx:TrackPointExtension>
            <gpxtpx:hr>159</gpxtpx:hr>
            <gpxtpx:cad>88</gpxtpx:cad>
          </gpxtpx:TrackPointExtension>
        </extensions>
      </trkpt>
      <trkpt lat="32.0181563962" lon="120.896457424">
        <ele>4.6</ele>
        <time>2026-09-17T15:04:10+0800</time>
        <extensions>
          <gpxtpx:TrackPointExtension>
            <gpxtpx:hr>159</gpxtpx:hr>
            <gpxtpx:cad>88</gpxtpx:cad>
          </gpxtpx:TrackPointExtension>
        </extensions>
      </trkpt>
      <trkpt lat="32.0181645267" lon="120.896411911">
        <ele>4.4</ele>
        <time>2026-09-17T15:04:11+0800</time>
        <extensions>
          <gpxtpx:TrackPointExtension>
            <gpxtpx:hr>159</gpxtpx:hr>
            <gpxtpx:cad>89</gpxtpx:cad>
          </gpxtpx:TrackPointExtension>
        </extensions>
      </trkpt>
      <trkpt lat="32.0181641076" lon="120.89638182">
        <ele>4.4</ele>
        <time>2026-09-17T15:04:12+0800</time>
        <extensions>
          <gpxtpx:TrackPointExtension>
            <gpxtpx:hr>158</gpxtpx:hr>
            <gpxtpx:cad>89</gpxtpx:cad>
          </gpxtpx:TrackPointExtension>
        </extensions>
      </trkpt>
      <trkpt lat="32.0181756746" lon="120.896341838">
        <ele>4.4</ele>
        <time>2026-09-17T15:04:13+0800</time>
        <extensions>
          <gpxtpx:TrackPointExtension>
            <gpxtpx:hr>159</gpxtpx:hr>
            <gpxtpx:cad>89</gpxtpx:cad>
          </gpxtpx:TrackPointExtension>
        </extensions>
      </trkpt>
      <trkpt lat="32.0181784406" lon="120.896305544">
        <ele>4.4</ele>
        <time>2026-09-17T15:04:14+0800</time>
        <extensions>
          <gpxtpx:TrackPointExtension>
            <gpxtpx:hr>159</gpxtpx:hr>
            <gpxtpx:cad>89</gpxtpx:cad>
          </gpxtpx:TrackPointExtension>
        </extensions>
      </trkpt>
      <trkpt lat="32.0181908458" lon="120.896260282">
        <ele>4.4</ele>
        <time>2026-09-17T15:04:15+0800</time>
        <extensions>
          <gpxtpx:TrackPointExtension>
            <gpxtpx:hr>159</gpxtpx:hr>
            <gpxtpx:cad>89</gpxtpx:cad>
          </gpxtpx:TrackPointExtension>
        </extensions>
      </trkpt>
      <trkpt lat="32.0181952044" lon="120.896235639">
        <ele>4.4</ele>
        <time>2026-09-17T15:04:16+0800</time>
        <extensions>
          <gpxtpx:TrackPointExtension>
            <gpxtpx:hr>159</gpxtpx:hr>
            <gpxtpx:cad>89</gpxtpx:cad>
          </gpxtpx:TrackPointExtension>
        </extensions>
      </trkpt>
      <trkpt lat="32.0182055142" lon="120.896190964">
        <ele>4.6</ele>
        <time>2026-09-17T15:04:17+0800</time>
        <extensions>
          <gpxtpx:TrackPointExtension>
            <gpxtpx:hr>159</gpxtpx:hr>
            <gpxtpx:cad>89</gpxtpx:cad>
          </gpxtpx:TrackPointExtension>
        </extensions>
      </trkpt>
      <trkpt lat="32.0182081126" lon="120.896165483">
        <ele>4.6</ele>
        <time>2026-09-17T15:04:18+0800</time>
        <extensions>
          <gpxtpx:TrackPointExtension>
            <gpxtpx:hr>159</gpxtpx:hr>
            <gpxtpx:cad>88</gpxtpx:cad>
          </gpxtpx:TrackPointExtension>
        </extensions>
      </trkpt>
      <trkpt lat="32.0182177518" lon="120.896122903">
        <ele>4.6</ele>
        <time>2026-09-17T15:04:19+0800</time>
        <extensions>
          <gpxtpx:TrackPointExtension>
            <gpxtpx:hr>159</gpxtpx:hr>
            <gpxtpx:cad>88</gpxtpx:cad>
          </gpxtpx:TrackPointExtension>
        </extensions>
      </trkpt>
      <trkpt lat="32.0182240382" lon="120.896101948">
        <ele>4.6</ele>
        <time>2026-09-17T15:04:20+0800</time>
        <extensions>
          <gpxtpx:TrackPointExtension>
            <gpxtpx:hr>159</gpxtpx:hr>
            <gpxtpx:cad>88</gpxtpx:cad>
          </gpxtpx:TrackPointExtension>
        </extensions>
      </trkpt>
      <trkpt lat="32.0182333421" lon="120.896062385">
        <ele>4.6</ele>
        <time>2026-09-17T15:04:21+0800</time>
        <extensions>
          <gpxtpx:TrackPointExtension>
            <gpxtpx:hr>159</gpxtpx:hr>
            <gpxtpx:cad>88</gpxtpx:cad>
          </gpxtpx:TrackPointExtension>
        </extensions>
      </trkpt>
      <trkpt lat="32.0182386227" lon="120.896036066">
        <ele>4.6</ele>
        <time>2026-09-17T15:04:22+0800</time>
        <extensions>
          <gpxtpx:TrackPointExtension>
            <gpxtpx:hr>159</gpxtpx:hr>
            <gpxtpx:cad>88</gpxtpx:cad>
          </gpxtpx:TrackPointExtension>
        </extensions>
      </trkpt>
      <trkpt lat="32.0182433166" lon="120.895994995">
        <ele>4.6</ele>
        <time>2026-09-17T15:04:23+0800</time>
        <extensions>
          <gpxtpx:TrackPointExtension>
            <gpxtpx:hr>159</gpxtpx:hr>
            <gpxtpx:cad>88</gpxtpx:cad>
          </gpxtpx:TrackPointExtension>
        </extensions>
      </trkpt>
      <trkpt lat="32.0182545483" lon="120.895968005">
        <ele>4.4</ele>
        <time>2026-09-17T15:04:24+0800</time>
        <extensions>
          <gpxtpx:TrackPointExtension>
            <gpxtpx:hr>159</gpxtpx:hr>
            <gpxtpx:cad>88</gpxtpx:cad>
          </gpxtpx:TrackPointExtension>
        </extensions>
      </trkpt>
      <trkpt lat="32.0182621758" lon="120.895930706">
        <ele>4.4</ele>
        <time>2026-09-17T15:04:25+0800</time>
        <extensions>
          <gpxtpx:TrackPointExtension>
            <gpxtpx:hr>159</gpxtpx:hr>
            <gpxtpx:cad>88</gpxtpx:cad>
          </gpxtpx:TrackPointExtension>
        </extensions>
      </trkpt>
      <trkpt lat="32.018271815" lon="120.8959038">
        <ele>4.4</ele>
        <time>2026-09-17T15:04:26+0800</time>
        <extensions>
          <gpxtpx:TrackPointExtension>
            <gpxtpx:hr>159</gpxtpx:hr>
            <gpxtpx:cad>89</gpxtpx:cad>
          </gpxtpx:TrackPointExtension>
        </extensions>
      </trkpt>
      <trkpt lat="32.0182785206" lon="120.895868596">
        <ele>4.4</ele>
        <time>2026-09-17T15:04:27+0800</time>
        <extensions>
          <gpxtpx:TrackPointExtension>
            <gpxtpx:hr>159</gpxtpx:hr>
            <gpxtpx:cad>89</gpxtpx:cad>
          </gpxtpx:TrackPointExtension>
        </extensions>
      </trkpt>
      <trkpt lat="32.0182892494" lon="120.895837247">
        <ele>4.4</ele>
        <time>2026-09-17T15:04:28+0800</time>
        <extensions>
          <gpxtpx:TrackPointExtension>
            <gpxtpx:hr>159</gpxtpx:hr>
            <gpxtpx:cad>89</gpxtpx:cad>
          </gpxtpx:TrackPointExtension>
        </extensions>
      </trkpt>
      <trkpt lat="32.0182955358" lon="120.89579693">
        <ele>4.4</ele>
        <time>2026-09-17T15:04:29+0800</time>
        <extensions>
          <gpxtpx:TrackPointExtension>
            <gpxtpx:hr>159</gpxtpx:hr>
            <gpxtpx:cad>88</gpxtpx:cad>
          </gpxtpx:TrackPointExtension>
        </extensions>
      </trkpt>
      <trkpt lat="32.0183073543" lon="120.895756949">
        <ele>4.4</ele>
        <time>2026-09-17T15:04:30+0800</time>
        <extensions>
          <gpxtpx:TrackPointExtension>
            <gpxtpx:hr>159</gpxtpx:hr>
            <gpxtpx:cad>87</gpxtpx:cad>
          </gpxtpx:TrackPointExtension>
        </extensions>
      </trkpt>
      <trkpt lat="32.0183114614" lon="120.895719985">
        <ele>4.4</ele>
        <time>2026-09-17T15:04:31+0800</time>
        <extensions>
          <gpxtpx:TrackPointExtension>
            <gpxtpx:hr>159</gpxtpx:hr>
            <gpxtpx:cad>87</gpxtpx:cad>
          </gpxtpx:TrackPointExtension>
        </extensions>
      </trkpt>
      <trkpt lat="32.0183150657" lon="120.895687211">
        <ele>4.4</ele>
        <time>2026-09-17T15:04:32+0800</time>
        <extensions>
          <gpxtpx:TrackPointExtension>
            <gpxtpx:hr>159</gpxtpx:hr>
            <gpxtpx:cad>88</gpxtpx:cad>
          </gpxtpx:TrackPointExtension>
        </extensions>
      </trkpt>
      <trkpt lat="32.0183190051" lon="120.895647733">
        <ele>4.4</ele>
        <time>2026-09-17T15:04:33+0800</time>
        <extensions>
          <gpxtpx:TrackPointExtension>
            <gpxtpx:hr>159</gpxtpx:hr>
            <gpxtpx:cad>88</gpxtpx:cad>
          </gpxtpx:TrackPointExtension>
        </extensions>
      </trkpt>
      <trkpt lat="32.018330656" lon="120.895615295">
        <ele>4.4</ele>
        <time>2026-09-17T15:04:34+0800</time>
        <extensions>
          <gpxtpx:TrackPointExtension>
            <gpxtpx:hr>159</gpxtpx:hr>
            <gpxtpx:cad>89</gpxtpx:cad>
          </gpxtpx:TrackPointExtension>
        </extensions>
      </trkpt>
      <trkpt lat="32.0183341764" lon="120.895583192">
        <ele>4.4</ele>
        <time>2026-09-17T15:04:35+0800</time>
        <extensions>
          <gpxtpx:TrackPointExtension>
            <gpxtpx:hr>159</gpxtpx:hr>
            <gpxtpx:cad>89</gpxtpx:cad>
          </gpxtpx:TrackPointExtension>
        </extensions>
      </trkpt>
      <trkpt lat="32.0183454081" lon="120.895547401">
        <ele>4.2</ele>
        <time>2026-09-17T15:04:36+0800</time>
        <extensions>
          <gpxtpx:TrackPointExtension>
            <gpxtpx:hr>159</gpxtpx:hr>
            <gpxtpx:cad>89</gpxtpx:cad>
          </gpxtpx:TrackPointExtension>
        </extensions>
      </trkpt>
      <trkpt lat="32.0183498506" lon="120.895517478">
        <ele>4.4</ele>
        <time>2026-09-17T15:04:37+0800</time>
        <extensions>
          <gpxtpx:TrackPointExtension>
            <gpxtpx:hr>159</gpxtpx:hr>
            <gpxtpx:cad>89</gpxtpx:cad>
          </gpxtpx:TrackPointExtension>
        </extensions>
      </trkpt>
      <trkpt lat="32.018360747" lon="120.895481938">
        <ele>4.4</ele>
        <time>2026-09-17T15:04:38+0800</time>
        <extensions>
          <gpxtpx:TrackPointExtension>
            <gpxtpx:hr>159</gpxtpx:hr>
            <gpxtpx:cad>89</gpxtpx:cad>
          </gpxtpx:TrackPointExtension>
        </extensions>
      </trkpt>
      <trkpt lat="32.0183666982" lon="120.895448243">
        <ele>4.2</ele>
        <time>2026-09-17T15:04:39+0800</time>
        <extensions>
          <gpxtpx:TrackPointExtension>
            <gpxtpx:hr>159</gpxtpx:hr>
            <gpxtpx:cad>89</gpxtpx:cad>
          </gpxtpx:TrackPointExtension>
        </extensions>
      </trkpt>
      <trkpt lat="32.0183771756" lon="120.895411614">
        <ele>4.2</ele>
        <time>2026-09-17T15:04:40+0800</time>
        <extensions>
          <gpxtpx:TrackPointExtension>
            <gpxtpx:hr>159</gpxtpx:hr>
            <gpxtpx:cad>89</gpxtpx:cad>
          </gpxtpx:TrackPointExtension>
        </extensions>
      </trkpt>
      <trkpt lat="32.0183791034" lon="120.895379176">
        <ele>4.2</ele>
        <time>2026-09-17T15:04:41+0800</time>
        <extensions>
          <gpxtpx:TrackPointExtension>
            <gpxtpx:hr>159</gpxtpx:hr>
            <gpxtpx:cad>89</gpxtpx:cad>
          </gpxtpx:TrackPointExtension>
        </extensions>
      </trkpt>
      <trkpt lat="32.0183869824" lon="120.895339949">
        <ele>4.2</ele>
        <time>2026-09-17T15:04:42+0800</time>
        <extensions>
          <gpxtpx:TrackPointExtension>
            <gpxtpx:hr>159</gpxtpx:hr>
            <gpxtpx:cad>88</gpxtpx:cad>
          </gpxtpx:TrackPointExtension>
        </extensions>
      </trkpt>
      <trkpt lat="32.0183898322" lon="120.895312121">
        <ele>4.2</ele>
        <time>2026-09-17T15:04:43+0800</time>
        <extensions>
          <gpxtpx:TrackPointExtension>
            <gpxtpx:hr>159</gpxtpx:hr>
            <gpxtpx:cad>89</gpxtpx:cad>
          </gpxtpx:TrackPointExtension>
        </extensions>
      </trkpt>
      <trkpt lat="32.0183993876" lon="120.895276498">
        <ele>4.2</ele>
        <time>2026-09-17T15:04:44+0800</time>
        <extensions>
          <gpxtpx:TrackPointExtension>
            <gpxtpx:hr>159</gpxtpx:hr>
            <gpxtpx:cad>89</gpxtpx:cad>
          </gpxtpx:TrackPointExtension>
        </extensions>
      </trkpt>
      <trkpt lat="32.0183994714" lon="120.895246156">
        <ele>4.2</ele>
        <time>2026-09-17T15:04:45+0800</time>
        <extensions>
          <gpxtpx:TrackPointExtension>
            <gpxtpx:hr>159</gpxtpx:hr>
            <gpxtpx:cad>89</gpxtpx:cad>
          </gpxtpx:TrackPointExtension>
        </extensions>
      </trkpt>
      <trkpt lat="32.0184072666" lon="120.895204917">
        <ele>4.0</ele>
        <time>2026-09-17T15:04:46+0800</time>
        <extensions>
          <gpxtpx:TrackPointExtension>
            <gpxtpx:hr>160</gpxtpx:hr>
            <gpxtpx:cad>89</gpxtpx:cad>
          </gpxtpx:TrackPointExtension>
        </extensions>
      </trkpt>
      <trkpt lat="32.0184058417" lon="120.895177592">
        <ele>4.0</ele>
        <time>2026-09-17T15:04:47+0800</time>
        <extensions>
          <gpxtpx:TrackPointExtension>
            <gpxtpx:hr>159</gpxtpx:hr>
            <gpxtpx:cad>89</gpxtpx:cad>
          </gpxtpx:TrackPointExtension>
        </extensions>
      </trkpt>
      <trkpt lat="32.0184145588" lon="120.89513585">
        <ele>4.0</ele>
        <time>2026-09-17T15:04:48+0800</time>
        <extensions>
          <gpxtpx:TrackPointExtension>
            <gpxtpx:hr>159</gpxtpx:hr>
            <gpxtpx:cad>89</gpxtpx:cad>
          </gpxtpx:TrackPointExtension>
        </extensions>
      </trkpt>
      <trkpt lat="32.0184166543" lon="120.895106932">
        <ele>4.0</ele>
        <time>2026-09-17T15:04:49+0800</time>
        <extensions>
          <gpxtpx:TrackPointExtension>
            <gpxtpx:hr>160</gpxtpx:hr>
            <gpxtpx:cad>89</gpxtpx:cad>
          </gpxtpx:TrackPointExtension>
        </extensions>
      </trkpt>
      <trkpt lat="32.0184195042" lon="120.895066364">
        <ele>4.0</ele>
        <time>2026-09-17T15:04:50+0800</time>
        <extensions>
          <gpxtpx:TrackPointExtension>
            <gpxtpx:hr>160</gpxtpx:hr>
            <gpxtpx:cad>89</gpxtpx:cad>
          </gpxtpx:TrackPointExtension>
        </extensions>
      </trkpt>
      <trkpt lat="32.0184174087" lon="120.895035686">
        <ele>4.0</ele>
        <time>2026-09-17T15:04:51+0800</time>
        <extensions>
          <gpxtpx:TrackPointExtension>
            <gpxtpx:hr>160</gpxtpx:hr>
            <gpxtpx:cad>89</gpxtpx:cad>
          </gpxtpx:TrackPointExtension>
        </extensions>
      </trkpt>
      <trkpt lat="32.018422354" lon="120.894992603">
        <ele>4.0</ele>
        <time>2026-09-17T15:04:52+0800</time>
        <extensions>
          <gpxtpx:TrackPointExtension>
            <gpxtpx:hr>160</gpxtpx:hr>
            <gpxtpx:cad>89</gpxtpx:cad>
          </gpxtpx:TrackPointExtension>
        </extensions>
      </trkpt>
      <trkpt lat="32.0184247848" lon="120.894968212">
        <ele>4.0</ele>
        <time>2026-09-17T15:04:53+0800</time>
        <extensions>
          <gpxtpx:TrackPointExtension>
            <gpxtpx:hr>160</gpxtpx:hr>
            <gpxtpx:cad>89</gpxtpx:cad>
          </gpxtpx:TrackPointExtension>
        </extensions>
      </trkpt>
      <trkpt lat="32.0184341725" lon="120.894922446">
        <ele>4.0</ele>
        <time>2026-09-17T15:04:54+0800</time>
        <extensions>
          <gpxtpx:TrackPointExtension>
            <gpxtpx:hr>159</gpxtpx:hr>
            <gpxtpx:cad>89</gpxtpx:cad>
          </gpxtpx:TrackPointExtension>
        </extensions>
      </trkpt>
      <trkpt lat="32.0184349269" lon="120.89489772">
        <ele>4.0</ele>
        <time>2026-09-17T15:04:55+0800</time>
        <extensions>
          <gpxtpx:TrackPointExtension>
            <gpxtpx:hr>159</gpxtpx:hr>
            <gpxtpx:cad>89</gpxtpx:cad>
          </gpxtpx:TrackPointExtension>
        </extensions>
      </trkpt>
      <trkpt lat="32.0184458233" lon="120.894855978">
        <ele>4.0</ele>
        <time>2026-09-17T15:04:56+0800</time>
        <extensions>
          <gpxtpx:TrackPointExtension>
            <gpxtpx:hr>159</gpxtpx:hr>
            <gpxtpx:cad>89</gpxtpx:cad>
          </gpxtpx:TrackPointExtension>
        </extensions>
      </trkpt>
      <trkpt lat="32.0184512716" lon="120.894831168">
        <ele>4.0</ele>
        <time>2026-09-17T15:04:57+0800</time>
        <extensions>
          <gpxtpx:TrackPointExtension>
            <gpxtpx:hr>159</gpxtpx:hr>
            <gpxtpx:cad>89</gpxtpx:cad>
          </gpxtpx:TrackPointExtension>
        </extensions>
      </trkpt>
      <trkpt lat="32.018456636" lon="120.8947937">
        <ele>4.0</ele>
        <time>2026-09-17T15:04:58+0800</time>
        <extensions>
          <gpxtpx:TrackPointExtension>
            <gpxtpx:hr>159</gpxtpx:hr>
            <gpxtpx:cad>88</gpxtpx:cad>
          </gpxtpx:TrackPointExtension>
        </extensions>
      </trkpt>
      <trkpt lat="32.0184679516" lon="120.894767381">
        <ele>4.0</ele>
        <time>2026-09-17T15:04:59+0800</time>
        <extensions>
          <gpxtpx:TrackPointExtension>
            <gpxtpx:hr>159</gpxtpx:hr>
            <gpxtpx:cad>88</gpxtpx:cad>
          </gpxtpx:TrackPointExtension>
        </extensions>
      </trkpt>
      <trkpt lat="32.0184777584" lon="120.894727735">
        <ele>4.0</ele>
        <time>2026-09-17T15:05:00+0800</time>
        <extensions>
          <gpxtpx:TrackPointExtension>
            <gpxtpx:hr>159</gpxtpx:hr>
            <gpxtpx:cad>88</gpxtpx:cad>
          </gpxtpx:TrackPointExtension>
        </extensions>
      </trkpt>
      <trkpt lat="32.018492762" lon="120.894699739">
        <ele>4.0</ele>
        <time>2026-09-17T15:05:01+0800</time>
        <extensions>
          <gpxtpx:TrackPointExtension>
            <gpxtpx:hr>159</gpxtpx:hr>
            <gpxtpx:cad>88</gpxtpx:cad>
          </gpxtpx:TrackPointExtension>
        </extensions>
      </trkpt>
      <trkpt lat="32.0184999704" lon="120.894663697">
        <ele>4.2</ele>
        <time>2026-09-17T15:05:02+0800</time>
        <extensions>
          <gpxtpx:TrackPointExtension>
            <gpxtpx:hr>159</gpxtpx:hr>
            <gpxtpx:cad>88</gpxtpx:cad>
          </gpxtpx:TrackPointExtension>
        </extensions>
      </trkpt>
      <trkpt lat="32.0185109507" lon="120.894631846">
        <ele>4.2</ele>
        <time>2026-09-17T15:05:03+0800</time>
        <extensions>
          <gpxtpx:TrackPointExtension>
            <gpxtpx:hr>158</gpxtpx:hr>
            <gpxtpx:cad>88</gpxtpx:cad>
          </gpxtpx:TrackPointExtension>
        </extensions>
      </trkpt>
      <trkpt lat="32.0185109507" lon="120.89459639">
        <ele>4.2</ele>
        <time>2026-09-17T15:05:04+0800</time>
        <extensions>
          <gpxtpx:TrackPointExtension>
            <gpxtpx:hr>158</gpxtpx:hr>
            <gpxtpx:cad>88</gpxtpx:cad>
          </gpxtpx:TrackPointExtension>
        </extensions>
      </trkpt>
      <trkpt lat="32.0185180753" lon="120.894564874">
        <ele>4.2</ele>
        <time>2026-09-17T15:05:05+0800</time>
        <extensions>
          <gpxtpx:TrackPointExtension>
            <gpxtpx:hr>158</gpxtpx:hr>
            <gpxtpx:cad>88</gpxtpx:cad>
          </gpxtpx:TrackPointExtension>
        </extensions>
      </trkpt>
      <trkpt lat="32.0185169019" lon="120.894531766">
        <ele>4.2</ele>
        <time>2026-09-17T15:05:06+0800</time>
        <extensions>
          <gpxtpx:TrackPointExtension>
            <gpxtpx:hr>158</gpxtpx:hr>
            <gpxtpx:cad>88</gpxtpx:cad>
          </gpxtpx:TrackPointExtension>
        </extensions>
      </trkpt>
      <trkpt lat="32.0185233559" lon="120.894494969">
        <ele>4.4</ele>
        <time>2026-09-17T15:05:07+0800</time>
        <extensions>
          <gpxtpx:TrackPointExtension>
            <gpxtpx:hr>157</gpxtpx:hr>
            <gpxtpx:cad>88</gpxtpx:cad>
          </gpxtpx:TrackPointExtension>
        </extensions>
      </trkpt>
      <trkpt lat="32.0185204223" lon="120.894467644">
        <ele>4.2</ele>
        <time>2026-09-17T15:05:08+0800</time>
        <extensions>
          <gpxtpx:TrackPointExtension>
            <gpxtpx:hr>157</gpxtpx:hr>
            <gpxtpx:cad>88</gpxtpx:cad>
          </gpxtpx:TrackPointExtension>
        </extensions>
      </trkpt>
      <trkpt lat="32.0185248647" lon="120.894426238">
        <ele>4.2</ele>
        <time>2026-09-17T15:05:09+0800</time>
        <extensions>
          <gpxtpx:TrackPointExtension>
            <gpxtpx:hr>157</gpxtpx:hr>
            <gpxtpx:cad>88</gpxtpx:cad>
          </gpxtpx:TrackPointExtension>
        </extensions>
      </trkpt>
      <trkpt lat="32.0185315702" lon="120.894395309">
        <ele>4.2</ele>
        <time>2026-09-17T15:05:10+0800</time>
        <extensions>
          <gpxtpx:TrackPointExtension>
            <gpxtpx:hr>156</gpxtpx:hr>
            <gpxtpx:cad>88</gpxtpx:cad>
          </gpxtpx:TrackPointExtension>
        </extensions>
      </trkpt>
      <trkpt lat="32.0185399521" lon="120.894354321">
        <ele>4.2</ele>
        <time>2026-09-17T15:05:11+0800</time>
        <extensions>
          <gpxtpx:TrackPointExtension>
            <gpxtpx:hr>155</gpxtpx:hr>
            <gpxtpx:cad>88</gpxtpx:cad>
          </gpxtpx:TrackPointExtension>
        </extensions>
      </trkpt>
      <trkpt lat="32.0185480826" lon="120.894331438">
        <ele>4.2</ele>
        <time>2026-09-17T15:05:12+0800</time>
        <extensions>
          <gpxtpx:TrackPointExtension>
            <gpxtpx:hr>154</gpxtpx:hr>
            <gpxtpx:cad>88</gpxtpx:cad>
          </gpxtpx:TrackPointExtension>
        </extensions>
      </trkpt>
      <trkpt lat="32.018560404" lon="120.894289613">
        <ele>4.2</ele>
        <time>2026-09-17T15:05:13+0800</time>
        <extensions>
          <gpxtpx:TrackPointExtension>
            <gpxtpx:hr>153</gpxtpx:hr>
            <gpxtpx:cad>88</gpxtpx:cad>
          </gpxtpx:TrackPointExtension>
        </extensions>
      </trkpt>
      <trkpt lat="32.0185709652" lon="120.894261701">
        <ele>4.2</ele>
        <time>2026-09-17T15:05:14+0800</time>
        <extensions>
          <gpxtpx:TrackPointExtension>
            <gpxtpx:hr>152</gpxtpx:hr>
            <gpxtpx:cad>88</gpxtpx:cad>
          </gpxtpx:TrackPointExtension>
        </extensions>
      </trkpt>
      <trkpt lat="32.0185754076" lon="120.894224066">
        <ele>4.2</ele>
        <time>2026-09-17T15:05:15+0800</time>
        <extensions>
          <gpxtpx:TrackPointExtension>
            <gpxtpx:hr>152</gpxtpx:hr>
            <gpxtpx:cad>88</gpxtpx:cad>
          </gpxtpx:TrackPointExtension>
        </extensions>
      </trkpt>
      <trkpt lat="32.0185828675" lon="120.894195903">
        <ele>4.2</ele>
        <time>2026-09-17T15:05:16+0800</time>
        <extensions>
          <gpxtpx:TrackPointExtension>
            <gpxtpx:hr>152</gpxtpx:hr>
            <gpxtpx:cad>87</gpxtpx:cad>
          </gpxtpx:TrackPointExtension>
        </extensions>
      </trkpt>
      <trkpt lat="32.0185806043" lon="120.894164387">
        <ele>4.2</ele>
        <time>2026-09-17T15:05:17+0800</time>
        <extensions>
          <gpxtpx:TrackPointExtension>
            <gpxtpx:hr>152</gpxtpx:hr>
            <gpxtpx:cad>87</gpxtpx:cad>
          </gpxtpx:TrackPointExtension>
        </extensions>
      </trkpt>
      <trkpt lat="32.0185890701" lon="120.89413044">
        <ele>4.2</ele>
        <time>2026-09-17T15:05:18+0800</time>
        <extensions>
          <gpxtpx:TrackPointExtension>
            <gpxtpx:hr>152</gpxtpx:hr>
            <gpxtpx:cad>88</gpxtpx:cad>
          </gpxtpx:TrackPointExtension>
        </extensions>
      </trkpt>
      <trkpt lat="32.0185890701" lon="120.89410563">
        <ele>4.2</ele>
        <time>2026-09-17T15:05:19+0800</time>
        <extensions>
          <gpxtpx:TrackPointExtension>
            <gpxtpx:hr>152</gpxtpx:hr>
            <gpxtpx:cad>88</gpxtpx:cad>
          </gpxtpx:TrackPointExtension>
        </extensions>
      </trkpt>
      <trkpt lat="32.0185990445" lon="120.894069085">
        <ele>4.2</ele>
        <time>2026-09-17T15:05:20+0800</time>
        <extensions>
          <gpxtpx:TrackPointExtension>
            <gpxtpx:hr>152</gpxtpx:hr>
            <gpxtpx:cad>87</gpxtpx:cad>
          </gpxtpx:TrackPointExtension>
        </extensions>
      </trkpt>
      <trkpt lat="32.0186113659" lon="120.894052405">
        <ele>4.2</ele>
        <time>2026-09-17T15:05:21+0800</time>
        <extensions>
          <gpxtpx:TrackPointExtension>
            <gpxtpx:hr>153</gpxtpx:hr>
            <gpxtpx:cad>87</gpxtpx:cad>
          </gpxtpx:TrackPointExtension>
        </extensions>
      </trkpt>
      <trkpt lat="32.0186269563" lon="120.894020973">
        <ele>4.2</ele>
        <time>2026-09-17T15:05:22+0800</time>
        <extensions>
          <gpxtpx:TrackPointExtension>
            <gpxtpx:hr>153</gpxtpx:hr>
            <gpxtpx:cad>87</gpxtpx:cad>
          </gpxtpx:TrackPointExtension>
        </extensions>
      </trkpt>
      <trkpt lat="32.0186402835" lon="120.893993564">
        <ele>4.2</ele>
        <time>2026-09-17T15:05:23+0800</time>
        <extensions>
          <gpxtpx:TrackPointExtension>
            <gpxtpx:hr>153</gpxtpx:hr>
            <gpxtpx:cad>87</gpxtpx:cad>
          </gpxtpx:TrackPointExtension>
        </extensions>
      </trkpt>
      <trkpt lat="32.0186436363" lon="120.893966071">
        <ele>4.2</ele>
        <time>2026-09-17T15:05:24+0800</time>
        <extensions>
          <gpxtpx:TrackPointExtension>
            <gpxtpx:hr>154</gpxtpx:hr>
            <gpxtpx:cad>86</gpxtpx:cad>
          </gpxtpx:TrackPointExtension>
        </extensions>
      </trkpt>
      <trkpt lat="32.0186448097" lon="120.893927179">
        <ele>4.2</ele>
        <time>2026-09-17T15:05:25+0800</time>
        <extensions>
          <gpxtpx:TrackPointExtension>
            <gpxtpx:hr>155</gpxtpx:hr>
            <gpxtpx:cad>85</gpxtpx:cad>
          </gpxtpx:TrackPointExtension>
        </extensions>
      </trkpt>
      <trkpt lat="32.0186406188" lon="120.893900106">
        <ele>4.2</ele>
        <time>2026-09-17T15:05:26+0800</time>
        <extensions>
          <gpxtpx:TrackPointExtension>
            <gpxtpx:hr>156</gpxtpx:hr>
            <gpxtpx:cad>85</gpxtpx:cad>
          </gpxtpx:TrackPointExtension>
        </extensions>
      </trkpt>
      <trkpt lat="32.0186430495" lon="120.893858364">
        <ele>4.2</ele>
        <time>2026-09-17T15:05:27+0800</time>
        <extensions>
          <gpxtpx:TrackPointExtension>
            <gpxtpx:hr>156</gpxtpx:hr>
            <gpxtpx:cad>85</gpxtpx:cad>
          </gpxtpx:TrackPointExtension>
        </extensions>
      </trkpt>
      <trkpt lat="32.0186424628" lon="120.893832045">
        <ele>4.2</ele>
        <time>2026-09-17T15:05:28+0800</time>
        <extensions>
          <gpxtpx:TrackPointExtension>
            <gpxtpx:hr>157</gpxtpx:hr>
            <gpxtpx:cad>85</gpxtpx:cad>
          </gpxtpx:TrackPointExtension>
        </extensions>
      </trkpt>
      <trkpt lat="32.0186441392" lon="120.893788207">
        <ele>4.2</ele>
        <time>2026-09-17T15:05:29+0800</time>
        <extensions>
          <gpxtpx:TrackPointExtension>
            <gpxtpx:hr>157</gpxtpx:hr>
            <gpxtpx:cad>86</gpxtpx:cad>
          </gpxtpx:TrackPointExtension>
        </extensions>
      </trkpt>
      <trkpt lat="32.0186541975" lon="120.893755602">
        <ele>4.2</ele>
        <time>2026-09-17T15:05:30+0800</time>
        <extensions>
          <gpxtpx:TrackPointExtension>
            <gpxtpx:hr>158</gpxtpx:hr>
            <gpxtpx:cad>86</gpxtpx:cad>
          </gpxtpx:TrackPointExtension>
        </extensions>
      </trkpt>
      <trkpt lat="32.0186597295" lon="120.89371562">
        <ele>4.2</ele>
        <time>2026-09-17T15:05:31+0800</time>
        <extensions>
          <gpxtpx:TrackPointExtension>
            <gpxtpx:hr>158</gpxtpx:hr>
            <gpxtpx:cad>87</gpxtpx:cad>
          </gpxtpx:TrackPointExtension>
        </extensions>
      </trkpt>
      <trkpt lat="32.0186690334" lon="120.893683014">
        <ele>4.2</ele>
        <time>2026-09-17T15:05:32+0800</time>
        <extensions>
          <gpxtpx:TrackPointExtension>
            <gpxtpx:hr>158</gpxtpx:hr>
            <gpxtpx:cad>87</gpxtpx:cad>
          </gpxtpx:TrackPointExtension>
        </extensions>
      </trkpt>
      <trkpt lat="32.0186744817" lon="120.89364253">
        <ele>4.0</ele>
        <time>2026-09-17T15:05:33+0800</time>
        <extensions>
          <gpxtpx:TrackPointExtension>
            <gpxtpx:hr>158</gpxtpx:hr>
            <gpxtpx:cad>87</gpxtpx:cad>
          </gpxtpx:TrackPointExtension>
        </extensions>
      </trkpt>
      <trkpt lat="32.0186817739" lon="120.893611601">
        <ele>4.0</ele>
        <time>2026-09-17T15:05:34+0800</time>
        <extensions>
          <gpxtpx:TrackPointExtension>
            <gpxtpx:hr>159</gpxtpx:hr>
            <gpxtpx:cad>87</gpxtpx:cad>
          </gpxtpx:TrackPointExtension>
        </extensions>
      </trkpt>
      <trkpt lat="32.0186852105" lon="120.893572038">
        <ele>4.0</ele>
        <time>2026-09-17T15:05:35+0800</time>
        <extensions>
          <gpxtpx:TrackPointExtension>
            <gpxtpx:hr>159</gpxtpx:hr>
            <gpxtpx:cad>87</gpxtpx:cad>
          </gpxtpx:TrackPointExtension>
        </extensions>
      </trkpt>
      <trkpt lat="32.018697029" lon="120.89353893">
        <ele>4.0</ele>
        <time>2026-09-17T15:05:36+0800</time>
        <extensions>
          <gpxtpx:TrackPointExtension>
            <gpxtpx:hr>159</gpxtpx:hr>
            <gpxtpx:cad>88</gpxtpx:cad>
          </gpxtpx:TrackPointExtension>
        </extensions>
      </trkpt>
      <trkpt lat="32.0187012199" lon="120.893501882">
        <ele>4.0</ele>
        <time>2026-09-17T15:05:37+0800</time>
        <extensions>
          <gpxtpx:TrackPointExtension>
            <gpxtpx:hr>158</gpxtpx:hr>
            <gpxtpx:cad>88</gpxtpx:cad>
          </gpxtpx:TrackPointExtension>
        </extensions>
      </trkpt>
      <trkpt lat="32.0187147986" lon="120.893464414">
        <ele>4.0</ele>
        <time>2026-09-17T15:05:38+0800</time>
        <extensions>
          <gpxtpx:TrackPointExtension>
            <gpxtpx:hr>159</gpxtpx:hr>
            <gpxtpx:cad>88</gpxtpx:cad>
          </gpxtpx:TrackPointExtension>
        </extensions>
      </trkpt>
      <trkpt lat="32.0187242702" lon="120.893428707">
        <ele>3.8</ele>
        <time>2026-09-17T15:05:39+0800</time>
        <extensions>
          <gpxtpx:TrackPointExtension>
            <gpxtpx:hr>159</gpxtpx:hr>
            <gpxtpx:cad>88</gpxtpx:cad>
          </gpxtpx:TrackPointExtension>
        </extensions>
      </trkpt>
      <trkpt lat="32.0187370107" lon="120.893383697">
        <ele>3.8</ele>
        <time>2026-09-17T15:05:40+0800</time>
        <extensions>
          <gpxtpx:TrackPointExtension>
            <gpxtpx:hr>159</gpxtpx:hr>
            <gpxtpx:cad>88</gpxtpx:cad>
          </gpxtpx:TrackPointExtension>
        </extensions>
      </trkpt>
      <trkpt lat="32.0187434647" lon="120.893351845">
        <ele>3.8</ele>
        <time>2026-09-17T15:05:41+0800</time>
        <extensions>
          <gpxtpx:TrackPointExtension>
            <gpxtpx:hr>159</gpxtpx:hr>
            <gpxtpx:cad>88</gpxtpx:cad>
          </gpxtpx:TrackPointExtension>
        </extensions>
      </trkpt>
      <trkpt lat="32.0187583007" lon="120.893308595">
        <ele>3.8</ele>
        <time>2026-09-17T15:05:42+0800</time>
        <extensions>
          <gpxtpx:TrackPointExtension>
            <gpxtpx:hr>159</gpxtpx:hr>
            <gpxtpx:cad>88</gpxtpx:cad>
          </gpxtpx:TrackPointExtension>
        </extensions>
      </trkpt>
      <trkpt lat="32.0187651739" lon="120.893275151">
        <ele>3.8</ele>
        <time>2026-09-17T15:05:43+0800</time>
        <extensions>
          <gpxtpx:TrackPointExtension>
            <gpxtpx:hr>159</gpxtpx:hr>
            <gpxtpx:cad>88</gpxtpx:cad>
          </gpxtpx:TrackPointExtension>
        </extensions>
      </trkpt>
      <trkpt lat="32.0187769923" lon="120.893228548">
        <ele>3.8</ele>
        <time>2026-09-17T15:05:44+0800</time>
        <extensions>
          <gpxtpx:TrackPointExtension>
            <gpxtpx:hr>159</gpxtpx:hr>
            <gpxtpx:cad>88</gpxtpx:cad>
          </gpxtpx:TrackPointExtension>
        </extensions>
      </trkpt>
      <trkpt lat="32.018774813" lon="120.893198038">
        <ele>3.8</ele>
        <time>2026-09-17T15:05:45+0800</time>
        <extensions>
          <gpxtpx:TrackPointExtension>
            <gpxtpx:hr>160</gpxtpx:hr>
            <gpxtpx:cad>88</gpxtpx:cad>
          </gpxtpx:TrackPointExtension>
        </extensions>
      </trkpt>
      <trkpt lat="32.0187839493" lon="120.893149255">
        <ele>3.8</ele>
        <time>2026-09-17T15:05:46+0800</time>
        <extensions>
          <gpxtpx:TrackPointExtension>
            <gpxtpx:hr>160</gpxtpx:hr>
            <gpxtpx:cad>88</gpxtpx:cad>
          </gpxtpx:TrackPointExtension>
        </extensions>
      </trkpt>
      <trkpt lat="32.0187833626" lon="120.893122097">
        <ele>3.6</ele>
        <time>2026-09-17T15:05:47+0800</time>
        <extensions>
          <gpxtpx:TrackPointExtension>
            <gpxtpx:hr>160</gpxtpx:hr>
            <gpxtpx:cad>89</gpxtpx:cad>
          </gpxtpx:TrackPointExtension>
        </extensions>
      </trkpt>
      <trkpt lat="32.0187848713" lon="120.893079517">
        <ele>3.6</ele>
        <time>2026-09-17T15:05:48+0800</time>
        <extensions>
          <gpxtpx:TrackPointExtension>
            <gpxtpx:hr>161</gpxtpx:hr>
            <gpxtpx:cad>89</gpxtpx:cad>
          </gpxtpx:TrackPointExtension>
        </extensions>
      </trkpt>
      <trkpt lat="32.0187838655" lon="120.893052779">
        <ele>3.6</ele>
        <time>2026-09-17T15:05:49+0800</time>
        <extensions>
          <gpxtpx:TrackPointExtension>
            <gpxtpx:hr>162</gpxtpx:hr>
            <gpxtpx:cad>90</gpxtpx:cad>
          </gpxtpx:TrackPointExtension>
        </extensions>
      </trkpt>
      <trkpt lat="32.0187881403" lon="120.89301439">
        <ele>3.4</ele>
        <time>2026-09-17T15:05:50+0800</time>
        <extensions>
          <gpxtpx:TrackPointExtension>
            <gpxtpx:hr>162</gpxtpx:hr>
            <gpxtpx:cad>90</gpxtpx:cad>
          </gpxtpx:TrackPointExtension>
        </extensions>
      </trkpt>
      <trkpt lat="32.0187955163" lon="120.892987903">
        <ele>3.4</ele>
        <time>2026-09-17T15:05:51+0800</time>
        <extensions>
          <gpxtpx:TrackPointExtension>
            <gpxtpx:hr>163</gpxtpx:hr>
            <gpxtpx:cad>89</gpxtpx:cad>
          </gpxtpx:TrackPointExtension>
        </extensions>
      </trkpt>
      <trkpt lat="32.0187968574" lon="120.892946832">
        <ele>3.4</ele>
        <time>2026-09-17T15:05:52+0800</time>
        <extensions>
          <gpxtpx:TrackPointExtension>
            <gpxtpx:hr>163</gpxtpx:hr>
            <gpxtpx:cad>89</gpxtpx:cad>
          </gpxtpx:TrackPointExtension>
        </extensions>
      </trkpt>
      <trkpt lat="32.018800294" lon="120.892919423">
        <ele>3.2</ele>
        <time>2026-09-17T15:05:53+0800</time>
        <extensions>
          <gpxtpx:TrackPointExtension>
            <gpxtpx:hr>164</gpxtpx:hr>
            <gpxtpx:cad>88</gpxtpx:cad>
          </gpxtpx:TrackPointExtension>
        </extensions>
      </trkpt>
      <trkpt lat="32.0188012999" lon="120.892882878">
        <ele>3.2</ele>
        <time>2026-09-17T15:05:54+0800</time>
        <extensions>
          <gpxtpx:TrackPointExtension>
            <gpxtpx:hr>163</gpxtpx:hr>
            <gpxtpx:cad>88</gpxtpx:cad>
          </gpxtpx:TrackPointExtension>
        </extensions>
      </trkpt>
      <trkpt lat="32.0188059099" lon="120.892850356">
        <ele>3.2</ele>
        <time>2026-09-17T15:05:55+0800</time>
        <extensions>
          <gpxtpx:TrackPointExtension>
            <gpxtpx:hr>163</gpxtpx:hr>
            <gpxtpx:cad>88</gpxtpx:cad>
          </gpxtpx:TrackPointExtension>
        </extensions>
      </trkpt>
      <trkpt lat="32.0188075863" lon="120.892814146">
        <ele>3.2</ele>
        <time>2026-09-17T15:05:56+0800</time>
        <extensions>
          <gpxtpx:TrackPointExtension>
            <gpxtpx:hr>164</gpxtpx:hr>
            <gpxtpx:cad>88</gpxtpx:cad>
          </gpxtpx:TrackPointExtension>
        </extensions>
      </trkpt>
      <trkpt lat="32.0188163873" lon="120.892774751">
        <ele>3.2</ele>
        <time>2026-09-17T15:05:57+0800</time>
        <extensions>
          <gpxtpx:TrackPointExtension>
            <gpxtpx:hr>164</gpxtpx:hr>
            <gpxtpx:cad>88</gpxtpx:cad>
          </gpxtpx:TrackPointExtension>
        </extensions>
      </trkpt>
      <trkpt lat="32.0188210811" lon="120.892739547">
        <ele>3.2</ele>
        <time>2026-09-17T15:05:58+0800</time>
        <extensions>
          <gpxtpx:TrackPointExtension>
            <gpxtpx:hr>164</gpxtpx:hr>
            <gpxtpx:cad>87</gpxtpx:cad>
          </gpxtpx:TrackPointExtension>
        </extensions>
      </trkpt>
      <trkpt lat="32.0188282058" lon="120.892703757">
        <ele>3.2</ele>
        <time>2026-09-17T15:05:59+0800</time>
        <extensions>
          <gpxtpx:TrackPointExtension>
            <gpxtpx:hr>164</gpxtpx:hr>
            <gpxtpx:cad>87</gpxtpx:cad>
          </gpxtpx:TrackPointExtension>
        </extensions>
      </trkpt>
      <trkpt lat="32.0188304689" lon="120.892672995">
        <ele>3.2</ele>
        <time>2026-09-17T15:06:00+0800</time>
        <extensions>
          <gpxtpx:TrackPointExtension>
            <gpxtpx:hr>163</gpxtpx:hr>
            <gpxtpx:cad>87</gpxtpx:cad>
          </gpxtpx:TrackPointExtension>
        </extensions>
      </trkpt>
      <trkpt lat="32.0188403595" lon="120.892631337">
        <ele>3.2</ele>
        <time>2026-09-17T15:06:01+0800</time>
        <extensions>
          <gpxtpx:TrackPointExtension>
            <gpxtpx:hr>163</gpxtpx:hr>
            <gpxtpx:cad>87</gpxtpx:cad>
          </gpxtpx:TrackPointExtension>
        </extensions>
      </trkpt>
      <trkpt lat="32.0188432932" lon="120.892607532">
        <ele>3.2</ele>
        <time>2026-09-17T15:06:02+0800</time>
        <extensions>
          <gpxtpx:TrackPointExtension>
            <gpxtpx:hr>163</gpxtpx:hr>
            <gpxtpx:cad>87</gpxtpx:cad>
          </gpxtpx:TrackPointExtension>
        </extensions>
      </trkpt>
      <trkpt lat="32.0188495796" lon="120.892562941">
        <ele>3.2</ele>
        <time>2026-09-17T15:06:03+0800</time>
        <extensions>
          <gpxtpx:TrackPointExtension>
            <gpxtpx:hr>164</gpxtpx:hr>
            <gpxtpx:cad>87</gpxtpx:cad>
          </gpxtpx:TrackPointExtension>
        </extensions>
      </trkpt>
      <trkpt lat="32.0188536867" lon="120.892535364">
        <ele>3.2</ele>
        <time>2026-09-17T15:06:04+0800</time>
        <extensions>
          <gpxtpx:TrackPointExtension>
            <gpxtpx:hr>163</gpxtpx:hr>
            <gpxtpx:cad>87</gpxtpx:cad>
          </gpxtpx:TrackPointExtension>
        </extensions>
      </trkpt>
      <trkpt lat="32.0188599732" lon="120.892499238">
        <ele>3.2</ele>
        <time>2026-09-17T15:06:05+0800</time>
        <extensions>
          <gpxtpx:TrackPointExtension>
            <gpxtpx:hr>163</gpxtpx:hr>
            <gpxtpx:cad>87</gpxtpx:cad>
          </gpxtpx:TrackPointExtension>
        </extensions>
      </trkpt>
      <trkpt lat="32.0188676007" lon="120.892470488">
        <ele>3.2</ele>
        <time>2026-09-17T15:06:06+0800</time>
        <extensions>
          <gpxtpx:TrackPointExtension>
            <gpxtpx:hr>163</gpxtpx:hr>
            <gpxtpx:cad>87</gpxtpx:cad>
          </gpxtpx:TrackPointExtension>
        </extensions>
      </trkpt>
      <trkpt lat="32.0188703667" lon="120.892433021">
        <ele>3.2</ele>
        <time>2026-09-17T15:06:07+0800</time>
        <extensions>
          <gpxtpx:TrackPointExtension>
            <gpxtpx:hr>163</gpxtpx:hr>
            <gpxtpx:cad>89</gpxtpx:cad>
          </gpxtpx:TrackPointExtension>
        </extensions>
      </trkpt>
      <trkpt lat="32.0188780781" lon="120.892399913">
        <ele>3.0</ele>
        <time>2026-09-17T15:06:08+0800</time>
        <extensions>
          <gpxtpx:TrackPointExtension>
            <gpxtpx:hr>163</gpxtpx:hr>
            <gpxtpx:cad>89</gpxtpx:cad>
          </gpxtpx:TrackPointExtension>
        </extensions>
      </trkpt>
      <trkpt lat="32.0188805088" lon="120.892366385">
        <ele>3.0</ele>
        <time>2026-09-17T15:06:09+0800</time>
        <extensions>
          <gpxtpx:TrackPointExtension>
            <gpxtpx:hr>163</gpxtpx:hr>
            <gpxtpx:cad>89</gpxtpx:cad>
          </gpxtpx:TrackPointExtension>
        </extensions>
      </trkpt>
      <trkpt lat="32.0188878011" lon="120.892330175">
        <ele>3.0</ele>
        <time>2026-09-17T15:06:10+0800</time>
        <extensions>
          <gpxtpx:TrackPointExtension>
            <gpxtpx:hr>162</gpxtpx:hr>
            <gpxtpx:cad>88</gpxtpx:cad>
          </gpxtpx:TrackPointExtension>
        </extensions>
      </trkpt>
      <trkpt lat="32.0188872144" lon="120.892298156">
        <ele>3.0</ele>
        <time>2026-09-17T15:06:11+0800</time>
        <extensions>
          <gpxtpx:TrackPointExtension>
            <gpxtpx:hr>162</gpxtpx:hr>
            <gpxtpx:cad>87</gpxtpx:cad>
          </gpxtpx:TrackPointExtension>
        </extensions>
      </trkpt>
      <trkpt lat="32.0188969374" lon="120.892263958">
        <ele>3.0</ele>
        <time>2026-09-17T15:06:12+0800</time>
        <extensions>
          <gpxtpx:TrackPointExtension>
            <gpxtpx:hr>162</gpxtpx:hr>
            <gpxtpx:cad>87</gpxtpx:cad>
          </gpxtpx:TrackPointExtension>
        </extensions>
      </trkpt>
      <trkpt lat="32.0188951772" lon="120.892236466">
        <ele>3.0</ele>
        <time>2026-09-17T15:06:13+0800</time>
        <extensions>
          <gpxtpx:TrackPointExtension>
            <gpxtpx:hr>162</gpxtpx:hr>
            <gpxtpx:cad>88</gpxtpx:cad>
          </gpxtpx:TrackPointExtension>
        </extensions>
      </trkpt>
      <trkpt lat="32.0189005416" lon="120.892200507">
        <ele>3.0</ele>
        <time>2026-09-17T15:06:14+0800</time>
        <extensions>
          <gpxtpx:TrackPointExtension>
            <gpxtpx:hr>162</gpxtpx:hr>
            <gpxtpx:cad>88</gpxtpx:cad>
          </gpxtpx:TrackPointExtension>
        </extensions>
      </trkpt>
      <trkpt lat="32.0189017989" lon="120.892171506">
        <ele>3.0</ele>
        <time>2026-09-17T15:06:15+0800</time>
        <extensions>
          <gpxtpx:TrackPointExtension>
            <gpxtpx:hr>162</gpxtpx:hr>
            <gpxtpx:cad>88</gpxtpx:cad>
          </gpxtpx:TrackPointExtension>
        </extensions>
      </trkpt>
      <trkpt lat="32.0189106837" lon="120.892131859">
        <ele>3.0</ele>
        <time>2026-09-17T15:06:16+0800</time>
        <extensions>
          <gpxtpx:TrackPointExtension>
            <gpxtpx:hr>161</gpxtpx:hr>
            <gpxtpx:cad>87</gpxtpx:cad>
          </gpxtpx:TrackPointExtension>
        </extensions>
      </trkpt>
      <trkpt lat="32.0189153776" lon="120.892099254">
        <ele>3.0</ele>
        <time>2026-09-17T15:06:17+0800</time>
        <extensions>
          <gpxtpx:TrackPointExtension>
            <gpxtpx:hr>161</gpxtpx:hr>
            <gpxtpx:cad>87</gpxtpx:cad>
          </gpxtpx:TrackPointExtension>
        </extensions>
      </trkpt>
      <trkpt lat="32.0189232565" lon="120.892057009">
        <ele>3.0</ele>
        <time>2026-09-17T15:06:18+0800</time>
        <extensions>
          <gpxtpx:TrackPointExtension>
            <gpxtpx:hr>161</gpxtpx:hr>
            <gpxtpx:cad>87</gpxtpx:cad>
          </gpxtpx:TrackPointExtension>
        </extensions>
      </trkpt>
      <trkpt lat="32.0189298782" lon="120.892024739">
        <ele>3.0</ele>
        <time>2026-09-17T15:06:19+0800</time>
        <extensions>
          <gpxtpx:TrackPointExtension>
            <gpxtpx:hr>161</gpxtpx:hr>
            <gpxtpx:cad>88</gpxtpx:cad>
          </gpxtpx:TrackPointExtension>
        </extensions>
      </trkpt>
      <trkpt lat="32.0189370867" lon="120.89198417">
        <ele>3.0</ele>
        <time>2026-09-17T15:06:20+0800</time>
        <extensions>
          <gpxtpx:TrackPointExtension>
            <gpxtpx:hr>161</gpxtpx:hr>
            <gpxtpx:cad>88</gpxtpx:cad>
          </gpxtpx:TrackPointExtension>
        </extensions>
      </trkpt>
      <trkpt lat="32.0189445466" lon="120.891949888">
        <ele>3.0</ele>
        <time>2026-09-17T15:06:21+0800</time>
        <extensions>
          <gpxtpx:TrackPointExtension>
            <gpxtpx:hr>160</gpxtpx:hr>
            <gpxtpx:cad>88</gpxtpx:cad>
          </gpxtpx:TrackPointExtension>
        </extensions>
      </trkpt>
      <trkpt lat="32.0189520065" lon="120.891909739">
        <ele>3.0</ele>
        <time>2026-09-17T15:06:22+0800</time>
        <extensions>
          <gpxtpx:TrackPointExtension>
            <gpxtpx:hr>160</gpxtpx:hr>
            <gpxtpx:cad>88</gpxtpx:cad>
          </gpxtpx:TrackPointExtension>
        </extensions>
      </trkpt>
      <trkpt lat="32.0189615618" lon="120.891877217">
        <ele>3.0</ele>
        <time>2026-09-17T15:06:23+0800</time>
        <extensions>
          <gpxtpx:TrackPointExtension>
            <gpxtpx:hr>160</gpxtpx:hr>
            <gpxtpx:cad>88</gpxtpx:cad>
          </gpxtpx:TrackPointExtension>
        </extensions>
      </trkpt>
      <trkpt lat="32.018966591" lon="120.891843857">
        <ele>3.0</ele>
        <time>2026-09-17T15:06:24+0800</time>
        <extensions>
          <gpxtpx:TrackPointExtension>
            <gpxtpx:hr>160</gpxtpx:hr>
            <gpxtpx:cad>88</gpxtpx:cad>
          </gpxtpx:TrackPointExtension>
        </extensions>
      </trkpt>
      <trkpt lat="32.018976314" lon="120.891809994">
        <ele>3.0</ele>
        <time>2026-09-17T15:06:25+0800</time>
        <extensions>
          <gpxtpx:TrackPointExtension>
            <gpxtpx:hr>160</gpxtpx:hr>
            <gpxtpx:cad>89</gpxtpx:cad>
          </gpxtpx:TrackPointExtension>
        </extensions>
      </trkpt>
      <trkpt lat="32.0189810079" lon="120.891780406">
        <ele>3.0</ele>
        <time>2026-09-17T15:06:26+0800</time>
        <extensions>
          <gpxtpx:TrackPointExtension>
            <gpxtpx:hr>160</gpxtpx:hr>
            <gpxtpx:cad>89</gpxtpx:cad>
          </gpxtpx:TrackPointExtension>
        </extensions>
      </trkpt>
      <trkpt lat="32.0189907309" lon="120.891742352">
        <ele>3.0</ele>
        <time>2026-09-17T15:06:27+0800</time>
        <extensions>
          <gpxtpx:TrackPointExtension>
            <gpxtpx:hr>159</gpxtpx:hr>
            <gpxtpx:cad>89</gpxtpx:cad>
          </gpxtpx:TrackPointExtension>
        </extensions>
      </trkpt>
      <trkpt lat="32.0189918205" lon="120.891713183">
        <ele>3.0</ele>
        <time>2026-09-17T15:06:28+0800</time>
        <extensions>
          <gpxtpx:TrackPointExtension>
            <gpxtpx:hr>159</gpxtpx:hr>
            <gpxtpx:cad>88</gpxtpx:cad>
          </gpxtpx:TrackPointExtension>
        </extensions>
      </trkpt>
      <trkpt lat="32.0189981908" lon="120.891676471">
        <ele>3.0</ele>
        <time>2026-09-17T15:06:29+0800</time>
        <extensions>
          <gpxtpx:TrackPointExtension>
            <gpxtpx:hr>159</gpxtpx:hr>
            <gpxtpx:cad>88</gpxtpx:cad>
          </gpxtpx:TrackPointExtension>
        </extensions>
      </trkpt>
      <trkpt lat="32.0189989451" lon="120.89164135">
        <ele>2.8</ele>
        <time>2026-09-17T15:06:30+0800</time>
        <extensions>
          <gpxtpx:TrackPointExtension>
            <gpxtpx:hr>159</gpxtpx:hr>
            <gpxtpx:cad>88</gpxtpx:cad>
          </gpxtpx:TrackPointExtension>
        </extensions>
      </trkpt>
      <trkpt lat="32.0190062374" lon="120.891604219">
        <ele>2.8</ele>
        <time>2026-09-17T15:06:31+0800</time>
        <extensions>
          <gpxtpx:TrackPointExtension>
            <gpxtpx:hr>159</gpxtpx:hr>
            <gpxtpx:cad>88</gpxtpx:cad>
          </gpxtpx:TrackPointExtension>
        </extensions>
      </trkpt>
      <trkpt lat="32.019000873" lon="120.891569685">
        <ele>2.8</ele>
        <time>2026-09-17T15:06:32+0800</time>
        <extensions>
          <gpxtpx:TrackPointExtension>
            <gpxtpx:hr>159</gpxtpx:hr>
            <gpxtpx:cad>88</gpxtpx:cad>
          </gpxtpx:TrackPointExtension>
        </extensions>
      </trkpt>
      <trkpt lat="32.0190121885" lon="120.891527524">
        <ele>2.8</ele>
        <time>2026-09-17T15:06:33+0800</time>
        <extensions>
          <gpxtpx:TrackPointExtension>
            <gpxtpx:hr>158</gpxtpx:hr>
            <gpxtpx:cad>88</gpxtpx:cad>
          </gpxtpx:TrackPointExtension>
        </extensions>
      </trkpt>
      <trkpt lat="32.0190119371" lon="120.891497349">
        <ele>2.8</ele>
        <time>2026-09-17T15:06:34+0800</time>
        <extensions>
          <gpxtpx:TrackPointExtension>
            <gpxtpx:hr>158</gpxtpx:hr>
            <gpxtpx:cad>88</gpxtpx:cad>
          </gpxtpx:TrackPointExtension>
        </extensions>
      </trkpt>
      <trkpt lat="32.0190181397" lon="120.891456949">
        <ele>2.8</ele>
        <time>2026-09-17T15:06:35+0800</time>
        <extensions>
          <gpxtpx:TrackPointExtension>
            <gpxtpx:hr>158</gpxtpx:hr>
            <gpxtpx:cad>88</gpxtpx:cad>
          </gpxtpx:TrackPointExtension>
        </extensions>
      </trkpt>
      <trkpt lat="32.0190241747" lon="120.89142317">
        <ele>2.8</ele>
        <time>2026-09-17T15:06:36+0800</time>
        <extensions>
          <gpxtpx:TrackPointExtension>
            <gpxtpx:hr>158</gpxtpx:hr>
            <gpxtpx:cad>88</gpxtpx:cad>
          </gpxtpx:TrackPointExtension>
        </extensions>
      </trkpt>
      <trkpt lat="32.0190333109" lon="120.891383775">
        <ele>2.8</ele>
        <time>2026-09-17T15:06:37+0800</time>
        <extensions>
          <gpxtpx:TrackPointExtension>
            <gpxtpx:hr>159</gpxtpx:hr>
            <gpxtpx:cad>87</gpxtpx:cad>
          </gpxtpx:TrackPointExtension>
        </extensions>
      </trkpt>
      <trkpt lat="32.0190400165" lon="120.891358377">
        <ele>2.8</ele>
        <time>2026-09-17T15:06:38+0800</time>
        <extensions>
          <gpxtpx:TrackPointExtension>
            <gpxtpx:hr>159</gpxtpx:hr>
            <gpxtpx:cad>87</gpxtpx:cad>
          </gpxtpx:TrackPointExtension>
        </extensions>
      </trkpt>
      <trkpt lat="32.0190544333" lon="120.891315714">
        <ele>2.8</ele>
        <time>2026-09-17T15:06:39+0800</time>
        <extensions>
          <gpxtpx:TrackPointExtension>
            <gpxtpx:hr>158</gpxtpx:hr>
            <gpxtpx:cad>87</gpxtpx:cad>
          </gpxtpx:TrackPointExtension>
        </extensions>
      </trkpt>
      <trkpt lat="32.0190683473" lon="120.891290316">
        <ele>2.6</ele>
        <time>2026-09-17T15:06:40+0800</time>
        <extensions>
          <gpxtpx:TrackPointExtension>
            <gpxtpx:hr>158</gpxtpx:hr>
            <gpxtpx:cad>87</gpxtpx:cad>
          </gpxtpx:TrackPointExtension>
        </extensions>
      </trkpt>
      <trkpt lat="32.0190797467" lon="120.891250335">
        <ele>2.6</ele>
        <time>2026-09-17T15:06:41+0800</time>
        <extensions>
          <gpxtpx:TrackPointExtension>
            <gpxtpx:hr>158</gpxtpx:hr>
            <gpxtpx:cad>87</gpxtpx:cad>
          </gpxtpx:TrackPointExtension>
        </extensions>
      </trkpt>
      <trkpt lat="32.0190893859" lon="120.891226782">
        <ele>2.6</ele>
        <time>2026-09-17T15:06:42+0800</time>
        <extensions>
          <gpxtpx:TrackPointExtension>
            <gpxtpx:hr>159</gpxtpx:hr>
            <gpxtpx:cad>87</gpxtpx:cad>
          </gpxtpx:TrackPointExtension>
        </extensions>
      </trkpt>
      <trkpt lat="32.0190967619" lon="120.891185543">
        <ele>2.6</ele>
        <time>2026-09-17T15:06:43+0800</time>
        <extensions>
          <gpxtpx:TrackPointExtension>
            <gpxtpx:hr>159</gpxtpx:hr>
            <gpxtpx:cad>88</gpxtpx:cad>
          </gpxtpx:TrackPointExtension>
        </extensions>
      </trkpt>
      <trkpt lat="32.0191009529" lon="120.891158301">
        <ele>2.6</ele>
        <time>2026-09-17T15:06:44+0800</time>
        <extensions>
          <gpxtpx:TrackPointExtension>
            <gpxtpx:hr>159</gpxtpx:hr>
            <gpxtpx:cad>89</gpxtpx:cad>
          </gpxtpx:TrackPointExtension>
        </extensions>
      </trkpt>
      <trkpt lat="32.0191025455" lon="120.891120248">
        <ele>2.6</ele>
        <time>2026-09-17T15:06:45+0800</time>
        <extensions>
          <gpxtpx:TrackPointExtension>
            <gpxtpx:hr>160</gpxtpx:hr>
            <gpxtpx:cad>89</gpxtpx:cad>
          </gpxtpx:TrackPointExtension>
        </extensions>
      </trkpt>
      <trkpt lat="32.0191105083" lon="120.89108848">
        <ele>2.6</ele>
        <time>2026-09-17T15:06:46+0800</time>
        <extensions>
          <gpxtpx:TrackPointExtension>
            <gpxtpx:hr>160</gpxtpx:hr>
            <gpxtpx:cad>89</gpxtpx:cad>
          </gpxtpx:TrackPointExtension>
        </extensions>
      </trkpt>
      <trkpt lat="32.0191126037" lon="120.891053611">
        <ele>2.6</ele>
        <time>2026-09-17T15:06:47+0800</time>
        <extensions>
          <gpxtpx:TrackPointExtension>
            <gpxtpx:hr>160</gpxtpx:hr>
            <gpxtpx:cad>88</gpxtpx:cad>
          </gpxtpx:TrackPointExtension>
        </extensions>
      </trkpt>
      <trkpt lat="32.0191218238" lon="120.891014803">
        <ele>2.6</ele>
        <time>2026-09-17T15:06:48+0800</time>
        <extensions>
          <gpxtpx:TrackPointExtension>
            <gpxtpx:hr>161</gpxtpx:hr>
            <gpxtpx:cad>88</gpxtpx:cad>
          </gpxtpx:TrackPointExtension>
        </extensions>
      </trkpt>
      <trkpt lat="32.0191242546" lon="120.890987562">
        <ele>2.6</ele>
        <time>2026-09-17T15:06:49+0800</time>
        <extensions>
          <gpxtpx:TrackPointExtension>
            <gpxtpx:hr>161</gpxtpx:hr>
            <gpxtpx:cad>88</gpxtpx:cad>
          </gpxtpx:TrackPointExtension>
        </extensions>
      </trkpt>
      <trkpt lat="32.0191321336" lon="120.890946239">
        <ele>2.6</ele>
        <time>2026-09-17T15:06:50+0800</time>
        <extensions>
          <gpxtpx:TrackPointExtension>
            <gpxtpx:hr>161</gpxtpx:hr>
            <gpxtpx:cad>88</gpxtpx:cad>
          </gpxtpx:TrackPointExtension>
        </extensions>
      </trkpt>
      <trkpt lat="32.0191258471" lon="120.890923524">
        <ele>2.6</ele>
        <time>2026-09-17T15:06:51+0800</time>
        <extensions>
          <gpxtpx:TrackPointExtension>
            <gpxtpx:hr>161</gpxtpx:hr>
            <gpxtpx:cad>88</gpxtpx:cad>
          </gpxtpx:TrackPointExtension>
        </extensions>
      </trkpt>
      <trkpt lat="32.0191323012" lon="120.890880777">
        <ele>2.6</ele>
        <time>2026-09-17T15:06:52+0800</time>
        <extensions>
          <gpxtpx:TrackPointExtension>
            <gpxtpx:hr>161</gpxtpx:hr>
            <gpxtpx:cad>88</gpxtpx:cad>
          </gpxtpx:TrackPointExtension>
        </extensions>
      </trkpt>
      <trkpt lat="32.0191326365" lon="120.890848171">
        <ele>2.6</ele>
        <time>2026-09-17T15:06:53+0800</time>
        <extensions>
          <gpxtpx:TrackPointExtension>
            <gpxtpx:hr>161</gpxtpx:hr>
            <gpxtpx:cad>88</gpxtpx:cad>
          </gpxtpx:TrackPointExtension>
        </extensions>
      </trkpt>
      <trkpt lat="32.019139342" lon="120.890807435">
        <ele>2.6</ele>
        <time>2026-09-17T15:06:54+0800</time>
        <extensions>
          <gpxtpx:TrackPointExtension>
            <gpxtpx:hr>162</gpxtpx:hr>
            <gpxtpx:cad>87</gpxtpx:cad>
          </gpxtpx:TrackPointExtension>
        </extensions>
      </trkpt>
      <trkpt lat="32.0191479754" lon="120.890783044">
        <ele>2.6</ele>
        <time>2026-09-17T15:06:55+0800</time>
        <extensions>
          <gpxtpx:TrackPointExtension>
            <gpxtpx:hr>162</gpxtpx:hr>
            <gpxtpx:cad>87</gpxtpx:cad>
          </gpxtpx:TrackPointExtension>
        </extensions>
      </trkpt>
      <trkpt lat="32.0191573631" lon="120.890741302">
        <ele>2.8</ele>
        <time>2026-09-17T15:06:56+0800</time>
        <extensions>
          <gpxtpx:TrackPointExtension>
            <gpxtpx:hr>162</gpxtpx:hr>
            <gpxtpx:cad>88</gpxtpx:cad>
          </gpxtpx:TrackPointExtension>
        </extensions>
      </trkpt>
      <trkpt lat="32.0191672537" lon="120.890714228">
        <ele>2.8</ele>
        <time>2026-09-17T15:06:57+0800</time>
        <extensions>
          <gpxtpx:TrackPointExtension>
            <gpxtpx:hr>162</gpxtpx:hr>
            <gpxtpx:cad>88</gpxtpx:cad>
          </gpxtpx:TrackPointExtension>
        </extensions>
      </trkpt>
      <trkpt lat="32.019178234" lon="120.890671229">
        <ele>2.8</ele>
        <time>2026-09-17T15:06:58+0800</time>
        <extensions>
          <gpxtpx:TrackPointExtension>
            <gpxtpx:hr>162</gpxtpx:hr>
            <gpxtpx:cad>88</gpxtpx:cad>
          </gpxtpx:TrackPointExtension>
        </extensions>
      </trkpt>
      <trkpt lat="32.0191892982" lon="120.890641473">
        <ele>2.8</ele>
        <time>2026-09-17T15:06:59+0800</time>
        <extensions>
          <gpxtpx:TrackPointExtension>
            <gpxtpx:hr>162</gpxtpx:hr>
            <gpxtpx:cad>88</gpxtpx:cad>
          </gpxtpx:TrackPointExtension>
        </extensions>
      </trkpt>
      <trkpt lat="32.019195836" lon="120.890607191">
        <ele>2.8</ele>
        <time>2026-09-17T15:07:00+0800</time>
        <extensions>
          <gpxtpx:TrackPointExtension>
            <gpxtpx:hr>162</gpxtpx:hr>
            <gpxtpx:cad>88</gpxtpx:cad>
          </gpxtpx:TrackPointExtension>
        </extensions>
      </trkpt>
      <trkpt lat="32.0192054752" lon="120.890567377">
        <ele>2.8</ele>
        <time>2026-09-17T15:07:01+0800</time>
        <extensions>
          <gpxtpx:TrackPointExtension>
            <gpxtpx:hr>162</gpxtpx:hr>
            <gpxtpx:cad>88</gpxtpx:cad>
          </gpxtpx:TrackPointExtension>
        </extensions>
      </trkpt>
      <trkpt lat="32.0192047209" lon="120.890529826">
        <ele>2.8</ele>
        <time>2026-09-17T15:07:02+0800</time>
        <extensions>
          <gpxtpx:TrackPointExtension>
            <gpxtpx:hr>162</gpxtpx:hr>
            <gpxtpx:cad>88</gpxtpx:cad>
          </gpxtpx:TrackPointExtension>
        </extensions>
      </trkpt>
      <trkpt lat="32.0192127675" lon="120.890492359">
        <ele>2.8</ele>
        <time>2026-09-17T15:07:03+0800</time>
        <extensions>
          <gpxtpx:TrackPointExtension>
            <gpxtpx:hr>162</gpxtpx:hr>
            <gpxtpx:cad>88</gpxtpx:cad>
          </gpxtpx:TrackPointExtension>
        </extensions>
      </trkpt>
      <trkpt lat="32.0192112587" lon="120.890458748">
        <ele>2.8</ele>
        <time>2026-09-17T15:07:04+0800</time>
        <extensions>
          <gpxtpx:TrackPointExtension>
            <gpxtpx:hr>162</gpxtpx:hr>
            <gpxtpx:cad>88</gpxtpx:cad>
          </gpxtpx:TrackPointExtension>
        </extensions>
      </trkpt>
      <trkpt lat="32.0192174613" lon="120.890420023">
        <ele>2.8</ele>
        <time>2026-09-17T15:07:05+0800</time>
        <extensions>
          <gpxtpx:TrackPointExtension>
            <gpxtpx:hr>162</gpxtpx:hr>
            <gpxtpx:cad>87</gpxtpx:cad>
          </gpxtpx:TrackPointExtension>
        </extensions>
      </trkpt>
      <trkpt lat="32.0192163717" lon="120.890390016">
        <ele>2.8</ele>
        <time>2026-09-17T15:07:06+0800</time>
        <extensions>
          <gpxtpx:TrackPointExtension>
            <gpxtpx:hr>162</gpxtpx:hr>
            <gpxtpx:cad>87</gpxtpx:cad>
          </gpxtpx:TrackPointExtension>
        </extensions>
      </trkpt>
      <trkpt lat="32.0192218199" lon="120.890345592">
        <ele>3.0</ele>
        <time>2026-09-17T15:07:07+0800</time>
        <extensions>
          <gpxtpx:TrackPointExtension>
            <gpxtpx:hr>162</gpxtpx:hr>
            <gpxtpx:cad>87</gpxtpx:cad>
          </gpxtpx:TrackPointExtension>
        </extensions>
      </trkpt>
      <trkpt lat="32.0192246698" lon="120.890319357">
        <ele>3.0</ele>
        <time>2026-09-17T15:07:08+0800</time>
        <extensions>
          <gpxtpx:TrackPointExtension>
            <gpxtpx:hr>162</gpxtpx:hr>
            <gpxtpx:cad>87</gpxtpx:cad>
          </gpxtpx:TrackPointExtension>
        </extensions>
      </trkpt>
      <trkpt lat="32.0192359015" lon="120.890283147">
        <ele>2.8</ele>
        <time>2026-09-17T15:07:09+0800</time>
        <extensions>
          <gpxtpx:TrackPointExtension>
            <gpxtpx:hr>162</gpxtpx:hr>
            <gpxtpx:cad>88</gpxtpx:cad>
          </gpxtpx:TrackPointExtension>
        </extensions>
      </trkpt>
      <trkpt lat="32.0192463789" lon="120.890252888">
        <ele>2.8</ele>
        <time>2026-09-17T15:07:10+0800</time>
        <extensions>
          <gpxtpx:TrackPointExtension>
            <gpxtpx:hr>162</gpxtpx:hr>
            <gpxtpx:cad>88</gpxtpx:cad>
          </gpxtpx:TrackPointExtension>
        </extensions>
      </trkpt>
      <trkpt lat="32.0192558505" lon="120.89021584">
        <ele>3.0</ele>
        <time>2026-09-17T15:07:11+0800</time>
        <extensions>
          <gpxtpx:TrackPointExtension>
            <gpxtpx:hr>162</gpxtpx:hr>
            <gpxtpx:cad>88</gpxtpx:cad>
          </gpxtpx:TrackPointExtension>
        </extensions>
      </trkpt>
      <trkpt lat="32.0192678366" lon="120.890188683">
        <ele>3.0</ele>
        <time>2026-09-17T15:07:12+0800</time>
        <extensions>
          <gpxtpx:TrackPointExtension>
            <gpxtpx:hr>162</gpxtpx:hr>
            <gpxtpx:cad>87</gpxtpx:cad>
          </gpxtpx:TrackPointExtension>
        </extensions>
      </trkpt>
      <trkpt lat="32.0192746259" lon="120.890141409">
        <ele>3.0</ele>
        <time>2026-09-17T15:07:13+0800</time>
        <extensions>
          <gpxtpx:TrackPointExtension>
            <gpxtpx:hr>162</gpxtpx:hr>
            <gpxtpx:cad>87</gpxtpx:cad>
          </gpxtpx:TrackPointExtension>
        </extensions>
      </trkpt>
      <trkpt lat="32.0192846004" lon="120.890104948">
        <ele>3.0</ele>
        <time>2026-09-17T15:07:14+0800</time>
        <extensions>
          <gpxtpx:TrackPointExtension>
            <gpxtpx:hr>162</gpxtpx:hr>
            <gpxtpx:cad>87</gpxtpx:cad>
          </gpxtpx:TrackPointExtension>
        </extensions>
      </trkpt>
      <trkpt lat="32.0192854386" lon="120.890063541">
        <ele>3.0</ele>
        <time>2026-09-17T15:07:15+0800</time>
        <extensions>
          <gpxtpx:TrackPointExtension>
            <gpxtpx:hr>162</gpxtpx:hr>
            <gpxtpx:cad>87</gpxtpx:cad>
          </gpxtpx:TrackPointExtension>
        </extensions>
      </trkpt>
      <trkpt lat="32.0192921441" lon="120.890026158">
        <ele>3.0</ele>
        <time>2026-09-17T15:07:16+0800</time>
        <extensions>
          <gpxtpx:TrackPointExtension>
            <gpxtpx:hr>163</gpxtpx:hr>
            <gpxtpx:cad>87</gpxtpx:cad>
          </gpxtpx:TrackPointExtension>
        </extensions>
      </trkpt>
      <trkpt lat="32.0192937367" lon="120.889993552">
        <ele>3.0</ele>
        <time>2026-09-17T15:07:17+0800</time>
        <extensions>
          <gpxtpx:TrackPointExtension>
            <gpxtpx:hr>162</gpxtpx:hr>
            <gpxtpx:cad>87</gpxtpx:cad>
          </gpxtpx:TrackPointExtension>
        </extensions>
      </trkpt>
      <trkpt lat="32.019299604" lon="120.88995005">
        <ele>3.0</ele>
        <time>2026-09-17T15:07:18+0800</time>
        <extensions>
          <gpxtpx:TrackPointExtension>
            <gpxtpx:hr>162</gpxtpx:hr>
            <gpxtpx:cad>87</gpxtpx:cad>
          </gpxtpx:TrackPointExtension>
        </extensions>
      </trkpt>
      <trkpt lat="32.0192990173" lon="120.889922054">
        <ele>3.0</ele>
        <time>2026-09-17T15:07:19+0800</time>
        <extensions>
          <gpxtpx:TrackPointExtension>
            <gpxtpx:hr>162</gpxtpx:hr>
            <gpxtpx:cad>87</gpxtpx:cad>
          </gpxtpx:TrackPointExtension>
        </extensions>
      </trkpt>
      <trkpt lat="32.0193063933" lon="120.889879726">
        <ele>3.0</ele>
        <time>2026-09-17T15:07:20+0800</time>
        <extensions>
          <gpxtpx:TrackPointExtension>
            <gpxtpx:hr>163</gpxtpx:hr>
            <gpxtpx:cad>86</gpxtpx:cad>
          </gpxtpx:TrackPointExtension>
        </extensions>
      </trkpt>
      <trkpt lat="32.019307483" lon="120.889847204">
        <ele>3.0</ele>
        <time>2026-09-17T15:07:21+0800</time>
        <extensions>
          <gpxtpx:TrackPointExtension>
            <gpxtpx:hr>162</gpxtpx:hr>
            <gpxtpx:cad>86</gpxtpx:cad>
          </gpxtpx:TrackPointExtension>
        </extensions>
      </trkpt>
      <trkpt lat="32.0193146914" lon="120.889809486">
        <ele>3.0</ele>
        <time>2026-09-17T15:07:22+0800</time>
        <extensions>
          <gpxtpx:TrackPointExtension>
            <gpxtpx:hr>162</gpxtpx:hr>
            <gpxtpx:cad>87</gpxtpx:cad>
          </gpxtpx:TrackPointExtension>
        </extensions>
      </trkpt>
      <trkpt lat="32.0193206426" lon="120.889787609">
        <ele>3.0</ele>
        <time>2026-09-17T15:07:23+0800</time>
        <extensions>
          <gpxtpx:TrackPointExtension>
            <gpxtpx:hr>163</gpxtpx:hr>
            <gpxtpx:cad>87</gpxtpx:cad>
          </gpxtpx:TrackPointExtension>
        </extensions>
      </trkpt>
      <trkpt lat="32.0193277672" lon="120.889743268">
        <ele>3.2</ele>
        <time>2026-09-17T15:07:24+0800</time>
        <extensions>
          <gpxtpx:TrackPointExtension>
            <gpxtpx:hr>163</gpxtpx:hr>
            <gpxtpx:cad>87</gpxtpx:cad>
          </gpxtpx:TrackPointExtension>
        </extensions>
      </trkpt>
      <trkpt lat="32.019331539" lon="120.889715692">
        <ele>3.2</ele>
        <time>2026-09-17T15:07:25+0800</time>
        <extensions>
          <gpxtpx:TrackPointExtension>
            <gpxtpx:hr>163</gpxtpx:hr>
            <gpxtpx:cad>87</gpxtpx:cad>
          </gpxtpx:TrackPointExtension>
        </extensions>
      </trkpt>
      <trkpt lat="32.019338496" lon="120.889674202">
        <ele>3.2</ele>
        <time>2026-09-17T15:07:26+0800</time>
        <extensions>
          <gpxtpx:TrackPointExtension>
            <gpxtpx:hr>163</gpxtpx:hr>
            <gpxtpx:cad>87</gpxtpx:cad>
          </gpxtpx:TrackPointExtension>
        </extensions>
      </trkpt>
      <trkpt lat="32.0193485543" lon="120.889640255">
        <ele>3.2</ele>
        <time>2026-09-17T15:07:27+0800</time>
        <extensions>
          <gpxtpx:TrackPointExtension>
            <gpxtpx:hr>162</gpxtpx:hr>
            <gpxtpx:cad>87</gpxtpx:cad>
          </gpxtpx:TrackPointExtension>
        </extensions>
      </trkpt>
      <trkpt lat="32.0193591993" lon="120.889601782">
        <ele>3.2</ele>
        <time>2026-09-17T15:07:28+0800</time>
        <extensions>
          <gpxtpx:TrackPointExtension>
            <gpxtpx:hr>163</gpxtpx:hr>
            <gpxtpx:cad>87</gpxtpx:cad>
          </gpxtpx:TrackPointExtension>
        </extensions>
      </trkpt>
      <trkpt lat="32.0193711016" lon="120.889573283">
        <ele>3.2</ele>
        <time>2026-09-17T15:07:29+0800</time>
        <extensions>
          <gpxtpx:TrackPointExtension>
            <gpxtpx:hr>162</gpxtpx:hr>
            <gpxtpx:cad>89</gpxtpx:cad>
          </gpxtpx:TrackPointExtension>
        </extensions>
      </trkpt>
      <trkpt lat="32.0193792321" lon="120.889530201">
        <ele>3.2</ele>
        <time>2026-09-17T15:07:30+0800</time>
        <extensions>
          <gpxtpx:TrackPointExtension>
            <gpxtpx:hr>162</gpxtpx:hr>
            <gpxtpx:cad>89</gpxtpx:cad>
          </gpxtpx:TrackPointExtension>
        </extensions>
      </trkpt>
      <trkpt lat="32.0193909667" lon="120.889494577">
        <ele>3.0</ele>
        <time>2026-09-17T15:07:31+0800</time>
        <extensions>
          <gpxtpx:TrackPointExtension>
            <gpxtpx:hr>162</gpxtpx:hr>
            <gpxtpx:cad>89</gpxtpx:cad>
          </gpxtpx:TrackPointExtension>
        </extensions>
      </trkpt>
      <trkpt lat="32.0193958282" lon="120.889448393">
        <ele>3.0</ele>
        <time>2026-09-17T15:07:32+0800</time>
        <extensions>
          <gpxtpx:TrackPointExtension>
            <gpxtpx:hr>162</gpxtpx:hr>
            <gpxtpx:cad>89</gpxtpx:cad>
          </gpxtpx:TrackPointExtension>
        </extensions>
      </trkpt>
      <trkpt lat="32.0194080658" lon="120.889413273">
        <ele>2.8</ele>
        <time>2026-09-17T15:07:33+0800</time>
        <extensions>
          <gpxtpx:TrackPointExtension>
            <gpxtpx:hr>163</gpxtpx:hr>
            <gpxtpx:cad>89</gpxtpx:cad>
          </gpxtpx:TrackPointExtension>
        </extensions>
      </trkpt>
      <trkpt lat="32.0194135979" lon="120.889381338">
        <ele>2.8</ele>
        <time>2026-09-17T15:07:34+0800</time>
        <extensions>
          <gpxtpx:TrackPointExtension>
            <gpxtpx:hr>162</gpxtpx:hr>
            <gpxtpx:cad>89</gpxtpx:cad>
          </gpxtpx:TrackPointExtension>
        </extensions>
      </trkpt>
      <trkpt lat="32.0194233209" lon="120.889341775">
        <ele>2.8</ele>
        <time>2026-09-17T15:07:35+0800</time>
        <extensions>
          <gpxtpx:TrackPointExtension>
            <gpxtpx:hr>162</gpxtpx:hr>
            <gpxtpx:cad>88</gpxtpx:cad>
          </gpxtpx:TrackPointExtension>
        </extensions>
      </trkpt>
      <trkpt lat="32.0194227342" lon="120.889308667">
        <ele>2.8</ele>
        <time>2026-09-17T15:07:36+0800</time>
        <extensions>
          <gpxtpx:TrackPointExtension>
            <gpxtpx:hr>163</gpxtpx:hr>
            <gpxtpx:cad>88</gpxtpx:cad>
          </gpxtpx:TrackPointExtension>
        </extensions>
      </trkpt>
      <trkpt lat="32.0194295235" lon="120.889270194">
        <ele>2.8</ele>
        <time>2026-09-17T15:07:37+0800</time>
        <extensions>
          <gpxtpx:TrackPointExtension>
            <gpxtpx:hr>162</gpxtpx:hr>
            <gpxtpx:cad>88</gpxtpx:cad>
          </gpxtpx:TrackPointExtension>
        </extensions>
      </trkpt>
      <trkpt lat="32.0194281824" lon="120.889245132">
        <ele>2.6</ele>
        <time>2026-09-17T15:07:38+0800</time>
        <extensions>
          <gpxtpx:TrackPointExtension>
            <gpxtpx:hr>162</gpxtpx:hr>
            <gpxtpx:cad>89</gpxtpx:cad>
          </gpxtpx:TrackPointExtension>
        </extensions>
      </trkpt>
      <trkpt lat="32.0194272604" lon="120.889200959">
        <ele>2.6</ele>
        <time>2026-09-17T15:07:39+0800</time>
        <extensions>
          <gpxtpx:TrackPointExtension>
            <gpxtpx:hr>162</gpxtpx:hr>
            <gpxtpx:cad>89</gpxtpx:cad>
          </gpxtpx:TrackPointExtension>
        </extensions>
      </trkpt>
      <trkpt lat="32.0194294397" lon="120.889170617">
        <ele>2.6</ele>
        <time>2026-09-17T15:07:40+0800</time>
        <extensions>
          <gpxtpx:TrackPointExtension>
            <gpxtpx:hr>162</gpxtpx:hr>
            <gpxtpx:cad>89</gpxtpx:cad>
          </gpxtpx:TrackPointExtension>
        </extensions>
      </trkpt>
      <trkpt lat="32.019433463" lon="120.889130719">
        <ele>2.6</ele>
        <time>2026-09-17T15:07:41+0800</time>
        <extensions>
          <gpxtpx:TrackPointExtension>
            <gpxtpx:hr>163</gpxtpx:hr>
            <gpxtpx:cad>88</gpxtpx:cad>
          </gpxtpx:TrackPointExtension>
        </extensions>
      </trkpt>
      <trkpt lat="32.0194399171" lon="120.889100628">
        <ele>2.6</ele>
        <time>2026-09-17T15:07:42+0800</time>
        <extensions>
          <gpxtpx:TrackPointExtension>
            <gpxtpx:hr>162</gpxtpx:hr>
            <gpxtpx:cad>87</gpxtpx:cad>
          </gpxtpx:TrackPointExtension>
        </extensions>
      </trkpt>
      <trkpt lat="32.0194454491" lon="120.889062826">
        <ele>2.6</ele>
        <time>2026-09-17T15:07:43+0800</time>
        <extensions>
          <gpxtpx:TrackPointExtension>
            <gpxtpx:hr>162</gpxtpx:hr>
            <gpxtpx:cad>87</gpxtpx:cad>
          </gpxtpx:TrackPointExtension>
        </extensions>
      </trkpt>
      <trkpt lat="32.0194528252" lon="120.889036339">
        <ele>2.6</ele>
        <time>2026-09-17T15:07:44+0800</time>
        <extensions>
          <gpxtpx:TrackPointExtension>
            <gpxtpx:hr>162</gpxtpx:hr>
            <gpxtpx:cad>87</gpxtpx:cad>
          </gpxtpx:TrackPointExtension>
        </extensions>
      </trkpt>
      <trkpt lat="32.019452909" lon="120.889001638">
        <ele>2.6</ele>
        <time>2026-09-17T15:07:45+0800</time>
        <extensions>
          <gpxtpx:TrackPointExtension>
            <gpxtpx:hr>162</gpxtpx:hr>
            <gpxtpx:cad>88</gpxtpx:cad>
          </gpxtpx:TrackPointExtension>
        </extensions>
      </trkpt>
      <trkpt lat="32.0194568485" lon="120.888965428">
        <ele>2.8</ele>
        <time>2026-09-17T15:07:46+0800</time>
        <extensions>
          <gpxtpx:TrackPointExtension>
            <gpxtpx:hr>162</gpxtpx:hr>
            <gpxtpx:cad>88</gpxtpx:cad>
          </gpxtpx:TrackPointExtension>
        </extensions>
      </trkpt>
      <trkpt lat="32.0194551721" lon="120.888928045">
        <ele>2.8</ele>
        <time>2026-09-17T15:07:47+0800</time>
        <extensions>
          <gpxtpx:TrackPointExtension>
            <gpxtpx:hr>162</gpxtpx:hr>
            <gpxtpx:cad>88</gpxtpx:cad>
          </gpxtpx:TrackPointExtension>
        </extensions>
      </trkpt>
      <trkpt lat="32.0194655657" lon="120.88889326">
        <ele>2.8</ele>
        <time>2026-09-17T15:07:48+0800</time>
        <extensions>
          <gpxtpx:TrackPointExtension>
            <gpxtpx:hr>162</gpxtpx:hr>
            <gpxtpx:cad>88</gpxtpx:cad>
          </gpxtpx:TrackPointExtension>
        </extensions>
      </trkpt>
      <trkpt lat="32.0194759592" lon="120.888856547">
        <ele>2.8</ele>
        <time>2026-09-17T15:07:49+0800</time>
        <extensions>
          <gpxtpx:TrackPointExtension>
            <gpxtpx:hr>162</gpxtpx:hr>
            <gpxtpx:cad>87</gpxtpx:cad>
          </gpxtpx:TrackPointExtension>
        </extensions>
      </trkpt>
      <trkpt lat="32.019504793" lon="120.888820505">
        <ele>2.8</ele>
        <time>2026-09-17T15:07:50+0800</time>
        <extensions>
          <gpxtpx:TrackPointExtension>
            <gpxtpx:hr>161</gpxtpx:hr>
            <gpxtpx:cad>87</gpxtpx:cad>
          </gpxtpx:TrackPointExtension>
        </extensions>
      </trkpt>
      <trkpt lat="32.0195287652" lon="120.888794186">
        <ele>2.8</ele>
        <time>2026-09-17T15:07:51+0800</time>
        <extensions>
          <gpxtpx:TrackPointExtension>
            <gpxtpx:hr>161</gpxtpx:hr>
            <gpxtpx:cad>87</gpxtpx:cad>
          </gpxtpx:TrackPointExtension>
        </extensions>
      </trkpt>
      <trkpt lat="32.0195665676" lon="120.888779266">
        <ele>2.8</ele>
        <time>2026-09-17T15:07:52+0800</time>
        <extensions>
          <gpxtpx:TrackPointExtension>
            <gpxtpx:hr>161</gpxtpx:hr>
            <gpxtpx:cad>88</gpxtpx:cad>
          </gpxtpx:TrackPointExtension>
        </extensions>
      </trkpt>
      <trkpt lat="32.0195977483" lon="120.888767783">
        <ele>2.8</ele>
        <time>2026-09-17T15:07:53+0800</time>
        <extensions>
          <gpxtpx:TrackPointExtension>
            <gpxtpx:hr>161</gpxtpx:hr>
            <gpxtpx:cad>88</gpxtpx:cad>
          </gpxtpx:TrackPointExtension>
        </extensions>
      </trkpt>
      <trkpt lat="32.0196391549" lon="120.888767112">
        <ele>2.6</ele>
        <time>2026-09-17T15:07:54+0800</time>
        <extensions>
          <gpxtpx:TrackPointExtension>
            <gpxtpx:hr>161</gpxtpx:hr>
            <gpxtpx:cad>88</gpxtpx:cad>
          </gpxtpx:TrackPointExtension>
        </extensions>
      </trkpt>
      <trkpt lat="32.0196724311" lon="120.888774153">
        <ele>2.6</ele>
        <time>2026-09-17T15:07:55+0800</time>
        <extensions>
          <gpxtpx:TrackPointExtension>
            <gpxtpx:hr>160</gpxtpx:hr>
            <gpxtpx:cad>88</gpxtpx:cad>
          </gpxtpx:TrackPointExtension>
        </extensions>
      </trkpt>
      <trkpt lat="32.019702103" lon="120.888777506">
        <ele>2.6</ele>
        <time>2026-09-17T15:07:56+0800</time>
        <extensions>
          <gpxtpx:TrackPointExtension>
            <gpxtpx:hr>161</gpxtpx:hr>
            <gpxtpx:cad>88</gpxtpx:cad>
          </gpxtpx:TrackPointExtension>
        </extensions>
      </trkpt>
      <trkpt lat="32.0197306853" lon="120.888782283">
        <ele>2.6</ele>
        <time>2026-09-17T15:07:57+0800</time>
        <extensions>
          <gpxtpx:TrackPointExtension>
            <gpxtpx:hr>161</gpxtpx:hr>
            <gpxtpx:cad>88</gpxtpx:cad>
          </gpxtpx:TrackPointExtension>
        </extensions>
      </trkpt>
      <trkpt lat="32.0197665598" lon="120.888788402">
        <ele>2.6</ele>
        <time>2026-09-17T15:07:58+0800</time>
        <extensions>
          <gpxtpx:TrackPointExtension>
            <gpxtpx:hr>160</gpxtpx:hr>
            <gpxtpx:cad>89</gpxtpx:cad>
          </gpxtpx:TrackPointExtension>
        </extensions>
      </trkpt>
      <trkpt lat="32.0197964832" lon="120.888793347">
        <ele>2.6</ele>
        <time>2026-09-17T15:07:59+0800</time>
        <extensions>
          <gpxtpx:TrackPointExtension>
            <gpxtpx:hr>161</gpxtpx:hr>
            <gpxtpx:cad>89</gpxtpx:cad>
          </gpxtpx:TrackPointExtension>
        </extensions>
      </trkpt>
      <trkpt lat="32.0198305976" lon="120.888801813">
        <ele>2.8</ele>
        <time>2026-09-17T15:08:00+0800</time>
        <extensions>
          <gpxtpx:TrackPointExtension>
            <gpxtpx:hr>160</gpxtpx:hr>
            <gpxtpx:cad>89</gpxtpx:cad>
          </gpxtpx:TrackPointExtension>
        </extensions>
      </trkpt>
      <trkpt lat="32.0198607724" lon="120.888811704">
        <ele>2.6</ele>
        <time>2026-09-17T15:08:01+0800</time>
        <extensions>
          <gpxtpx:TrackPointExtension>
            <gpxtpx:hr>160</gpxtpx:hr>
            <gpxtpx:cad>88</gpxtpx:cad>
          </gpxtpx:TrackPointExtension>
        </extensions>
      </trkpt>
      <trkpt lat="32.0198920369" lon="120.888823522">
        <ele>2.6</ele>
        <time>2026-09-17T15:08:02+0800</time>
        <extensions>
          <gpxtpx:TrackPointExtension>
            <gpxtpx:hr>160</gpxtpx:hr>
            <gpxtpx:cad>88</gpxtpx:cad>
          </gpxtpx:TrackPointExtension>
        </extensions>
      </trkpt>
      <trkpt lat="32.0199186914" lon="120.888840118">
        <ele>2.6</ele>
        <time>2026-09-17T15:08:03+0800</time>
        <extensions>
          <gpxtpx:TrackPointExtension>
            <gpxtpx:hr>160</gpxtpx:hr>
            <gpxtpx:cad>88</gpxtpx:cad>
          </gpxtpx:TrackPointExtension>
        </extensions>
      </trkpt>
      <trkpt lat="32.0199473575" lon="120.888847997">
        <ele>2.6</ele>
        <time>2026-09-17T15:08:04+0800</time>
        <extensions>
          <gpxtpx:TrackPointExtension>
            <gpxtpx:hr>160</gpxtpx:hr>
            <gpxtpx:cad>88</gpxtpx:cad>
          </gpxtpx:TrackPointExtension>
        </extensions>
      </trkpt>
      <trkpt lat="32.0199717488" lon="120.888858978">
        <ele>2.6</ele>
        <time>2026-09-17T15:08:05+0800</time>
        <extensions>
          <gpxtpx:TrackPointExtension>
            <gpxtpx:hr>160</gpxtpx:hr>
            <gpxtpx:cad>88</gpxtpx:cad>
          </gpxtpx:TrackPointExtension>
        </extensions>
      </trkpt>
      <trkpt lat="32.0200030971" lon="120.888871467">
        <ele>2.8</ele>
        <time>2026-09-17T15:08:06+0800</time>
        <extensions>
          <gpxtpx:TrackPointExtension>
            <gpxtpx:hr>160</gpxtpx:hr>
            <gpxtpx:cad>88</gpxtpx:cad>
          </gpxtpx:TrackPointExtension>
        </extensions>
      </trkpt>
      <trkpt lat="32.0200296678" lon="120.888883034">
        <ele>2.8</ele>
        <time>2026-09-17T15:08:07+0800</time>
        <extensions>
          <gpxtpx:TrackPointExtension>
            <gpxtpx:hr>161</gpxtpx:hr>
            <gpxtpx:cad>88</gpxtpx:cad>
          </gpxtpx:TrackPointExtension>
        </extensions>
      </trkpt>
      <trkpt lat="32.0200647879" lon="120.888882447">
        <ele>2.8</ele>
        <time>2026-09-17T15:08:08+0800</time>
        <extensions>
          <gpxtpx:TrackPointExtension>
            <gpxtpx:hr>160</gpxtpx:hr>
            <gpxtpx:cad>88</gpxtpx:cad>
          </gpxtpx:TrackPointExtension>
        </extensions>
      </trkpt>
      <trkpt lat="32.0200870838" lon="120.888874317">
        <ele>2.8</ele>
        <time>2026-09-17T15:08:09+0800</time>
        <extensions>
          <gpxtpx:TrackPointExtension>
            <gpxtpx:hr>160</gpxtpx:hr>
            <gpxtpx:cad>88</gpxtpx:cad>
          </gpxtpx:TrackPointExtension>
        </extensions>
      </trkpt>
      <trkpt lat="32.0201204438" lon="120.888878591">
        <ele>2.8</ele>
        <time>2026-09-17T15:08:10+0800</time>
        <extensions>
          <gpxtpx:TrackPointExtension>
            <gpxtpx:hr>159</gpxtpx:hr>
            <gpxtpx:cad>88</gpxtpx:cad>
          </gpxtpx:TrackPointExtension>
        </extensions>
      </trkpt>
      <trkpt lat="32.0201481041" lon="120.888888817">
        <ele>2.8</ele>
        <time>2026-09-17T15:08:11+0800</time>
        <extensions>
          <gpxtpx:TrackPointExtension>
            <gpxtpx:hr>159</gpxtpx:hr>
            <gpxtpx:cad>88</gpxtpx:cad>
          </gpxtpx:TrackPointExtension>
        </extensions>
      </trkpt>
      <trkpt lat="32.0201754291" lon="120.88889217">
        <ele>2.8</ele>
        <time>2026-09-17T15:08:12+0800</time>
        <extensions>
          <gpxtpx:TrackPointExtension>
            <gpxtpx:hr>159</gpxtpx:hr>
            <gpxtpx:cad>88</gpxtpx:cad>
          </gpxtpx:TrackPointExtension>
        </extensions>
      </trkpt>
      <trkpt lat="32.0202037599" lon="120.888901139">
        <ele>2.8</ele>
        <time>2026-09-17T15:08:13+0800</time>
        <extensions>
          <gpxtpx:TrackPointExtension>
            <gpxtpx:hr>159</gpxtpx:hr>
            <gpxtpx:cad>89</gpxtpx:cad>
          </gpxtpx:TrackPointExtension>
        </extensions>
      </trkpt>
      <trkpt lat="32.0202275645" lon="120.888899378">
        <ele>2.8</ele>
        <time>2026-09-17T15:08:14+0800</time>
        <extensions>
          <gpxtpx:TrackPointExtension>
            <gpxtpx:hr>159</gpxtpx:hr>
            <gpxtpx:cad>89</gpxtpx:cad>
          </gpxtpx:TrackPointExtension>
        </extensions>
      </trkpt>
      <trkpt lat="32.0202612597" lon="120.888910526">
        <ele>2.8</ele>
        <time>2026-09-17T15:08:15+0800</time>
        <extensions>
          <gpxtpx:TrackPointExtension>
            <gpxtpx:hr>160</gpxtpx:hr>
            <gpxtpx:cad>89</gpxtpx:cad>
          </gpxtpx:TrackPointExtension>
        </extensions>
      </trkpt>
      <trkpt lat="32.0202896744" lon="120.888909018">
        <ele>2.8</ele>
        <time>2026-09-17T15:08:16+0800</time>
        <extensions>
          <gpxtpx:TrackPointExtension>
            <gpxtpx:hr>159</gpxtpx:hr>
            <gpxtpx:cad>89</gpxtpx:cad>
          </gpxtpx:TrackPointExtension>
        </extensions>
      </trkpt>
      <trkpt lat="32.0203290693" lon="120.888914214">
        <ele>2.8</ele>
        <time>2026-09-17T15:08:17+0800</time>
        <extensions>
          <gpxtpx:TrackPointExtension>
            <gpxtpx:hr>159</gpxtpx:hr>
            <gpxtpx:cad>89</gpxtpx:cad>
          </gpxtpx:TrackPointExtension>
        </extensions>
      </trkpt>
      <trkpt lat="32.0203553885" lon="120.888912873">
        <ele>2.8</ele>
        <time>2026-09-17T15:08:18+0800</time>
        <extensions>
          <gpxtpx:TrackPointExtension>
            <gpxtpx:hr>159</gpxtpx:hr>
            <gpxtpx:cad>89</gpxtpx:cad>
          </gpxtpx:TrackPointExtension>
        </extensions>
      </trkpt>
      <trkpt lat="32.0203907602" lon="120.888922093">
        <ele>2.8</ele>
        <time>2026-09-17T15:08:19+0800</time>
        <extensions>
          <gpxtpx:TrackPointExtension>
            <gpxtpx:hr>160</gpxtpx:hr>
            <gpxtpx:cad>88</gpxtpx:cad>
          </gpxtpx:TrackPointExtension>
        </extensions>
      </trkpt>
      <trkpt lat="32.0204185043" lon="120.888919914">
        <ele>2.8</ele>
        <time>2026-09-17T15:08:20+0800</time>
        <extensions>
          <gpxtpx:TrackPointExtension>
            <gpxtpx:hr>159</gpxtpx:hr>
            <gpxtpx:cad>88</gpxtpx:cad>
          </gpxtpx:TrackPointExtension>
        </extensions>
      </trkpt>
      <trkpt lat="32.0204500202" lon="120.888933744">
        <ele>2.8</ele>
        <time>2026-09-17T15:08:21+0800</time>
        <extensions>
          <gpxtpx:TrackPointExtension>
            <gpxtpx:hr>159</gpxtpx:hr>
            <gpxtpx:cad>88</gpxtpx:cad>
          </gpxtpx:TrackPointExtension>
        </extensions>
      </trkpt>
      <trkpt lat="32.020474663" lon="120.888935924">
        <ele>3.0</ele>
        <time>2026-09-17T15:08:22+0800</time>
        <extensions>
          <gpxtpx:TrackPointExtension>
            <gpxtpx:hr>159</gpxtpx:hr>
            <gpxtpx:cad>88</gpxtpx:cad>
          </gpxtpx:TrackPointExtension>
        </extensions>
      </trkpt>
      <trkpt lat="32.0205030777" lon="120.888943551">
        <ele>3.0</ele>
        <time>2026-09-17T15:08:23+0800</time>
        <extensions>
          <gpxtpx:TrackPointExtension>
            <gpxtpx:hr>159</gpxtpx:hr>
            <gpxtpx:cad>88</gpxtpx:cad>
          </gpxtpx:TrackPointExtension>
        </extensions>
      </trkpt>
      <trkpt lat="32.0205242001" lon="120.888955873">
        <ele>3.0</ele>
        <time>2026-09-17T15:08:24+0800</time>
        <extensions>
          <gpxtpx:TrackPointExtension>
            <gpxtpx:hr>159</gpxtpx:hr>
            <gpxtpx:cad>88</gpxtpx:cad>
          </gpxtpx:TrackPointExtension>
        </extensions>
      </trkpt>
      <trkpt lat="32.0205542911" lon="120.888957046">
        <ele>3.0</ele>
        <time>2026-09-17T15:08:25+0800</time>
        <extensions>
          <gpxtpx:TrackPointExtension>
            <gpxtpx:hr>159</gpxtpx:hr>
            <gpxtpx:cad>88</gpxtpx:cad>
          </gpxtpx:TrackPointExtension>
        </extensions>
      </trkpt>
      <trkpt lat="32.0205787662" lon="120.888961991">
        <ele>3.0</ele>
        <time>2026-09-17T15:08:26+0800</time>
        <extensions>
          <gpxtpx:TrackPointExtension>
            <gpxtpx:hr>159</gpxtpx:hr>
            <gpxtpx:cad>88</gpxtpx:cad>
          </gpxtpx:TrackPointExtension>
        </extensions>
      </trkpt>
      <trkpt lat="32.0206081029" lon="120.888967523">
        <ele>3.0</ele>
        <time>2026-09-17T15:08:27+0800</time>
        <extensions>
          <gpxtpx:TrackPointExtension>
            <gpxtpx:hr>159</gpxtpx:hr>
            <gpxtpx:cad>88</gpxtpx:cad>
          </gpxtpx:TrackPointExtension>
        </extensions>
      </trkpt>
      <trkpt lat="32.0206336677" lon="120.888984622">
        <ele>3.0</ele>
        <time>2026-09-17T15:08:28+0800</time>
        <extensions>
          <gpxtpx:TrackPointExtension>
            <gpxtpx:hr>159</gpxtpx:hr>
            <gpxtpx:cad>87</gpxtpx:cad>
          </gpxtpx:TrackPointExtension>
        </extensions>
      </trkpt>
      <trkpt lat="32.0206637587" lon="120.888997614">
        <ele>3.0</ele>
        <time>2026-09-17T15:08:29+0800</time>
        <extensions>
          <gpxtpx:TrackPointExtension>
            <gpxtpx:hr>159</gpxtpx:hr>
            <gpxtpx:cad>87</gpxtpx:cad>
          </gpxtpx:TrackPointExtension>
        </extensions>
      </trkpt>
      <trkpt lat="32.0206916705" lon="120.88901639">
        <ele>3.0</ele>
        <time>2026-09-17T15:08:30+0800</time>
        <extensions>
          <gpxtpx:TrackPointExtension>
            <gpxtpx:hr>159</gpxtpx:hr>
            <gpxtpx:cad>87</gpxtpx:cad>
          </gpxtpx:TrackPointExtension>
        </extensions>
      </trkpt>
      <trkpt lat="32.0207223482" lon="120.889029214">
        <ele>3.0</ele>
        <time>2026-09-17T15:08:31+0800</time>
        <extensions>
          <gpxtpx:TrackPointExtension>
            <gpxtpx:hr>159</gpxtpx:hr>
            <gpxtpx:cad>87</gpxtpx:cad>
          </gpxtpx:TrackPointExtension>
        </extensions>
      </trkpt>
      <trkpt lat="32.0207545348" lon="120.889048325">
        <ele>3.0</ele>
        <time>2026-09-17T15:08:32+0800</time>
        <extensions>
          <gpxtpx:TrackPointExtension>
            <gpxtpx:hr>159</gpxtpx:hr>
            <gpxtpx:cad>87</gpxtpx:cad>
          </gpxtpx:TrackPointExtension>
        </extensions>
      </trkpt>
      <trkpt lat="32.0207841229" lon="120.889055366">
        <ele>3.0</ele>
        <time>2026-09-17T15:08:33+0800</time>
        <extensions>
          <gpxtpx:TrackPointExtension>
            <gpxtpx:hr>159</gpxtpx:hr>
            <gpxtpx:cad>88</gpxtpx:cad>
          </gpxtpx:TrackPointExtension>
        </extensions>
      </trkpt>
      <trkpt lat="32.0208158903" lon="120.88906995">
        <ele>3.0</ele>
        <time>2026-09-17T15:08:34+0800</time>
        <extensions>
          <gpxtpx:TrackPointExtension>
            <gpxtpx:hr>159</gpxtpx:hr>
            <gpxtpx:cad>89</gpxtpx:cad>
          </gpxtpx:TrackPointExtension>
        </extensions>
      </trkpt>
      <trkpt lat="32.0208430476" lon="120.889076488">
        <ele>3.0</ele>
        <time>2026-09-17T15:08:35+0800</time>
        <extensions>
          <gpxtpx:TrackPointExtension>
            <gpxtpx:hr>159</gpxtpx:hr>
            <gpxtpx:cad>89</gpxtpx:cad>
          </gpxtpx:TrackPointExtension>
        </extensions>
      </trkpt>
      <trkpt lat="32.0208745636" lon="120.88908839">
        <ele>3.0</ele>
        <time>2026-09-17T15:08:36+0800</time>
        <extensions>
          <gpxtpx:TrackPointExtension>
            <gpxtpx:hr>159</gpxtpx:hr>
            <gpxtpx:cad>89</gpxtpx:cad>
          </gpxtpx:TrackPointExtension>
        </extensions>
      </trkpt>
      <trkpt lat="32.0208980329" lon="120.889087971">
        <ele>3.0</ele>
        <time>2026-09-17T15:08:37+0800</time>
        <extensions>
          <gpxtpx:TrackPointExtension>
            <gpxtpx:hr>160</gpxtpx:hr>
            <gpxtpx:cad>89</gpxtpx:cad>
          </gpxtpx:TrackPointExtension>
        </extensions>
      </trkpt>
      <trkpt lat="32.0209302194" lon="120.889093839">
        <ele>3.0</ele>
        <time>2026-09-17T15:08:38+0800</time>
        <extensions>
          <gpxtpx:TrackPointExtension>
            <gpxtpx:hr>159</gpxtpx:hr>
            <gpxtpx:cad>88</gpxtpx:cad>
          </gpxtpx:TrackPointExtension>
        </extensions>
      </trkpt>
      <trkpt lat="32.0209535211" lon="120.889098197">
        <ele>3.0</ele>
        <time>2026-09-17T15:08:39+0800</time>
        <extensions>
          <gpxtpx:TrackPointExtension>
            <gpxtpx:hr>159</gpxtpx:hr>
            <gpxtpx:cad>88</gpxtpx:cad>
          </gpxtpx:TrackPointExtension>
        </extensions>
      </trkpt>
      <trkpt lat="32.0209876355" lon="120.889107836">
        <ele>3.0</ele>
        <time>2026-09-17T15:08:40+0800</time>
        <extensions>
          <gpxtpx:TrackPointExtension>
            <gpxtpx:hr>159</gpxtpx:hr>
            <gpxtpx:cad>88</gpxtpx:cad>
          </gpxtpx:TrackPointExtension>
        </extensions>
      </trkpt>
      <trkpt lat="32.0210084226" lon="120.889103059">
        <ele>3.0</ele>
        <time>2026-09-17T15:08:41+0800</time>
        <extensions>
          <gpxtpx:TrackPointExtension>
            <gpxtpx:hr>159</gpxtpx:hr>
            <gpxtpx:cad>88</gpxtpx:cad>
          </gpxtpx:TrackPointExtension>
        </extensions>
      </trkpt>
      <trkpt lat="32.0210408606" lon="120.889111441">
        <ele>3.0</ele>
        <time>2026-09-17T15:08:42+0800</time>
        <extensions>
          <gpxtpx:TrackPointExtension>
            <gpxtpx:hr>159</gpxtpx:hr>
            <gpxtpx:cad>88</gpxtpx:cad>
          </gpxtpx:TrackPointExtension>
        </extensions>
      </trkpt>
      <trkpt lat="32.0210687723" lon="120.889120745">
        <ele>3.0</ele>
        <time>2026-09-17T15:08:43+0800</time>
        <extensions>
          <gpxtpx:TrackPointExtension>
            <gpxtpx:hr>159</gpxtpx:hr>
            <gpxtpx:cad>88</gpxtpx:cad>
          </gpxtpx:TrackPointExtension>
        </extensions>
      </trkpt>
      <trkpt lat="32.0211056527" lon="120.889129881">
        <ele>3.0</ele>
        <time>2026-09-17T15:08:44+0800</time>
        <extensions>
          <gpxtpx:TrackPointExtension>
            <gpxtpx:hr>160</gpxtpx:hr>
            <gpxtpx:cad>88</gpxtpx:cad>
          </gpxtpx:TrackPointExtension>
        </extensions>
      </trkpt>
      <trkpt lat="32.0211335644" lon="120.88913952">
        <ele>3.0</ele>
        <time>2026-09-17T15:08:45+0800</time>
        <extensions>
          <gpxtpx:TrackPointExtension>
            <gpxtpx:hr>160</gpxtpx:hr>
            <gpxtpx:cad>87</gpxtpx:cad>
          </gpxtpx:TrackPointExtension>
        </extensions>
      </trkpt>
      <trkpt lat="32.0211717021" lon="120.88914304">
        <ele>3.0</ele>
        <time>2026-09-17T15:08:46+0800</time>
        <extensions>
          <gpxtpx:TrackPointExtension>
            <gpxtpx:hr>160</gpxtpx:hr>
            <gpxtpx:cad>87</gpxtpx:cad>
          </gpxtpx:TrackPointExtension>
        </extensions>
      </trkpt>
      <trkpt lat="32.021197686" lon="120.889167096">
        <ele>3.0</ele>
        <time>2026-09-17T15:08:47+0800</time>
        <extensions>
          <gpxtpx:TrackPointExtension>
            <gpxtpx:hr>160</gpxtpx:hr>
            <gpxtpx:cad>87</gpxtpx:cad>
          </gpxtpx:TrackPointExtension>
        </extensions>
      </trkpt>
      <trkpt lat="32.021218054" lon="120.889187716">
        <ele>3.0</ele>
        <time>2026-09-17T15:08:48+0800</time>
        <extensions>
          <gpxtpx:TrackPointExtension>
            <gpxtpx:hr>160</gpxtpx:hr>
            <gpxtpx:cad>87</gpxtpx:cad>
          </gpxtpx:TrackPointExtension>
        </extensions>
      </trkpt>
      <trkpt lat="32.0212286152" lon="120.889222166">
        <ele>3.0</ele>
        <time>2026-09-17T15:08:49+0800</time>
        <extensions>
          <gpxtpx:TrackPointExtension>
            <gpxtpx:hr>160</gpxtpx:hr>
            <gpxtpx:cad>88</gpxtpx:cad>
          </gpxtpx:TrackPointExtension>
        </extensions>
      </trkpt>
      <trkpt lat="32.0212333929" lon="120.88925234">
        <ele>3.2</ele>
        <time>2026-09-17T15:08:50+0800</time>
        <extensions>
          <gpxtpx:TrackPointExtension>
            <gpxtpx:hr>160</gpxtpx:hr>
            <gpxtpx:cad>88</gpxtpx:cad>
          </gpxtpx:TrackPointExtension>
        </extensions>
      </trkpt>
      <trkpt lat="32.0212290343" lon="120.889290646">
        <ele>3.0</ele>
        <time>2026-09-17T15:08:51+0800</time>
        <extensions>
          <gpxtpx:TrackPointExtension>
            <gpxtpx:hr>160</gpxtpx:hr>
            <gpxtpx:cad>87</gpxtpx:cad>
          </gpxtpx:TrackPointExtension>
        </extensions>
      </trkpt>
      <trkpt lat="32.0212228317" lon="120.889321491">
        <ele>3.0</ele>
        <time>2026-09-17T15:08:52+0800</time>
        <extensions>
          <gpxtpx:TrackPointExtension>
            <gpxtpx:hr>160</gpxtpx:hr>
            <gpxtpx:cad>86</gpxtpx:cad>
          </gpxtpx:TrackPointExtension>
        </extensions>
      </trkpt>
      <trkpt lat="32.0212082472" lon="120.889361389">
        <ele>3.2</ele>
        <time>2026-09-17T15:08:53+0800</time>
        <extensions>
          <gpxtpx:TrackPointExtension>
            <gpxtpx:hr>161</gpxtpx:hr>
            <gpxtpx:cad>86</gpxtpx:cad>
          </gpxtpx:TrackPointExtension>
        </extensions>
      </trkpt>
      <trkpt lat="32.0211950038" lon="120.889392151">
        <ele>3.2</ele>
        <time>2026-09-17T15:08:54+0800</time>
        <extensions>
          <gpxtpx:TrackPointExtension>
            <gpxtpx:hr>160</gpxtpx:hr>
            <gpxtpx:cad>88</gpxtpx:cad>
          </gpxtpx:TrackPointExtension>
        </extensions>
      </trkpt>
      <trkpt lat="32.0211861189" lon="120.889428779">
        <ele>3.0</ele>
        <time>2026-09-17T15:08:55+0800</time>
        <extensions>
          <gpxtpx:TrackPointExtension>
            <gpxtpx:hr>161</gpxtpx:hr>
            <gpxtpx:cad>88</gpxtpx:cad>
          </gpxtpx:TrackPointExtension>
        </extensions>
      </trkpt>
      <trkpt lat="32.0211800002" lon="120.889460547">
        <ele>3.2</ele>
        <time>2026-09-17T15:08:56+0800</time>
        <extensions>
          <gpxtpx:TrackPointExtension>
            <gpxtpx:hr>161</gpxtpx:hr>
            <gpxtpx:cad>87</gpxtpx:cad>
          </gpxtpx:TrackPointExtension>
        </extensions>
      </trkpt>
      <trkpt lat="32.0211723726" lon="120.889498852">
        <ele>3.2</ele>
        <time>2026-09-17T15:08:57+0800</time>
        <extensions>
          <gpxtpx:TrackPointExtension>
            <gpxtpx:hr>161</gpxtpx:hr>
            <gpxtpx:cad>87</gpxtpx:cad>
          </gpxtpx:TrackPointExtension>
        </extensions>
      </trkpt>
      <trkpt lat="32.0211620629" lon="120.889530033">
        <ele>3.4</ele>
        <time>2026-09-17T15:08:58+0800</time>
        <extensions>
          <gpxtpx:TrackPointExtension>
            <gpxtpx:hr>161</gpxtpx:hr>
            <gpxtpx:cad>87</gpxtpx:cad>
          </gpxtpx:TrackPointExtension>
        </extensions>
      </trkpt>
      <trkpt lat="32.0211551059" lon="120.889573032">
        <ele>3.4</ele>
        <time>2026-09-17T15:08:59+0800</time>
        <extensions>
          <gpxtpx:TrackPointExtension>
            <gpxtpx:hr>162</gpxtpx:hr>
            <gpxtpx:cad>87</gpxtpx:cad>
          </gpxtpx:TrackPointExtension>
        </extensions>
      </trkpt>
      <trkpt lat="32.0211436227" lon="120.889608404">
        <ele>3.4</ele>
        <time>2026-09-17T15:09:00+0800</time>
        <extensions>
          <gpxtpx:TrackPointExtension>
            <gpxtpx:hr>162</gpxtpx:hr>
            <gpxtpx:cad>87</gpxtpx:cad>
          </gpxtpx:TrackPointExtension>
        </extensions>
      </trkpt>
      <trkpt lat="32.0211421978" lon="120.889645703">
        <ele>3.4</ele>
        <time>2026-09-17T15:09:01+0800</time>
        <extensions>
          <gpxtpx:TrackPointExtension>
            <gpxtpx:hr>162</gpxtpx:hr>
            <gpxtpx:cad>88</gpxtpx:cad>
          </gpxtpx:TrackPointExtension>
        </extensions>
      </trkpt>
      <trkpt lat="32.0211349055" lon="120.889680572">
        <ele>3.4</ele>
        <time>2026-09-17T15:09:02+0800</time>
        <extensions>
          <gpxtpx:TrackPointExtension>
            <gpxtpx:hr>162</gpxtpx:hr>
            <gpxtpx:cad>88</gpxtpx:cad>
          </gpxtpx:TrackPointExtension>
        </extensions>
      </trkpt>
      <trkpt lat="32.021137923" lon="120.889713177">
        <ele>3.4</ele>
        <time>2026-09-17T15:09:03+0800</time>
        <extensions>
          <gpxtpx:TrackPointExtension>
            <gpxtpx:hr>162</gpxtpx:hr>
            <gpxtpx:cad>88</gpxtpx:cad>
          </gpxtpx:TrackPointExtension>
        </extensions>
      </trkpt>
      <trkpt lat="32.0211308822" lon="120.889752991">
        <ele>3.4</ele>
        <time>2026-09-17T15:09:04+0800</time>
        <extensions>
          <gpxtpx:TrackPointExtension>
            <gpxtpx:hr>163</gpxtpx:hr>
            <gpxtpx:cad>88</gpxtpx:cad>
          </gpxtpx:TrackPointExtension>
        </extensions>
      </trkpt>
      <trkpt lat="32.0211281162" lon="120.889783334">
        <ele>3.4</ele>
        <time>2026-09-17T15:09:05+0800</time>
        <extensions>
          <gpxtpx:TrackPointExtension>
            <gpxtpx:hr>163</gpxtpx:hr>
            <gpxtpx:cad>88</gpxtpx:cad>
          </gpxtpx:TrackPointExtension>
        </extensions>
      </trkpt>
      <trkpt lat="32.0211134478" lon="120.889821388">
        <ele>3.4</ele>
        <time>2026-09-17T15:09:06+0800</time>
        <extensions>
          <gpxtpx:TrackPointExtension>
            <gpxtpx:hr>163</gpxtpx:hr>
            <gpxtpx:cad>88</gpxtpx:cad>
          </gpxtpx:TrackPointExtension>
        </extensions>
      </trkpt>
      <trkpt lat="32.0211091731" lon="120.889854077">
        <ele>3.4</ele>
        <time>2026-09-17T15:09:07+0800</time>
        <extensions>
          <gpxtpx:TrackPointExtension>
            <gpxtpx:hr>163</gpxtpx:hr>
            <gpxtpx:cad>88</gpxtpx:cad>
          </gpxtpx:TrackPointExtension>
        </extensions>
      </trkpt>
      <trkpt lat="32.0210960973" lon="120.889896154">
        <ele>3.4</ele>
        <time>2026-09-17T15:09:08+0800</time>
        <extensions>
          <gpxtpx:TrackPointExtension>
            <gpxtpx:hr>163</gpxtpx:hr>
            <gpxtpx:cad>88</gpxtpx:cad>
          </gpxtpx:TrackPointExtension>
        </extensions>
      </trkpt>
      <trkpt lat="32.0210871287" lon="120.889923144">
        <ele>3.4</ele>
        <time>2026-09-17T15:09:09+0800</time>
        <extensions>
          <gpxtpx:TrackPointExtension>
            <gpxtpx:hr>163</gpxtpx:hr>
            <gpxtpx:cad>88</gpxtpx:cad>
          </gpxtpx:TrackPointExtension>
        </extensions>
      </trkpt>
      <trkpt lat="32.0210722089" lon="120.889961366">
        <ele>3.4</ele>
        <time>2026-09-17T15:09:10+0800</time>
        <extensions>
          <gpxtpx:TrackPointExtension>
            <gpxtpx:hr>163</gpxtpx:hr>
            <gpxtpx:cad>88</gpxtpx:cad>
          </gpxtpx:TrackPointExtension>
        </extensions>
      </trkpt>
      <trkpt lat="32.0210554451" lon="120.889988188">
        <ele>3.4</ele>
        <time>2026-09-17T15:09:11+0800</time>
        <extensions>
          <gpxtpx:TrackPointExtension>
            <gpxtpx:hr>163</gpxtpx:hr>
            <gpxtpx:cad>88</gpxtpx:cad>
          </gpxtpx:TrackPointExtension>
        </extensions>
      </trkpt>
      <trkpt lat="32.0210390165" lon="120.890022134">
        <ele>3.4</ele>
        <time>2026-09-17T15:09:12+0800</time>
        <extensions>
          <gpxtpx:TrackPointExtension>
            <gpxtpx:hr>163</gpxtpx:hr>
            <gpxtpx:cad>88</gpxtpx:cad>
          </gpxtpx:TrackPointExtension>
        </extensions>
      </trkpt>
      <trkpt lat="32.0210256055" lon="120.890050968">
        <ele>3.4</ele>
        <time>2026-09-17T15:09:13+0800</time>
        <extensions>
          <gpxtpx:TrackPointExtension>
            <gpxtpx:hr>164</gpxtpx:hr>
            <gpxtpx:cad>89</gpxtpx:cad>
          </gpxtpx:TrackPointExtension>
        </extensions>
      </trkpt>
      <trkpt lat="32.0210123621" lon="120.890087681">
        <ele>3.6</ele>
        <time>2026-09-17T15:09:14+0800</time>
        <extensions>
          <gpxtpx:TrackPointExtension>
            <gpxtpx:hr>163</gpxtpx:hr>
            <gpxtpx:cad>89</gpxtpx:cad>
          </gpxtpx:TrackPointExtension>
        </extensions>
      </trkpt>
      <trkpt lat="32.0209967718" lon="120.890115593">
        <ele>3.6</ele>
        <time>2026-09-17T15:09:15+0800</time>
        <extensions>
          <gpxtpx:TrackPointExtension>
            <gpxtpx:hr>163</gpxtpx:hr>
            <gpxtpx:cad>89</gpxtpx:cad>
          </gpxtpx:TrackPointExtension>
        </extensions>
      </trkpt>
      <trkpt lat="32.0209862106" lon="120.890146941">
        <ele>3.6</ele>
        <time>2026-09-17T15:09:16+0800</time>
        <extensions>
          <gpxtpx:TrackPointExtension>
            <gpxtpx:hr>164</gpxtpx:hr>
            <gpxtpx:cad>87</gpxtpx:cad>
          </gpxtpx:TrackPointExtension>
        </extensions>
      </trkpt>
      <trkpt lat="32.0209735539" lon="120.890176194">
        <ele>3.6</ele>
        <time>2026-09-17T15:09:17+0800</time>
        <extensions>
          <gpxtpx:TrackPointExtension>
            <gpxtpx:hr>164</gpxtpx:hr>
            <gpxtpx:cad>87</gpxtpx:cad>
          </gpxtpx:TrackPointExtension>
        </extensions>
      </trkpt>
      <trkpt lat="32.0209695306" lon="120.890208799">
        <ele>3.6</ele>
        <time>2026-09-17T15:09:18+0800</time>
        <extensions>
          <gpxtpx:TrackPointExtension>
            <gpxtpx:hr>163</gpxtpx:hr>
            <gpxtpx:cad>87</gpxtpx:cad>
          </gpxtpx:TrackPointExtension>
        </extensions>
      </trkpt>
      <trkpt lat="32.020963328" lon="120.890245512">
        <ele>3.6</ele>
        <time>2026-09-17T15:09:19+0800</time>
        <extensions>
          <gpxtpx:TrackPointExtension>
            <gpxtpx:hr>163</gpxtpx:hr>
            <gpxtpx:cad>88</gpxtpx:cad>
          </gpxtpx:TrackPointExtension>
        </extensions>
      </trkpt>
      <trkpt lat="32.0209620707" lon="120.890274514">
        <ele>3.6</ele>
        <time>2026-09-17T15:09:20+0800</time>
        <extensions>
          <gpxtpx:TrackPointExtension>
            <gpxtpx:hr>163</gpxtpx:hr>
            <gpxtpx:cad>88</gpxtpx:cad>
          </gpxtpx:TrackPointExtension>
        </extensions>
      </trkpt>
      <trkpt lat="32.0209499169" lon="120.89030955">
        <ele>3.6</ele>
        <time>2026-09-17T15:09:21+0800</time>
        <extensions>
          <gpxtpx:TrackPointExtension>
            <gpxtpx:hr>164</gpxtpx:hr>
            <gpxtpx:cad>88</gpxtpx:cad>
          </gpxtpx:TrackPointExtension>
        </extensions>
      </trkpt>
      <trkpt lat="32.0209408645" lon="120.890339306">
        <ele>3.6</ele>
        <time>2026-09-17T15:09:22+0800</time>
        <extensions>
          <gpxtpx:TrackPointExtension>
            <gpxtpx:hr>163</gpxtpx:hr>
            <gpxtpx:cad>87</gpxtpx:cad>
          </gpxtpx:TrackPointExtension>
        </extensions>
      </trkpt>
      <trkpt lat="32.0209251065" lon="120.890380964">
        <ele>3.6</ele>
        <time>2026-09-17T15:09:23+0800</time>
        <extensions>
          <gpxtpx:TrackPointExtension>
            <gpxtpx:hr>163</gpxtpx:hr>
            <gpxtpx:cad>87</gpxtpx:cad>
          </gpxtpx:TrackPointExtension>
        </extensions>
      </trkpt>
      <trkpt lat="32.0209188201" lon="120.89040963">
        <ele>3.6</ele>
        <time>2026-09-17T15:09:24+0800</time>
        <extensions>
          <gpxtpx:TrackPointExtension>
            <gpxtpx:hr>163</gpxtpx:hr>
            <gpxtpx:cad>87</gpxtpx:cad>
          </gpxtpx:TrackPointExtension>
        </extensions>
      </trkpt>
      <trkpt lat="32.0209027268" lon="120.890449109">
        <ele>3.6</ele>
        <time>2026-09-17T15:09:25+0800</time>
        <extensions>
          <gpxtpx:TrackPointExtension>
            <gpxtpx:hr>163</gpxtpx:hr>
            <gpxtpx:cad>87</gpxtpx:cad>
          </gpxtpx:TrackPointExtension>
        </extensions>
      </trkpt>
      <trkpt lat="32.0208923332" lon="120.890471824">
        <ele>3.6</ele>
        <time>2026-09-17T15:09:26+0800</time>
        <extensions>
          <gpxtpx:TrackPointExtension>
            <gpxtpx:hr>162</gpxtpx:hr>
            <gpxtpx:cad>87</gpxtpx:cad>
          </gpxtpx:TrackPointExtension>
        </extensions>
      </trkpt>
      <trkpt lat="32.0208835322" lon="120.890505938">
        <ele>3.6</ele>
        <time>2026-09-17T15:09:27+0800</time>
        <extensions>
          <gpxtpx:TrackPointExtension>
            <gpxtpx:hr>162</gpxtpx:hr>
            <gpxtpx:cad>87</gpxtpx:cad>
          </gpxtpx:TrackPointExtension>
        </extensions>
      </trkpt>
      <trkpt lat="32.0208758209" lon="120.89053628">
        <ele>3.6</ele>
        <time>2026-09-17T15:09:28+0800</time>
        <extensions>
          <gpxtpx:TrackPointExtension>
            <gpxtpx:hr>162</gpxtpx:hr>
            <gpxtpx:cad>88</gpxtpx:cad>
          </gpxtpx:TrackPointExtension>
        </extensions>
      </trkpt>
      <trkpt lat="32.0208779164" lon="120.890568215">
        <ele>3.6</ele>
        <time>2026-09-17T15:09:29+0800</time>
        <extensions>
          <gpxtpx:TrackPointExtension>
            <gpxtpx:hr>162</gpxtpx:hr>
            <gpxtpx:cad>88</gpxtpx:cad>
          </gpxtpx:TrackPointExtension>
        </extensions>
      </trkpt>
      <trkpt lat="32.0208809339" lon="120.890609873">
        <ele>3.6</ele>
        <time>2026-09-17T15:09:30+0800</time>
        <extensions>
          <gpxtpx:TrackPointExtension>
            <gpxtpx:hr>162</gpxtpx:hr>
            <gpxtpx:cad>88</gpxtpx:cad>
          </gpxtpx:TrackPointExtension>
        </extensions>
      </trkpt>
      <trkpt lat="32.0208840352" lon="120.890643653">
        <ele>3.8</ele>
        <time>2026-09-17T15:09:31+0800</time>
        <extensions>
          <gpxtpx:TrackPointExtension>
            <gpxtpx:hr>161</gpxtpx:hr>
            <gpxtpx:cad>87</gpxtpx:cad>
          </gpxtpx:TrackPointExtension>
        </extensions>
      </trkpt>
      <trkpt lat="32.02087624" lon="120.890683131">
        <ele>3.8</ele>
        <time>2026-09-17T15:09:32+0800</time>
        <extensions>
          <gpxtpx:TrackPointExtension>
            <gpxtpx:hr>161</gpxtpx:hr>
            <gpxtpx:cad>87</gpxtpx:cad>
          </gpxtpx:TrackPointExtension>
        </extensions>
      </trkpt>
      <trkpt lat="32.0208732225" lon="120.890711714">
        <ele>3.8</ele>
        <time>2026-09-17T15:09:33+0800</time>
        <extensions>
          <gpxtpx:TrackPointExtension>
            <gpxtpx:hr>160</gpxtpx:hr>
            <gpxtpx:cad>87</gpxtpx:cad>
          </gpxtpx:TrackPointExtension>
        </extensions>
      </trkpt>
      <trkpt lat="32.0208659302" lon="120.890751025">
        <ele>3.8</ele>
        <time>2026-09-17T15:09:34+0800</time>
        <extensions>
          <gpxtpx:TrackPointExtension>
            <gpxtpx:hr>160</gpxtpx:hr>
            <gpxtpx:cad>87</gpxtpx:cad>
          </gpxtpx:TrackPointExtension>
        </extensions>
      </trkpt>
      <trkpt lat="32.0208603982" lon="120.890780529">
        <ele>3.8</ele>
        <time>2026-09-17T15:09:35+0800</time>
        <extensions>
          <gpxtpx:TrackPointExtension>
            <gpxtpx:hr>160</gpxtpx:hr>
            <gpxtpx:cad>87</gpxtpx:cad>
          </gpxtpx:TrackPointExtension>
        </extensions>
      </trkpt>
      <trkpt lat="32.0208527707" lon="120.890821768">
        <ele>3.8</ele>
        <time>2026-09-17T15:09:36+0800</time>
        <extensions>
          <gpxtpx:TrackPointExtension>
            <gpxtpx:hr>160</gpxtpx:hr>
            <gpxtpx:cad>87</gpxtpx:cad>
          </gpxtpx:TrackPointExtension>
        </extensions>
      </trkpt>
      <trkpt lat="32.0208458137" lon="120.890846578">
        <ele>3.6</ele>
        <time>2026-09-17T15:09:37+0800</time>
        <extensions>
          <gpxtpx:TrackPointExtension>
            <gpxtpx:hr>160</gpxtpx:hr>
            <gpxtpx:cad>88</gpxtpx:cad>
          </gpxtpx:TrackPointExtension>
        </extensions>
      </trkpt>
      <trkpt lat="32.0208395272" lon="120.890887063">
        <ele>3.6</ele>
        <time>2026-09-17T15:09:38+0800</time>
        <extensions>
          <gpxtpx:TrackPointExtension>
            <gpxtpx:hr>160</gpxtpx:hr>
            <gpxtpx:cad>88</gpxtpx:cad>
          </gpxtpx:TrackPointExtension>
        </extensions>
      </trkpt>
      <trkpt lat="32.0208327379" lon="120.890912041">
        <ele>3.6</ele>
        <time>2026-09-17T15:09:39+0800</time>
        <extensions>
          <gpxtpx:TrackPointExtension>
            <gpxtpx:hr>160</gpxtpx:hr>
            <gpxtpx:cad>88</gpxtpx:cad>
          </gpxtpx:TrackPointExtension>
        </extensions>
      </trkpt>
      <trkpt lat="32.0208298042" lon="120.890947413">
        <ele>3.4</ele>
        <time>2026-09-17T15:09:40+0800</time>
        <extensions>
          <gpxtpx:TrackPointExtension>
            <gpxtpx:hr>160</gpxtpx:hr>
            <gpxtpx:cad>88</gpxtpx:cad>
          </gpxtpx:TrackPointExtension>
        </extensions>
      </trkpt>
      <trkpt lat="32.0208228473" lon="120.890979096">
        <ele>3.6</ele>
        <time>2026-09-17T15:09:41+0800</time>
        <extensions>
          <gpxtpx:TrackPointExtension>
            <gpxtpx:hr>160</gpxtpx:hr>
            <gpxtpx:cad>88</gpxtpx:cad>
          </gpxtpx:TrackPointExtension>
        </extensions>
      </trkpt>
      <trkpt lat="32.0208218414" lon="120.891011115">
        <ele>3.6</ele>
        <time>2026-09-17T15:09:42+0800</time>
        <extensions>
          <gpxtpx:TrackPointExtension>
            <gpxtpx:hr>160</gpxtpx:hr>
            <gpxtpx:cad>87</gpxtpx:cad>
          </gpxtpx:TrackPointExtension>
        </extensions>
      </trkpt>
      <trkpt lat="32.0208182372" lon="120.891051684">
        <ele>3.4</ele>
        <time>2026-09-17T15:09:43+0800</time>
        <extensions>
          <gpxtpx:TrackPointExtension>
            <gpxtpx:hr>159</gpxtpx:hr>
            <gpxtpx:cad>87</gpxtpx:cad>
          </gpxtpx:TrackPointExtension>
        </extensions>
      </trkpt>
      <trkpt lat="32.0208178181" lon="120.891083116">
        <ele>3.4</ele>
        <time>2026-09-17T15:09:44+0800</time>
        <extensions>
          <gpxtpx:TrackPointExtension>
            <gpxtpx:hr>160</gpxtpx:hr>
            <gpxtpx:cad>87</gpxtpx:cad>
          </gpxtpx:TrackPointExtension>
        </extensions>
      </trkpt>
      <trkpt lat="32.020810945" lon="120.891122259">
        <ele>3.6</ele>
        <time>2026-09-17T15:09:45+0800</time>
        <extensions>
          <gpxtpx:TrackPointExtension>
            <gpxtpx:hr>160</gpxtpx:hr>
            <gpxtpx:cad>87</gpxtpx:cad>
          </gpxtpx:TrackPointExtension>
        </extensions>
      </trkpt>
      <trkpt lat="32.020812789" lon="120.891155284">
        <ele>3.6</ele>
        <time>2026-09-17T15:09:46+0800</time>
        <extensions>
          <gpxtpx:TrackPointExtension>
            <gpxtpx:hr>160</gpxtpx:hr>
            <gpxtpx:cad>87</gpxtpx:cad>
          </gpxtpx:TrackPointExtension>
        </extensions>
      </trkpt>
      <trkpt lat="32.020808598" lon="120.891195685">
        <ele>3.6</ele>
        <time>2026-09-17T15:09:47+0800</time>
        <extensions>
          <gpxtpx:TrackPointExtension>
            <gpxtpx:hr>160</gpxtpx:hr>
            <gpxtpx:cad>88</gpxtpx:cad>
          </gpxtpx:TrackPointExtension>
        </extensions>
      </trkpt>
      <trkpt lat="32.0208088495" lon="120.891224267">
        <ele>3.4</ele>
        <time>2026-09-17T15:09:48+0800</time>
        <extensions>
          <gpxtpx:TrackPointExtension>
            <gpxtpx:hr>160</gpxtpx:hr>
            <gpxtpx:cad>88</gpxtpx:cad>
          </gpxtpx:TrackPointExtension>
        </extensions>
      </trkpt>
      <trkpt lat="32.0208065026" lon="120.891261147">
        <ele>3.4</ele>
        <time>2026-09-17T15:09:49+0800</time>
        <extensions>
          <gpxtpx:TrackPointExtension>
            <gpxtpx:hr>161</gpxtpx:hr>
            <gpxtpx:cad>88</gpxtpx:cad>
          </gpxtpx:TrackPointExtension>
        </extensions>
      </trkpt>
      <trkpt lat="32.0208054129" lon="120.891291574">
        <ele>3.4</ele>
        <time>2026-09-17T15:09:50+0800</time>
        <extensions>
          <gpxtpx:TrackPointExtension>
            <gpxtpx:hr>161</gpxtpx:hr>
            <gpxtpx:cad>88</gpxtpx:cad>
          </gpxtpx:TrackPointExtension>
        </extensions>
      </trkpt>
      <trkpt lat="32.0208075922" lon="120.891331052">
        <ele>3.4</ele>
        <time>2026-09-17T15:09:51+0800</time>
        <extensions>
          <gpxtpx:TrackPointExtension>
            <gpxtpx:hr>161</gpxtpx:hr>
            <gpxtpx:cad>89</gpxtpx:cad>
          </gpxtpx:TrackPointExtension>
        </extensions>
      </trkpt>
      <trkpt lat="32.0208108611" lon="120.891364412">
        <ele>3.4</ele>
        <time>2026-09-17T15:09:52+0800</time>
        <extensions>
          <gpxtpx:TrackPointExtension>
            <gpxtpx:hr>162</gpxtpx:hr>
            <gpxtpx:cad>89</gpxtpx:cad>
          </gpxtpx:TrackPointExtension>
        </extensions>
      </trkpt>
      <trkpt lat="32.0208121184" lon="120.891399784">
        <ele>3.4</ele>
        <time>2026-09-17T15:09:53+0800</time>
        <extensions>
          <gpxtpx:TrackPointExtension>
            <gpxtpx:hr>162</gpxtpx:hr>
            <gpxtpx:cad>89</gpxtpx:cad>
          </gpxtpx:TrackPointExtension>
        </extensions>
      </trkpt>
      <trkpt lat="32.0208132919" lon="120.891433815">
        <ele>3.2</ele>
        <time>2026-09-17T15:09:54+0800</time>
        <extensions>
          <gpxtpx:TrackPointExtension>
            <gpxtpx:hr>161</gpxtpx:hr>
            <gpxtpx:cad>88</gpxtpx:cad>
          </gpxtpx:TrackPointExtension>
        </extensions>
      </trkpt>
      <trkpt lat="32.0208179019" lon="120.891467761">
        <ele>3.2</ele>
        <time>2026-09-17T15:09:55+0800</time>
        <extensions>
          <gpxtpx:TrackPointExtension>
            <gpxtpx:hr>162</gpxtpx:hr>
            <gpxtpx:cad>88</gpxtpx:cad>
          </gpxtpx:TrackPointExtension>
        </extensions>
      </trkpt>
      <trkpt lat="32.0208126213" lon="120.891505312">
        <ele>3.2</ele>
        <time>2026-09-17T15:09:56+0800</time>
        <extensions>
          <gpxtpx:TrackPointExtension>
            <gpxtpx:hr>162</gpxtpx:hr>
            <gpxtpx:cad>88</gpxtpx:cad>
          </gpxtpx:TrackPointExtension>
        </extensions>
      </trkpt>
      <trkpt lat="32.0208137948" lon="120.891536493">
        <ele>3.2</ele>
        <time>2026-09-17T15:09:57+0800</time>
        <extensions>
          <gpxtpx:TrackPointExtension>
            <gpxtpx:hr>162</gpxtpx:hr>
            <gpxtpx:cad>88</gpxtpx:cad>
          </gpxtpx:TrackPointExtension>
        </extensions>
      </trkpt>
      <trkpt lat="32.0208116993" lon="120.891572954">
        <ele>3.2</ele>
        <time>2026-09-17T15:09:58+0800</time>
        <extensions>
          <gpxtpx:TrackPointExtension>
            <gpxtpx:hr>162</gpxtpx:hr>
            <gpxtpx:cad>88</gpxtpx:cad>
          </gpxtpx:TrackPointExtension>
        </extensions>
      </trkpt>
      <trkpt lat="32.0208130404" lon="120.891606146">
        <ele>3.4</ele>
        <time>2026-09-17T15:09:59+0800</time>
        <extensions>
          <gpxtpx:TrackPointExtension>
            <gpxtpx:hr>161</gpxtpx:hr>
            <gpxtpx:cad>88</gpxtpx:cad>
          </gpxtpx:TrackPointExtension>
        </extensions>
      </trkpt>
      <trkpt lat="32.0208126213" lon="120.891645039">
        <ele>3.4</ele>
        <time>2026-09-17T15:10:00+0800</time>
        <extensions>
          <gpxtpx:TrackPointExtension>
            <gpxtpx:hr>161</gpxtpx:hr>
            <gpxtpx:cad>87</gpxtpx:cad>
          </gpxtpx:TrackPointExtension>
        </extensions>
      </trkpt>
      <trkpt lat="32.020815555" lon="120.891674459">
        <ele>3.4</ele>
        <time>2026-09-17T15:10:01+0800</time>
        <extensions>
          <gpxtpx:TrackPointExtension>
            <gpxtpx:hr>161</gpxtpx:hr>
            <gpxtpx:cad>87</gpxtpx:cad>
          </gpxtpx:TrackPointExtension>
        </extensions>
      </trkpt>
      <trkpt lat="32.0208162256" lon="120.891711507">
        <ele>3.4</ele>
        <time>2026-09-17T15:10:02+0800</time>
        <extensions>
          <gpxtpx:TrackPointExtension>
            <gpxtpx:hr>161</gpxtpx:hr>
            <gpxtpx:cad>87</gpxtpx:cad>
          </gpxtpx:TrackPointExtension>
        </extensions>
      </trkpt>
      <trkpt lat="32.0208264515" lon="120.891741347">
        <ele>3.4</ele>
        <time>2026-09-17T15:10:03+0800</time>
        <extensions>
          <gpxtpx:TrackPointExtension>
            <gpxtpx:hr>161</gpxtpx:hr>
            <gpxtpx:cad>87</gpxtpx:cad>
          </gpxtpx:TrackPointExtension>
        </extensions>
      </trkpt>
      <trkpt lat="32.020833157" lon="120.891776383">
        <ele>3.4</ele>
        <time>2026-09-17T15:10:04+0800</time>
        <extensions>
          <gpxtpx:TrackPointExtension>
            <gpxtpx:hr>160</gpxtpx:hr>
            <gpxtpx:cad>87</gpxtpx:cad>
          </gpxtpx:TrackPointExtension>
        </extensions>
      </trkpt>
      <trkpt lat="32.0208365098" lon="120.891806725">
        <ele>3.4</ele>
        <time>2026-09-17T15:10:05+0800</time>
        <extensions>
          <gpxtpx:TrackPointExtension>
            <gpxtpx:hr>160</gpxtpx:hr>
            <gpxtpx:cad>87</gpxtpx:cad>
          </gpxtpx:TrackPointExtension>
        </extensions>
      </trkpt>
      <trkpt lat="32.0208426286" lon="120.891844612">
        <ele>3.4</ele>
        <time>2026-09-17T15:10:06+0800</time>
        <extensions>
          <gpxtpx:TrackPointExtension>
            <gpxtpx:hr>160</gpxtpx:hr>
            <gpxtpx:cad>88</gpxtpx:cad>
          </gpxtpx:TrackPointExtension>
        </extensions>
      </trkpt>
      <trkpt lat="32.0208492503" lon="120.89187311">
        <ele>3.4</ele>
        <time>2026-09-17T15:10:07+0800</time>
        <extensions>
          <gpxtpx:TrackPointExtension>
            <gpxtpx:hr>160</gpxtpx:hr>
            <gpxtpx:cad>88</gpxtpx:cad>
          </gpxtpx:TrackPointExtension>
        </extensions>
      </trkpt>
      <trkpt lat="32.0208606496" lon="120.891916109">
        <ele>3.6</ele>
        <time>2026-09-17T15:10:08+0800</time>
        <extensions>
          <gpxtpx:TrackPointExtension>
            <gpxtpx:hr>160</gpxtpx:hr>
            <gpxtpx:cad>88</gpxtpx:cad>
          </gpxtpx:TrackPointExtension>
        </extensions>
      </trkpt>
      <trkpt lat="32.020863248" lon="120.891948799">
        <ele>3.6</ele>
        <time>2026-09-17T15:10:09+0800</time>
        <extensions>
          <gpxtpx:TrackPointExtension>
            <gpxtpx:hr>160</gpxtpx:hr>
            <gpxtpx:cad>88</gpxtpx:cad>
          </gpxtpx:TrackPointExtension>
        </extensions>
      </trkpt>
      <trkpt lat="32.020875318" lon="120.89198702">
        <ele>3.6</ele>
        <time>2026-09-17T15:10:10+0800</time>
        <extensions>
          <gpxtpx:TrackPointExtension>
            <gpxtpx:hr>160</gpxtpx:hr>
            <gpxtpx:cad>88</gpxtpx:cad>
          </gpxtpx:TrackPointExtension>
        </extensions>
      </trkpt>
      <trkpt lat="32.0208810177" lon="120.89202147">
        <ele>3.6</ele>
        <time>2026-09-17T15:10:11+0800</time>
        <extensions>
          <gpxtpx:TrackPointExtension>
            <gpxtpx:hr>160</gpxtpx:hr>
            <gpxtpx:cad>88</gpxtpx:cad>
          </gpxtpx:TrackPointExtension>
        </extensions>
      </trkpt>
      <trkpt lat="32.0208863821" lon="120.892055836">
        <ele>3.6</ele>
        <time>2026-09-17T15:10:12+0800</time>
        <extensions>
          <gpxtpx:TrackPointExtension>
            <gpxtpx:hr>160</gpxtpx:hr>
            <gpxtpx:cad>88</gpxtpx:cad>
          </gpxtpx:TrackPointExtension>
        </extensions>
      </trkpt>
      <trkpt lat="32.0208894834" lon="120.89209347">
        <ele>3.6</ele>
        <time>2026-09-17T15:10:13+0800</time>
        <extensions>
          <gpxtpx:TrackPointExtension>
            <gpxtpx:hr>160</gpxtpx:hr>
            <gpxtpx:cad>88</gpxtpx:cad>
          </gpxtpx:TrackPointExtension>
        </extensions>
      </trkpt>
      <trkpt lat="32.0208945125" lon="120.892127836">
        <ele>3.6</ele>
        <time>2026-09-17T15:10:14+0800</time>
        <extensions>
          <gpxtpx:TrackPointExtension>
            <gpxtpx:hr>160</gpxtpx:hr>
            <gpxtpx:cad>88</gpxtpx:cad>
          </gpxtpx:TrackPointExtension>
        </extensions>
      </trkpt>
      <trkpt lat="32.0209002122" lon="120.892171254">
        <ele>3.6</ele>
        <time>2026-09-17T15:10:15+0800</time>
        <extensions>
          <gpxtpx:TrackPointExtension>
            <gpxtpx:hr>160</gpxtpx:hr>
            <gpxtpx:cad>88</gpxtpx:cad>
          </gpxtpx:TrackPointExtension>
        </extensions>
      </trkpt>
      <trkpt lat="32.0209067501" lon="120.892202519">
        <ele>3.6</ele>
        <time>2026-09-17T15:10:16+0800</time>
        <extensions>
          <gpxtpx:TrackPointExtension>
            <gpxtpx:hr>160</gpxtpx:hr>
            <gpxtpx:cad>88</gpxtpx:cad>
          </gpxtpx:TrackPointExtension>
        </extensions>
      </trkpt>
      <trkpt lat="32.0209145453" lon="120.892247697">
        <ele>3.6</ele>
        <time>2026-09-17T15:10:17+0800</time>
        <extensions>
          <gpxtpx:TrackPointExtension>
            <gpxtpx:hr>160</gpxtpx:hr>
            <gpxtpx:cad>88</gpxtpx:cad>
          </gpxtpx:TrackPointExtension>
        </extensions>
      </trkpt>
      <trkpt lat="32.0209206641" lon="120.892276447">
        <ele>3.4</ele>
        <time>2026-09-17T15:10:18+0800</time>
        <extensions>
          <gpxtpx:TrackPointExtension>
            <gpxtpx:hr>160</gpxtpx:hr>
            <gpxtpx:cad>88</gpxtpx:cad>
          </gpxtpx:TrackPointExtension>
        </extensions>
      </trkpt>
      <trkpt lat="32.0209338237" lon="120.892308885">
        <ele>3.4</ele>
        <time>2026-09-17T15:10:19+0800</time>
        <extensions>
          <gpxtpx:TrackPointExtension>
            <gpxtpx:hr>159</gpxtpx:hr>
            <gpxtpx:cad>87</gpxtpx:cad>
          </gpxtpx:TrackPointExtension>
        </extensions>
      </trkpt>
      <trkpt lat="32.0209437143" lon="120.892336462">
        <ele>3.4</ele>
        <time>2026-09-17T15:10:20+0800</time>
        <extensions>
          <gpxtpx:TrackPointExtension>
            <gpxtpx:hr>160</gpxtpx:hr>
            <gpxtpx:cad>87</gpxtpx:cad>
          </gpxtpx:TrackPointExtension>
        </extensions>
      </trkpt>
      <trkpt lat="32.020959137" lon="120.892371666">
        <ele>3.4</ele>
        <time>2026-09-17T15:10:21+0800</time>
        <extensions>
          <gpxtpx:TrackPointExtension>
            <gpxtpx:hr>160</gpxtpx:hr>
            <gpxtpx:cad>87</gpxtpx:cad>
          </gpxtpx:TrackPointExtension>
        </extensions>
      </trkpt>
      <trkpt lat="32.0209717937" lon="120.892401924">
        <ele>3.4</ele>
        <time>2026-09-17T15:10:22+0800</time>
        <extensions>
          <gpxtpx:TrackPointExtension>
            <gpxtpx:hr>159</gpxtpx:hr>
            <gpxtpx:cad>87</gpxtpx:cad>
          </gpxtpx:TrackPointExtension>
        </extensions>
      </trkpt>
      <trkpt lat="32.02099015" lon="120.892424807">
        <ele>3.6</ele>
        <time>2026-09-17T15:10:23+0800</time>
        <extensions>
          <gpxtpx:TrackPointExtension>
            <gpxtpx:hr>160</gpxtpx:hr>
            <gpxtpx:cad>87</gpxtpx:cad>
          </gpxtpx:TrackPointExtension>
        </extensions>
      </trkpt>
      <trkpt lat="32.0210074168" lon="120.892458502">
        <ele>3.6</ele>
        <time>2026-09-17T15:10:24+0800</time>
        <extensions>
          <gpxtpx:TrackPointExtension>
            <gpxtpx:hr>160</gpxtpx:hr>
            <gpxtpx:cad>88</gpxtpx:cad>
          </gpxtpx:TrackPointExtension>
        </extensions>
      </trkpt>
      <trkpt lat="32.0210245997" lon="120.892488342">
        <ele>3.6</ele>
        <time>2026-09-17T15:10:25+0800</time>
        <extensions>
          <gpxtpx:TrackPointExtension>
            <gpxtpx:hr>161</gpxtpx:hr>
            <gpxtpx:cad>88</gpxtpx:cad>
          </gpxtpx:TrackPointExtension>
        </extensions>
      </trkpt>
      <trkpt lat="32.0210404415" lon="120.892516673">
        <ele>3.8</ele>
        <time>2026-09-17T15:10:26+0800</time>
        <extensions>
          <gpxtpx:TrackPointExtension>
            <gpxtpx:hr>161</gpxtpx:hr>
            <gpxtpx:cad>88</gpxtpx:cad>
          </gpxtpx:TrackPointExtension>
        </extensions>
      </trkpt>
      <trkpt lat="32.0210637432" lon="120.892539471">
        <ele>3.8</ele>
        <time>2026-09-17T15:10:27+0800</time>
        <extensions>
          <gpxtpx:TrackPointExtension>
            <gpxtpx:hr>161</gpxtpx:hr>
            <gpxtpx:cad>88</gpxtpx:cad>
          </gpxtpx:TrackPointExtension>
        </extensions>
      </trkpt>
      <trkpt lat="32.0210842788" lon="120.892568221">
        <ele>3.8</ele>
        <time>2026-09-17T15:10:28+0800</time>
        <extensions>
          <gpxtpx:TrackPointExtension>
            <gpxtpx:hr>161</gpxtpx:hr>
            <gpxtpx:cad>88</gpxtpx:cad>
          </gpxtpx:TrackPointExtension>
        </extensions>
      </trkpt>
      <trkpt lat="32.0211090893" lon="120.892583393">
        <ele>3.6</ele>
        <time>2026-09-17T15:10:29+0800</time>
        <extensions>
          <gpxtpx:TrackPointExtension>
            <gpxtpx:hr>160</gpxtpx:hr>
            <gpxtpx:cad>88</gpxtpx:cad>
          </gpxtpx:TrackPointExtension>
        </extensions>
      </trkpt>
      <trkpt lat="32.02113281" lon="120.892610634">
        <ele>3.8</ele>
        <time>2026-09-17T15:10:30+0800</time>
        <extensions>
          <gpxtpx:TrackPointExtension>
            <gpxtpx:hr>161</gpxtpx:hr>
            <gpxtpx:cad>88</gpxtpx:cad>
          </gpxtpx:TrackPointExtension>
        </extensions>
      </trkpt>
      <trkpt lat="32.0211541839" lon="120.892628655">
        <ele>3.8</ele>
        <time>2026-09-17T15:10:31+0800</time>
        <extensions>
          <gpxtpx:TrackPointExtension>
            <gpxtpx:hr>161</gpxtpx:hr>
            <gpxtpx:cad>87</gpxtpx:cad>
          </gpxtpx:TrackPointExtension>
        </extensions>
      </trkpt>
      <trkpt lat="32.021185616" lon="120.89266168">
        <ele>3.8</ele>
        <time>2026-09-17T15:10:32+0800</time>
        <extensions>
          <gpxtpx:TrackPointExtension>
            <gpxtpx:hr>161</gpxtpx:hr>
            <gpxtpx:cad>87</gpxtpx:cad>
          </gpxtpx:TrackPointExtension>
        </extensions>
      </trkpt>
      <trkpt lat="32.0212048944" lon="120.892685149">
        <ele>3.8</ele>
        <time>2026-09-17T15:10:33+0800</time>
        <extensions>
          <gpxtpx:TrackPointExtension>
            <gpxtpx:hr>161</gpxtpx:hr>
            <gpxtpx:cad>87</gpxtpx:cad>
          </gpxtpx:TrackPointExtension>
        </extensions>
      </trkpt>
      <trkpt lat="32.0212353207" lon="120.892713815">
        <ele>3.8</ele>
        <time>2026-09-17T15:10:34+0800</time>
        <extensions>
          <gpxtpx:TrackPointExtension>
            <gpxtpx:hr>161</gpxtpx:hr>
            <gpxtpx:cad>88</gpxtpx:cad>
          </gpxtpx:TrackPointExtension>
        </extensions>
      </trkpt>
      <trkpt lat="32.0212588739" lon="120.892739631">
        <ele>3.8</ele>
        <time>2026-09-17T15:10:35+0800</time>
        <extensions>
          <gpxtpx:TrackPointExtension>
            <gpxtpx:hr>161</gpxtpx:hr>
            <gpxtpx:cad>88</gpxtpx:cad>
          </gpxtpx:TrackPointExtension>
        </extensions>
      </trkpt>
      <trkpt lat="32.0212887134" lon="120.892760418">
        <ele>3.6</ele>
        <time>2026-09-17T15:10:36+0800</time>
        <extensions>
          <gpxtpx:TrackPointExtension>
            <gpxtpx:hr>161</gpxtpx:hr>
            <gpxtpx:cad>87</gpxtpx:cad>
          </gpxtpx:TrackPointExtension>
        </extensions>
      </trkpt>
      <trkpt lat="32.0213198941" lon="120.892788665">
        <ele>3.6</ele>
        <time>2026-09-17T15:10:37+0800</time>
        <extensions>
          <gpxtpx:TrackPointExtension>
            <gpxtpx:hr>160</gpxtpx:hr>
            <gpxtpx:cad>87</gpxtpx:cad>
          </gpxtpx:TrackPointExtension>
        </extensions>
      </trkpt>
      <trkpt lat="32.0213452913" lon="120.892806603">
        <ele>3.6</ele>
        <time>2026-09-17T15:10:38+0800</time>
        <extensions>
          <gpxtpx:TrackPointExtension>
            <gpxtpx:hr>160</gpxtpx:hr>
            <gpxtpx:cad>87</gpxtpx:cad>
          </gpxtpx:TrackPointExtension>
        </extensions>
      </trkpt>
      <trkpt lat="32.0213727839" lon="120.892824037">
        <ele>3.6</ele>
        <time>2026-09-17T15:10:39+0800</time>
        <extensions>
          <gpxtpx:TrackPointExtension>
            <gpxtpx:hr>160</gpxtpx:hr>
            <gpxtpx:cad>87</gpxtpx:cad>
          </gpxtpx:TrackPointExtension>
        </extensions>
      </trkpt>
      <trkpt lat="32.0214027911" lon="120.892835101">
        <ele>3.6</ele>
        <time>2026-09-17T15:10:40+0800</time>
        <extensions>
          <gpxtpx:TrackPointExtension>
            <gpxtpx:hr>161</gpxtpx:hr>
            <gpxtpx:cad>87</gpxtpx:cad>
          </gpxtpx:TrackPointExtension>
        </extensions>
      </trkpt>
      <trkpt lat="32.0214306191" lon="120.892857732">
        <ele>3.6</ele>
        <time>2026-09-17T15:10:41+0800</time>
        <extensions>
          <gpxtpx:TrackPointExtension>
            <gpxtpx:hr>161</gpxtpx:hr>
            <gpxtpx:cad>86</gpxtpx:cad>
          </gpxtpx:TrackPointExtension>
        </extensions>
      </trkpt>
      <trkpt lat="32.0214555971" lon="120.89286712">
        <ele>3.6</ele>
        <time>2026-09-17T15:10:42+0800</time>
        <extensions>
          <gpxtpx:TrackPointExtension>
            <gpxtpx:hr>161</gpxtpx:hr>
            <gpxtpx:cad>86</gpxtpx:cad>
          </gpxtpx:TrackPointExtension>
        </extensions>
      </trkpt>
      <trkpt lat="32.0214861073" lon="120.892887739">
        <ele>3.6</ele>
        <time>2026-09-17T15:10:43+0800</time>
        <extensions>
          <gpxtpx:TrackPointExtension>
            <gpxtpx:hr>160</gpxtpx:hr>
            <gpxtpx:cad>86</gpxtpx:cad>
          </gpxtpx:TrackPointExtension>
        </extensions>
      </trkpt>
      <trkpt lat="32.0215084031" lon="120.892904084">
        <ele>3.6</ele>
        <time>2026-09-17T15:10:44+0800</time>
        <extensions>
          <gpxtpx:TrackPointExtension>
            <gpxtpx:hr>161</gpxtpx:hr>
            <gpxtpx:cad>86</gpxtpx:cad>
          </gpxtpx:TrackPointExtension>
        </extensions>
      </trkpt>
      <trkpt lat="32.0215352252" lon="120.892913137">
        <ele>3.6</ele>
        <time>2026-09-17T15:10:45+0800</time>
        <extensions>
          <gpxtpx:TrackPointExtension>
            <gpxtpx:hr>160</gpxtpx:hr>
            <gpxtpx:cad>86</gpxtpx:cad>
          </gpxtpx:TrackPointExtension>
        </extensions>
      </trkpt>
      <trkpt lat="32.0215588622" lon="120.892925877">
        <ele>3.6</ele>
        <time>2026-09-17T15:10:46+0800</time>
        <extensions>
          <gpxtpx:TrackPointExtension>
            <gpxtpx:hr>160</gpxtpx:hr>
            <gpxtpx:cad>86</gpxtpx:cad>
          </gpxtpx:TrackPointExtension>
        </extensions>
      </trkpt>
      <trkpt lat="32.0215868577" lon="120.892932499">
        <ele>3.6</ele>
        <time>2026-09-17T15:10:47+0800</time>
        <extensions>
          <gpxtpx:TrackPointExtension>
            <gpxtpx:hr>159</gpxtpx:hr>
            <gpxtpx:cad>87</gpxtpx:cad>
          </gpxtpx:TrackPointExtension>
        </extensions>
      </trkpt>
      <trkpt lat="32.0216166973" lon="120.892947502">
        <ele>3.6</ele>
        <time>2026-09-17T15:10:48+0800</time>
        <extensions>
          <gpxtpx:TrackPointExtension>
            <gpxtpx:hr>159</gpxtpx:hr>
            <gpxtpx:cad>87</gpxtpx:cad>
          </gpxtpx:TrackPointExtension>
        </extensions>
      </trkpt>
      <trkpt lat="32.0216384903" lon="120.892948005">
        <ele>3.6</ele>
        <time>2026-09-17T15:10:49+0800</time>
        <extensions>
          <gpxtpx:TrackPointExtension>
            <gpxtpx:hr>159</gpxtpx:hr>
            <gpxtpx:cad>87</gpxtpx:cad>
          </gpxtpx:TrackPointExtension>
        </extensions>
      </trkpt>
      <trkpt lat="32.0216723531" lon="120.892960159">
        <ele>3.6</ele>
        <time>2026-09-17T15:10:50+0800</time>
        <extensions>
          <gpxtpx:TrackPointExtension>
            <gpxtpx:hr>159</gpxtpx:hr>
            <gpxtpx:cad>87</gpxtpx:cad>
          </gpxtpx:TrackPointExtension>
        </extensions>
      </trkpt>
      <trkpt lat="32.0216939785" lon="120.892960662">
        <ele>3.6</ele>
        <time>2026-09-17T15:10:51+0800</time>
        <extensions>
          <gpxtpx:TrackPointExtension>
            <gpxtpx:hr>159</gpxtpx:hr>
            <gpxtpx:cad>87</gpxtpx:cad>
          </gpxtpx:TrackPointExtension>
        </extensions>
      </trkpt>
      <trkpt lat="32.0217282604" lon="120.892973319">
        <ele>3.6</ele>
        <time>2026-09-17T15:10:52+0800</time>
        <extensions>
          <gpxtpx:TrackPointExtension>
            <gpxtpx:hr>159</gpxtpx:hr>
            <gpxtpx:cad>87</gpxtpx:cad>
          </gpxtpx:TrackPointExtension>
        </extensions>
      </trkpt>
      <trkpt lat="32.0217536576" lon="120.892979354">
        <ele>3.6</ele>
        <time>2026-09-17T15:10:53+0800</time>
        <extensions>
          <gpxtpx:TrackPointExtension>
            <gpxtpx:hr>159</gpxtpx:hr>
            <gpxtpx:cad>87</gpxtpx:cad>
          </gpxtpx:TrackPointExtension>
        </extensions>
      </trkpt>
      <trkpt lat="32.0217834972" lon="120.892992932">
        <ele>3.6</ele>
        <time>2026-09-17T15:10:54+0800</time>
        <extensions>
          <gpxtpx:TrackPointExtension>
            <gpxtpx:hr>159</gpxtpx:hr>
            <gpxtpx:cad>87</gpxtpx:cad>
          </gpxtpx:TrackPointExtension>
        </extensions>
      </trkpt>
      <trkpt lat="32.0218111575" lon="120.892998967">
        <ele>3.6</ele>
        <time>2026-09-17T15:10:55+0800</time>
        <extensions>
          <gpxtpx:TrackPointExtension>
            <gpxtpx:hr>160</gpxtpx:hr>
            <gpxtpx:cad>87</gpxtpx:cad>
          </gpxtpx:TrackPointExtension>
        </extensions>
      </trkpt>
      <trkpt lat="32.021840075" lon="120.893004667">
        <ele>3.6</ele>
        <time>2026-09-17T15:10:56+0800</time>
        <extensions>
          <gpxtpx:TrackPointExtension>
            <gpxtpx:hr>160</gpxtpx:hr>
            <gpxtpx:cad>87</gpxtpx:cad>
          </gpxtpx:TrackPointExtension>
        </extensions>
      </trkpt>
      <trkpt lat="32.0218711719" lon="120.893014055">
        <ele>3.6</ele>
        <time>2026-09-17T15:10:57+0800</time>
        <extensions>
          <gpxtpx:TrackPointExtension>
            <gpxtpx:hr>160</gpxtpx:hr>
            <gpxtpx:cad>87</gpxtpx:cad>
          </gpxtpx:TrackPointExtension>
        </extensions>
      </trkpt>
      <trkpt lat="32.0219000895" lon="120.89301548">
        <ele>3.6</ele>
        <time>2026-09-17T15:10:58+0800</time>
        <extensions>
          <gpxtpx:TrackPointExtension>
            <gpxtpx:hr>159</gpxtpx:hr>
            <gpxtpx:cad>87</gpxtpx:cad>
          </gpxtpx:TrackPointExtension>
        </extensions>
      </trkpt>
      <trkpt lat="32.0219344553" lon="120.893026544">
        <ele>3.6</ele>
        <time>2026-09-17T15:10:59+0800</time>
        <extensions>
          <gpxtpx:TrackPointExtension>
            <gpxtpx:hr>160</gpxtpx:hr>
            <gpxtpx:cad>87</gpxtpx:cad>
          </gpxtpx:TrackPointExtension>
        </extensions>
      </trkpt>
      <trkpt lat="32.021960523" lon="120.893027969">
        <ele>3.6</ele>
        <time>2026-09-17T15:11:00+0800</time>
        <extensions>
          <gpxtpx:TrackPointExtension>
            <gpxtpx:hr>160</gpxtpx:hr>
            <gpxtpx:cad>86</gpxtpx:cad>
          </gpxtpx:TrackPointExtension>
        </extensions>
      </trkpt>
      <trkpt lat="32.0219910331" lon="120.893035261">
        <ele>3.6</ele>
        <time>2026-09-17T15:11:01+0800</time>
        <extensions>
          <gpxtpx:TrackPointExtension>
            <gpxtpx:hr>160</gpxtpx:hr>
            <gpxtpx:cad>86</gpxtpx:cad>
          </gpxtpx:TrackPointExtension>
        </extensions>
      </trkpt>
      <trkpt lat="32.0220161788" lon="120.893037356">
        <ele>3.6</ele>
        <time>2026-09-17T15:11:02+0800</time>
        <extensions>
          <gpxtpx:TrackPointExtension>
            <gpxtpx:hr>160</gpxtpx:hr>
            <gpxtpx:cad>86</gpxtpx:cad>
          </gpxtpx:TrackPointExtension>
        </extensions>
      </trkpt>
      <trkpt lat="32.0220519695" lon="120.893041044">
        <ele>3.6</ele>
        <time>2026-09-17T15:11:03+0800</time>
        <extensions>
          <gpxtpx:TrackPointExtension>
            <gpxtpx:hr>160</gpxtpx:hr>
            <gpxtpx:cad>87</gpxtpx:cad>
          </gpxtpx:TrackPointExtension>
        </extensions>
      </trkpt>
      <trkpt lat="32.0220780373" lon="120.893046409">
        <ele>3.6</ele>
        <time>2026-09-17T15:11:04+0800</time>
        <extensions>
          <gpxtpx:TrackPointExtension>
            <gpxtpx:hr>161</gpxtpx:hr>
            <gpxtpx:cad>87</gpxtpx:cad>
          </gpxtpx:TrackPointExtension>
        </extensions>
      </trkpt>
      <trkpt lat="32.0221107267" lon="120.893047079">
        <ele>3.4</ele>
        <time>2026-09-17T15:11:05+0800</time>
        <extensions>
          <gpxtpx:TrackPointExtension>
            <gpxtpx:hr>161</gpxtpx:hr>
            <gpxtpx:cad>87</gpxtpx:cad>
          </gpxtpx:TrackPointExtension>
        </extensions>
      </trkpt>
      <trkpt lat="32.0221394766" lon="120.893052947">
        <ele>3.4</ele>
        <time>2026-09-17T15:11:06+0800</time>
        <extensions>
          <gpxtpx:TrackPointExtension>
            <gpxtpx:hr>161</gpxtpx:hr>
            <gpxtpx:cad>87</gpxtpx:cad>
          </gpxtpx:TrackPointExtension>
        </extensions>
      </trkpt>
      <trkpt lat="32.0221665502" lon="120.893054204">
        <ele>3.4</ele>
        <time>2026-09-17T15:11:07+0800</time>
        <extensions>
          <gpxtpx:TrackPointExtension>
            <gpxtpx:hr>161</gpxtpx:hr>
            <gpxtpx:cad>87</gpxtpx:cad>
          </gpxtpx:TrackPointExtension>
        </extensions>
      </trkpt>
      <trkpt lat="32.0221978985" lon="120.893057724">
        <ele>3.6</ele>
        <time>2026-09-17T15:11:08+0800</time>
        <extensions>
          <gpxtpx:TrackPointExtension>
            <gpxtpx:hr>161</gpxtpx:hr>
            <gpxtpx:cad>87</gpxtpx:cad>
          </gpxtpx:TrackPointExtension>
        </extensions>
      </trkpt>
      <trkpt lat="32.0222243853" lon="120.893062083">
        <ele>3.6</ele>
        <time>2026-09-17T15:11:09+0800</time>
        <extensions>
          <gpxtpx:TrackPointExtension>
            <gpxtpx:hr>161</gpxtpx:hr>
            <gpxtpx:cad>87</gpxtpx:cad>
          </gpxtpx:TrackPointExtension>
        </extensions>
      </trkpt>
      <trkpt lat="32.0222581644" lon="120.893075578">
        <ele>3.6</ele>
        <time>2026-09-17T15:11:10+0800</time>
        <extensions>
          <gpxtpx:TrackPointExtension>
            <gpxtpx:hr>161</gpxtpx:hr>
            <gpxtpx:cad>87</gpxtpx:cad>
          </gpxtpx:TrackPointExtension>
        </extensions>
      </trkpt>
      <trkpt lat="32.0222848188" lon="120.893080859">
        <ele>3.6</ele>
        <time>2026-09-17T15:11:11+0800</time>
        <extensions>
          <gpxtpx:TrackPointExtension>
            <gpxtpx:hr>161</gpxtpx:hr>
            <gpxtpx:cad>87</gpxtpx:cad>
          </gpxtpx:TrackPointExtension>
        </extensions>
      </trkpt>
      <trkpt lat="32.0223204419" lon="120.89309142">
        <ele>3.6</ele>
        <time>2026-09-17T15:11:12+0800</time>
        <extensions>
          <gpxtpx:TrackPointExtension>
            <gpxtpx:hr>162</gpxtpx:hr>
            <gpxtpx:cad>87</gpxtpx:cad>
          </gpxtpx:TrackPointExtension>
        </extensions>
      </trkpt>
      <trkpt lat="32.0223434921" lon="120.89308572">
        <ele>3.8</ele>
        <time>2026-09-17T15:11:13+0800</time>
        <extensions>
          <gpxtpx:TrackPointExtension>
            <gpxtpx:hr>162</gpxtpx:hr>
            <gpxtpx:cad>87</gpxtpx:cad>
          </gpxtpx:TrackPointExtension>
        </extensions>
      </trkpt>
      <trkpt lat="32.0223767683" lon="120.89308287">
        <ele>3.8</ele>
        <time>2026-09-17T15:11:14+0800</time>
        <extensions>
          <gpxtpx:TrackPointExtension>
            <gpxtpx:hr>162</gpxtpx:hr>
            <gpxtpx:cad>87</gpxtpx:cad>
          </gpxtpx:TrackPointExtension>
        </extensions>
      </trkpt>
      <trkpt lat="32.0223985612" lon="120.893084127">
        <ele>3.8</ele>
        <time>2026-09-17T15:11:15+0800</time>
        <extensions>
          <gpxtpx:TrackPointExtension>
            <gpxtpx:hr>161</gpxtpx:hr>
            <gpxtpx:cad>87</gpxtpx:cad>
          </gpxtpx:TrackPointExtension>
        </extensions>
      </trkpt>
      <trkpt lat="32.022428317" lon="120.89308966">
        <ele>3.8</ele>
        <time>2026-09-17T15:11:16+0800</time>
        <extensions>
          <gpxtpx:TrackPointExtension>
            <gpxtpx:hr>161</gpxtpx:hr>
            <gpxtpx:cad>87</gpxtpx:cad>
          </gpxtpx:TrackPointExtension>
        </extensions>
      </trkpt>
      <trkpt lat="32.0224517863" lon="120.893092845">
        <ele>3.8</ele>
        <time>2026-09-17T15:11:17+0800</time>
        <extensions>
          <gpxtpx:TrackPointExtension>
            <gpxtpx:hr>161</gpxtpx:hr>
            <gpxtpx:cad>88</gpxtpx:cad>
          </gpxtpx:TrackPointExtension>
        </extensions>
      </trkpt>
      <trkpt lat="32.0224853978" lon="120.893093096">
        <ele>3.8</ele>
        <time>2026-09-17T15:11:18+0800</time>
        <extensions>
          <gpxtpx:TrackPointExtension>
            <gpxtpx:hr>161</gpxtpx:hr>
            <gpxtpx:cad>88</gpxtpx:cad>
          </gpxtpx:TrackPointExtension>
        </extensions>
      </trkpt>
      <trkpt lat="32.0225128904" lon="120.893093264">
        <ele>3.8</ele>
        <time>2026-09-17T15:11:19+0800</time>
        <extensions>
          <gpxtpx:TrackPointExtension>
            <gpxtpx:hr>161</gpxtpx:hr>
            <gpxtpx:cad>88</gpxtpx:cad>
          </gpxtpx:TrackPointExtension>
        </extensions>
      </trkpt>
      <trkpt lat="32.0225432329" lon="120.893086391">
        <ele>3.8</ele>
        <time>2026-09-17T15:11:20+0800</time>
        <extensions>
          <gpxtpx:TrackPointExtension>
            <gpxtpx:hr>161</gpxtpx:hr>
            <gpxtpx:cad>87</gpxtpx:cad>
          </gpxtpx:TrackPointExtension>
        </extensions>
      </trkpt>
      <trkpt lat="32.0225791913" lon="120.893082786">
        <ele>4.0</ele>
        <time>2026-09-17T15:11:21+0800</time>
        <extensions>
          <gpxtpx:TrackPointExtension>
            <gpxtpx:hr>162</gpxtpx:hr>
            <gpxtpx:cad>87</gpxtpx:cad>
          </gpxtpx:TrackPointExtension>
        </extensions>
      </trkpt>
      <trkpt lat="32.022603834" lon="120.893069124">
        <ele>4.0</ele>
        <time>2026-09-17T15:11:22+0800</time>
        <extensions>
          <gpxtpx:TrackPointExtension>
            <gpxtpx:hr>162</gpxtpx:hr>
            <gpxtpx:cad>88</gpxtpx:cad>
          </gpxtpx:TrackPointExtension>
        </extensions>
      </trkpt>
      <trkpt lat="32.0226388704" lon="120.893058982">
        <ele>4.0</ele>
        <time>2026-09-17T15:11:23+0800</time>
        <extensions>
          <gpxtpx:TrackPointExtension>
            <gpxtpx:hr>162</gpxtpx:hr>
            <gpxtpx:cad>88</gpxtpx:cad>
          </gpxtpx:TrackPointExtension>
        </extensions>
      </trkpt>
      <trkpt lat="32.0226656925" lon="120.893048337">
        <ele>4.0</ele>
        <time>2026-09-17T15:11:24+0800</time>
        <extensions>
          <gpxtpx:TrackPointExtension>
            <gpxtpx:hr>161</gpxtpx:hr>
            <gpxtpx:cad>88</gpxtpx:cad>
          </gpxtpx:TrackPointExtension>
        </extensions>
      </trkpt>
      <trkpt lat="32.0227001421" lon="120.893047499">
        <ele>4.0</ele>
        <time>2026-09-17T15:11:25+0800</time>
        <extensions>
          <gpxtpx:TrackPointExtension>
            <gpxtpx:hr>161</gpxtpx:hr>
            <gpxtpx:cad>87</gpxtpx:cad>
          </gpxtpx:TrackPointExtension>
        </extensions>
      </trkpt>
      <trkpt lat="32.0227210131" lon="120.893040206">
        <ele>4.0</ele>
        <time>2026-09-17T15:11:26+0800</time>
        <extensions>
          <gpxtpx:TrackPointExtension>
            <gpxtpx:hr>161</gpxtpx:hr>
            <gpxtpx:cad>87</gpxtpx:cad>
          </gpxtpx:TrackPointExtension>
        </extensions>
      </trkpt>
      <trkpt lat="32.0227566361" lon="120.89303677">
        <ele>4.0</ele>
        <time>2026-09-17T15:11:27+0800</time>
        <extensions>
          <gpxtpx:TrackPointExtension>
            <gpxtpx:hr>161</gpxtpx:hr>
            <gpxtpx:cad>88</gpxtpx:cad>
          </gpxtpx:TrackPointExtension>
        </extensions>
      </trkpt>
      <trkpt lat="32.0227867272" lon="120.893042888">
        <ele>4.0</ele>
        <time>2026-09-17T15:11:28+0800</time>
        <extensions>
          <gpxtpx:TrackPointExtension>
            <gpxtpx:hr>160</gpxtpx:hr>
            <gpxtpx:cad>88</gpxtpx:cad>
          </gpxtpx:TrackPointExtension>
        </extensions>
      </trkpt>
      <trkpt lat="32.0228193328" lon="120.893036686">
        <ele>4.0</ele>
        <time>2026-09-17T15:11:29+0800</time>
        <extensions>
          <gpxtpx:TrackPointExtension>
            <gpxtpx:hr>161</gpxtpx:hr>
            <gpxtpx:cad>88</gpxtpx:cad>
          </gpxtpx:TrackPointExtension>
        </extensions>
      </trkpt>
      <trkpt lat="32.0228563808" lon="120.893024616">
        <ele>4.0</ele>
        <time>2026-09-17T15:11:30+0800</time>
        <extensions>
          <gpxtpx:TrackPointExtension>
            <gpxtpx:hr>160</gpxtpx:hr>
            <gpxtpx:cad>87</gpxtpx:cad>
          </gpxtpx:TrackPointExtension>
        </extensions>
      </trkpt>
      <trkpt lat="32.022879431" lon="120.893012462">
        <ele>4.0</ele>
        <time>2026-09-17T15:11:31+0800</time>
        <extensions>
          <gpxtpx:TrackPointExtension>
            <gpxtpx:hr>160</gpxtpx:hr>
            <gpxtpx:cad>87</gpxtpx:cad>
          </gpxtpx:TrackPointExtension>
        </extensions>
      </trkpt>
      <trkpt lat="32.0229101088" lon="120.89299771">
        <ele>4.0</ele>
        <time>2026-09-17T15:11:32+0800</time>
        <extensions>
          <gpxtpx:TrackPointExtension>
            <gpxtpx:hr>160</gpxtpx:hr>
            <gpxtpx:cad>87</gpxtpx:cad>
          </gpxtpx:TrackPointExtension>
        </extensions>
      </trkpt>
      <trkpt lat="32.0229351707" lon="120.892982287">
        <ele>4.2</ele>
        <time>2026-09-17T15:11:33+0800</time>
        <extensions>
          <gpxtpx:TrackPointExtension>
            <gpxtpx:hr>160</gpxtpx:hr>
            <gpxtpx:cad>87</gpxtpx:cad>
          </gpxtpx:TrackPointExtension>
        </extensions>
      </trkpt>
      <trkpt lat="32.0229709614" lon="120.892968373">
        <ele>4.0</ele>
        <time>2026-09-17T15:11:34+0800</time>
        <extensions>
          <gpxtpx:TrackPointExtension>
            <gpxtpx:hr>159</gpxtpx:hr>
            <gpxtpx:cad>87</gpxtpx:cad>
          </gpxtpx:TrackPointExtension>
        </extensions>
      </trkpt>
      <trkpt lat="32.0229898207" lon="120.892954879">
        <ele>4.0</ele>
        <time>2026-09-17T15:11:35+0800</time>
        <extensions>
          <gpxtpx:TrackPointExtension>
            <gpxtpx:hr>159</gpxtpx:hr>
            <gpxtpx:cad>87</gpxtpx:cad>
          </gpxtpx:TrackPointExtension>
        </extensions>
      </trkpt>
      <trkpt lat="32.0230177324" lon="120.892937612">
        <ele>4.0</ele>
        <time>2026-09-17T15:11:36+0800</time>
        <extensions>
          <gpxtpx:TrackPointExtension>
            <gpxtpx:hr>159</gpxtpx:hr>
            <gpxtpx:cad>87</gpxtpx:cad>
          </gpxtpx:TrackPointExtension>
        </extensions>
      </trkpt>
      <trkpt lat="32.0230403636" lon="120.892931325">
        <ele>3.8</ele>
        <time>2026-09-17T15:11:37+0800</time>
        <extensions>
          <gpxtpx:TrackPointExtension>
            <gpxtpx:hr>159</gpxtpx:hr>
            <gpxtpx:cad>87</gpxtpx:cad>
          </gpxtpx:TrackPointExtension>
        </extensions>
      </trkpt>
      <trkpt lat="32.0230673533" lon="120.892913975">
        <ele>3.8</ele>
        <time>2026-09-17T15:11:38+0800</time>
        <extensions>
          <gpxtpx:TrackPointExtension>
            <gpxtpx:hr>159</gpxtpx:hr>
            <gpxtpx:cad>87</gpxtpx:cad>
          </gpxtpx:TrackPointExtension>
        </extensions>
      </trkpt>
      <trkpt lat="32.0230945945" lon="120.892900229">
        <ele>3.8</ele>
        <time>2026-09-17T15:11:39+0800</time>
        <extensions>
          <gpxtpx:TrackPointExtension>
            <gpxtpx:hr>160</gpxtpx:hr>
            <gpxtpx:cad>87</gpxtpx:cad>
          </gpxtpx:TrackPointExtension>
        </extensions>
      </trkpt>
      <trkpt lat="32.0231163874" lon="120.892880531">
        <ele>3.8</ele>
        <time>2026-09-17T15:11:40+0800</time>
        <extensions>
          <gpxtpx:TrackPointExtension>
            <gpxtpx:hr>159</gpxtpx:hr>
            <gpxtpx:cad>87</gpxtpx:cad>
          </gpxtpx:TrackPointExtension>
        </extensions>
      </trkpt>
      <trkpt lat="32.0231468137" lon="120.892864019">
        <ele>3.8</ele>
        <time>2026-09-17T15:11:41+0800</time>
        <extensions>
          <gpxtpx:TrackPointExtension>
            <gpxtpx:hr>159</gpxtpx:hr>
            <gpxtpx:cad>87</gpxtpx:cad>
          </gpxtpx:TrackPointExtension>
        </extensions>
      </trkpt>
      <trkpt lat="32.0231707022" lon="120.892843399">
        <ele>3.8</ele>
        <time>2026-09-17T15:11:42+0800</time>
        <extensions>
          <gpxtpx:TrackPointExtension>
            <gpxtpx:hr>159</gpxtpx:hr>
            <gpxtpx:cad>87</gpxtpx:cad>
          </gpxtpx:TrackPointExtension>
        </extensions>
      </trkpt>
      <trkpt lat="32.0232038945" lon="120.892824121">
        <ele>3.8</ele>
        <time>2026-09-17T15:11:43+0800</time>
        <extensions>
          <gpxtpx:TrackPointExtension>
            <gpxtpx:hr>159</gpxtpx:hr>
            <gpxtpx:cad>87</gpxtpx:cad>
          </gpxtpx:TrackPointExtension>
        </extensions>
      </trkpt>
      <trkpt lat="32.0232325606" lon="120.892810794">
        <ele>3.8</ele>
        <time>2026-09-17T15:11:44+0800</time>
        <extensions>
          <gpxtpx:TrackPointExtension>
            <gpxtpx:hr>158</gpxtpx:hr>
            <gpxtpx:cad>87</gpxtpx:cad>
          </gpxtpx:TrackPointExtension>
        </extensions>
      </trkpt>
      <trkpt lat="32.0232660044" lon="120.892793275">
        <ele>3.6</ele>
        <time>2026-09-17T15:11:45+0800</time>
        <extensions>
          <gpxtpx:TrackPointExtension>
            <gpxtpx:hr>158</gpxtpx:hr>
            <gpxtpx:cad>87</gpxtpx:cad>
          </gpxtpx:TrackPointExtension>
        </extensions>
      </trkpt>
      <trkpt lat="32.0232897252" lon="120.892780786">
        <ele>3.6</ele>
        <time>2026-09-17T15:11:46+0800</time>
        <extensions>
          <gpxtpx:TrackPointExtension>
            <gpxtpx:hr>158</gpxtpx:hr>
            <gpxtpx:cad>87</gpxtpx:cad>
          </gpxtpx:TrackPointExtension>
        </extensions>
      </trkpt>
      <trkpt lat="32.0233280305" lon="120.892780786">
        <ele>3.6</ele>
        <time>2026-09-17T15:11:47+0800</time>
        <extensions>
          <gpxtpx:TrackPointExtension>
            <gpxtpx:hr>158</gpxtpx:hr>
            <gpxtpx:cad>87</gpxtpx:cad>
          </gpxtpx:TrackPointExtension>
        </extensions>
      </trkpt>
      <trkpt lat="32.0233542658" lon="120.892789001">
        <ele>3.8</ele>
        <time>2026-09-17T15:11:48+0800</time>
        <extensions>
          <gpxtpx:TrackPointExtension>
            <gpxtpx:hr>158</gpxtpx:hr>
            <gpxtpx:cad>87</gpxtpx:cad>
          </gpxtpx:TrackPointExtension>
        </extensions>
      </trkpt>
      <trkpt lat="32.0233867038" lon="120.892795287">
        <ele>3.8</ele>
        <time>2026-09-17T15:11:49+0800</time>
        <extensions>
          <gpxtpx:TrackPointExtension>
            <gpxtpx:hr>158</gpxtpx:hr>
            <gpxtpx:cad>87</gpxtpx:cad>
          </gpxtpx:TrackPointExtension>
        </extensions>
      </trkpt>
      <trkpt lat="32.0234110951" lon="120.892813727">
        <ele>3.8</ele>
        <time>2026-09-17T15:11:50+0800</time>
        <extensions>
          <gpxtpx:TrackPointExtension>
            <gpxtpx:hr>158</gpxtpx:hr>
            <gpxtpx:cad>87</gpxtpx:cad>
          </gpxtpx:TrackPointExtension>
        </extensions>
      </trkpt>
      <trkpt lat="32.0234280266" lon="120.892821858">
        <ele>4.0</ele>
        <time>2026-09-17T15:11:51+0800</time>
        <extensions>
          <gpxtpx:TrackPointExtension>
            <gpxtpx:hr>158</gpxtpx:hr>
            <gpxtpx:cad>87</gpxtpx:cad>
          </gpxtpx:TrackPointExtension>
        </extensions>
      </trkpt>
      <trkpt lat="32.0234296191" lon="120.892847758">
        <ele>4.0</ele>
        <time>2026-09-17T15:11:52+0800</time>
        <extensions>
          <gpxtpx:TrackPointExtension>
            <gpxtpx:hr>157</gpxtpx:hr>
            <gpxtpx:cad>87</gpxtpx:cad>
          </gpxtpx:TrackPointExtension>
        </extensions>
      </trkpt>
      <trkpt lat="32.0234360732" lon="120.892866114">
        <ele>4.2</ele>
        <time>2026-09-17T15:11:53+0800</time>
        <extensions>
          <gpxtpx:TrackPointExtension>
            <gpxtpx:hr>158</gpxtpx:hr>
            <gpxtpx:cad>87</gpxtpx:cad>
          </gpxtpx:TrackPointExtension>
        </extensions>
      </trkpt>
      <trkpt lat="32.0234405994" lon="120.892905174">
        <ele>4.2</ele>
        <time>2026-09-17T15:11:54+0800</time>
        <extensions>
          <gpxtpx:TrackPointExtension>
            <gpxtpx:hr>157</gpxtpx:hr>
            <gpxtpx:cad>87</gpxtpx:cad>
          </gpxtpx:TrackPointExtension>
        </extensions>
      </trkpt>
      <trkpt lat="32.0234335586" lon="120.892941384">
        <ele>4.2</ele>
        <time>2026-09-17T15:11:55+0800</time>
        <extensions>
          <gpxtpx:TrackPointExtension>
            <gpxtpx:hr>157</gpxtpx:hr>
            <gpxtpx:cad>86</gpxtpx:cad>
          </gpxtpx:TrackPointExtension>
        </extensions>
      </trkpt>
      <trkpt lat="32.0234380011" lon="120.892974325">
        <ele>4.2</ele>
        <time>2026-09-17T15:11:56+0800</time>
        <extensions>
          <gpxtpx:TrackPointExtension>
            <gpxtpx:hr>157</gpxtpx:hr>
            <gpxtpx:cad>86</gpxtpx:cad>
          </gpxtpx:TrackPointExtension>
        </extensions>
      </trkpt>
      <trkpt lat="32.0234359056" lon="120.893006595">
        <ele>4.2</ele>
        <time>2026-09-17T15:11:57+0800</time>
        <extensions>
          <gpxtpx:TrackPointExtension>
            <gpxtpx:hr>158</gpxtpx:hr>
            <gpxtpx:cad>86</gpxtpx:cad>
          </gpxtpx:TrackPointExtension>
        </extensions>
      </trkpt>
      <trkpt lat="32.0234338101" lon="120.893033836">
        <ele>4.2</ele>
        <time>2026-09-17T15:11:58+0800</time>
        <extensions>
          <gpxtpx:TrackPointExtension>
            <gpxtpx:hr>157</gpxtpx:hr>
            <gpxtpx:cad>86</gpxtpx:cad>
          </gpxtpx:TrackPointExtension>
        </extensions>
      </trkpt>
      <trkpt lat="32.0234275237" lon="120.893070297">
        <ele>4.2</ele>
        <time>2026-09-17T15:11:59+0800</time>
        <extensions>
          <gpxtpx:TrackPointExtension>
            <gpxtpx:hr>157</gpxtpx:hr>
            <gpxtpx:cad>87</gpxtpx:cad>
          </gpxtpx:TrackPointExtension>
        </extensions>
      </trkpt>
      <trkpt lat="32.0234228298" lon="120.893102819">
        <ele>4.2</ele>
        <time>2026-09-17T15:12:00+0800</time>
        <extensions>
          <gpxtpx:TrackPointExtension>
            <gpxtpx:hr>157</gpxtpx:hr>
            <gpxtpx:cad>87</gpxtpx:cad>
          </gpxtpx:TrackPointExtension>
        </extensions>
      </trkpt>
      <trkpt lat="32.0234202314" lon="120.893145064">
        <ele>4.2</ele>
        <time>2026-09-17T15:12:01+0800</time>
        <extensions>
          <gpxtpx:TrackPointExtension>
            <gpxtpx:hr>157</gpxtpx:hr>
            <gpxtpx:cad>86</gpxtpx:cad>
          </gpxtpx:TrackPointExtension>
        </extensions>
      </trkpt>
      <trkpt lat="32.0234260987" lon="120.893169958">
        <ele>4.2</ele>
        <time>2026-09-17T15:12:02+0800</time>
        <extensions>
          <gpxtpx:TrackPointExtension>
            <gpxtpx:hr>157</gpxtpx:hr>
            <gpxtpx:cad>86</gpxtpx:cad>
          </gpxtpx:TrackPointExtension>
        </extensions>
      </trkpt>
      <trkpt lat="32.0234283619" lon="120.893212957">
        <ele>4.0</ele>
        <time>2026-09-17T15:12:03+0800</time>
        <extensions>
          <gpxtpx:TrackPointExtension>
            <gpxtpx:hr>157</gpxtpx:hr>
            <gpxtpx:cad>86</gpxtpx:cad>
          </gpxtpx:TrackPointExtension>
        </extensions>
      </trkpt>
      <trkpt lat="32.0234276075" lon="120.893240282">
        <ele>4.0</ele>
        <time>2026-09-17T15:12:04+0800</time>
        <extensions>
          <gpxtpx:TrackPointExtension>
            <gpxtpx:hr>158</gpxtpx:hr>
            <gpxtpx:cad>86</gpxtpx:cad>
          </gpxtpx:TrackPointExtension>
        </extensions>
      </trkpt>
      <trkpt lat="32.023423668" lon="120.893279761">
        <ele>4.2</ele>
        <time>2026-09-17T15:12:05+0800</time>
        <extensions>
          <gpxtpx:TrackPointExtension>
            <gpxtpx:hr>157</gpxtpx:hr>
            <gpxtpx:cad>86</gpxtpx:cad>
          </gpxtpx:TrackPointExtension>
        </extensions>
      </trkpt>
      <trkpt lat="32.023417633" lon="120.893309098">
        <ele>4.2</ele>
        <time>2026-09-17T15:12:06+0800</time>
        <extensions>
          <gpxtpx:TrackPointExtension>
            <gpxtpx:hr>157</gpxtpx:hr>
            <gpxtpx:cad>87</gpxtpx:cad>
          </gpxtpx:TrackPointExtension>
        </extensions>
      </trkpt>
      <trkpt lat="32.0234123524" lon="120.893340781">
        <ele>4.2</ele>
        <time>2026-09-17T15:12:07+0800</time>
        <extensions>
          <gpxtpx:TrackPointExtension>
            <gpxtpx:hr>158</gpxtpx:hr>
            <gpxtpx:cad>87</gpxtpx:cad>
          </gpxtpx:TrackPointExtension>
        </extensions>
      </trkpt>
      <trkpt lat="32.0234100055" lon="120.89337959">
        <ele>4.0</ele>
        <time>2026-09-17T15:12:08+0800</time>
        <extensions>
          <gpxtpx:TrackPointExtension>
            <gpxtpx:hr>157</gpxtpx:hr>
            <gpxtpx:cad>87</gpxtpx:cad>
          </gpxtpx:TrackPointExtension>
        </extensions>
      </trkpt>
      <trkpt lat="32.0234079938" lon="120.893402724">
        <ele>4.2</ele>
        <time>2026-09-17T15:12:09+0800</time>
        <extensions>
          <gpxtpx:TrackPointExtension>
            <gpxtpx:hr>157</gpxtpx:hr>
            <gpxtpx:cad>87</gpxtpx:cad>
          </gpxtpx:TrackPointExtension>
        </extensions>
      </trkpt>
      <trkpt lat="32.0234059822" lon="120.893442202">
        <ele>4.0</ele>
        <time>2026-09-17T15:12:10+0800</time>
        <extensions>
          <gpxtpx:TrackPointExtension>
            <gpxtpx:hr>157</gpxtpx:hr>
            <gpxtpx:cad>87</gpxtpx:cad>
          </gpxtpx:TrackPointExtension>
        </extensions>
      </trkpt>
      <trkpt lat="32.0234012883" lon="120.893470198">
        <ele>4.0</ele>
        <time>2026-09-17T15:12:11+0800</time>
        <extensions>
          <gpxtpx:TrackPointExtension>
            <gpxtpx:hr>158</gpxtpx:hr>
            <gpxtpx:cad>87</gpxtpx:cad>
          </gpxtpx:TrackPointExtension>
        </extensions>
      </trkpt>
      <trkpt lat="32.0233917329" lon="120.893506072">
        <ele>4.0</ele>
        <time>2026-09-17T15:12:12+0800</time>
        <extensions>
          <gpxtpx:TrackPointExtension>
            <gpxtpx:hr>157</gpxtpx:hr>
            <gpxtpx:cad>86</gpxtpx:cad>
          </gpxtpx:TrackPointExtension>
        </extensions>
      </trkpt>
      <trkpt lat="32.0233822614" lon="120.893540187">
        <ele>4.0</ele>
        <time>2026-09-17T15:12:13+0800</time>
        <extensions>
          <gpxtpx:TrackPointExtension>
            <gpxtpx:hr>157</gpxtpx:hr>
            <gpxtpx:cad>86</gpxtpx:cad>
          </gpxtpx:TrackPointExtension>
        </extensions>
      </trkpt>
      <trkpt lat="32.0233784057" lon="120.893573798">
        <ele>4.0</ele>
        <time>2026-09-17T15:12:14+0800</time>
        <extensions>
          <gpxtpx:TrackPointExtension>
            <gpxtpx:hr>158</gpxtpx:hr>
            <gpxtpx:cad>86</gpxtpx:cad>
          </gpxtpx:TrackPointExtension>
        </extensions>
      </trkpt>
      <trkpt lat="32.0233689342" lon="120.893611601">
        <ele>4.0</ele>
        <time>2026-09-17T15:12:15+0800</time>
        <extensions>
          <gpxtpx:TrackPointExtension>
            <gpxtpx:hr>157</gpxtpx:hr>
            <gpxtpx:cad>86</gpxtpx:cad>
          </gpxtpx:TrackPointExtension>
        </extensions>
      </trkpt>
      <trkpt lat="32.0233554393" lon="120.893640434">
        <ele>4.0</ele>
        <time>2026-09-17T15:12:16+0800</time>
        <extensions>
          <gpxtpx:TrackPointExtension>
            <gpxtpx:hr>157</gpxtpx:hr>
            <gpxtpx:cad>86</gpxtpx:cad>
          </gpxtpx:TrackPointExtension>
        </extensions>
      </trkpt>
      <trkpt lat="32.0233422797" lon="120.89367874">
        <ele>4.0</ele>
        <time>2026-09-17T15:12:17+0800</time>
        <extensions>
          <gpxtpx:TrackPointExtension>
            <gpxtpx:hr>158</gpxtpx:hr>
            <gpxtpx:cad>86</gpxtpx:cad>
          </gpxtpx:TrackPointExtension>
        </extensions>
      </trkpt>
      <trkpt lat="32.0233413577" lon="120.893712603">
        <ele>4.0</ele>
        <time>2026-09-17T15:12:18+0800</time>
        <extensions>
          <gpxtpx:TrackPointExtension>
            <gpxtpx:hr>158</gpxtpx:hr>
            <gpxtpx:cad>86</gpxtpx:cad>
          </gpxtpx:TrackPointExtension>
        </extensions>
      </trkpt>
      <trkpt lat="32.0233357418" lon="120.893748309">
        <ele>4.2</ele>
        <time>2026-09-17T15:12:19+0800</time>
        <extensions>
          <gpxtpx:TrackPointExtension>
            <gpxtpx:hr>158</gpxtpx:hr>
            <gpxtpx:cad>86</gpxtpx:cad>
          </gpxtpx:TrackPointExtension>
        </extensions>
      </trkpt>
      <trkpt lat="32.0233275276" lon="120.893776389">
        <ele>4.2</ele>
        <time>2026-09-17T15:12:20+0800</time>
        <extensions>
          <gpxtpx:TrackPointExtension>
            <gpxtpx:hr>159</gpxtpx:hr>
            <gpxtpx:cad>86</gpxtpx:cad>
          </gpxtpx:TrackPointExtension>
        </extensions>
      </trkpt>
      <trkpt lat="32.0233313832" lon="120.893807486">
        <ele>4.2</ele>
        <time>2026-09-17T15:12:21+0800</time>
        <extensions>
          <gpxtpx:TrackPointExtension>
            <gpxtpx:hr>159</gpxtpx:hr>
            <gpxtpx:cad>85</gpxtpx:cad>
          </gpxtpx:TrackPointExtension>
        </extensions>
      </trkpt>
      <trkpt lat="32.0233293716" lon="120.8938416">
        <ele>4.2</ele>
        <time>2026-09-17T15:12:22+0800</time>
        <extensions>
          <gpxtpx:TrackPointExtension>
            <gpxtpx:hr>159</gpxtpx:hr>
            <gpxtpx:cad>85</gpxtpx:cad>
          </gpxtpx:TrackPointExtension>
        </extensions>
      </trkpt>
      <trkpt lat="32.0233283658" lon="120.893868087">
        <ele>4.2</ele>
        <time>2026-09-17T15:12:23+0800</time>
        <extensions>
          <gpxtpx:TrackPointExtension>
            <gpxtpx:hr>159</gpxtpx:hr>
            <gpxtpx:cad>85</gpxtpx:cad>
          </gpxtpx:TrackPointExtension>
        </extensions>
      </trkpt>
      <trkpt lat="32.0233233366" lon="120.893903375">
        <ele>4.0</ele>
        <time>2026-09-17T15:12:24+0800</time>
        <extensions>
          <gpxtpx:TrackPointExtension>
            <gpxtpx:hr>159</gpxtpx:hr>
            <gpxtpx:cad>86</gpxtpx:cad>
          </gpxtpx:TrackPointExtension>
        </extensions>
      </trkpt>
      <trkpt lat="32.0233214926" lon="120.893926341">
        <ele>4.0</ele>
        <time>2026-09-17T15:12:25+0800</time>
        <extensions>
          <gpxtpx:TrackPointExtension>
            <gpxtpx:hr>159</gpxtpx:hr>
            <gpxtpx:cad>86</gpxtpx:cad>
          </gpxtpx:TrackPointExtension>
        </extensions>
      </trkpt>
      <trkpt lat="32.0233158767" lon="120.893946206">
        <ele>4.2</ele>
        <time>2026-09-17T15:12:26+0800</time>
        <extensions>
          <gpxtpx:TrackPointExtension>
            <gpxtpx:hr>159</gpxtpx:hr>
            <gpxtpx:cad>86</gpxtpx:cad>
          </gpxtpx:TrackPointExtension>
        </extensions>
      </trkpt>
      <trkpt lat="32.0233142842" lon="120.893961545">
        <ele>4.2</ele>
        <time>2026-09-17T15:12:27+0800</time>
        <extensions>
          <gpxtpx:TrackPointExtension>
            <gpxtpx:hr>159</gpxtpx:hr>
            <gpxtpx:cad>86</gpxtpx:cad>
          </gpxtpx:TrackPointExtension>
        </extensions>
      </trkpt>
      <trkpt lat="32.0233089197" lon="120.893988786">
        <ele>4.4</ele>
        <time>2026-09-17T15:12:28+0800</time>
        <extensions>
          <gpxtpx:TrackPointExtension>
            <gpxtpx:hr>160</gpxtpx:hr>
            <gpxtpx:cad>86</gpxtpx:cad>
          </gpxtpx:TrackPointExtension>
        </extensions>
      </trkpt>
      <trkpt lat="32.0233069081" lon="120.893999096">
        <ele>4.4</ele>
        <time>2026-09-17T15:12:29+0800</time>
        <extensions>
          <gpxtpx:TrackPointExtension>
            <gpxtpx:hr>160</gpxtpx:hr>
            <gpxtpx:cad>45</gpxtpx:cad>
          </gpxtpx:TrackPointExtension>
        </extensions>
      </trkpt>
    </trkseg>
  </trk>
</gpx>